source,source_job_id,job_title,company,location,location_area,searched_location,latitude,longitude,salary_min,salary_max,salary_is_predicted,contract_type,contract_time,category,description,created,redirect_url,profession_category,search_term
Adzuna,5834649543,MD General Medicine Doctor,Dr. Kennedys Saraswathy Multispeciality Hospital,"Chennai, Tamil Nadu","['India', 'Tamil Nadu', 'Chennai']",Chennai,13.06041,80.24963,,,0,,,Healthcare & Nursing Jobs,"We're Hiring – MD General Medicine Doctor Join Saraswathy Multispeciality Hospital and be part of a team dedicated to delivering quality, patient-centered healthcare. Position: MD General Medicine Doctor Locations: Tambaram & Madipakkam What We're Looking For: MD in General Medicine Strong clinical and diagnostic skills Excellent patient care and communication Commitment to ethical medical practice Ability to work collaboratively in a multidisciplinary team If you're passionate about making a m…",2026-08-09T18:06:22Z,https://www.adzuna.in/land/ad/5834649543?se=_vMKtYac8RGwBe63zKMEtw&utm_medium=api&utm_source=10d03a1b&v=8C82AE16BAF8190D9B412CEE3F01B0887E469837,Healthcare,doctor
Adzuna,5823897687,AHC - Veterinary Sales Advisor,Cargill,"Chennai, Tamil Nadu","['India', 'Tamil Nadu', 'Chennai']",Chennai,13.06041,80.24963,,,0,,,Sales Jobs,"Job Purpose and Impact The AHC - Veterinary Sales Advisor (VSA) will participate in face-to- face promotion and sales of Animal healthcare products to Veterinary doctors and practitioners. He/ She must build relationships with Veterinary doctors, pharmacists, and other veterinary healthcare providers, ensuring they are informed about the latest products and advancements. He/ She also achieve sales targets, provide product information, and gather market feedback. Key Accountabilities • Presentin…",2026-08-01T17:32:03Z,https://www.adzuna.in/land/ad/5823897687?se=_vMKtYac8RGwBe63zKMEtw&utm_medium=api&utm_source=10d03a1b&v=34D82EFA7B79CD9FE9E1C2894F59BC884E30FAED,Healthcare,doctor
Adzuna,5846663885,Ground Staff-Assistant Professor for Aviation Department,MH Cockpit,"Chennai, Tamil Nadu","['India', 'Tamil Nadu', 'Chennai']",Chennai,13.06041,80.24963,,,0,,full_time,Teaching Jobs,"Job Title: Assistant Professor – MBA Aviation & Airport Management Department: MBA – Aviation and Airport Management Location: Coimbatore Job Type: Full-Time Job Summary: We are seeking a dynamic and qualified Assistant Professor to join our MBA Aviation and Airport Management program. The ideal candidate will hold a Doctorate in Management Studies and have a passion for teaching, research, and industry engagement. The faculty member will contribute to academic excellence by delivering speciali…",2026-08-18T17:10:53Z,https://www.adzuna.in/land/ad/5846663885?se=_vMKtYac8RGwBe63zKMEtw&utm_medium=api&utm_source=10d03a1b&v=0EED05780AB5697CA8097314050B27CB7A1C549A,Healthcare,doctor
Adzuna,5653909932,Dermatologist,Folix Hair Clinic,"Chennai, Tamil Nadu","['India', 'Tamil Nadu', 'Chennai']",Chennai,13.06041,80.24963,,,0,,full_time,Healthcare & Nursing Jobs,"Company Description Folix Clinic is a leading aesthetic clinic specializing in hair transplant and skin care. We excel in performing advanced hair and skin procedures with expert doctors, prioritizing patient safety and care. Our team ensures top-notch treatments, making us a trusted name in the industry Role Description This is a full-time on-site role for a Dermatologist based in Chennai. The Dermatologist will be responsible for diagnosing and treating a variety of skin, hair, and nail condi…",2026-03-05T01:09:24Z,https://www.adzuna.in/land/ad/5653909932?se=_vMKtYac8RGwBe63zKMEtw&utm_medium=api&utm_source=10d03a1b&v=462C20607C6F9E11FB1C0C76C05DE1BA785F7BA4,Healthcare,doctor
Adzuna,5845683155,Dean – School of Public Health | A reputed University in Chennai,FyndBridge Consultants & Advisors,"Chennai, Tamil Nadu","['India', 'Tamil Nadu', 'Chennai']",Chennai,13.06041,80.24963,,,0,,,Teaching Jobs,"A leading multidisciplinary university in India , with a strong healthcare and academic ecosystem, is looking to appoint an accomplished academic and public health leader as Dean – School of Public Health . The Dean will provide strategic, academic and institutional leadership to build a leading public health institution focused on high-quality education, impactful research, workforce development and meaningful engagement with healthcare systems, government, industry and communities . Key Respo…",2026-08-18T05:08:26Z,https://www.adzuna.in/land/ad/5845683155?se=_vMKtYac8RGwBe63zKMEtw&utm_medium=api&utm_source=10d03a1b&v=C473863418BBD60C6BA81D088B8DE0DBACB56FEF,Healthcare,doctor
Adzuna,4686706647,Doctor Assistant,,"Chennai, Tamil Nadu","['India', 'Tamil Nadu', 'Chennai']",Chennai,13.06041,80.24963,,,0,,,Healthcare & Nursing Jobs,"taking medical histories and recording vital signs, explaining treatment procedures to patients, preparing patients for examination, and assisting the physician during the examination and good communication skill,Immediate Joinee will be preferred",2024-05-10T07:39:03Z,https://www.adzuna.in/details/4686706647?utm_medium=api&utm_source=10d03a1b,Healthcare,doctor
Adzuna,5837592531,Operation Executive,Oleti Jaiprakash,"Chennai, Tamil Nadu","['India', 'Tamil Nadu', 'Chennai']",Chennai,13.06041,80.24963,,,0,,,Admin Jobs,"Operations Executive – Document Verification Job Title: Operations Executive – Document Verification Location: Aminjikarai, Nelson Manickam Road, Chennai Experience: Freshers Only Qualification: Any Graduate Gender: Male Candidates Only Language: Tamil & English Candidate Preference: Chennai-based candidates preferred Job Description We are hiring freshers for an Operations Executive – Document Verification role. The candidate will be responsible for verifying and validating documents, checking…",2026-08-12T07:33:31Z,https://www.adzuna.in/details/5837592531?utm_medium=api&utm_source=10d03a1b,Healthcare,doctor
Adzuna,5706800392,Medical Executive - Prescription,Boolean Staffing Recruitment Solutions Pvt Ltd,"Chennai, Tamil Nadu","['India', 'Tamil Nadu', 'Chennai']",Chennai,13.06041,80.24963,320000.0,450000.0,0,,,Sales Jobs,"Job Details: Designation: Medical Executive (ME) Business Type: Prescription-Based (Doctor-focused) Role Objective: We are looking for dynamic and result-oriented Medical Executives with experience in injectable (injection-based) pharmaceutical products. The candidate will be responsible for promoting products to doctors, generating prescriptions, and driving business growth in the assigned territory. Key Responsibilities: Promote injectable products to doctors, hospitals, and clinics Generate …",2026-04-22T08:55:34Z,https://www.adzuna.in/details/5706800392?utm_medium=api&utm_source=10d03a1b,Healthcare,doctor
Adzuna,4686705107,Medical Coding Jobs,,"Chennai, Tamil Nadu","['India', 'Tamil Nadu', 'Chennai']",Chennai,13.06041,80.24963,,,0,,,Healthcare & Nursing Jobs,"Job Description:Medical Coding is the process of converting patient health information into alpha numeric codes. Coders take medical reports from doctors, which may include a patient’s condition, the doctor’s diagnosis, a prescription, and whatever procedures the doctor or healthcare provider performed on the patient, and turn that into a set of codes, which make up a crucial part of the medical claim. Salary: 14000 to 18000(Freshers) per month(Incentives as per corporate standards)Shift: Day S…",2024-05-10T07:38:52Z,https://www.adzuna.in/details/4686705107?utm_medium=api&utm_source=10d03a1b,Healthcare,doctor
Adzuna,5823107157,Scientific Sales Manager,JOGO Health Pvt Ltd,"Chennai, Tamil Nadu","['India', 'Tamil Nadu', 'Chennai']",Chennai,13.06041,80.24963,,,0,,,Sales Jobs,"The Scientific Sales Manager (SSM) is responsible for driving sales performance by consistently achieving assigned targets, generating quality leads, demonstrate strong scientific communication, uphold ethical standards, and embody company values in all field activities. Identify and engage with key doctors/hospitals, dealers and present and demonstrate JOGOs EMG Biofeedback device. Educate doctors/hospitals, dealers on the clinical benefits, applications, and outcomes of JOGO EMG Bio feedback …",2026-08-01T06:26:41Z,https://www.adzuna.in/details/5823107157?utm_medium=api&utm_source=10d03a1b,Healthcare,doctor
Adzuna,5775536888,Field Officer,Cadila Pharmaceuticals Ltd,"Chennai, Tamil Nadu","['India', 'Tamil Nadu', 'Chennai']",Chennai,13.06041,80.24963,,,0,,,Sales Jobs,Role Objective To drive prescription generation and achieve assigned sales targets by effectively promoting the companys products strengthening doctor and chemist relationships and ensuring product availability across the territory Principal Tasks Responsibilities 1 Sales Target Achievement Achieve and consistently surpass the assigned Sales Budget and YPM Yearly Performance Milestone for the territory Ensure effective product promotion to generate Rx demand and secondary sales Personally book …,2026-06-25T06:20:17Z,https://www.adzuna.in/details/5775536888?utm_medium=api&utm_source=10d03a1b,Healthcare,doctor
Adzuna,4686705148,Medical Coding Jobs,,"Chennai, Tamil Nadu","['India', 'Tamil Nadu', 'Chennai']",Chennai,13.06041,80.24963,,,0,,,Healthcare & Nursing Jobs,"Job Description:Medical Coding is the process of converting patient health information into alpha numeric codes. Coders take medical reports from doctors, which may include a patient’s condition, the doctor’s diagnosis, a prescription, and whatever procedures the doctor or healthcare provider performed on the patient, and turn that into a set of codes, which make up a crucial part of the medical claim. About Alpha Coding:Alpha Medical Coding Solutions is one of the leading Healthcare Recruiter …",2024-05-10T07:38:53Z,https://www.adzuna.in/details/4686705148?utm_medium=api&utm_source=10d03a1b,Healthcare,doctor
Adzuna,4686707801,HR Recruiter,,"Chennai, Tamil Nadu","['India', 'Tamil Nadu', 'Chennai']",Chennai,13.06041,80.24963,,,0,,,HR & Recruitment Jobs,""" Take your first step this new year "" Position: Senior Recruiter In Consultancy Exp: 1 Month - 2 Years Interview Mode: Face to Face Good exp in IT/ITES recruitment, Strong communication skills Salary best in industry Interested Call Ashwin Karthik -95001 26138 Role: Recruitment Executive Industry Type : Recruitment / Staffing Functional Area: HR, Recruitment, Administration, IR Employment Type: Full Time, Permanent Role Category : HR / Recruitment / IR Education : UG: Graduation Not Required,…",2024-05-10T07:39:12Z,https://www.adzuna.in/details/4686707801?utm_medium=api&utm_source=10d03a1b,Healthcare,doctor
Adzuna,5727270379,Senior Executive - Pharmacy,Dr Agarwal,"Egmore Nungambakkam, Chennai","['India', 'Tamil Nadu', 'Chennai', 'Egmore Nungambakkam']",Chennai,13.07622,80.24699,,,0,,,Healthcare & Nursing Jobs,Job Description Roles & Responsibilities: • Dispensing Medicines. • Following Doctors prescriptions carefully. • Explaining the dosage details and route of administration. • Stock maintaining. • Preparing list of expiry and non movable medicines and informing the same to the superior. • To meet doctors and inform the medicines availability in pharmacy. • Update Schedule H Drug report on daily basis. • Update the stock details on daily basis. Key Responsibilities:,2026-05-13T02:16:39Z,https://www.adzuna.in/details/5727270379?utm_medium=api&utm_source=10d03a1b,Healthcare,doctor
Adzuna,5839222005,PHARMACIST / SR. PHARMACIST,Apollo Pharmacy,"Chennai, Tamil Nadu","['India', 'Tamil Nadu', 'Chennai']",Chennai,13.06041,80.24963,,,0,,,Healthcare & Nursing Jobs,"Job Responsibilities Prescription Filling To attend the doctor s prescription at the sales counter and advise the dosage of medicines to the patients Dispense drugs pursuant to a prescription issued by the doctor. In case the prescribed medicines not available, arrange the same from the in-house pharmacies for the honor of 100% prescription. Substitution of medicines is to be consulted with the doctor Cross-check the issuing medicines with bill with regard to patient name, items name, quantity,…",2026-08-13T07:32:21Z,https://www.adzuna.in/details/5839222005?utm_medium=api&utm_source=10d03a1b,Healthcare,doctor
Adzuna,1155089899,Fullstack Developer,Doxtro Technologies,"Chennai, Tamil Nadu","['India', 'Tamil Nadu', 'Chennai']",Chennai,13.06041,80.24963,400000.0,600000.0,0,,full_time,IT Jobs,"Doxtro is a ""funded"" healthcare startup based out of Chennai. We're trying to revolutionize how patients consult with doctors online, by helping users take charge of their health and allowing them to consult doctors from the comfort of their home. We're looking for a MEAN/Node.js developer to take ownership of the entire Technology stack of Doxtro and help Doxtro reach the next million users, using the existing MEAN/Node.js architecture. Skills: MEAN Stack, Javascript, Amazon Web Services (AWS)…",2019-05-17T21:02:48Z,https://www.adzuna.in/details/1155089899?utm_medium=api&utm_source=10d03a1b,Healthcare,doctor
Adzuna,5834378281,Staff Nurse,Fresenius Medical Care,"Chennai, Tamil Nadu","['India', 'Tamil Nadu', 'Chennai']",Chennai,13.06041,80.24963,,,0,,,Healthcare & Nursing Jobs,"Position Description for Recruitment: Staff / Dialysis Nurse Position: Staff / Dialysis Nurse Reporting to: Senior Dialysis Technician Summary of the role: Performing all aspects of the dialysis procedures as per prescription. To be involved in day to day patient management. Before starting dialysis: Assess hemodynamic status, indication of dialysis, vascular access and any comorbid illness. During Dialysis: Overall direct monitoring including dialysis prescription, care of vascular access,…",2026-08-09T11:07:41Z,https://www.adzuna.in/details/5834378281?utm_medium=api&utm_source=10d03a1b,Healthcare,doctor
Adzuna,5676367166,Front Office Executive,GEM Hospital,"Chennai, Tamil Nadu","['India', 'Tamil Nadu', 'Chennai']",Chennai,13.06041,80.24963,,,0,,full_time,Admin Jobs,"Description GEM Hospital is looking for a dedicated Front Office Executive to join our team in Chennai. This full-time, on-site position offers a fantastic opportunity to be the first point of contact for our patients and visitors, ensuring a welcoming and efficient experience within our healthcare facility. In this role, you will play a crucial part in managing the front office operations, contributing to the overall patient experience at GEM Hospital. You'll be responsible for coordinating ap…",2026-03-24T04:34:22Z,https://www.adzuna.in/details/5676367166?utm_medium=api&utm_source=10d03a1b,Healthcare,doctor
Adzuna,5831293033,HCE,Pfizer,"Chennai, Tamil Nadu","['India', 'Tamil Nadu', 'Chennai']",Chennai,13.06041,80.24963,,,0,permanent,full_time,Sales Jobs,"Ensure achievement of Sales budgets for the assigned geographical territory Develop a clear understanding of his/her role as a responsible Officer of the Company and apply the knowledge, experience and skills to achieve the defined objectives for the position and the team. Review and discuss his/her plans for the achievement of territory’s sales budget each month (overall and product wise). Seek the assistance of the District Manager in formulating sales strategy. Conduct sales analytics to ide…",2026-08-07T05:38:14Z,https://www.adzuna.in/details/5831293033?utm_medium=api&utm_source=10d03a1b,Healthcare,doctor
Adzuna,5841043410,Healthcare Executive,Pfizer,"Chennai, Tamil Nadu","['India', 'Tamil Nadu', 'Chennai']",Chennai,13.06041,80.24963,,,0,permanent,full_time,Sales Jobs,"Strategic/ Policy Ensure achievement of Sales budgets for the assigned geographical territory Develop a clear understanding of his/her role as a responsible Officer of the Company and apply the knowledge, experience and skills to achieve the defined objectives for the position and the team. Review and discuss his/her plans for the achievement of territory’s sales budget each month (overall and product wise). Seek the assistance of the District Manager in formulating sales strategy. Conduct sale…",2026-08-14T05:51:56Z,https://www.adzuna.in/details/5841043410?utm_medium=api&utm_source=10d03a1b,Healthcare,doctor
Adzuna,5171570299,Business Development,amIT Global Solutions Pvt Ltd,"Chennai, Tamil Nadu","['India', 'Tamil Nadu', 'Chennai']",Chennai,13.06041,80.24963,200000.0,350000.0,0,,full_time,Sales Jobs,"We are seeking a motivated TERRITORY SALES ASSOCIATE to engage with healthcare professionals, primarily doctors, and schedule software demonstration appointments. The role requires an understanding of us software solutions and the ability to effectively communicate the benefits to healthcare providers. Key Responsibilities: · Conduct field visits to healthcare professionals, clinics, and hospitals to introduce MocDoc's software · solutions. · Schedule and manage appointments with doctors to set…",2025-05-01T06:41:17Z,https://www.adzuna.in/details/5171570299?utm_medium=api&utm_source=10d03a1b,Healthcare,doctor
Adzuna,1155089858,NodeJS Developer,Doxtro Technologies,"Chennai, Tamil Nadu","['India', 'Tamil Nadu', 'Chennai']",Chennai,13.06041,80.24963,400000.0,600000.0,0,,full_time,IT Jobs,"Doxtro is a ""funded"" healthcare startup based out of Chennai. We're trying to revolutionize how patients consult with doctors online, by helping users take charge of their health and allowing them to consult doctors from the comfort of their home. We're looking for a MEAN/Node.js developer to take ownership of the entire Technology stack of Doxtro and help Doxtro reach the next million users, using the existing MEAN/Node.js architecture. Responsibilities: - Work with the founders and collaborat…",2019-05-17T21:02:47Z,https://www.adzuna.in/details/1155089858?utm_medium=api&utm_source=10d03a1b,Healthcare,doctor
Adzuna,5827232432,Territory Manager,Monster - xshruthix,"Chennai, Tamil Nadu","['India', 'Tamil Nadu', 'Chennai']",Chennai,13.06041,80.24963,,,0,,,Sales Jobs,"Job Summary We are seeking an experienced and dynamic individual for the position of 'Territory Manger' for driving the sales strategy and achieving business goals within your designated region, for executing the product management team's strategies, gathering customer feedback, and providing crucial insights for the development of new products. Your key focus will be on establishing and nurturing relationships with key opinion leaders, monitoring competitor information, and understanding presc…",2026-08-04T07:32:50Z,https://www.adzuna.in/details/5827232432?utm_medium=api&utm_source=10d03a1b,Healthcare,doctor
Adzuna,5843899075,Business Executive - Medical Representative - CARDIO & DIABETIC - Varanasi,Elbrit LifeSciences Pvt Ltd,"Ekkaduthangal, Chennai","['India', 'Tamil Nadu', 'Chennai', 'Ekkaduthangal']",Chennai,13.01517,80.21354,,,0,permanent,full_time,Sales Jobs,"Job Description – Medical Representative Candidates with field experience in Gynaecology & Orthopaedics and Cardiology & Diabetology are invited to apply for this role. We are seeking a motivated and results-driven Medical Representative to promote and sell our pharmaceutical products to healthcare professionals. The ideal candidate will be responsible for building strong relationships with doctors, pharmacists, and hospital staff, while effectively communicating the value and benefits of our p…",2026-08-16T09:01:25Z,https://www.adzuna.in/details/5843899075?utm_medium=api&utm_source=10d03a1b,Healthcare,doctor
Adzuna,4801477485,Graduate Internship / Jobs,I.T. Solutions,"Chennai, Tamil Nadu","['India', 'Tamil Nadu', 'Chennai']",Chennai,13.06041,80.24963,,,0,contract,full_time,Graduate Jobs,"Greeting Of The Day. Urgent Need For Following Profile. For More Details Send Your Resume On Whats-App (96430-65387 ) Hr Team Management Group (A) HR Executive/HR Manager/Asst Manager/Admin Executive/Admin Manager/ Project Manager, Management Trainee, Business Executive, Management Executive, Management Trainee (MBA’s , Hotel Management Admin), Team Leader, Supervisor/ Purchase Executive/ Warehouse Executive/ Banking/ Event Manager/ Process Executive / Recruiting Executive/ Web Designer / Graph…",2024-07-31T03:08:41Z,https://www.adzuna.in/details/4801477485?utm_medium=api&utm_source=10d03a1b,Healthcare,doctor
Adzuna,4686707650,Medical Representative,,"Chennai, Tamil Nadu","['India', 'Tamil Nadu', 'Chennai']",Chennai,13.06041,80.24963,,,0,,,Sales Jobs,"We are looking for a persuasive Medical Representative to promote and sell company medications to doctors, pharmacists, and other relevant healthcare professionals. The Medical Representative’s responsibilities include persuading potential customers to purchase company medications, identifying prospective business opportunities for the company, and providing the relevant departments with customer feedback. You should also be able to attend company meetings and training sessions. To be successfu…",2024-05-10T07:39:11Z,https://www.adzuna.in/details/4686707650?utm_medium=api&utm_source=10d03a1b,Healthcare,doctor
Adzuna,5842489420,Sales Officer/ Executive - Purina - Cochin,Nestlé,"Chennai, Tamil Nadu","['India', 'Tamil Nadu', 'Chennai']",Chennai,13.06041,80.24963,,,0,permanent,full_time,Sales Jobs,"Job Title - Sales Officer / Executive Function - Sales (Purina Pet Foods Division, Nestlé India) Location - Cochin About The Role This is a field sales role with Purina – Pet Foods Division of Nestlé India, focused on driving distribution, availability, and visibility across relevant pet channels. You will plan and deliver monthly/annual targets, strengthen trade relationships, execute trade and consumer activations (including visibility/merchandising), participate in pet shows, and engage with…",2026-08-15T05:58:55Z,https://www.adzuna.in/details/5842489420?utm_medium=api&utm_source=10d03a1b,Healthcare,doctor
Adzuna,5796414138,"Practice Development Specialist, Ortho",Align Technology,"Chennai, Tamil Nadu","['India', 'Tamil Nadu', 'Chennai']",Chennai,13.06041,80.24963,,,0,,,Sales Jobs,"About This Opportunity The individual will be responsible for selling the product, establishing account relationships, and supporting practice development in the assigned territory, as well as proactively communicating with customers and potential prospects. Role Expectations In this role, you will: Job Responsibilities Deliver Results Responsible for working with assigned accounts within the country and team within the organization, including direction, motivation, and development of sales pla…",2026-07-11T07:20:30Z,https://www.adzuna.in/details/5796414138?utm_medium=api&utm_source=10d03a1b,Healthcare,doctor
Adzuna,5438278422,"Lead Analyst, AI Engineer(Data Science)",Peak Hire Solutions,"Chennai, Tamil Nadu","['India', 'Tamil Nadu', 'Chennai']",Chennai,13.06041,80.24963,2000000.0,4800000.0,0,,full_time,IT Jobs,"JOB DESCRIPTION/PREFERRED QUALIFICATIONS: REQUIRED SKILLS/COMPETENCIES: Programming Languages: Strong in Python, data structures, and algorithms. Hands-on with NumPy, Pandas, Scikit-learn for ML prototyping. Machine Learning Frameworks: Understanding of supervised/unsupervised learning, regularization, feature engineering, model selection, cross-validation, ensemble methods (XGBoost, LightGBM). Deep Learning Techniques: Proficiency with PyTorch or TensorFlow/Keras Knowledge of CNNs, RNNs, LSTMs…",2025-10-09T06:47:12Z,https://www.adzuna.in/details/5438278422?utm_medium=api&utm_source=10d03a1b,Healthcare,doctor
Adzuna,1171509365,Digital Marketer,Yro Systems,"Chennai, Tamil Nadu","['India', 'Tamil Nadu', 'Chennai']",Chennai,13.06041,80.24963,100000.0,400000.0,0,,full_time,"PR, Advertising & Marketing Jobs","MocDoc, our flagship product is the winner of the prestigious Hot 100 Technology award for the year 2014. MocDoc is an online platform that connects General Public with Doctors providing real time, authentic information relevant to their need & helps Healthcare providers in improving efficiency to benefit the end customer. Job Responsibilities • At least 1-4 years of experience in writing content for websites. • Developing SEO friendly Articles/Blogs. • Writing real time copy for websites, micr…",2019-06-05T21:12:25Z,https://www.adzuna.in/details/1171509365?utm_medium=api&utm_source=10d03a1b,Healthcare,doctor
Adzuna,5782690976,MD Dermatologist,Bodycraft,"Chennai, Tamil Nadu","['India', 'Tamil Nadu', 'Chennai']",Chennai,13.06041,80.24963,,,0,,,Healthcare & Nursing Jobs,An aesthetic doctor diagnoses and treats a variety of skin conditions and performs cosmetic procedures to enhance patients' appearance. They provide personalized care and stay updated with the latest advancements in aesthetic medicine. Responsibilities Patient Consultation: Conduct thorough consultations to understand patients' aesthetic goals and medical history. Physical Examinations: Perform skin health assessments and physical examinations. Personalized Treatment Plans: Design treatment pla…,2026-07-01T07:18:33Z,https://www.adzuna.in/details/5782690976?utm_medium=api&utm_source=10d03a1b,Healthcare,doctor
Adzuna,5841043434,India Audiologist Business Support,Amplifon,"Chennai, Tamil Nadu","['India', 'Tamil Nadu', 'Chennai']",Chennai,13.06041,80.24963,,,0,permanent,full_time,Healthcare & Nursing Jobs,"Job Purpose: Deliver all clinical audiology services in Amplifon clinics – audiology diagnostics to hearing aid fitting and verification. Job Specification: • Strong and effective communicator. • Ability to build trust, value others and demonstrate high integrity. • Demonstrable ability to operate all audiometric equipment • Demonstrable ability to administer all diagnostic audiological tests for adults and children and also to interpret the results. • Demonstrable ability to subjectively calib…",2026-08-14T05:51:56Z,https://www.adzuna.in/details/5841043434?utm_medium=api&utm_source=10d03a1b,Healthcare,doctor
Adzuna,5473694134,"Lead Analyst, AI Engineer (Data Science)",Peak Hire Solutions,"Chennai, Tamil Nadu","['India', 'Tamil Nadu', 'Chennai']",Chennai,13.06041,80.24963,4000000.0,4800000.0,0,,full_time,IT Jobs,Ideal Candidate Profile: This role requires a seasoned engineer/scientist with a strong academic background from a premier institution and significant hands-on experience in deep learning (specifically image processing) within a hardware or product manufacturing environment. Must-Have Requirements: Experience & Education Combinations: Candidates must meet one of the following criteria: Doctorate (PhD) 2 years of related work experience Master's Degree 5 years of related work experience Bach…,2025-11-01T06:49:00Z,https://www.adzuna.in/details/5473694134?utm_medium=api&utm_source=10d03a1b,Healthcare,doctor
Adzuna,5838169130,Regional Business Manager - GYNAE & ORTHO - Mysore,Elbrit LifeSciences Pvt Ltd,"Ekkaduthangal, Chennai","['India', 'Tamil Nadu', 'Chennai', 'Ekkaduthangal']",Chennai,13.01517,80.21354,110000.0,1200000.0,0,permanent,,Sales Jobs,"Job Summary: The Regional Business Manager (RBM) is responsible for driving sales growth, managing a team of Area Business Managers (ASMs) and Medical Representatives (MRs), and ensuring the achievement of revenue targets within the assigned region. The role involves strategic planning, market analysis, team leadership, and relationship management with key stakeholders, including healthcare professionals and distributors. Requirements Key Responsibilities: 1. Sales & Business Development Develo…",2026-08-12T16:56:09Z,https://www.adzuna.in/details/5838169130?utm_medium=api&utm_source=10d03a1b,Healthcare,doctor
Adzuna,5806705476,Occupational Therapist,T & M Services Consulting Private Limited,"Chennai, Tamil Nadu","['India', 'Tamil Nadu', 'Chennai']",Chennai,13.06041,80.24963,,,0,,,Healthcare & Nursing Jobs,"Job Description – Occupational Therapist We are looking for a compassionate and dedicated Occupational Therapist to provide therapeutic interventions that help individuals with disabilities achieve greater independence in their daily activities. The ideal candidate will assess functional abilities, develop personalized treatment plans, and work collaboratively with multidisciplinary teams to improve the overall quality of life of beneficiaries. Key Responsibilities: Conduct assessments to evalu…",2026-07-19T07:25:22Z,https://www.adzuna.in/details/5806705476?utm_medium=api&utm_source=10d03a1b,Healthcare,doctor
Adzuna,5778437715,Eye Surgeon,Quadrangle,"Chennai, Tamil Nadu","['India', 'Tamil Nadu', 'Chennai']",Chennai,13.06041,80.24963,,,0,,,Healthcare & Nursing Jobs,"We are looking for a skilled Eye Surgeon to diagnose and treat various eye conditions through surgical and non-surgical methods. The ideal candidate should be proficient in advanced ophthalmic surgeries and patient care across outpatient and inpatient settings. Key Responsibilities: Conduct pre-operative assessments and surgical planning for eye surgeries Perform a range of ophthalmic surgeries such as cataract (phacoemulsification), glaucoma, retinal detachment, LASIK, squint correction, etc. …",2026-06-27T07:26:32Z,https://www.adzuna.in/details/5778437715?utm_medium=api&utm_source=10d03a1b,Healthcare,doctor
Adzuna,5678777549,Business Executive - OTC,Boolean Staffing Recruitment Solutions Pvt Ltd,"Chennai, Tamil Nadu","['India', 'Tamil Nadu', 'Chennai']",Chennai,13.06041,80.24963,300000.0,336000.0,0,,,Sales Jobs,"Job Description Designation: Business Executive Role Objective: We are looking for dynamic and result-oriented Business Executives with a strong background in OTC (Over the-Counter) products to drive sales, strengthen customer relationships, and expand company OTC business in the assigned territory. The ideal candidate should have prior experience in handling medical stores and OTC product promotions. Key Responsibilities: Achieve monthly, quarterly, and annual sales targets for OTC products in…",2026-03-26T08:38:41Z,https://www.adzuna.in/details/5678777549?utm_medium=api&utm_source=10d03a1b,Healthcare,doctor
Adzuna,5646958609,General Medicine(MBBS),Pentabay Softwares,"Chennai, Tamil Nadu","['India', 'Tamil Nadu', 'Chennai']",Chennai,13.06041,80.24963,300000.0,900000.0,0,contract,full_time,Healthcare & Nursing Jobs,"Job Title: General Physician (MBBS) Location: Anna Salai (Mount Road), Chennai Employment Type: Full-Time, Onsite Company: Pentabay Softwares Role Overview We are looking for a registered MBBS Doctor to manage our walk-in clinic and support healthcare-related projects and Online consultations Virtually .This role is ideal for a practitioner who enjoys a mix of active clinical practice and contributing to medical-tech workflows. You will be responsible for providing high-quality primary care to …",2026-02-27T11:14:10Z,https://www.adzuna.in/details/5646958609?utm_medium=api&utm_source=10d03a1b,Healthcare,doctor
Adzuna,5830315506,What being a Care Buddy means at Prayojana?,Prayojana Golden Years Services,"Chennai, Tamil Nadu","['India', 'Tamil Nadu', 'Chennai']",Chennai,13.06041,80.24963,,,0,,full_time,Healthcare & Nursing Jobs,"The Care Buddy will be the first point of contact and the face of the Prayojana. More importantly, they will participate in supporting their assigned members with the same level of empathy and warmth that the member's own children would have The Care Buddy’s Primary Role Will Be To Check on the members assigned to her/him on their day to day well being Help out with errands – like bank-related work, basic groceries or vegetable procurement Schedule appointments for doctor visits & accompany the…",2026-08-06T16:05:17Z,https://www.adzuna.in/details/5830315506?utm_medium=api&utm_source=10d03a1b,Healthcare,doctor
Adzuna,3456520208,Sales Development Representative,Outplay,"Chennai, Tamil Nadu","['India', 'Tamil Nadu', 'Chennai']",Chennai,13.06041,80.24963,700000.0,1500000.0,0,,full_time,Sales Jobs,"About the role: Outplay is looking for a motivated and talented Sales Development Representative to join our growing team. We’re looking for energetic, tech-savvy SDRs to join our fast-growing team. As part of the Outplay sales team, you will become a subject matter expert and advise new clients on sales best practices, technology, and process. US Shift Only (6 PM - 3:30 AM) - Onsite (Chennai) Responsibilities: Represent our company’s products and services - starting with a comprehensive unders…",2022-09-03T06:43:26Z,https://www.adzuna.in/details/3456520208?utm_medium=api&utm_source=10d03a1b,Healthcare,doctor
Adzuna,5766336802,Senior Executive - Training and Quality,Fresenius Medical Care,"Chennai, Tamil Nadu","['India', 'Tamil Nadu', 'Chennai']",Chennai,13.06041,80.24963,,,0,,,Healthcare & Nursing Jobs,"Training Delivery & Facilitation: Ensure the implementation of standardized clinical practices across all clinics. Conduct structured training programs for nurses, technicians, and other point-of-care (POC) staff to meet clinical and organizational KPIs. Provide hands-on guidance to clinical staff to improve patient outcomes and reduce adverse events. Do clinic visits regularly on every month with prior tour plan in such a way to maintain work life balance. Compliance Monitoring: Ensure al…",2026-06-17T10:26:53Z,https://www.adzuna.in/details/5766336802?utm_medium=api&utm_source=10d03a1b,Healthcare,doctor
Adzuna,5843895753,Regional Manager - Chennai,Fishmanhealthcare,"Tondiarpet Fort St George, Chennai","['India', 'Tamil Nadu', 'Chennai', 'Tondiarpet Fort St George']",Chennai,13.09757,80.29455,,,0,permanent,full_time,Sales Jobs,"Regional Manager - Pharmaceutical Sales Location: Chennai, Tamilnadu Employment Type: Full-time Experience: 5 Years Salary: 25- 35 K (Based on Experience) Job Summary We are seeking an experienced and results-oriented Regional Manager to lead pharmaceutical sales operations across the assigned region. The ideal candidate will be responsible for driving regional sales growth, managing and mentoring sales teams, expanding market presence, and building strong relationships with healthcare professi…",2026-08-16T08:56:20Z,https://www.adzuna.in/details/5843895753?utm_medium=api&utm_source=10d03a1b,Healthcare,doctor
Adzuna,5714215974,Territory Sales Manager (TSM),Boolean Staffing Recruitment Solutions Pvt Ltd,"Chennai, Tamil Nadu","['India', 'Tamil Nadu', 'Chennai']",Chennai,13.06041,80.24963,300000.0,550000.0,0,,,Sales Jobs,"Job Title: Territory Sales Manager (TSM) - OTX(OTC Pharma Experience) Experience : Should have OTC Rx Experience The TSMs will be required to do Doctor calls and handle GT business. Job Summary: We are seeking a dynamic and results-driven Territory Sales Manager (TSM) to join our team in the OTC & FMCG sectors. The TSM will be responsible for achieving sales targets, managing customer relationships, and driving the growth of our products within the assigned territory. The ideal candidate will …",2026-04-30T09:01:08Z,https://www.adzuna.in/details/5714215974?utm_medium=api&utm_source=10d03a1b,Healthcare,doctor
Adzuna,5676367168,Patient Relation Officer,GEM Hospital,"Chennai, Tamil Nadu","['India', 'Tamil Nadu', 'Chennai']",Chennai,13.06041,80.24963,,,0,,full_time,Healthcare & Nursing Jobs,"The Patient Care Executive is responsible for ensuring that patients receive compassionate, efficient, and quality care during their hospital stay. The role focuses on assisting patients with their needs, coordinating with clinical and administrative teams, and maintaining a high standard of service and satisfaction in accordance with GEM Hospital’s care philosophy. Duties and Responsibilities: 1. Patient Assistance and Comfort Care Assist patients in meeting their basic needs such as mobility,…",2026-03-24T04:34:22Z,https://www.adzuna.in/details/5676367168?utm_medium=api&utm_source=10d03a1b,Healthcare,doctor
Adzuna,5453621864,3930937-Senior Manager,EXL,"Chennai, Tamil Nadu","['India', 'Tamil Nadu', 'Chennai']",Chennai,13.06041,80.24963,,,0,,full_time,IT Jobs,"Description JD (Job Description) for Solutions Architect for Provider 360 – C2 role About EXL Health Payments Analytics: At EXL Health Payments Analytics Center of Excellence, we are looking for passionate individuals with growth/startup mindset to experiment, fail fast, learn and contribute to our 5 fold growth story of $200M to $1B EXL is considered Special investigation Unit by 6 of top 10 US health insurance companies (~1/3rd US healthcare data is handled by us) helping with error/overpayme…",2025-10-18T14:59:30Z,https://www.adzuna.in/details/5453621864?utm_medium=api&utm_source=10d03a1b,Healthcare,doctor
Adzuna,5825768049,Senior Customer Service Engineer,GE HealthCare,"Chennai, Tamil Nadu","['India', 'Tamil Nadu', 'Chennai']",Chennai,13.06041,80.24963,,,0,,full_time,Engineering Jobs,"Job Description Summary All resources, and logistics required to perform services and maintenance activities on customers' site/property. These activities contribute to, maintain, repair and refurbish sold or existing products. Includes all types of maintenance service (preventive and remedial), manage maintenance facilities and field services engineering. Accountable for the quality of own work. Subject to direct operations supervision/prescribed work instructions/systems checking. Executes wi…",2026-08-02T20:52:47Z,https://www.adzuna.in/details/5825768049?utm_medium=api&utm_source=10d03a1b,Healthcare,doctor
Adzuna,5849524125,Territory Account Manager,Johnson & Johnson MedTech,"Chennai, Tamil Nadu","['India', 'Tamil Nadu', 'Chennai']",Chennai,13.06041,80.24963,,,0,,full_time,Sales Jobs,"At Johnson & Johnson, we believe health is everything. Our strength in healthcare innovation empowers us to build a world where complex diseases are prevented, treated, and cured, where treatments are smarter and less invasive, and solutions are personal. Through our expertise in Innovative Medicine and MedTech, we are uniquely positioned to innovate across the full spectrum of healthcare solutions today to deliver the breakthroughs of tomorrow, and profoundly impact health for humanity. Learn …",2026-08-20T16:03:31Z,https://www.adzuna.in/details/5849524125?utm_medium=api&utm_source=10d03a1b,Healthcare,doctor
Adzuna,5826713243,Territory Manager - Chennai,Eli Lilly and Company,"Chennai, Tamil Nadu","['India', 'Tamil Nadu', 'Chennai']",Chennai,13.06041,80.24963,,,0,permanent,full_time,Sales Jobs,"At Lilly, the work is demanding because patients are waiting. We unite caring with discovery to help make life better for people around the world, knowing that every decision, every detail, and every day matters. Headquartered in Indianapolis, Indiana, our over 50,000 employees around the globe take on complex challenges to discover and deliver life-changing medicines, strengthen how health is understood and managed, and support the communities we serve. This is hard, urgent, selfless work—but …",2026-08-03T21:35:00Z,https://www.adzuna.in/details/5826713243?utm_medium=api&utm_source=10d03a1b,Healthcare,doctor
Adzuna,5843301443,Data Engineer II,American Express,"Chennai, Tamil Nadu","['India', 'Tamil Nadu', 'Chennai']",Chennai,13.06041,80.24963,,,0,permanent,full_time,IT Jobs,"Job Description Our GenAI Platform team and help build enterprise-grade Generative AI capabilities and MCP (Model Context Protocol) tooling that power our semantic layer. This role is ideal for a Data engineer with a strong technical foundation who is excited about AI technologies, developer platforms, and building intelligent applications at scale. Responsibilities Reporting to a Senior Engineering Manager or Engineering Director, you will collaborate with engineers, architects, product manage…",2026-08-15T21:58:18Z,https://www.adzuna.in/details/5843301443?utm_medium=api&utm_source=10d03a1b,Healthcare,doctor
Adzuna,5808699283,Data Science and Artificial Intelligence Manager,Ford Motor,"Chennai, Tamil Nadu","['India', 'Tamil Nadu', 'Chennai']",Chennai,13.06041,80.24963,,,0,,,IT Jobs,Data Science and AI Manager We are seeking a highly motivated and experienced AI ML Data Analytics Manager to join our team This is a handson technical leadership role where you will be responsible for designing developing and deploying cuttingedge AI solutions specifically tailored for FCSD our aftersales service operations You will lead a team of AI ML Data Analytics engineers guiding them through the full lifecycle of product development from ideation and prototyping to deployment and contin…,2026-07-21T06:40:29Z,https://www.adzuna.in/details/5808699283?utm_medium=api&utm_source=10d03a1b,Healthcare,doctor
Adzuna,5839221459,Medical Officer,MD India Health Insurance TPA Pvt Ltd,"Chennai, Tamil Nadu","['India', 'Tamil Nadu', 'Chennai']",Chennai,13.06041,80.24963,,,0,,,Admin Jobs,Scrutiny of medical documents and adjudication. Assess the eligibility of medical claims and determine financial outcomes. Identification of trigger factors of insurance related frauds and inform the concerned department. Determine accuracy of medical documents. Required Candidate profile: MBBS graduate. Male candidate prefer. Good Medical & basic computer knowledge Should have completed internship (Permanent Registration number is mandatory) Freshers can also apply. Work from office. Skills: T…,2026-08-13T07:32:04Z,https://www.adzuna.in/details/5839221459?utm_medium=api&utm_source=10d03a1b,Healthcare,medical officer
Adzuna,5838482390,Claims - Medical Officer - 10 August 2026,Vidal Health Insurance TPA,"Chennai, Tamil Nadu","['India', 'Tamil Nadu', 'Chennai']",Chennai,13.06041,80.24963,,,0,,full_time,Accounting & Finance Jobs,"Job description – Claims processors – IPD/OPD Job Purpose To review and adjudicate inpatient reimbursement claims by validating medical documentation, policy terms, and insurer protocols, ensuring accurate, timely, and compliant claim processing. Principal Accountabilities Process inpatient reimbursement claims accurately and within TAT as per insurer and organizational guidelines. Review and validate medical documents (diagnoses, procedures, discharge summaries) against policy and coding stand…",2026-08-12T20:59:29Z,https://www.adzuna.in/details/5838482390?utm_medium=api&utm_source=10d03a1b,Healthcare,medical officer
Adzuna,5828880353,Industrial Staff Nurse,Happiest Resume,"Chennai, Tamil Nadu","['India', 'Tamil Nadu', 'Chennai']",Chennai,13.06041,80.24963,10000.0,100000.0,0,,full_time,Healthcare & Nursing Jobs,"We are seeking an experienced Industrial Staff Nurse & FMO/Medical Officer to join our team. The successful candidate will be responsible for providing first aid, conducting health assessments, and implementing health awareness and wellness programs. The role requires strong clinical and nursing skills, excellent communication and interpersonal abilities, and the ability to handle emergencies efficiently. The ideal candidate will have a B.Sc Nursing / GNM / ANM qualification and a valid registr…",2026-08-05T14:47:52Z,https://www.adzuna.in/details/5828880353?utm_medium=api&utm_source=10d03a1b,Healthcare,medical officer
Adzuna,5842548058,Sr AR Caller Chennai,Starworth Global Solutions,"Chennai, Tamil Nadu","['India', 'Tamil Nadu', 'Chennai']",Chennai,13.06041,80.24963,,,0,,,Accounting & Finance Jobs,Urgent Hiring For SR AR Caller Job Location Chennai Salary As Per Company Norms Exp 1yr to 6yrs Roles and Responsibilities Manage accounts receivable calls to resolve outstanding balances denials and patient inquiries Identify and address denial management issues by researching root causes appealing denied claims and implementing corrective actions Process international voice process transactions accurately and efficiently Ensure timely followup on overdue payments from physicians and hospitals…,2026-08-15T07:25:59Z,https://www.adzuna.in/details/5842548058?utm_medium=api&utm_source=10d03a1b,Healthcare,medical officer
Adzuna,3798035874,Business Analyst,OJCommerce,"Chennai, Tamil Nadu","['India', 'Tamil Nadu', 'Chennai']",Chennai,13.06041,80.24963,200000.0,1500000.0,0,,full_time,IT Jobs,"Job Location – Chennai - Ekaduthangal (Work From Office) Job description Partner with Internal stakeholders across business units (i.e., sales, finance, Catalog, Customer Service) to develop necessary analysis and documentation in a collaborative way, communicating effectively and efficiently with managerial, and executive teams Drive identification of requirements across business units and identify substandard systems processes through evaluation of real-time data. Create and implement precise…",2022-12-24T06:11:41Z,https://www.adzuna.in/details/3798035874?utm_medium=api&utm_source=10d03a1b,Healthcare,medical officer
Adzuna,5689124583,"Lead, Global Complaint Management",ICU Medical,"Chennai, Tamil Nadu","['India', 'Tamil Nadu', 'Chennai']",Chennai,13.06041,80.24963,,,0,,full_time,Healthcare & Nursing Jobs,"Description Job Title Lead, Global Complaint Management Position Summary This position provides supervision, guidance and training to employees. Measure and manage established key performance metrics. Identify and lead process improvements and other special projects as assigned. Essential Duties & Responsibilities Establish and maintain a high performing teams. Provide comprehensive guidance to analysts within the team, ensuring the detailed, accurate, and timely handling of records including c…",2026-04-04T02:09:36Z,https://www.adzuna.in/details/5689124583?utm_medium=api&utm_source=10d03a1b,Healthcare,medical officer
Adzuna,5605230526,Oracle Applications Programmer,ICU Medical,"Chennai, Tamil Nadu","['India', 'Tamil Nadu', 'Chennai']",Chennai,13.06041,80.24963,,,0,,full_time,IT Jobs,"Description Job Title Oracle Applications Programmer FLSA Status Exempt Position Summary The Oracle Applications Programmer is responsible for assisting with the development, deployment, maintenance, and customization of various Oracle Applications including General Ledger, Payables, Receivables, Order Management, Work In Process, Inventory, Purchasing and FA. This position will interface with Business Analysts to understand business requirements and develop solutions, test and deploy. This pos…",2026-01-30T00:49:16Z,https://www.adzuna.in/details/5605230526?utm_medium=api&utm_source=10d03a1b,Healthcare,medical officer
Adzuna,5630063750,Oracle Applications Integration Developer,ICU Medical,"Chennai, Tamil Nadu","['India', 'Tamil Nadu', 'Chennai']",Chennai,13.06041,80.24963,,,0,,full_time,IT Jobs,"Description Job Title Oracle Applications Integration Developer Position Summary Oracle Applications Integration Developer is responsible for designing, developing, customizing, and supporting the integrations between Oracle EBS and various Applications including Service Cloud, Customer Data Management and other third-party applications. The role involves technical support for Oracle E-Business Suite (R12.2), including troubleshooting system and interface issues, supporting integrations, perfor…",2026-02-15T01:42:37Z,https://www.adzuna.in/details/5630063750?utm_medium=api&utm_source=10d03a1b,Healthcare,medical officer
Adzuna,5183011822,Tech Solution Architect,OJ Commerce,"Chennai, Tamil Nadu","['India', 'Tamil Nadu', 'Chennai']",Chennai,13.06041,80.24963,,,0,,,IT Jobs,"Role : Architect – Software Engineering Experience : 10 years Job Location : Chennai About OJ Commerce: OJ Commerce (OJC), a rapidly expanding and profitable online retailer, is headquartered in Florida, USA, with a fully functional office in Chennai, India. We deliver exceptional value to our customers by harnessing cutting-edge technology, fostering innovation, and establishing strategic brand partnerships to enable a seamless, enjoyable shopping experience featuring high-quality products at …",2025-05-06T18:04:41Z,https://www.adzuna.in/details/5183011822?utm_medium=api&utm_source=10d03a1b,Healthcare,medical officer
Adzuna,4541828635,Web Scraping Engineer,OJCommerce,"Chennai, Tamil Nadu","['India', 'Tamil Nadu', 'Chennai']",Chennai,13.06041,80.24963,700000.0,1200000.0,0,,full_time,IT Jobs,"Role : Web Scraping Engineer Experience : 2 to 3 Years Job Location : Chennai About OJ Commerce: OJ Commerce (OJC), a rapidly expanding and profitable online retailer, is headquartered in Florida, USA, with a fully-functional office in Chennai, India. We deliver exceptional value to our customers by harnessing cutting-edge technology, fostering innovation, and establishing strategic brand partnerships to enable a seamless, enjoyable shopping experience featuring high-quality products at unbeata…",2024-01-24T15:35:19Z,https://www.adzuna.in/details/4541828635?utm_medium=api&utm_source=10d03a1b,Healthcare,medical officer
Adzuna,5701927642,Finance Analyst,OJ Commerce,"Chennai, Tamil Nadu","['India', 'Tamil Nadu', 'Chennai']",Chennai,13.06041,80.24963,,,0,,,Accounting & Finance Jobs,"Role : Specialist - Finance Experience : 2 to 4 Years Job Location : Chennai About OJ Commerce: OJ Commerce (OJC), a rapidly expanding and profitable online retailer, is headquartered in Florida, USA, with a fully-functional office in Chennai, India. We deliver exceptional value to our customers by harnessing cutting-edge technology, fostering innovation, and establishing strategic brand partnerships to enable a seamless, enjoyable shopping experience featuring high-quality products at unbeatab…",2026-04-17T04:58:59Z,https://www.adzuna.in/details/5701927642?utm_medium=api&utm_source=10d03a1b,Healthcare,medical officer
Adzuna,3376937802,Lead Dotnet developer,OJCommerce,"Chennai, Tamil Nadu","['India', 'Tamil Nadu', 'Chennai']",Chennai,13.06041,80.24963,500000.0,1700000.0,0,,full_time,IT Jobs,"Role : Lead Dot net Developer Experience : 9 to 11 Years Job Location : Chennai About OJ Commerce: OJ Commerce is a fast-growing, profitable online retailer based in Florida, USA with a full-fledged India office based in Chennai driven by a sophisticated, data-driven system to run the operations with virtually no human intervention. We strive to be the best-in-class ecommerce company delivering exceptional value to customers by leveraging technology, innovation and brand-partnerships to provide…",2022-08-05T06:41:57Z,https://www.adzuna.in/details/3376937802?utm_medium=api&utm_source=10d03a1b,Healthcare,medical officer
Adzuna,5606374796,"Analyst, Business Systems – Operations",ICU Medical,"Chennai, Tamil Nadu","['India', 'Tamil Nadu', 'Chennai']",Chennai,13.06041,80.24963,,,0,,full_time,IT Jobs,"Description Job Title: Analyst, Business Systems – Operations Position Summary The Business Systems Analyst is responsible for working with the Business to document requirements and assisting in the development of designs for implementation. This position will interface with various departments including Accounting, Finance, Operations, Planning, Purchasing, and Customer Service. Essential Duties & Responsibilities Implement projects from initiation to implementation phase including gathering r…",2026-01-31T00:29:21Z,https://www.adzuna.in/details/5606374796?utm_medium=api&utm_source=10d03a1b,Healthcare,medical officer
Adzuna,4151365178,Associate/Specialist - Analytics,OJ Commerce,"Chennai, Tamil Nadu","['India', 'Tamil Nadu', 'Chennai']",Chennai,13.06041,80.24963,,,0,,,IT Jobs,"Role: Associate/Specialist - Analytics(EDA) Experience: 2 to 6 yrs Job Location: Chennai About OJ Commerce: OJ Commerce (OJC), a rapidly expanding and profitable online retailer, is headquartered in Florida, USA, with a fully-functional office in Chennai, India. We deliver exceptional value to our customers by harnessing cutting-edge technology, fostering innovation, and establishing strategic brand partnerships to enable a seamless, enjoyable shopping experience featuring high-quality products…",2023-06-14T16:54:18Z,https://www.adzuna.in/details/4151365178?utm_medium=api&utm_source=10d03a1b,Healthcare,medical officer
Adzuna,5214360491,Lead – Generative AI / Machine Learning / Artificial Intelligence,OJ Commerce,"Chennai, Tamil Nadu","['India', 'Tamil Nadu', 'Chennai']",Chennai,13.06041,80.24963,,,0,,,IT Jobs,"Job Description Role: Lead - Generative AI/ Machine Learning/ Artificial Intelligence Experience: 5 - 10 years Job Location: Chennai About OJ Commerce OJ Commerce (OJC), a rapidly expanding and profitable online retailer, is headquartered in Florida, USA, with a fully-functional office in Chennai, India. We deliver exceptional value to our customers by harnessing cutting-edge technology, fostering innovation, and establishing strategic brand partnerships to enable a seamless, enjoyable shopping…",2025-05-24T18:13:12Z,https://www.adzuna.in/details/5214360491?utm_medium=api&utm_source=10d03a1b,Healthcare,medical officer
Adzuna,5606699682,"Analyst, Business Systems – Service Applications",ICU Medical,"Chennai, Tamil Nadu","['India', 'Tamil Nadu', 'Chennai']",Chennai,13.06041,80.24963,,,0,,full_time,IT Jobs,"Description Job Title Analyst, Business Systems – Service Applications Position Summary The Business Systems Analyst is responsible for working with the Business to document requirements and assisting in the development of designs for implementation. This position will interface with various departments including Engineering, Manufacturing, Operations, Purchasing, Quality, and Customer Service. Essential Duties & Responsibilities Implement projects from initiation to implementation phase includ…",2026-01-31T00:57:21Z,https://www.adzuna.in/details/5606699682?utm_medium=api&utm_source=10d03a1b,Healthcare,medical officer
Adzuna,5730839591,Visual Designer,OJ Commerce,"Chennai, Tamil Nadu","['India', 'Tamil Nadu', 'Chennai']",Chennai,13.06041,80.24963,,,0,,,Creative & Design Jobs,"Role: Expert - Visual Designer Experience: 7 to 8 years Job Location: Chennai About us: OJ Commerce (OJC), a rapidly expanding and profitable online retailer, is headquartered in Florida, USA, with a fully-functional office in Chennai, India. We deliver exceptional value to our customers by harnessing cutting-edge technology, fostering innovation, and establishing strategic brand partnerships to enable a seamless, enjoyable shopping experience featuring high-quality products at unbeatable price…",2026-05-16T05:09:40Z,https://www.adzuna.in/details/5730839591?utm_medium=api&utm_source=10d03a1b,Healthcare,medical officer
Adzuna,5781526012,Manager - Analytics,OJ Commerce,"Chennai, Tamil Nadu","['India', 'Tamil Nadu', 'Chennai']",Chennai,13.06041,80.24963,,,0,,,IT Jobs,"JOB DESCRIPTION Role : Manager-Analytics Experience : 8 to 12 Years Job Location : Chennai About OJ Commerce: OJ Commerce (OJC), a rapidly expanding and profitable online retailer, is headquartered in Florida, USA, with a fully functional office in Chennai, India. We deliver exceptional value to our customers by harnessing cutting-edge technology, fostering innovation, and establishing strategic brand partnerships to enable a seamless, enjoyable shopping experience featuring high-quality produc…",2026-06-30T05:56:00Z,https://www.adzuna.in/details/5781526012?utm_medium=api&utm_source=10d03a1b,Healthcare,medical officer
Adzuna,5623376175,B2B Sales Associate,OJ Commerce,"Chennai, Tamil Nadu","['India', 'Tamil Nadu', 'Chennai']",Chennai,13.06041,80.24963,,,0,,,Sales Jobs,"Role: B2B Tele Caller (US region) Experience: 1–3 years in B2B Tele-calling / Sales Job Location: Remote Working Hours: Overlap with US Eastern/Central Time Zones About OJ Commerce OJ Commerce (OJC), a rapidly expanding and profitable online retailer, is headquartered in Florida, USA, with a fully functional office in Chennai, India. We deliver exceptional value to our customers by harnessing advanced technology, driving innovation, and building strong brand partnerships. With over 1M SKUs and …",2026-02-11T02:58:56Z,https://www.adzuna.in/details/5623376175?utm_medium=api&utm_source=10d03a1b,Healthcare,medical officer
Adzuna,5645500645,Associate/Specialist - Marketing,OJ Commerce,"Chennai, Tamil Nadu","['India', 'Tamil Nadu', 'Chennai']",Chennai,13.06041,80.24963,,,0,,,"PR, Advertising & Marketing Jobs","JOB DESCRIPTION Role : Associate/Specialist - Marketing Experience : 3 to 5 Years Job Location : Chennai About OJ Commerce: OJ Commerce (OJC), a rapidly expanding and profitable online retailer, is headquartered in Florida, USA, with a fully-functional office in Chennai, India. We deliver exceptional value to our customers by harnessing cutting-edge technology, fostering innovation, and establishing strategic brand partnerships to enable a seamless, enjoyable shopping experience featuring high-…",2026-02-26T03:13:47Z,https://www.adzuna.in/details/5645500645?utm_medium=api&utm_source=10d03a1b,Healthcare,medical officer
Adzuna,5630077026,Oracle Integration Cloud (OIC) Application Developer,ICU Medical,"Chennai, Tamil Nadu","['India', 'Tamil Nadu', 'Chennai']",Chennai,13.06041,80.24963,,,0,,full_time,IT Jobs,"Description Job Title Oracle Integration Cloud (OIC) Application Developer Position Summary The Oracle Integration Cloud (OIC) Application Developer is responsible for the design, development, monitoring, and support of enterprise integrations, with ownership of Oracle Integration Cloud (OIC) solutions across the organization. This role also provides technical support for Oracle E-Business Suite (R12.2), including troubleshooting system and interface issues, supporting integrations, performing …",2026-02-15T01:44:40Z,https://www.adzuna.in/details/5630077026?utm_medium=api&utm_source=10d03a1b,Healthcare,medical officer
Adzuna,5367471069,Lead - Catalog,OJ Commerce,"Chennai, Tamil Nadu","['India', 'Tamil Nadu', 'Chennai']",Chennai,13.06041,80.24963,,,0,,,IT Jobs,"JOB DESCRIPTION Role : Lead - Catalog Experience : 08 to 10 Years Job Location : Chennai About OJ Commerce: OJ Commerce (OJC), a rapidly expanding and profitable online retailer, is headquartered in Florida, USA, with a fully functional office in Chennai, India. We deliver exceptional value to our customers by harnessing cutting-edge technology, fostering innovation, and establishing strategic brand partnerships to enable a seamless, enjoyable shopping experience featuring high-quality products…",2025-08-25T18:48:00Z,https://www.adzuna.in/details/5367471069?utm_medium=api&utm_source=10d03a1b,Healthcare,medical officer
Adzuna,5841754867,Consulting Dental Physician,Amura Health,"Chennai, Tamil Nadu","['India', 'Tamil Nadu', 'Chennai']",Chennai,13.06041,80.24963,,,0,,,Healthcare & Nursing Jobs,"Amura’s Vision We believe that the most under-appreciated route to releasing untapped human potential is to build a healthier body, and through which a better brain. This allows us to do more of everything that is important to each one of us. Billions of healthier brains, sitting in healthier bodies, can take up more complex problems that defy solutions today, including many existential threats, and solve them in just a few decades. Billions of healthier brains will make the world richer beyond…",2026-08-14T16:34:01Z,https://www.adzuna.in/land/ad/5841754867?se=yk0evYac8RG8E4DRVfRH-g&utm_medium=api&utm_source=10d03a1b&v=F6E0B27C24E1A6EC2B358FB9ECA5353A5FF16B1B,Healthcare,physician
Adzuna,5818747306,Medical Coding fresher Job-Dentist 2025/2026 Freshers Wanted,I Skills Solutions,"Chennai, Tamil Nadu","['India', 'Tamil Nadu', 'Chennai']",Chennai,13.06041,80.24963,,,0,,,Scientific & QA Jobs,CT HR PADMA - 8608995522 (Whats App) Position: Medical Coder Job Description: Medical Coding is the process of conversion of text information related to healthcare services into numeric Diagnosis (Medical Problems) and Procedure (Treatments) Codes using ICD-10 CM and CPT code books. Requirement: Knowledge in Anatomy and Physiology Good communication and interpersonal skills Basic Computer Skills No of vacancy: 500 Eligibility: Nursing GNM/DGNM Life science graduates Pharmacy Physician assistant…,2026-07-29T01:24:16Z,https://www.adzuna.in/land/ad/5818747306?se=yk0evYac8RG8E4DRVfRH-g&utm_medium=api&utm_source=10d03a1b&v=51CCA91C40F802D7628CC02DAE4ED62B8F617A15,Healthcare,physician
Adzuna,5836624446,"Medical Coding fresher Job- Micro Biology , Biotechnology , Bio chemistry , Bio medical Engg Freshers 2026 Wanted",I Skills Solutions,"Chennai, Tamil Nadu","['India', 'Tamil Nadu', 'Chennai']",Chennai,13.06041,80.24963,,,0,,,Scientific & QA Jobs,CT HR Padma - 8608995522 (Whats App) Position: Medical Coder Job Description: Medical Coding is the process of conversion of text information related to healthcare services into numeric Diagnosis (Medical Problems) and Procedure (Treatments) Codes using ICD-10 CM and CPT code books. Requirement: Knowledge in Anatomy and Physiology Good communication and interpersonal skills Basic Computer Skills No of vacancy: 500 Eligibility: Nursing GNM/DGNM Life science graduates Pharmacy Physician assistant…,2026-08-11T16:12:51Z,https://www.adzuna.in/land/ad/5836624446?se=yk0evYac8RG8E4DRVfRH-g&utm_medium=api&utm_source=10d03a1b&v=DB1859A12EFBFB24D98A4709544B96606F9EBA3B,Healthcare,physician
Adzuna,5833434939,"Medical Coding fresher Job - Paramedical , Nursing 2026 Fresher Wanted",I Skills Solutions,"Chennai, Tamil Nadu","['India', 'Tamil Nadu', 'Chennai']",Chennai,13.06041,80.24963,,,0,,,Scientific & QA Jobs,CT HR Lakshmi Priya - 9894914894 (Whats App) Position: Medical Coder Job Description: Medical Coding is the process of conversion of text information related to healthcare services into numeric Diagnosis (Medical Problems) and Procedure (Treatments) Codes using ICD-10 CM and CPT code books. Requirement: Knowledge in Anatomy and Physiology Good communication and interpersonal skills Basic Computer Skills No of vacancy: 500 Eligibility: Nursing GNM/DGNM Life science graduates Pharmacy Physician a…,2026-08-08T18:01:54Z,https://www.adzuna.in/land/ad/5833434939?se=yk0evYac8RG8E4DRVfRH-g&utm_medium=api&utm_source=10d03a1b&v=162DBF55831CAAD8E58ECEE4878D372404BC7509,Healthcare,physician
Adzuna,5812353391,"Medical Coding fresher Job- Micro Biology , Biotechnology , Bio chemistry , Bio medical Engg , Medical Microbiology , Clinical Care Technology Freshers 2025/2026 Wanted",I Skills Solutions,"Chennai, Tamil Nadu","['India', 'Tamil Nadu', 'Chennai']",Chennai,13.06041,80.24963,,,0,,,Scientific & QA Jobs,CT HR Padma - 8608995522 (Whats App) Position: Medical Coder Job Description: Medical Coding is the process of conversion of text information related to healthcare services into numeric Diagnosis (Medical Problems) and Procedure (Treatments) Codes using ICD-10 CM and CPT code books. Requirement: Knowledge in Anatomy and Physiology Good communication and interpersonal skills Basic Computer Skills No of vacancy: 500 Eligibility: Nursing GNM/DGNM Life science graduates Pharmacy Physician assistant…,2026-07-23T18:57:40Z,https://www.adzuna.in/land/ad/5812353391?se=yk0evYac8RG8E4DRVfRH-g&utm_medium=api&utm_source=10d03a1b&v=2D005D498F0230E27E9B7C174C5F7E67BCF12C97,Healthcare,physician
Adzuna,5825674991,Med-Metrix - AR Caller PB/HB walk-in interview on August (3rd & 4th) 2026,Med-Metrix,"Chennai, Tamil Nadu","['India', 'Tamil Nadu', 'Chennai']",Chennai,13.06041,80.24963,,,0,,,Healthcare & Nursing Jobs,"Med-Metrix - AR Caller PB/HB walk-in interview on August (3rd & 4th) 2026 Interview date: August (3rd & 4th) 2026 - Monday & Tuesday Walk-in time: 3:30 PM to 5:30 PM Interview Address : 7th Floor, Millenia Business Park II, 4A Campus,143, Dr. M.G.R. Road, Kandanchavadi, Perungudi,Chennai, Tamil Nadu 600096, India Contact Person : Arun (HR) Contact Number : 7904110585 Contact Person : Reshma (HR) Contact Number : 9363256851 Preferred candidate profile : AR Caller (1 to 3) Years - (US Health care…",2026-08-02T17:35:53Z,https://www.adzuna.in/land/ad/5825674991?se=yk0evYac8RG8E4DRVfRH-g&utm_medium=api&utm_source=10d03a1b&v=5E1372A0146CFF2583DE6D88D76E622A5419081C,Healthcare,physician
Adzuna,5811114999,New Medical Practice start up Services,drKrish,"Chennai, Tamil Nadu","['India', 'Tamil Nadu', 'Chennai']",Chennai,13.06041,80.24963,,,0,,part_time,Healthcare & Nursing Jobs,"Company Description Dr. BarathiRam Krishnamurthy is a healthcare leader who is focused on establishing new medical practice in Chennai, Tamilnadu, India. Dr. BarathiRam is aims to deliver accessible, high-quality care in Chennai across multiple specialties while building efficient, patient-centered clinical environments. Dr. BarathiRam emphasizes ethical medical practice, strong clinical governance, and streamlined operations to support both clinicians and patients. Team members have the opport…",2026-07-22T22:53:19Z,https://www.adzuna.in/land/ad/5811114999?se=yk0evYac8RG8E4DRVfRH-g&utm_medium=api&utm_source=10d03a1b&v=44FEC1A13DA65E14764A1029B862F16D9E697B65,Healthcare,physician
Adzuna,5839156228,"Medical Coding for Radiology, Physician Asst, Anesthesia Graduates",Nestem Technologies,"Vadapalani, Chennai","['India', 'Tamil Nadu', 'Chennai', 'Vadapalani']",Chennai,13.06457,80.20601,,,0,,,Healthcare & Nursing Jobs,"ABOUT US Nestem Technologies is ISO 9001:2015 Certified and Govt Registered Leading Healthcare KPO Service provider. Medical Coding Job offered For US Healthcare KPO. MEDICAL CODING Medical Coding is the process of converting Verbal Descriptions into numeric or alpha numeric by using ICD 10-CM, CPT and HCPCS. As per HIPAA rules healthcare providers need efficient Medical Coders. ELIGIBILITY UG / PG in Life Science, Medical, Paramedical, Dental, Pharmacy, physiotherapy, Nursing, Microbiology, Bi…",2026-08-13T06:50:18Z,https://www.adzuna.in/details/5839156228?utm_medium=api&utm_source=10d03a1b,Healthcare,physician
Adzuna,5827200071,AR Caller Hospital Billing,Starworth Global Solutions,"Chennai, Tamil Nadu","['India', 'Tamil Nadu', 'Chennai']",Chennai,,,,,0,,,HR & Recruitment Jobs,Dear Job Seekers Greetings from Starworth Global Solutions We are hiring experienced AR Callers Hospital and Physician Billing for immediate openings in Chennai Role AR Caller Hospital Billing Location Bangalore and Chennai Experience 1 to 4 Years Salary Up to 45 000 per Month Interview Mode Virtual Interview Only Mandatory Documents Offer Letter Relieving Letter Last 3 Months Payslips UAN Number PF Account Details Virtual Interview Immediate joiners only Important Note Only candidates with rel…,2026-08-04T06:48:39Z,https://www.adzuna.in/details/5827200071?utm_medium=api&utm_source=10d03a1b,Healthcare,physician
Adzuna,5831365401,Huge Opening for AR caller,Starworth Global Solutions,"Chennai, Tamil Nadu","['India', 'Tamil Nadu', 'Chennai']",Chennai,,,,,0,,,HR & Recruitment Jobs,We are hiring experienced AR Callers Hospital and physician Billing for immediate openings in Hyderabad Role AR Caller Hospital and physician Billing Location Hyderabad In and around Hyderabad candidates preferred Experience 1 to 5 Years Salary Up to 43 000 per Month Interview Mode Virtual Interview Only Mandatory Documents Offer Letter Relieving Letter Last 3 Months Payslips UAN Number PF Account Details One way cab upto 25kms Walkin Interview only Easy Selection Immediate joiners only Importa…,2026-08-07T06:51:41Z,https://www.adzuna.in/details/5831365401?utm_medium=api&utm_source=10d03a1b,Healthcare,physician
Adzuna,5842548051,AR Executive Voice Process,Starworth Global Solutions,"Chennai, Tamil Nadu","['India', 'Tamil Nadu', 'Chennai']",Chennai,,,,,0,,,Healthcare & Nursing Jobs,Dear Connections Job Title ARCaller Senior AR Caller US Healthcare PB Chennai Hyderabad Walkin Interview We are hiring experienced AR Callers for a leading US Healthcare process Designation ARCaller Senior AR Caller Location Chennai Hyderabad Experience 14 Years Interview Mode Walkin Interview Billing Type Physician Billing PB Hospital Billing HB Salary Up to 38 000 InHand Based on experience and skills Eligibility Criteria Minimum 1 year of experience in AR Calling Handson experience in endtoe…,2026-08-15T07:25:59Z,https://www.adzuna.in/details/5842548051?utm_medium=api&utm_source=10d03a1b,Healthcare,physician
Adzuna,5831864135,Medical Coder,CareerScan,"Chennai, Tamil Nadu","['India', 'Tamil Nadu', 'Chennai']",Chennai,13.06041,80.24963,,,0,,full_time,Accounting & Finance Jobs,"We are hiring a Medical Coder to perform invoice reviews and provide expert coding advice. Responsibilities include assigning CPT and ICD-10 codes, ensuring HIPAA compliance, and resolving coding discrepancies. Ideal for certified coders with experience in physician billing.",2026-08-07T16:04:45Z,https://www.adzuna.in/details/5831864135?utm_medium=api&utm_source=10d03a1b,Healthcare,physician
Adzuna,5507715738,3838888-Assistant Manager,EXL,"Chennai, Tamil Nadu","['India', 'Tamil Nadu', 'Chennai']",Chennai,13.06041,80.24963,,,0,,full_time,Healthcare & Nursing Jobs,"Description Physicians reviewers - AM Overview: Physician with minimum 1 year of clinical experience and skillset, to review the clinical information/medical record and summarize relevant clinical information based on set of guidelines/criteria. Qualifications: MBBS in India or MD (foreign medical graduates) MCI license – preferred, not mandatory Prior experience with US health care preferred (not mandatory) Computer literate (MS Word, Excel, PPT) Experience: Clinical experience: Minimum 1 year…",2025-11-21T22:30:03Z,https://www.adzuna.in/details/5507715738?utm_medium=api&utm_source=10d03a1b,Healthcare,physician
Adzuna,5503837089,Radiology Technician,First Scans,"Chennai, Tamil Nadu","['India', 'Tamil Nadu', 'Chennai']",Chennai,13.06041,80.24963,,,0,,full_time,Healthcare & Nursing Jobs,"Description We are looking for a dedicated Radiology Technician to join First Scans, a leading healthcare facility in Chennai. As a Radiology Technician, you will play a crucial role in assisting with diagnostic imaging procedures, ensuring accurate and high-quality results. This position is vital for providing timely and precise medical imaging services to our patients, contributing to their overall healthcare experience. As a Radiology Technician at First Scans, you will be involved in a vari…",2025-11-20T00:58:13Z,https://www.adzuna.in/details/5503837089?utm_medium=api&utm_source=10d03a1b,Healthcare,physician
Adzuna,5453638008,3838901-Lead Assistant Manager,EXL,"Chennai, Tamil Nadu","['India', 'Tamil Nadu', 'Chennai']",Chennai,13.06041,80.24963,,,0,,full_time,Healthcare & Nursing Jobs,"Description Physicians reviewers - LAM Overview: Physician with minimum 3 -5 years of clinical experience and skillset, to review the clinical information/medical record and summarize relevant clinical information based on set of guidelines/criteria. Qualifications: MBBS in India or MD (foreign medical graduates) MCI license – preferred, not mandatory Prior experience with US health care Computer literate (MS Word, Excel, PPT) Experience: Clinical experience: Minimum 3-5 years in clinical revie…",2025-10-18T15:07:23Z,https://www.adzuna.in/details/5453638008?utm_medium=api&utm_source=10d03a1b,Healthcare,physician
Adzuna,5769959567,Anaesthesia Technician,ACHIEVERS SPOT Hiring For MEDICAL CODING,"Chennai, Tamil Nadu","['India', 'Tamil Nadu', 'Chennai']",Chennai,13.06041,80.24963,,,0,,,Scientific & QA Jobs,Job Description Position Medical Coder Ct HR Shanmugapriya hidden mobile Medical Coding is the process of conversion of text information related to healthcare services into numeric Diagnosis Medical Problems and Procedure Treatments Codes using ICD10 CM and CPT code books Requirement knowledge in Anatomy and Physiology Good communication and interpersonal skills Basic Computer Skills No of vacancy 500 Eligibility Nursing GNM DGNM Life science graduates Pharmacy Physician assistant Bio medical E…,2026-06-20T06:49:09Z,https://www.adzuna.in/details/5769959567?utm_medium=api&utm_source=10d03a1b,Healthcare,physician
Adzuna,4781082956,US Healthcare Recruiter,DevCare solutions pvt ltd,"Chennai, Tamil Nadu","['India', 'Tamil Nadu', 'Chennai']",Chennai,13.06041,80.24963,300000.0,500000.0,0,,full_time,HR & Recruitment Jobs,"Responsible for handling Healthcare Recruiter from US based clients. Responsible for full-cycle recruiting: interview, offer, negotiation and closed candidates for assigned requisitions. Sourcing from Job Portal (Indeed), Making job postings on the Job Portal. Must be having capability to work with a team or individually. Maintain close contact with candidates/Vendors/ recruiters/offshore team. Publish progress report to management every week. Candidate should have worked on Healthcare requirem…",2024-07-16T10:50:44Z,https://www.adzuna.in/details/4781082956?utm_medium=api&utm_source=10d03a1b,Healthcare,physician
Adzuna,4808686669,Homecare Nurse,2coms,"Gopalapuram, Chennai","['India', 'Tamil Nadu', 'Chennai', 'Gopalapuram']",Chennai,13.0464,80.25575,900000.0,1200000.0,0,permanent,full_time,Healthcare & Nursing Jobs,"Title: Homecare Nurse Location: Qatar (Candidate must be willing to relocate to Qatar) Job Type: Full-Time Industry: Healthcare/ Medical Key Responsibilities: · Develop and assess nursing care plans · Monitor vital signs and assess holistic patient needs · Collaborate with physicians, staff nurses, and healthcare team members · Administer oral and subcutaneous medications while ensuring safety · Document nursing care, medications, and procedures using the company's Nurses Buddy application · Co…",2024-08-03T18:24:06Z,https://www.adzuna.in/details/4808686669?utm_medium=api&utm_source=10d03a1b,Healthcare,physician
Adzuna,5799326568,Medical Coding for Freshers in any Allied Health Science Graduation,Nestem Technologies,"Vadapalani, Chennai","['India', 'Tamil Nadu', 'Chennai', 'Vadapalani']",Chennai,13.06457,80.20601,,,0,,,Healthcare & Nursing Jobs,"MEDICAL CODING Medical Coding is the process of converting Verbal Descriptions into numeric or alpha numeric by using ICD 10-CM, CPT and HCPCS. ELIGIBILITY UG / PG in Life Science, Medical, Paramedical, Dental, Pharmacy, physiotherapy, Nursing, Microbiology, Biochemistry, Biotechnology, Biology, Bio-Medical, Botony, Zoology, Bioinformatics, Genetics, BAMS, BHMS, BSMS, BNYS, BUMS, BEMS, Nutrition & Dietetics, Neuro Science, Food Microbiology, Industrial, Medical, Applied Microbiology, Genomics, …",2026-07-14T06:25:46Z,https://www.adzuna.in/details/5799326568?utm_medium=api&utm_source=10d03a1b,Healthcare,physician
Adzuna,5842548067,Senior Ar Caller,Starworth Global Solutions,"Chennai, Tamil Nadu","['India', 'Tamil Nadu', 'Chennai']",Chennai,,,,,0,,,HR & Recruitment Jobs,Dear Senior AR Callers Greetings from Starworth Global Solutions Spot offers for Senior AR Caller Best salary Package OPENINGS FOR AR CALLING Process Hospital Physician Billing Experience 1 to 5 Years Location Chennai Hyderabad Trichy Bangalore Work Mode Work From Office Interview Mode Direct WalkIn Notice Period Immediate Joiners Up to 1 Month Looking for candidates with relevant AR Calling experience Contact for Interview Lekha hidden mobile WhatsApp Email ID hidden email Interested candidate…,2026-08-15T07:25:59Z,https://www.adzuna.in/details/5842548067?utm_medium=api&utm_source=10d03a1b,Healthcare,physician
Adzuna,5842548065,Ar Caller Denial Management,Starworth Global Solutions,"Chennai, Tamil Nadu","['India', 'Tamil Nadu', 'Chennai']",Chennai,13.06041,80.24963,,,0,,,HR & Recruitment Jobs,Dear Job Seekers Greetings from Starworth Global Solutions We are hiring experienced ARCallers Hospital Billing for immediate openings in Chennai Role AR Caller Hospital Billing Location Bangalore and Chennai Experience 1 to 4 Years Salary Up to 42 000 per Month Interview Mode Virtual Interview Only Mandatory Documents Offer Letter Relieving Letter Last 3 Months Payslips UAN Number PF Account Details Virtual Interview Immediate joiners only Important Note Only candidates with relevant AR Callin…,2026-08-15T07:25:59Z,https://www.adzuna.in/details/5842548065?utm_medium=api&utm_source=10d03a1b,Healthcare,physician
Adzuna,5827199968,Senior AR CallerDenialsChennai,Starworth Global Solutions,"Chennai, Tamil Nadu","['India', 'Tamil Nadu', 'Chennai']",Chennai,13.06041,80.24963,,,0,,,HR & Recruitment Jobs,Dear Job Seekers Greetings from Starworth Global Solutions We are hiring experienced Hospital Billing for immediate openings in Chennai Role Senior AR Caller Hospital Billing Location Bangalore and Chennai Experience 1 to 4 Years Salary Up to 42 000 per Month Interview Mode Virtual Interview Only Mandatory Documents Offer Letter Relieving Letter Last 3 Months Payslips UAN Number PF Account Details Virtual Interview Immediate joiners only Important Note Only candidates with relevant AR Calling P…,2026-08-04T06:48:38Z,https://www.adzuna.in/details/5827199968?utm_medium=api&utm_source=10d03a1b,Healthcare,physician
Adzuna,5831365556,AR Caller Senior AR Caller,Starworth Global Solutions,"Chennai, Tamil Nadu","['India', 'Tamil Nadu', 'Chennai']",Chennai,,,,,0,,,HR & Recruitment Jobs,HIRING AR Caller Senior AR Caller PB HB US Healthcare Voice Process Work From Office Location Chennai Bangalore Hyderabad Trichy Experience 1 4 Years Salary Up to 41 000 InHand Based on Skills Experience Joining Immediate Joiners Preferred Interview Mode Virtual Benefits TwoWay Cab Facility Skills Required Minimum 1 year of experience in AR Calling Handson experience in EndtoEnd Denials Management is mandatory Experience in Physician Billing PB or Hospital Billing HB Good communication and anal…,2026-08-07T06:51:42Z,https://www.adzuna.in/details/5831365556?utm_medium=api&utm_source=10d03a1b,Healthcare,physician
Adzuna,5837517960,Medical Coding for Radiology Graduates and Training,Nestem Technologies,"Vadapalani, Chennai","['India', 'Tamil Nadu', 'Chennai', 'Vadapalani']",Chennai,13.06457,80.20601,,,0,,,Healthcare & Nursing Jobs,"MEDICAL CODING Medical Coding is the process of converting Verbal Descriptions into numeric or alpha numeric by using ICD 10-CM, CPT and HCPCS. ELIGIBILITY UG / PG in Life Science, Medical, Paramedical, Dental, Pharmacy, physiotherapy, Nursing, Microbiology, Biochemistry, Biotechnology, Biology, Bio-Medical, Botony, Zoology, Bioinformatics, Genetics, BAMS, BHMS, BSMS, BNYS, BUMS, BEMS, Nutrition & Dietetics, Neuro Science, Food Microbiology, Industrial, Medical, Applied Microbiology, Genomics, …",2026-08-12T06:49:03Z,https://www.adzuna.in/details/5837517960?utm_medium=api&utm_source=10d03a1b,Healthcare,physician
Adzuna,5782632525,Life Science Graduates for Medical Coding Process,Nestem Technologies,"Vadapalani, Chennai","['India', 'Tamil Nadu', 'Chennai', 'Vadapalani']",Chennai,13.06457,80.20601,,,0,,,Healthcare & Nursing Jobs,"MEDICAL CODING Medical Coding is the process of converting Verbal Descriptions into numeric or alpha numeric by using ICD 10-CM, CPT and HCPCS. ELIGIBILITY UG / PG in Life Science, Medical, Paramedical, Dental, Pharmacy, physiotherapy, Nursing, Microbiology, Biochemistry, Biotechnology, Biology, Bio-Medical, Botony, Zoology, Bioinformatics, Genetics, BAMS, BHMS, BSMS, BNYS, BUMS, BEMS, Nutrition & Dietetics, Neuro Science, Food Microbiology, Industrial, Medical, Applied Microbiology, Genomics, …",2026-07-01T06:08:48Z,https://www.adzuna.in/details/5782632525?utm_medium=api&utm_source=10d03a1b,Healthcare,physician
Adzuna,5780659499,Medical Coding for Bio Computing Graduates,Nestem Technologies,"Vadapalani, Chennai","['India', 'Tamil Nadu', 'Chennai', 'Vadapalani']",Chennai,13.06457,80.20601,,,0,,,Healthcare & Nursing Jobs,"ABOUT US Nestem Technologies is ISO 9001:2015 Certified and Govt Registered Leading Healthcare KPO Service provider. Medical Coding Job offered For US Healthcare KPO. MEDICAL CODING Medical Coding is the process of converting Verbal Descriptions into numeric or alpha numeric by using ICD 10-CM, CPT and HCPCS. ELIGIBILITY UG / PG in Life Science, Medical, Paramedical, Dental, Pharmacy, physiotherapy, Nursing, Microbiology, Biochemistry, Biotechnology, Biology, Bio-Medical, Botony, Zoology, Bioin…",2026-06-29T06:07:11Z,https://www.adzuna.in/details/5780659499?utm_medium=api&utm_source=10d03a1b,Healthcare,physician
Adzuna,5737249645,Client Success Specialist,"Ventra Health, Inc.","Immedihalli, Bangalore","['India', 'Karnataka', 'Bangalore', 'Immedihalli']",Chennai,12.96853,80.24305,,,0,,full_time,Healthcare & Nursing Jobs,"Ventra is a leading business solutions provider for facility-based physicians practicing anesthesia, emergency medicine, hospital medicine, pathology, and radiology. Focused on Revenue Cycle Management, Ventra partners with private practices, hospitals, health systems, and ambulatory surgery centers to deliver transparent and data-driven solutions that solve the most complex revenue and reimbursement issues, enabling clinicians to focus on providing outstanding care to their patients and commun…",2026-05-22T09:59:22Z,https://www.adzuna.in/details/5737249645?utm_medium=api&utm_source=10d03a1b,Healthcare,physician
Adzuna,5845820214,Quality Control Analyst AR Voice,Starworth Global Solutions,"Chennai, Tamil Nadu","['India', 'Tamil Nadu', 'Chennai']",Chennai,13.06041,80.24963,,,0,,,Healthcare & Nursing Jobs,URGENT OPENINGS FOR QCA AR VOICE WORK FROM OFFICE MODE OF INTERVIEW VIRTUAL QUALITY CONTROL ANALYST AR VOICE JOB LOCATION CHENNAI SALARY MAX 48 50 K TAKE HOME SHOULD HAVE MINIMUM 1 YEAR OF EXPERIENCE LETTER IN QUALITY ANALSYT EASY SELECTION RELIEVING LETTER NOT MANDATORY Only experienced candidates can apply Candidates who has experience in hospital billing UB04 Physician Billing CMS1500 can apply Only WFO Two way cab facility will be provided Immediate joiners preferred Willing to work in nigh…,2026-08-18T07:15:43Z,https://www.adzuna.in/details/5845820214?utm_medium=api&utm_source=10d03a1b,Healthcare,physician
Adzuna,5576358564,Medical Coding - IP,R1,"Chennai, Tamil Nadu","['India', 'Tamil Nadu', 'Chennai']",Chennai,13.06041,80.24963,,,0,,full_time,IT Jobs,"About US: R1 is the leading provider of technology-driven solutions that transform the patient experience and financial performance of hospitals, health systems and medical groups. We are the one company that combines the deep expertise of a global workforce of revenue cycle professionals with the industry’s most advanced technology platform, encompassing sophisticated analytics, AI, intelligent automation and workflow orchestration. With over 30,000 employees globally and a robust presence in …",2026-01-10T00:25:36Z,https://www.adzuna.in/details/5576358564?utm_medium=api&utm_source=10d03a1b,Healthcare,physician
Adzuna,5664684595,IPDRG Coder,People First Consultants,"Chennai, Tamil Nadu","['India', 'Tamil Nadu', 'Chennai']",Chennai,13.06041,80.24963,,,0,,,Healthcare & Nursing Jobs,"Job Title: Inpatient DRG Coder Years of Exp: More than 3 years Job Summary: We are seeking a skilled and detail-oriented Inpatient DRG Coder with a minimum of 3 years of hands-on coding experience in an inpatient hospital setting. The ideal candidate will be responsible for accurate assignment of ICD-10-CM/PCS codes and DRGs (Diagnosis Related Groups), ensuring compliance with coding guidelines and hospital policies. Key Responsibilities: Review and analyze inpatient medical records to assign a…",2026-03-14T08:33:36Z,https://www.adzuna.in/details/5664684595?utm_medium=api&utm_source=10d03a1b,Healthcare,physician
Adzuna,4795892736,US Health Care Recruiter,DevCare solutions pvt ltd,"Chennai, Tamil Nadu","['India', 'Tamil Nadu', 'Chennai']",Chennai,13.06041,80.24963,300000.0,600000.0,0,,full_time,Healthcare & Nursing Jobs,"Greeting from DevCare Solutions Job Description: We're looking for an experienced US Healthcare Recruiter to join our team. The ideal candidate should have a stable profile and prior experience with RN, LPN, LVN, CNA,STNA roles. This on-site position offers flexibility and a dynamic work environment. Functional Area: IT – Software Candidate Requirement Position: US Healthcare Recruiter Location: Chennai (On-Site - WFO) Experience: 0.6-3 Years Requirement: US Healthcare experience is a must. Exp…",2024-07-26T10:50:23Z,https://www.adzuna.in/details/4795892736?utm_medium=api&utm_source=10d03a1b,Healthcare,physician
Adzuna,5572997386,Medical Coding - IP,R1 RCM,"Chennai, Tamil Nadu","['India', 'Tamil Nadu', 'Chennai']",Chennai,13.06041,80.24963,,,0,,,Healthcare & Nursing Jobs,"About US: R1 is the leading provider of technology-driven solutions that transform the patient experience and financial performance of hospitals, health systems and medical groups. We are the one company that combines the deep expertise of a global workforce of revenue cycle professionals with the industry's most advanced technology platform, encompassing sophisticated analytics, AI, intelligent automation and workflow orchestration. With over 30,000 employees globally and a robust presence in …",2026-01-08T08:34:36Z,https://www.adzuna.in/details/5572997386?utm_medium=api&utm_source=10d03a1b,Healthcare,physician
Adzuna,5797379972,Pre-Certification Representative,Med Metrix,"Chennai, Tamil Nadu","['India', 'Tamil Nadu', 'Chennai']",Chennai,13.06041,80.24963,,,0,,,Healthcare & Nursing Jobs,Job Purpose The Pre-Certification Representative is responsible for obtaining and providing accurate and complete data input for precertification/preauthorization from insurance companies. Duties and Responsibilities Works effectively with insurance companies to obtain pre-certification for services Places calls to various health plans to obtain appropriate precertification prior to the patient`s appointment Ability to understand/interpret documented clinical information and relay pertinent med…,2026-07-12T03:29:30Z,https://www.adzuna.in/details/5797379972?utm_medium=api&utm_source=10d03a1b,Healthcare,physician
Adzuna,5781532870,Medical Coding for Clinical Life Science Graduates,Nestem Technologies,"Vadapalani, Chennai","['India', 'Tamil Nadu', 'Chennai', 'Vadapalani']",Chennai,13.06457,80.20601,,,0,,,Healthcare & Nursing Jobs,"ABOUT US Nestem Technologies is ISO 9001:2015 Certified and Govt Registered Leading Healthcare KPO Service provider. Medical Coding Job offered For US Healthcare KPO. MEDICAL CODING Medical Coding is the process of converting Verbal Descriptions into numeric or alpha numeric by using ICD 10-CM, CPT and HCPCS.As per HIPAA rules healthcare providers need efficient Medical Coders. ELIGIBILITY UG / PG in Life Science, Medical, Paramedical, Dental, Pharmacy, physiotherapy, Nursing, Microbiology, Bio…",2026-06-30T06:07:35Z,https://www.adzuna.in/details/5781532870?utm_medium=api&utm_source=10d03a1b,Healthcare,physician
Adzuna,5825755494,Lead Assistant Manager-Coding Auditor,EXL,"Chennai, Tamil Nadu","['India', 'Tamil Nadu', 'Chennai']",Chennai,13.06041,80.24963,,,0,,full_time,IT Jobs,"Description Medical Coding Team Lead – Surgery & Payment Integrity is responsible for overseeing a team of medical coding specialists to ensure accurate, compliant, and timely auditing of surgical procedures across multiple specialties. This role demands strong technical expertise in CPT, ICD-10, and HCPCS coding, particularly within surgery and complex procedure coding domains such as cardiovascular, IVR, and general surgery Team Leadership & Management: Lead, mentor, and manage a team of medi…",2026-08-02T20:41:16Z,https://www.adzuna.in/details/5825755494?utm_medium=api&utm_source=10d03a1b,Healthcare,physician
Adzuna,5725355960,Lead Assistant Manager-Auditors-Surgery,EXL,"Chennai, Tamil Nadu","['India', 'Tamil Nadu', 'Chennai']",Chennai,13.06041,80.24963,,,0,,full_time,IT Jobs,"Description Medical Coding Team Lead – Surgery & Payment Integrity is responsible for overseeing a team of medical coding specialists to ensure accurate, compliant, and timely auditing of surgical procedures across multiple specialties. This role demands strong technical expertise in CPT, ICD-10, and HCPCS coding, particularly within surgery and complex procedure coding domains such as cardiovascular, IVR, and general surgery Team Leadership & Management: Lead, mentor, and manage a team of medi…",2026-05-11T02:17:53Z,https://www.adzuna.in/details/5725355960?utm_medium=api&utm_source=10d03a1b,Healthcare,physician
Adzuna,5757661201,Medical Coding - IP Chennai,R1,"Chennai, Tamil Nadu","['India', 'Tamil Nadu', 'Chennai']",Chennai,13.06041,80.24963,,,0,,full_time,IT Jobs,"Job Description About US: R1 is a leading provider of technology-driven solutions that help hospitals and health systems to manage their financial systems and improve patients’ experience. We are the one company that combines the deep expertise of a global workforce of revenue cycle professionals with the industry's most advanced technology platform, encompassing sophisticated analytics, Al, intelligent automation and workflow orchestration. R1 is a place where we think boldly to create opportu…",2026-06-10T02:50:46Z,https://www.adzuna.in/details/5757661201?utm_medium=api&utm_source=10d03a1b,Healthcare,physician
Adzuna,5664684489,ASM - Surgical - Chennai,People First Consultants,"Chennai, Tamil Nadu","['India', 'Tamil Nadu', 'Chennai']",Chennai,13.06041,80.24963,,,0,,,Sales Jobs,"Area Sales Manager Position Summary: •This position has a primary responsibilities of Selling, Planning, Organizing and Implementing all the account management activities related to sale and distribution of the companies products in a given territory/ region. The Area Sales Manager has high accountability for achieving territory/ region sales quotas and objectives. This position will focus within a defined medium to large size territory/ region with new and existing business accounts while deve…",2026-03-14T08:33:34Z,https://www.adzuna.in/details/5664684489?utm_medium=api&utm_source=10d03a1b,Healthcare,physician
Adzuna,5829184120,Video Editor,Twin Health,"Chennai, Tamil Nadu","['India', 'Tamil Nadu', 'Chennai']",Chennai,13.06041,80.24963,,,0,,,Creative & Design Jobs,"Twin Health At Twin Health, we empower people to improve and prevent chronic metabolic diseases, like type 2 diabetes and obesity, with a new standard of care. Twin Health is the only company applying AI Digital Twin technology exclusively toward metabolic health. We start by building a dynamic model of each person’s metabolism — drawing on thousands of data points from CGMs, smartwatches, and meal logs — that maps their personal path to better health. Guided by a dedicated clinical care team, …",2026-08-05T20:46:19Z,https://www.adzuna.in/details/5829184120?utm_medium=api&utm_source=10d03a1b,Healthcare,physician
Adzuna,5464941879,Senior Program Manager - HR,R1 RCM,"Chennai, Tamil Nadu","['India', 'Tamil Nadu', 'Chennai']",Chennai,13.06041,80.24963,,,0,,,IT Jobs,"R1 RCM India is proud to be recognized amongst India's Top 50 Best Companies to Work For TM 2023 by Great Place To Work® Institute. We are committed to transform the healthcare industry with our innovative revenue cycle management services. Our goal is to 'make healthcare simpler' and enable efficiency for healthcare systems, hospitals, and physician practices. With over 30,000 employees globally, we are about 14,000 strong in India with offices in Delhi NCR, Hyderabad, Bangalore, and Chennai. …",2025-10-26T11:06:53Z,https://www.adzuna.in/details/5464941879?utm_medium=api&utm_source=10d03a1b,Healthcare,physician
Adzuna,5464941870,Medical Coding - IP Chennai,R1 RCM,"Chennai, Tamil Nadu","['India', 'Tamil Nadu', 'Chennai']",Chennai,13.06041,80.24963,,,0,,,Healthcare & Nursing Jobs,"Job Description About US: R1 is a leading provider of technology-driven solutions that help hospitals and health systems to manage their financial systems and improve patients' experience. We are the one company that combines the deep expertise of a global workforce of revenue cycle professionals with the industry's most advanced technology platform, encompassing sophisticated analytics, Al, intelligent automation and workflow orchestration. R1 is a place where we think boldly to create opportu…",2025-10-26T11:06:53Z,https://www.adzuna.in/details/5464941870?utm_medium=api&utm_source=10d03a1b,Healthcare,physician
Adzuna,5817493480,Credentialling Specialist,Acurus,"Chennai, Tamil Nadu","['India', 'Tamil Nadu', 'Chennai']",Chennai,13.06041,80.24963,,,0,permanent,full_time,Admin Jobs,"About the Role We are seeking a detail-oriented Credentialing Specialist with 3 years of experience to join our team. This role is responsible for managing the end-to-end credentialing and re-credentialing process for providers, ensuring compliance with regulatory, payer, and accreditation standards. The ideal candidate has strong organizational skills, a keen eye for detail, and experience navigating credentialing databases and payer enrollment systems. Key Responsibilities Process initial cre…",2026-07-27T21:29:14Z,https://www.adzuna.in/details/5817493480?utm_medium=api&utm_source=10d03a1b,Healthcare,physician
Adzuna,5582622556,Chennai Evergreen AR Follow-up 2026,R1,"Chennai, Tamil Nadu","['India', 'Tamil Nadu', 'Chennai']",Chennai,13.06041,80.24963,,,0,,full_time,Healthcare & Nursing Jobs,"R1 India is proud to be recognized among the Top 20 of India's Best Companies to Work For 2025 by the Great Place To Work® Institute, marking our third consecutive year of climbing the ranks - from Top 50 in 2023 to Top 25 in 2024, and now amongst the Top 20. This achievement is a testament to the exceptional workplace culture we have collectively cultivated and reflects our unwavering commitment to employee well-being, inclusion, and diversity. Our accolades also highlight our excellence in he…",2026-01-14T00:35:13Z,https://www.adzuna.in/details/5582622556?utm_medium=api&utm_source=10d03a1b,Healthcare,physician
Adzuna,5776698390,Assistant Manager - Coding Auditors,EXL,"Chennai, Tamil Nadu","['India', 'Tamil Nadu', 'Chennai']",Chennai,13.06041,80.24963,,,0,,full_time,IT Jobs,"Description 1. Coding Audit and Review Conduct detailed DRG validation audits on selected inpatient medical records to ensure coding accuracy, completeness, and compliance with ICD-10-CM/PCS, AHA Coding Clinic, and CMS guidelines. Review documentation to confirm that all reported diagnoses and procedures are supported and coded to the highest level of specificity. Validate the assignment of the discharge disposition, Present on Admission (POA) indicators, and sequencing of diagnoses. Identify a…",2026-06-26T02:26:10Z,https://www.adzuna.in/details/5776698390?utm_medium=api&utm_source=10d03a1b,Healthcare,physician
Adzuna,5640806301,Provider Enrollment Specialist,"Ventra Health, Inc.","Injambakkam, Chennai","['India', 'Tamil Nadu', 'Chennai', 'Injambakkam']",Chennai,12.96853,80.24305,,,0,,full_time,IT Jobs,"Ventra is a leading business solutions provider for facility-based physicians practicing anesthesia, emergency medicine, hospital medicine, pathology, and radiology. Focused on Revenue Cycle Management, Ventra partners with private practices, hospitals, health systems, and ambulatory surgery centers to deliver transparent and data-driven solutions that solve the most complex revenue and reimbursement issues, enabling clinicians to focus on providing outstanding care to their patients and commun…",2026-02-22T08:55:45Z,https://www.adzuna.in/details/5640806301?utm_medium=api&utm_source=10d03a1b,Healthcare,physician
Adzuna,4801624087,Dietitian/Clinical Nutrionist,Fortis Healthcare,"Chennai, Tamil Nadu","['India', 'Tamil Nadu', 'Chennai']",Chennai,13.06041,80.24963,,,0,,full_time,Healthcare & Nursing Jobs,"Job Role: Dietitian/Clinical Nutritionist Location : chennai Status: Full Time CTC: Negotiable Qualification: M.Sc (Relevant Disciplines), Ph.D (Nutrition) Experience: Minimum 2 years of relevant experience is essential. Job Tasks: Counsel individuals and groups on basic rules of good nutrition, healthy eating habits, and nutrition monitoring to improve their quality of life. Assess nutritional needs, diet restrictions and current health plans to develop and implement dietary-care plans and pro…",2024-07-31T03:19:38Z,https://www.adzuna.in/details/4801624087?utm_medium=api&utm_source=10d03a1b,Healthcare,physician
Adzuna,5838437798,Lead Assistant Manager-Auditors-Surgery,EXL,"Chennai, Tamil Nadu","['India', 'Tamil Nadu', 'Chennai']",Chennai,13.06041,80.24963,,,0,,full_time,Admin Jobs,"Description Medical Coding Team Lead – Surgery & Payment Integrity is responsible for overseeing a team of medical coding specialists to ensure accurate, compliant, and timely auditing of surgical procedures across multiple specialties. This role demands strong technical expertise in CPT, ICD-10, and HCPCS coding, particularly within surgery and complex procedure coding domains such as cardiovascular, IVR, and general surgery Team Leadership & Management: Lead, mentor, and manage a team of medi…",2026-08-12T20:43:19Z,https://www.adzuna.in/details/5838437798?utm_medium=api&utm_source=10d03a1b,Healthcare,physician
Adzuna,5806276878,"Manager, Clinical Data Scientist",Pfizer,"Chennai, Tamil Nadu","['India', 'Tamil Nadu', 'Chennai']",Chennai,13.06041,80.24963,,,0,,full_time,Scientific & QA Jobs,"This job is with Pfizer, an inclusive employer and a member of myGwork – the largest global platform for the LGBTQ business community. Please do not contact the recruiter directly. As part of the Clinical Data and Information Sciences (CDIS)group, an integral delivery unit within the Clinical Development & Operations (CD&O)organization, the Clinical Data Scientist is responsible for representing CDIS at the study team level. The Clinical Data Scientistis accountable for the coordination of all …",2026-07-18T22:17:52Z,https://www.adzuna.in/land/ad/5806276878?se=ip9oxYac8RGhArhxtbtVlg&utm_medium=api&utm_source=10d03a1b&v=A2D8B833F5C3289785BF5FC911A1341207BCF4F5,Healthcare,clinical
Adzuna,5833433926,"Associate Data Manager, Clinical Data Sciences",Pfizer,"Chennai, Tamil Nadu","['India', 'Tamil Nadu', 'Chennai']",Chennai,13.06041,80.24963,,,0,,full_time,Scientific & QA Jobs,"This job is with Pfizer, an inclusive employer and a member of myGwork – the largest global platform for the LGBTQ business community. Please do not contact the recruiter directly. Use Your Power for Purpose At Pfizer, our Worldwide Medical and Safety colleagues are pivotal in bridging evidence-based medical decision support with stakeholders to enhance health and treatment outcomes. Whether you are developing frameworks to ensure our evidence is scientifically robust, offering unbiased and med…",2026-08-08T17:56:19Z,https://www.adzuna.in/land/ad/5833433926?se=ip9oxYac8RGhArhxtbtVlg&utm_medium=api&utm_source=10d03a1b&v=3EC5E3EC6BC07AF1EB0B165CEE5682502F3BC78E,Healthcare,clinical
Adzuna,5818525163,Cardiologist,MGM Healthcare,"Chennai, Tamil Nadu","['India', 'Tamil Nadu', 'Chennai']",Chennai,13.06041,80.24963,,,0,,,Healthcare & Nursing Jobs,"Hiring | Cardiologist MGM Healthcare is seeking a highly skilled and compassionate Cardiologist to join our renowned team of healthcare professionals dedicated to delivering exceptional cardiac care. Position: Cardiologist Department: Cardiology Location: Aminjikarai, Chennai Organization: MGM Healthcare Key Responsibilities: * Diagnose, treat, and manage a wide range of cardiovascular conditions * Perform comprehensive cardiac evaluations and develop personalized treatment plans * Interpret di…",2026-07-28T21:19:24Z,https://www.adzuna.in/land/ad/5818525163?se=ip9oxYac8RGhArhxtbtVlg&utm_medium=api&utm_source=10d03a1b&v=015CBE73E681709E91DA022F17BD642E4CB6A375,Healthcare,clinical
Adzuna,5833433942,Senior Statistical Data Scientist,Pfizer,"Chennai, Tamil Nadu","['India', 'Tamil Nadu', 'Chennai']",Chennai,13.06041,80.24963,,,0,,full_time,Scientific & QA Jobs,"This job is with Pfizer, an inclusive employer and a member of myGwork – the largest global platform for the LGBTQ business community. Please do not contact the recruiter directly. Job Description A productive, hands on programmer who applies technical knowledge and practical experience to deliver statistical programming deliverables to support assets and study teams with limited supervision early in role and independently later in role.• Ensures excellence in the programming of analysis ready …",2026-08-08T17:56:27Z,https://www.adzuna.in/land/ad/5833433942?se=ip9oxYac8RGhArhxtbtVlg&utm_medium=api&utm_source=10d03a1b&v=8BB1FFF1D47E9CCEE2B37D38387813F6BEE5AFCA,Healthcare,clinical
Adzuna,5841755347,Dialysis Technician,I Travel,"Chennai, Tamil Nadu","['India', 'Tamil Nadu', 'Chennai']",Chennai,13.06041,80.24963,,,0,,full_time,Healthcare & Nursing Jobs,"Job Title: Dialysis Technician Location: Ireland Salary: €3000 per month Job Type: Full-time Experience Required: 1–3 years (preferred) Job Description: We are looking for a skilled and dedicated Dialysis Technician to join our healthcare team in Ireland. The ideal candidate will be responsible for operating dialysis machines, monitoring patients during treatment, and ensuring a safe and hygienic clinical environment. Key Responsibilities: Prepare and operate dialysis machines for patient treat…",2026-08-14T16:34:28Z,https://www.adzuna.in/land/ad/5841755347?se=ip9oxYac8RGhArhxtbtVlg&utm_medium=api&utm_source=10d03a1b&v=BB22DE64979BAC8144F1DAC7F840059EA4A03C3A,Healthcare,clinical
Adzuna,5810844274,Medical Coder,Selections HR Services Private Limited,"Chennai, Tamil Nadu","['India', 'Tamil Nadu', 'Chennai']",Chennai,13.06041,80.24963,,,0,,,IT Jobs,"Job Title: DRG Validation Specialist Location: Chennai Experience: 3 Years Notice Period: Immediate Joiners Preferred Job Description: We are looking for experienced DRG Validation Specialists with 3 years of experience in medical coding and DRG validation. Candidates should have strong knowledge of DRG assignment, ICD-10-CM/PCS, MS-DRG, and reimbursement guidelines . Certification in CPC, CCS, or equivalent is acceptable. Key Responsibilities: Validate and audit DRG assignments for accuracy an…",2026-07-22T16:51:40Z,https://www.adzuna.in/land/ad/5810844274?se=ip9oxYac8RGhArhxtbtVlg&utm_medium=api&utm_source=10d03a1b&v=7DC02993901C6225B737E5D623D21F3D966AC24C,Healthcare,clinical
Adzuna,5818747385,Healthcare Interoperability Lead,enGen Global,"Chennai, Tamil Nadu","['India', 'Tamil Nadu', 'Chennai']",Chennai,13.06041,80.24963,,,0,,,IT Jobs,"Role : Healthcare Interoperability Capability Lead Location : Chennai or Hyderabad Requirements : We are seeking an accomplished, visionary leader to establish and drive our Healthcare Interoperability Capability within our Organization. This is a pivotal role responsible for supporting and shaping our enterprise-wide capabilities, and delivering innovative, standard-driven interoperability solutions. The ideal candidate must possess deep, verifiable Subject Matter Expertise (SME) in healthcare…",2026-07-29T01:24:45Z,https://www.adzuna.in/land/ad/5818747385?se=ip9oxYac8RGhArhxtbtVlg&utm_medium=api&utm_source=10d03a1b&v=9B9C44DBCC1D426B58CBEC436B20B15572418FA5,Healthcare,clinical
Adzuna,5842123482,Presales – Life Science,Lorven Technologies Inc.,"Chennai, Tamil Nadu","['India', 'Tamil Nadu', 'Chennai']",Chennai,13.06041,80.24963,,,0,,,IT Jobs,"Hi I'm excited to share a fantastic job opportunity with you. At Lorven Technologies , we pride ourselves on being an esteemed provider of professional technology consulting services in the US, Canada and India. Our dedication to delivering high quality and cost-effective strategic solutions has set us apart in the industry. We believe in providing value-added services that are innovative, effective, and delivered in a timely manner. Now, let's dive into the exciting details of our current job …",2026-08-15T00:26:41Z,https://www.adzuna.in/land/ad/5842123482?se=ip9oxYac8RGhArhxtbtVlg&utm_medium=api&utm_source=10d03a1b&v=2C3E75F3B794D6F1FF65F890C58CB3ACFF947234,Healthcare,clinical
Adzuna,5825675396,Lead Audiologist & Speech Language Pathologist,T & M SERVICES CONSULTING PRIVATE LIMITED,"Chennai, Tamil Nadu","['India', 'Tamil Nadu', 'Chennai']",Chennai,13.06041,80.24963,,,0,,,Teaching Jobs,"Hiring: Subject Matter Expert – Lead Audiologist & Speech Language Pathologist (Contractual) Project: TN RIGHTS Project (World Bank Supported) Department: Commissionerate for Welfare of Differently Abled, Govt. of Tamil Nadu Location: Tamil Nadu (multi-district travel) Duration: Minimum 2 Years (extendable based on performance) Salary: Up to ₹1,25,000/month TA/DA as per norms Key Responsibilities: Develop audiology & speech-language pathology training modules, manuals, videos, case studies, an…",2026-08-02T17:37:41Z,https://www.adzuna.in/land/ad/5825675396?se=ip9oxYac8RGhArhxtbtVlg&utm_medium=api&utm_source=10d03a1b&v=9F6CD2B8D3BA92BDD1866906C3E2244E75049522,Healthcare,clinical
Adzuna,5812350902,Group Finance Controller,MGM Healthcare,"Chennai, Tamil Nadu","['India', 'Tamil Nadu', 'Chennai']",Chennai,13.06041,80.24963,,,0,,,Accounting & Finance Jobs,"We're Hiring | Group Finance Controller – Multispecialty & Quaternary Care Hospitals Are you a Chartered Accountant (CA) with a strong background in healthcare finance and a passion for driving financial excellence? Join our team as Group Finance Controller and play a strategic role in shaping the financial performance of a leading healthcare organization. Role: Group Finance Controller Reporting To: Chief Financial Officer (CFO) Key Responsibilities * Lead financial consolidation, MIS reportin…",2026-07-23T18:55:28Z,https://www.adzuna.in/land/ad/5812350902?se=ip9oxYac8RGhArhxtbtVlg&utm_medium=api&utm_source=10d03a1b&v=6A626A35B604495D95F374035E6440EB74EB8C73,Healthcare,clinical
Adzuna,5830416840,Technical Delivery Team Manager,Straive,"Chennai, Tamil Nadu","['India', 'Tamil Nadu', 'Chennai']",Chennai,13.06041,80.24963,,,0,,,IT Jobs,"Summary: We are seeking a seasoned Delivery Manager with a deep background in Real-World Data (RWD) and healthcare/life sciences analytics. In this role, you will act as the primary Single Point of Contact (SPOC) for client stakeholders, managing key account delivery while driving technical strategy. You will bridge the gap between business stakeholders and technical teams, providing hands-on leadership for AI and Data Analyst functions within the account Key Responsibilities: Account & Deliver…",2026-08-06T17:50:30Z,https://www.adzuna.in/land/ad/5830416840?se=ip9oxYac8RGhArhxtbtVlg&utm_medium=api&utm_source=10d03a1b&v=3F369A8A30434D0C6AC8B4804862702C77A021DF,Healthcare,clinical
Adzuna,5848120143,Sports Physiotherapy,Acrophase-IIT Madras,"Chennai, Tamil Nadu","['India', 'Tamil Nadu', 'Chennai']",Chennai,13.06041,80.24963,,,0,,,Scientific & QA Jobs,"About Acrophase Acrophase is an IIT Madras initiative focused on human performance, sports science, biomechanics, physiology, and data-driven athlete development. The organization works with athletes, coaches, researchers, and sports professionals to optimize performance, reduce injury risk, and support long-term athletic excellence through scientific assessment and monitoring. Role Overview We are seeking a passionate and evidence-based Sports Physiotherapist to join our multidisciplinary perf…",2026-08-19T17:14:09Z,https://www.adzuna.in/land/ad/5848120143?se=ip9oxYac8RGhArhxtbtVlg&utm_medium=api&utm_source=10d03a1b&v=5B6B81FD87CA1F763934F1D86D82A8410407E352,Healthcare,clinical
Adzuna,5790410123,Finance Manager -Research Sales and Revenue,Elsevier,"Chennai, Tamil Nadu","['India', 'Tamil Nadu', 'Chennai']",Chennai,13.06041,80.24963,,,0,permanent,full_time,Accounting & Finance Jobs,"This job is with Elsevier, an inclusive employer and a member of myGwork – the largest global platform for the LGBTQ business community. Please do not contact the recruiter directly. Are you a Finance Manager with global corporate experience who drives results? Do you have an eye for detail and financial acumen? About the Business A global leader in information and analytics, we help researchers and healthcare professionals advance science and improve health outcomes for the benefit of society.…",2026-07-07T05:28:17Z,https://www.adzuna.in/land/ad/5790410123?se=ip9oxYac8RGhArhxtbtVlg&utm_medium=api&utm_source=10d03a1b&v=714EA7ECAEA80B67C2A1CB0863BC161E0B0385CF,Healthcare,clinical
Adzuna,5847067074,Clinical Investigator,Optum India,"Chennai, Tamil Nadu","['India', 'Tamil Nadu', 'Chennai']",Chennai,13.06041,80.24963,,,0,permanent,full_time,Healthcare & Nursing Jobs,"Optum is a global organization that delivers care, aided by technology to help millions of people live healthier lives. The work you do with our team will directly improve health outcomes by connecting people with the care, pharmacy benefits, data and resources they need to feel their best. Here, you will find a culture guided by inclusion, talented peers, comprehensive benefits and career development opportunities. Come make an impact on the communities we serve as you help us advance health o…",2026-08-18T21:52:13Z,https://www.adzuna.in/details/5847067074?utm_medium=api&utm_source=10d03a1b,Healthcare,clinical
Adzuna,5847067079,Associate Clinical Specialist,Medtronic,"Chennai, Tamil Nadu","['India', 'Tamil Nadu', 'Chennai']",Chennai,13.06041,80.24963,,,0,permanent,full_time,Sales Jobs,"Careers that change lives start here. Medtronic is a global leader in healthcare technology with a Mission to alleviate pain, restore health, and extend life. Our 95,000 employees work across more than 150 countries to put patients first — developing innovative medical technologies that improve the lives of 72 million patients each year. Your unique talents will help shape the future of healthcare while building a career grounded in purpose, growth, and impact. A Day in the Life Cranial & Spina…",2026-08-18T21:52:13Z,https://www.adzuna.in/details/5847067079?utm_medium=api&utm_source=10d03a1b,Healthcare,clinical
Adzuna,5801736985,Executive - Clinical Auditor,EXL,"Chennai, Tamil Nadu","['India', 'Tamil Nadu', 'Chennai']",Chennai,13.06041,80.24963,,,0,,full_time,Healthcare & Nursing Jobs,"Description NA Responsibilities Basic clinical knowledge on conditions, clinical presentation, signs/symptoms, investigation and management Taking initiatives and active participation in team developmental activities. Able to correlate the lab results with the clinical features and treatment. Strong personal and professional ethics Strong written (documentation) and oral communication skills Must have strong analytical, problem-identification and process analysis skills with the ability to envi…",2026-07-16T03:21:17Z,https://www.adzuna.in/details/5801736985?utm_medium=api&utm_source=10d03a1b,Healthcare,clinical
Adzuna,4903624465,Clinical Psychologist - Researcher,MHFAIndia,"Chennai, Tamil Nadu","['India', 'Tamil Nadu', 'Chennai']",Chennai,13.06041,80.24963,300000.0,1000000.0,0,,full_time,Healthcare & Nursing Jobs,"Roles and Responsibilities 1. Manage client relationships, and facilitators relationship at MHFAI for training and post-training support. 2. Ideate, design, and implement program that focused on post-training support for mental health first-aiders. 3. Leverage the new products of MHFAI to the clients that ensures implementation of mental health by building tools and guidelines (for organized groups). 4. Oversee and facilitate MHFAI instructors for training and upskilling. 5. Monitor and coordin…",2024-10-16T12:34:51Z,https://www.adzuna.in/details/4903624465?utm_medium=api&utm_source=10d03a1b,Healthcare,clinical
Adzuna,5831864088,Clinical Research Coordinator,Neurogati,"Chennai, Tamil Nadu","['India', 'Tamil Nadu', 'Chennai']",Chennai,13.06041,80.24963,,,0,,full_time,IT Jobs,"Help translate our cutting-edge algorithms into user-friendly, high-impact mobile applications for patients and clinicians. Key Responsibilities Develop native Android applications for our neurotechnology products Collaborate with AI/ML teams to integrate complex algorithms Ensure optimal performance and user experience Work with clinical teams to understand user requirements Requirements 3 years Android development experience Proficiency in Kotlin/Java Experience with healthcare or medical app…",2026-08-07T16:04:45Z,https://www.adzuna.in/details/5831864088?utm_medium=api&utm_source=10d03a1b,Healthcare,clinical
Adzuna,5826343955,Clinical Sales Specialist,Danaher Corporation,"Chennai, Tamil Nadu","['India', 'Tamil Nadu', 'Chennai']",Chennai,13.06041,80.24963,,,0,,,Healthcare & Nursing Jobs,"Bring more to life. Are you ready to accelerate your potential and make a real difference within life sciences, diagnostics and biotechnology? At Leica Microsystems, one of Danaher's (https://danaher.com/our-businesses) 15 operating companies, our work saves lives-and we're all united by a shared commitment to innovate for tangible impact. You'll thrive in a culture of belonging where you and your unique viewpoint matter. And by harnessing Danaher's system of continuous improvement, you help tu…",2026-08-03T11:02:39Z,https://www.adzuna.in/details/5826343955?utm_medium=api&utm_source=10d03a1b,Healthcare,clinical
Adzuna,5695230436,Clinical Business Analyst,People First Consultants,"Chennai, Tamil Nadu","['India', 'Tamil Nadu', 'Chennai']",Chennai,13.06041,80.24963,,,0,,,IT Jobs,"OB DESCRIPTION Job Title: Business Analyst (Clinical) Position Overview: The EMR Business Analyst plays a critical role in bridging the gap between healthcare operations and technology solutions. This position is responsible for analyzing, documenting, and managing business processes related to Electronic Medical Records (EMR) systems. The EMR BA collaborates with stakeholders, including healthcare providers, IT professionals, and administrative staff, to ensure the effective implementation and…",2026-04-10T08:49:08Z,https://www.adzuna.in/details/5695230436?utm_medium=api&utm_source=10d03a1b,Healthcare,clinical
Adzuna,5785773179,Web Governance Specialist,Elsevier,"Chennai, Tamil Nadu","['India', 'Tamil Nadu', 'Chennai']",Chennai,13.06041,80.24963,,,0,permanent,full_time,IT Jobs,"This job is with Elsevier, an inclusive employer and a member of myGwork – the largest global platform for the LGBTQ business community. Please do not contact the recruiter directly. Web Governance Specialist Do you have experience in digital publishing workflows? Are you a team player? About Our Team The Website Strategy team is part of Elsevier's central Marketing Excellence function and is responsible for Elsevier.com - the front door to our business. We shape and guide the digital experienc…",2026-07-03T00:54:32Z,https://www.adzuna.in/land/ad/5785773179?se=ip9oxYac8RGhArhxtbtVlg&utm_medium=api&utm_source=10d03a1b&v=745590EA1D47591C5B5CE7049AF0C96C9EF76BBE,Healthcare,clinical
Adzuna,5843766527,Data Analyst III,Elsevier,"Chennai, Tamil Nadu","['India', 'Tamil Nadu', 'Chennai']",Chennai,13.06041,80.24963,,,0,permanent,full_time,IT Jobs,"This job is with Elsevier, an inclusive employer and a member of myGwork – the largest global platform for the LGBTQ business community. Please do not contact the recruiter directly. Data Analyst III About Our Team The Content and Data Analytics team is part of DataOps, which is an integral part of Global Operations at Elsevier. We provide data analysis services, primarily using Databricks, and mostly serve product owners and data scientists of Elsevier's Research Data Platform. Our work contri…",2026-08-16T06:19:28Z,https://www.adzuna.in/land/ad/5843766527?se=ip9oxYac8RGhArhxtbtVlg&utm_medium=api&utm_source=10d03a1b&v=3C97D12E47533C8A8CB1035D6AFC1DB520C8FF23,Healthcare,clinical
Adzuna,5831636957,Senior AI Evaluation Expert - 0526-IND-110,Elsevier,"Chennai, Tamil Nadu","['India', 'Tamil Nadu', 'Chennai']",Chennai,13.06041,80.24963,,,0,permanent,full_time,Scientific & QA Jobs,"This job is with Elsevier, an inclusive employer and a member of myGwork – the largest global platform for the LGBTQ business community. Please do not contact the recruiter directly. About Our Team We are a diverse and dedicated team working on the evaluation of GenAI-powered, multidisciplinary academic research products, such as LeapSpace and Scopus. Our mission is to ensure that scholarly content is accurately represented and used in Gen-AI products that support better research outcomes. We p…",2026-08-07T11:59:10Z,https://www.adzuna.in/land/ad/5831636957?se=ip9oxYac8RGhArhxtbtVlg&utm_medium=api&utm_source=10d03a1b&v=A37323942BB114D4FC232EC385D7171AC3BE03BC,Healthcare,clinical
Adzuna,5810419464,Clinical Data Coordinator - Senior,ICON Clinical Research,"Chennai, Tamil Nadu","['India', 'Tamil Nadu', 'Chennai']",Chennai,13.06041,80.24963,,,0,,,Scientific & QA Jobs,"Technical Analyst- Chennai/ Trivandrum- Office based ICON plc is a world-leading healthcare intelligence and clinical research organization. We're proud to foster an inclusive environment driving innovation and excellence, and we welcome you to join us on our mission to shape the future of clinical development. As a Senior CDC at ICON, you will design and analyse clinical trials, interpreting complex medical data, and contribute to the advancement of innovative treatments and therapies. What Yo…",2026-07-22T10:45:56Z,https://www.adzuna.in/details/5810419464?utm_medium=api&utm_source=10d03a1b,Healthcare,clinical
Adzuna,5734799800,Clinical Application Specialist (Chennai),Fresenius Medical Care,"Chennai, Tamil Nadu","['India', 'Tamil Nadu', 'Chennai']",Chennai,13.06041,80.24963,,,0,,,Healthcare & Nursing Jobs,"The Clinical Application Specialist is responsible for providing clinical support, product demonstrations, training, and education to customers and internal stakeholders. The role requires strong clinical knowledge in dialysis and CRRT, along with the ability to build relationships and deliver high-quality customer support. Clinical Support & Customer Engagement : Provide clinical support including product demonstrations, post-installation assistance, and end-user training. Address and resolv…",2026-05-20T10:07:40Z,https://www.adzuna.in/details/5734799800?utm_medium=api&utm_source=10d03a1b,Healthcare,clinical
Adzuna,5808699358,Manager Clinical Data Scientist,1G5 Pfizer Healthcare India Private Limited,"Chennai, Tamil Nadu","['India', 'Tamil Nadu', 'Chennai']",Chennai,13.06041,80.24963,,,0,,,Scientific & QA Jobs,As part of the Clinical Data and Information Sciences CDIS group an integral delivery unit within the Clinical Development Operations CD O organization the Clinical Data Scientist is responsible for representing CDIS at the study team level The Clinical Data Scientistis accountable for the coordination of all CDIS deliverables associated with a clinical trial as well as adherence to data standards and the quality of the study data sets The Clinical Data Scientist provides leadership direction a…,2026-07-21T06:40:29Z,https://www.adzuna.in/details/5808699358?utm_medium=api&utm_source=10d03a1b,Healthcare,clinical
Adzuna,5801820121,Senior Executive - Clinical Auditor,EXL,"Chennai, Tamil Nadu","['India', 'Tamil Nadu', 'Chennai']",Chennai,13.06041,80.24963,,,0,,full_time,Healthcare & Nursing Jobs,"Description Review and audit medical claims against patient medical records to ensure accuracy and completeness of documentation. Identify discrepancies between clinical documentation and billed services, highlighting variances and potential billing errors. Perform detailed clinical reviews to validate diagnosis, procedures, and level of care in accordance with industry standards. Ensure compliance with CMS guidelines, payer policies, and regulatory requirements during claim review processes. C…",2026-07-16T03:34:34Z,https://www.adzuna.in/details/5801820121?utm_medium=api&utm_source=10d03a1b,Healthcare,clinical
Adzuna,5680956954,Assistant Manager - Clinical - Chennai/Cochi,Fresenius Medical Care,"Chennai, Tamil Nadu","['India', 'Tamil Nadu', 'Chennai']",Chennai,13.06041,80.24963,,,0,,,Scientific & QA Jobs,"_Introduction:_ At Fresenius Medical Care, we are the global leader in kidney care, committed to improving the lives of patients with chronic kidney disease. Our mission is to deliver high-quality, innovative products, services, and care across the entire healthcare journey. Guided by our vision-""Creating a future worth living. For patients. Worldwide. Every day.""-we work with purpose and compassion, supported by a global team of over 125,000 employees. Within our Care Enablement segment, we de…",2026-03-28T09:37:47Z,https://www.adzuna.in/details/5680956954?utm_medium=api&utm_source=10d03a1b,Healthcare,clinical
Adzuna,5843887097,Senior Clinical Research Associate (CRA),Aspire Pharma,"Teynampet West, Chennai","['India', 'Tamil Nadu', 'Chennai', 'Teynampet West']",Chennai,13.05713,80.24332,,,0,permanent,full_time,Scientific & QA Jobs,"Competitive Salary & Company Benefits| Remote or Hybrid Working Are you looking to work for a rapidly growing UK Pharmaceutical company, who are passionate about improving patients’ lives across the world? Aspire Pharma is an asset-light pharmaceutical manufacturer. It licenses and develops niche pharmaceutical products that offer innovative formulations, value for money for payors, and reliable supply arrangements in markets which are often underserved. The business has a highly diversified po…",2026-08-16T08:52:06Z,https://www.adzuna.in/details/5843887097?utm_medium=api&utm_source=10d03a1b,Healthcare,clinical
Adzuna,5771398311,Senior Lead Clinical Data Science Programmer,ICON Clinical Research,"Chennai, Tamil Nadu","['India', 'Tamil Nadu', 'Chennai']",Chennai,13.06041,80.24963,,,0,,,IT Jobs,"Senior Lead Clinical Data Science Programmer ICON plc is a world-leading healthcare intelligence and clinical research organization. We're proud to foster an inclusive environment driving innovation and excellence, and we welcome you to join us on our mission to shape the future of clinical development. As a Senior Lead Clinical Data Science Programmer at ICON, you will be instrumental in leading the development and implementation of advanced data science solutions for clinical trials. What You…",2026-06-21T10:32:58Z,https://www.adzuna.in/details/5771398311?utm_medium=api&utm_source=10d03a1b,Healthcare,clinical
Adzuna,5833337642,"Associate Data Manager, Clinical Data Sciences",Pfizer,"Chennai, Tamil Nadu","['India', 'Tamil Nadu', 'Chennai']",Chennai,13.06041,80.24963,,,0,,full_time,Scientific & QA Jobs,"Use Your Power for Purpose At Pfizer, our Worldwide Medical and Safety colleagues are pivotal in bridging evidence-based medical decision support with stakeholders to enhance health and treatment outcomes. Whether you are developing frameworks to ensure our evidence is scientifically robust, offering unbiased and medically essential expertise, or exploring ways to address data gaps, our mission remains clear: to empower healthcare decisions regarding the safe and appropriate use of medicines fo…",2026-08-08T16:04:39Z,https://www.adzuna.in/details/5833337642?utm_medium=api&utm_source=10d03a1b,Healthcare,clinical
Adzuna,5839592611,Clinical Specialist / Stroke Rater - Punjabi Speaking,IQVIA,"Chennai, Tamil Nadu","['India', 'Tamil Nadu', 'Chennai']",Chennai,13.06041,80.24963,,,0,,,Healthcare & Nursing Jobs,"Chennai, India Mumbai, India Bangalore, India Coimbatore, Tamil Nadu, India Mumbai, India Part time R1562872 Clinical Specialist / Stroke Rater - Punjabi Speaking Location: Remote Hours: Estimated 2-12 hours per month, flexible Role Overview The Clinical Specialist supports stroke clinical trials by administering standardized assessments and ensuring data quality and consistency. This includes rating patients using validated stroke scales and reviewing assessments performed by other raters to m…",2026-08-13T11:03:47Z,https://www.adzuna.in/details/5839592611?utm_medium=api&utm_source=10d03a1b,Healthcare,clinical
Adzuna,5785772347,Service Development Manager – AI Data Structuring & Readiness,Elsevier,"Chennai, Tamil Nadu","['India', 'Tamil Nadu', 'Chennai']",Chennai,13.06041,80.24963,,,0,,full_time,IT Jobs,"This job is with Elsevier, an inclusive employer and a member of myGwork – the largest global platform for the LGBTQ business community. Please do not contact the recruiter directly. Product Dev Sppt Analyst III Do you like working with data and analytics to gain insight to solve problems? Do you enjoy collaborating across teams to build and deliver products that make a difference? About Our Team Platform Operations (Platform Ops) is a fast-growing team within Data Operations, focused on poweri…",2026-07-03T00:54:24Z,https://www.adzuna.in/land/ad/5785772347?se=ip9oxYac8RGhArhxtbtVlg&utm_medium=api&utm_source=10d03a1b&v=3A5CE639D8984DBF6979F81DE9211605FAFB0110,Healthcare,clinical
Adzuna,5815106125,Principal Software Engineer,RX Global,"Chennai, Tamil Nadu","['India', 'Tamil Nadu', 'Chennai']",Chennai,13.06041,80.24963,,,0,permanent,full_time,IT Jobs,"This job is with RX Global, an inclusive employer and a member of myGwork – the largest global platform for the LGBTQ business community. Please do not contact the recruiter directly. About Team: RX Global aims to create unforgettable experiences for attendees and exhibitors through organizing events. Innovation, creativity, and collaboration drive the company to offer exceptional services to clients. About the role: The Principal Software Engineer is the senior-most hands-on technical leader f…",2026-07-25T14:12:46Z,https://www.adzuna.in/land/ad/5815106125?se=ip9oxYac8RGhArhxtbtVlg&utm_medium=api&utm_source=10d03a1b&v=80F0F8FE9E1AFDA9090DFC486BEE2F062FFD8EFB,Healthcare,clinical
Adzuna,5734799802,Strategic Account Manager - Critical Care (Coimbatore),Fresenius Medical Care,"Chennai, Tamil Nadu","['India', 'Tamil Nadu', 'Chennai']",Chennai,13.06041,80.24963,,,0,,,Sales Jobs,"Role Overview The Product Specialist - Critical Care will serve as the primary clinical and commercial interface for Fresenius Medical Care's Critical Care therapy portfolio. This role sits at the intersection of revenue accountability and deep clinical expertise - responsible for driving therapy adoption in ICUs, building institutional relationships, and establishing FME as the therapy partner of choice in the critical care space. Broader Responsibilities Revenue Ownership: Accountable for ach…",2026-05-20T10:07:40Z,https://www.adzuna.in/details/5734799802?utm_medium=api&utm_source=10d03a1b,Healthcare,clinical
Adzuna,5840506394,Content Writer - Product,Saama,"Chennai, Tamil Nadu","['India', 'Tamil Nadu', 'Chennai']",Chennai,13.06041,80.24963,,,0,permanent,full_time,Scientific & QA Jobs,"Description Job Title: Content Writer (Clinical Domain) Location: Chennai, India Job Type: Full-Time Company: Saama About The Role We are looking for a highly skilled and detail-oriented Content Writer with a strong background in the clinical domain to join our team at Saama in Chennai. In this role, you will act as the crucial bridge between our advanced clinical data products, our internal knowledge base, and our diverse audiences. You will be responsible for transforming complex product info…",2026-08-13T21:49:22Z,https://www.adzuna.in/details/5840506394?utm_medium=api&utm_source=10d03a1b,Healthcare,clinical
Adzuna,5767097017,Lead Assistant Manager,EXL,"Chennai, Tamil Nadu","['India', 'Tamil Nadu', 'Chennai']",Chennai,13.06041,80.24963,,,0,,full_time,IT Jobs,"Description We are seeking an experienced Clinical Coding Subject Matter Expert (SME) to support the development, validation, and continuous improvement of AI-powered solutions across its Healthcare Payer Practice. In this role, you will work closely with AI engineers, product managers, and client-facing teams to ensure that our solutions reflect real-world coding standards, payer policies, and clinical accuracy. The ideal candidate brings deep hands-on experience in ICD-10-CM/PCS, CPT/E&M, and…",2026-06-18T03:04:29Z,https://www.adzuna.in/details/5767097017?utm_medium=api&utm_source=10d03a1b,Healthcare,clinical
Adzuna,5848053920,CTMS Business expert,Atos,"Chennai, Tamil Nadu","['India', 'Tamil Nadu', 'Chennai']",Chennai,13.06041,80.24963,,,0,,full_time,IT Jobs,"The future is our choice At Atos, as the global leader in secure and decarbonized digital, our purpose is to help design the future of the information space. Together we bring the diversity of our people’s skills and backgrounds to make the right choices with our clients, for our company and for our own futures. Job Description Role Summary Looking for an experienced CTMS Business Expert to support and manage Clinical Trial Management System (CTMS) operations within the Life Sciences domain. Th…",2026-08-19T16:03:20Z,https://www.adzuna.in/details/5848053920?utm_medium=api&utm_source=10d03a1b,Healthcare,clinical
Adzuna,5840225291,Opening for US Healthcare AR Caller (Voice) Chennai,HCLTech,"Chennai, Tamil Nadu","['India', 'Tamil Nadu', 'Chennai']",Chennai,13.06041,80.24963,,,0,,,Healthcare & Nursing Jobs,"Opening for US Healthcare AR Caller (Voice) Chennai Experience: 1 to 4 yrs. Shift: US Shift (Night Shift) Skill: AR Caller (Voice Process) - Health Care Specification: Excellent Verbal and Written Communication Skills, Revenue Cycle Management, Denial Handling, AR Calling, US Healthcare, Medical Billing, RCM Job Description: Review and analyze denied claims to identify root causes and trends. Develop and implement strategies to reduce claim denials and improve reimbursement rates. Work closely …",2026-08-13T16:19:34Z,https://www.adzuna.in/land/ad/5840225291?se=2nwFyYac8RGwBe63zKMEtw&utm_medium=api&utm_source=10d03a1b&v=BF9321644925957E49E139908A2871EB55625926,Healthcare,healthcare
Adzuna,5818523829,Hiring for US Healthcare COE Medical Coding _Chennai,HCLTech,"Chennai, Tamil Nadu","['India', 'Tamil Nadu', 'Chennai']",Chennai,13.06041,80.24963,,,0,,,IT Jobs,"Opening for US Healthcare COE Medical Coding _Chennai Location : Chennai Shift - US Shift Experience Associate Manage r- 8 to 11 Year Manage r - 12 to 15 Year Key Responsibilities Drive transformation initiatives across coding and RCM workflows, focusing on improving coding accuracy, charge capture, and revenue realization Lead Six Sigma and Lean projects to enhance coding quality, reduce rework, and minimize revenue Implement automation and AI solutions for coding validation, documentation che…",2026-07-28T21:18:10Z,https://www.adzuna.in/land/ad/5818523829?se=2nwFyYac8RGwBe63zKMEtw&utm_medium=api&utm_source=10d03a1b&v=3F20D066DF8D23FAA954A2F6717D2E899CBBD3B7,Healthcare,healthcare
Adzuna,5757268064,Opening for US Healthcare COE Medical Coding _Chennai,HCLTech,"Chennai, Tamil Nadu","['India', 'Tamil Nadu', 'Chennai']",Chennai,13.06041,80.24963,,,0,,,IT Jobs,"Opening for US Healthcare COE Medical Coding _Chennai Location : Chennai Shift - US Shift Experience Associate Manage r- 8 to 11 Year Manage r - 12 to 15 Year Key Responsibilities Drive transformation initiatives across coding and RCM workflows, focusing on improving coding accuracy, charge capture, and revenue realization Lead Six Sigma and Lean projects to enhance coding quality, reduce rework, and minimize revenue Implement automation and AI solutions for coding validation, documentation che…",2026-06-09T18:05:32Z,https://www.adzuna.in/land/ad/5757268064?se=2nwFyYac8RGwBe63zKMEtw&utm_medium=api&utm_source=10d03a1b&v=F3D7539943BF80CE7F4DFBD47F1ED7E3C8F43FA6,Healthcare,healthcare
Adzuna,5818523165,Hiring for US Healthcare Medical Billing Team Lead - Chennai,HCLTech,"Chennai, Tamil Nadu","['India', 'Tamil Nadu', 'Chennai']",Chennai,13.06041,80.24963,,,0,,,Healthcare & Nursing Jobs,"Opening for US Healthcare AR Medical Billing Team Lead (Voice)- Chennai Location : Chennai Shift - US Shift Experience - 5 to 8 years Designation - Team Lead RESPONSIBILITIES : Responsible for the day-to-day management of 7 – 25 front level employees Adhering to agreed Key Performance Indicators, Service Level Agreements and quality standards to maximize customer satisfaction Minimize errors/feedback and increase first touch resolution through effective coaching, support, supplemental training …",2026-07-28T21:17:40Z,https://www.adzuna.in/land/ad/5818523165?se=2nwFyYac8RGwBe63zKMEtw&utm_medium=api&utm_source=10d03a1b&v=2E51AF72786A50A98A9E194E78F90C4C6D812863,Healthcare,healthcare
Adzuna,5840226065,Opening for US Healthcare Medical Billing Associate Manager/Senior Manager _Chennai,HCLTech,"Chennai, Tamil Nadu","['India', 'Tamil Nadu', 'Chennai']",Chennai,13.06041,80.24963,,,0,,,HR & Recruitment Jobs,"HCLTech Hiring for US Healthcare Medical Billing Associate Manager & Senior Manager _ Chennai Location : Chennai Shift - US Shift Designation & Experience: Associate Manager - 8 to 13 Years Senior Manager - 13 to 17 Years RESPONSIBILITIES : Manage day-to-day operations and direct the team responsible for Healthcare RCM Voice and non-voice process activities. Manage and meet performance targets for average handle time, Client SLA, quality, and customer satisfaction. Oversee a group of Team Leads…",2026-08-13T16:20:08Z,https://www.adzuna.in/land/ad/5840226065?se=2nwFyYac8RGwBe63zKMEtw&utm_medium=api&utm_source=10d03a1b&v=16ACAAFCB344932E7397A5C86853C35D7C09B8C2,Healthcare,healthcare
Adzuna,5826829636,"Mega-Walkin drive at HCLTech for Customer Service Representative (CSR) (Voice Process), on 29th July,2026",HCLTech,"Chennai, Tamil Nadu","['India', 'Tamil Nadu', 'Chennai']",Chennai,13.06041,80.24963,,,0,,,Customer Services Jobs,"About the Company We are HCLTech, committed to delivering exceptional customer service and support in the healthcare sector. About the Role We are seeking a customer-focused and detail-oriented Customer Service Representative (CSR) to support our healthcare account. Responsibilities Handle inbound and outbound customer calls in a professional and courteous manner. Respond to inquiries regarding health insurance benefits, coverage, eligibility, claims, and billing. Assist members, patients, prov…",2026-08-04T01:59:29Z,https://www.adzuna.in/land/ad/5826829636?se=2nwFyYac8RGwBe63zKMEtw&utm_medium=api&utm_source=10d03a1b&v=B54DFA977D7AE9623786AE9DF5416063B99A84FD,Healthcare,healthcare
Adzuna,5819621522,"Mega-Walkin drive at HCLTech for Customer Service Representative (CSR) (Voice Process), on 31st July,2026",HCLTech,"Chennai, Tamil Nadu","['India', 'Tamil Nadu', 'Chennai']",Chennai,13.06041,80.24963,,,0,,,Customer Services Jobs,"Mega-Walkin drive at HCLTech for Customer Service Representative (CSR) (Voice Process), on 31st July 2026 Date: 31st July'26 Time: 10:00 AM to 1:00 PM Venue : ETA 1, Sandhya Infocity - Navalur No. 33, Rajiv Gandhi salai, old Mahabalipuram road, navalur Contact Person: Suryapriya Experience: 1 to 4 yrs Shift: US Shift (Night Shift) Skill: Customer Service Representative (CSR) (Voice Process) Job Summary: 1.We are seeking a customer-focused and detail-oriented Customer Service Representative (CSR…",2026-07-29T15:19:51Z,https://www.adzuna.in/land/ad/5819621522?se=2nwFyYac8RGwBe63zKMEtw&utm_medium=api&utm_source=10d03a1b&v=39A642B2AF3E33CD33E30668B555517AF8362893,Healthcare,healthcare
Adzuna,5819621511,"Mega-Walkin drive at HCLTech for Team Lead-Customer Service Representative (CSR) (Voice Process), on 29th July,2026",HCLTech,"Chennai, Tamil Nadu","['India', 'Tamil Nadu', 'Chennai']",Chennai,13.06041,80.24963,,,0,,,Customer Services Jobs,"Mega-Walkin drive at HCLTech for Team Lead - Customer Service Representative (CSR) (Voice Process), on 29th July 2026 Date: 29th July'26 Time: 10:00 AM to 1:00 PM Venue : ETA 1, Sandhya Infocity - Navalur No. 33, Rajiv Gandhi salai, old Mahabalipuram road, navalur Contact Person: Suryapriya Experience: 5 to 7 yrs Shift: US Shift (Night Shift) Skill: Customer Service Representative (CSR) (Voice Process) Job Summary: 1.We are seeking a customer-focused and detail-oriented Customer Service Represe…",2026-07-29T15:19:51Z,https://www.adzuna.in/land/ad/5819621511?se=2nwFyYac8RGwBe63zKMEtw&utm_medium=api&utm_source=10d03a1b&v=D971CA92A6F0CF49F264D555D508884BF8C1B556,Healthcare,healthcare
Adzuna,5819622021,"Mega-Walkin drive at HCLTech for Customer Service Representative (CSR) (Voice Process), on 29th July,2026",HCLTech,"Chennai, Tamil Nadu","['India', 'Tamil Nadu', 'Chennai']",Chennai,13.06041,80.24963,,,0,,,Customer Services Jobs,"Mega-Walkin drive at HCLTech for Customer Service Representative (CSR) (Voice Process), on 29th July 2026 Date: 29th July'26 Time: 10:00 AM to 1:00 PM Venue : ETA 1, Sandhya Infocity - Navalur No. 33, Rajiv Gandhi salai, old Mahabalipuram road, navalur Contact Person: Suryapriya Experience: 1 to 4 yrs Shift: US Shift (Night Shift) Skill: Customer Service Representative (CSR) (Voice Process) Job Summary: 1.We are seeking a customer-focused and detail-oriented Customer Service Representative (CSR…",2026-07-29T15:20:09Z,https://www.adzuna.in/land/ad/5819622021?se=2nwFyYac8RGwBe63zKMEtw&utm_medium=api&utm_source=10d03a1b&v=D393D145816208FA582C1FDB247CC943E596E5D6,Healthcare,healthcare
Adzuna,5829060820,Technical Delivery Manager -Pega,enGen Global,"Chennai, Tamil Nadu","['India', 'Tamil Nadu', 'Chennai']",Chennai,13.06041,80.24963,,,0,,,IT Jobs,"Job Role : Technical Delivery Manager (Experienced in PEGA projects) Experience Required : 15-20 Years Job Location : Chennai / Hyderabad Work Model: Hybrid (3 days WFO) Role Summary The PEGA Delivery Manager is responsible for leading the delivery, support, and continuous enhancement of Customer Service and Healthcare applications built on the PEGA platform. This role combines delivery management, technical leadership, stakeholder engagement, and people leadership to ensure successful executio…",2026-08-05T17:46:06Z,https://www.adzuna.in/land/ad/5829060820?se=2nwFyYac8RGwBe63zKMEtw&utm_medium=api&utm_source=10d03a1b&v=B0F5A1F91B9615963C2A7A317DF05C31F1222CB5,Healthcare,healthcare
Adzuna,5845682601,Mega Walkin Drive at HCL Tech for Voice Process - Fresher - Walk in interview 14th Aug 2026 - 10 AM to 2 PM,HCLTech,"Chennai, Tamil Nadu","['India', 'Tamil Nadu', 'Chennai']",Chennai,13.06041,80.24963,,,0,,,Customer Services Jobs,"Mega Walkin Drive at HCL Tech for Voice Process - Fresher - Walk in interview 14th Aug 2026 - 10 AM to 2 PM Designation : Process Associate Shift : US Shift Location : Chennai Walkin Timing : 10 AM to 2 PM Venue Details : ETA 3, Sandhiya Infocity (Near Vivara Mall), Navalur HR Spoc : Aswini A Overview of the Role: The Process Associate will play a crucial role in ensuring seamless customer operations within the healthcare domain. This position focuses on delivering exceptional customer service …",2026-08-18T05:07:25Z,https://www.adzuna.in/land/ad/5845682601?se=2nwFyYac8RGwBe63zKMEtw&utm_medium=api&utm_source=10d03a1b&v=E19DFDD65C8F37D34ED9130DFF50E2770CB38287,Healthcare,healthcare
Adzuna,5848119762,Sales & Business Development Manager -Fire Curtains,Super Creations Interiors & Exteriors Pvt Ltd,"Chennai, Tamil Nadu","['India', 'Tamil Nadu', 'Chennai']",Chennai,13.06041,80.24963,,,0,,,Sales Jobs,"Sales & Business Development Manager – Fire Curtains (Passive Fire Protection) Location Pan India (Extensive Travel Required) Company Super Creations Interiors & Exteriors Pvt. Ltd. (FiroBlock Division) About the Role Super Creations is seeking an experienced and dynamic Sales & Business Development Manager to lead the growth of our Fire Curtain business across India. The ideal candidate should have a strong network with MEP consultants, architects, fire consultants, project management consulta…",2026-08-19T17:13:16Z,https://www.adzuna.in/land/ad/5848119762?se=2nwFyYac8RGwBe63zKMEtw&utm_medium=api&utm_source=10d03a1b&v=3D25A794A4C172B1C7D7150248BFCC7EF4DA6B98,Healthcare,healthcare
Adzuna,5813877150,Senior Project Manager,Convergint Asia Pacific,"Chennai, Tamil Nadu","['India', 'Tamil Nadu', 'Chennai']",Chennai,13.06041,80.24963,,,0,,,Engineering Jobs,"About Convergint: Convergint is a global, service-based systems integrator dedicated to delivering exceptional results through unparalleled service excellence. We specialize in the design, installation, and services of electronic security, fire alarm, life safety, healthcare technologies, communications, and building automation systems. Responsibilities: Manage projects according to Convergint’s policies and standards to meet client satisfaction. Prepare projects, including project scheduling, …",2026-07-24T18:59:53Z,https://www.adzuna.in/land/ad/5813877150?se=2nwFyYac8RGwBe63zKMEtw&utm_medium=api&utm_source=10d03a1b&v=B01BABE1F3DE72CE93F57590D75DE52F77E9C739,Healthcare,healthcare
Adzuna,5833435066,Manager - BRM,HCLTech,"Chennai, Tamil Nadu","['India', 'Tamil Nadu', 'Chennai']",Chennai,13.06041,80.24963,,,0,,,IT Jobs,"We're Hiring: – Business Resilience Management(BRM) Location: Chennai / Noida/Bangalore Education: BE/ B.Tech / BCA / BSc in Computer Science Experience: 6 Years No of positions: 1 Responsibilities Own the governance, maintenance, and sustenance of Business Continuity Management System across the organization Subject Matter Expertise in BCM, Crisis Management, Resilience, Risk & Compliance domains Have multi-faceted experience in Risk Management related program implementation in multiple do…",2026-08-08T18:03:13Z,https://www.adzuna.in/land/ad/5833435066?se=2nwFyYac8RGwBe63zKMEtw&utm_medium=api&utm_source=10d03a1b&v=72197035D41211C85F06B4E860C2010965049059,Healthcare,healthcare
Adzuna,3942793137,Healthcare Recruiter,Cipaca Healthcare Organization,"Chennai, Tamil Nadu","['India', 'Tamil Nadu', 'Chennai']",Chennai,13.06041,80.24963,180000.0,360000.0,0,,full_time,HR & Recruitment Jobs,"1. Specialized in Healthcare Recruitment 2. Responsible for Nurses manpower for all our units 3. Sourcing and attracting candidates by using databases, social media etc. 4. Conducting interviews and filtering nurse candidates for open positions. 5. Collaborate with Nursing Heads (Regional & Unit level) on a regular basis and proactively identify future hiring needs. 6. Prepare recruitment materials and post jobs to appropriate job board/newspapers/nursing colleges etc. 7. Provide analytical and…",2023-02-25T05:24:54Z,https://www.adzuna.in/details/3942793137?utm_medium=api&utm_source=10d03a1b,Healthcare,healthcare
Adzuna,5843844665,Healthcare Processor,Artech Infosystems Private Limited,"Chennai, Tamil Nadu","['India', 'Tamil Nadu', 'Chennai']",Chennai,13.06041,80.24963,,,0,,,Customer Services Jobs,"Job Description – Healthcare Operations Associate (Health Payer Services) Position Title Healthcare Operations Associate - Health Payer Services Work Location Work from Office (WFO) Work Mode Hybrid Model Shift Timings 5:00 PM to 2:30 AM IST Career Level Level 13 Role Overview We are seeking detail-oriented and customer-focused professionals to support key healthcare payer operations. The role involves managing member enrollment activities, premium billing, payment application processes, provid…",2026-08-16T07:57:24Z,https://www.adzuna.in/details/5843844665?utm_medium=api&utm_source=10d03a1b,Healthcare,healthcare
Adzuna,5833435282,Senior Lead - Solution Consulting (Presales),Accops,"Chennai, Tamil Nadu","['India', 'Tamil Nadu', 'Chennai']",Chennai,13.06041,80.24963,,,0,,,IT Jobs,"Job Title: Senior Lead - Solution Consulting (Presales) Location: Chennai About Accops Accops is a leading provider of secure remote access, Zero Trust Access and Digital Workspace solutions helping enterprises enable secure work-from-anywhere environments. Our solutions are trusted by organizations across BFSI, Government, Healthcare, Manufacturing, IT/ITES and Enterprise sectors. Role Overview We are looking for an experienced and customer-focused Presales Lead to drive technical solutioning,…",2026-08-08T18:04:16Z,https://www.adzuna.in/land/ad/5833435282?se=2nwFyYac8RGwBe63zKMEtw&utm_medium=api&utm_source=10d03a1b&v=13A7026A8B9D3F8138C22E440103E1FA7999E740,Healthcare,healthcare
Adzuna,5807170220,Senior Business Development Executive,YaClass,"Chennai, Tamil Nadu","['India', 'Tamil Nadu', 'Chennai']",Chennai,13.06041,80.24963,,,0,,full_time,Sales Jobs,"Job Description Designation: Senior Business Development Executive (Sr.BDE) Company: YaClass Tech Pvt Ltd Location: On-site (Work From Office) “PSM Tower”, Bearing No. 30 (Old No.137/2), Velachery Road, Little Mount, Chennai - 600 015. Job Type: Full-Time Languages known: Tamil (Excellent) and English (Excellent) About our company: YaClass is a European Edtech organization that expanded to India in 2019. YaClass specializes in training students from classes 6 to 10 in Math and Science. Pumpa, o…",2026-07-19T18:15:33Z,https://www.adzuna.in/land/ad/5807170220?se=2nwFyYac8RGwBe63zKMEtw&utm_medium=api&utm_source=10d03a1b&v=3D09C9E1B48E5F712646660AF644A00DC17100F0,Healthcare,healthcare
Adzuna,5806136981,Senior Business Development Executive (Telugu),YaClass,"Chennai, Tamil Nadu","['India', 'Tamil Nadu', 'Chennai']",Chennai,13.06041,80.24963,,,0,,full_time,Sales Jobs,"Job Description Designation: Senior Business Development Executive (Sr.BDE) Company : YaClass Tech Pvt Ltd Location : Work from home “PSM Tower”, Bearing No. 30 (Old No.137/2), Velachery Road, Little Mount, Chennai - 600 015. Job Type: Full-Time Languages known : Telugu (Excellent) and English (Excellent) About our company: YaClass is a European Edtech organization that expanded to India in 2019. YaClass specializes in training students from classes 6 to 10 in Math and Science. Pumpa, our Smart…",2026-07-18T18:07:55Z,https://www.adzuna.in/land/ad/5806136981?se=2nwFyYac8RGwBe63zKMEtw&utm_medium=api&utm_source=10d03a1b&v=A58BFC88D670D9D071C390EE38F02550BBF2DCE5,Healthcare,healthcare
Adzuna,5848121572,Social Worker,India Turns Pink,"Chennai, Tamil Nadu","['India', 'Tamil Nadu', 'Chennai']",Chennai,13.06041,80.24963,,,0,,full_time,Social work Jobs,"Company Description India Turns Pink is India’s largest non-profit movement dedicated to women’s wellness and breast cancer awareness. Founded in 2003 as “Chennai Turns Pink,” it has grown from a city-based initiative to a nationwide campaign reaching multiple regions across India. The organization partners with key institutions such as Airports Authority of India (AAI) and Kalyanmayee to conduct large-scale awareness and screening drives. Through Pink Selfie campaigns, free breast cancer scree…",2026-08-19T17:15:48Z,https://www.adzuna.in/land/ad/5848121572?se=2nwFyYac8RGwBe63zKMEtw&utm_medium=api&utm_source=10d03a1b&v=EA0147AB51BB059AAC33A10E4A5943ED1DC1773C,Healthcare,healthcare
Adzuna,4686701408,Home Healthcare Nurses,,"Chennai, Tamil Nadu","['India', 'Tamil Nadu', 'Chennai']",Chennai,13.06041,80.24963,,,0,,,Healthcare & Nursing Jobs,"Hi, We are currently hiring for the position of Home Healthcare Nurses operating at Chennai & Coimbatore. Please share these with your friends, If you already have a resume of a friend , kindly share with us to",2024-05-10T07:38:25Z,https://www.adzuna.in/details/4686701408?utm_medium=api&utm_source=10d03a1b,Healthcare,healthcare
Adzuna,5834742289,Data Engineer -Healthcare,Virtusa Referral Program,"Chennai, Tamil Nadu","['India', 'Tamil Nadu', 'Chennai']",Chennai,13.06041,80.24963,,,0,,,IT Jobs,"Senior Data Engineer Position Summary The Senior Data Engineer leads complex data engineering projects, working on designing data architectures that align with business requirements. This role focuses on optimizing data workflows, managing data pipelines, and ensuring the smooth operation of data systems. Minimum Qualifications ● 8 Years overall IT experience with minimum 5 years of work experience in below tech skills ● Tech Skills ▪ Strong experience in Python Scripting and PySpark for data p…",2026-08-09T20:38:47Z,https://www.adzuna.in/details/5834742289?utm_medium=api&utm_source=10d03a1b,Healthcare,healthcare
Adzuna,5684977513,US Healthcare Recruiter,DevCare solutions pvt ltd,"Chennai, Tamil Nadu","['India', 'Tamil Nadu', 'Chennai']",Chennai,13.06041,80.24963,200000.0,600000.0,0,,full_time,Admin Jobs,"Roles & Responsibilities: Responsible for performing full-cycle recruiting functions including but not limited to job understanding, candidate sourcing, social networking, phone screening, email communication, documentation, summary writing and presentation. Identifying right candidates with the right skills to match the US clients’ requirements Regularly interacting with Account Manager to understand the requirements Should understand the requirement in depth to ensure quality sourcing and rec…",2026-04-01T11:39:35Z,https://www.adzuna.in/details/5684977513?utm_medium=api&utm_source=10d03a1b,Healthcare,healthcare
Adzuna,5812352779,Integrated Media Planner (2-4 Years),Omnicom Global Solutions,"Chennai, Tamil Nadu","['India', 'Tamil Nadu', 'Chennai']",Chennai,13.06041,80.24963,,,0,,full_time,"PR, Advertising & Marketing Jobs","About Omnicom Global Solutions Omnicom Global Solutions (OGS) is an integral part of Omnicom Group, a leading global marketing and corporate communications company. Omnicom’s branded networks and specialty firms deliver advertising, strategic media planning and buying, digital and interactive marketing, direct and promotional marketing, public relations, and other specialized communication solutions to over 5,000 clients across more than 70 countries. OGS India serves as a key global capability…",2026-07-23T18:56:58Z,https://www.adzuna.in/land/ad/5812352779?se=2nwFyYac8RGwBe63zKMEtw&utm_medium=api&utm_source=10d03a1b&v=7D521AEB16E32ADA82AFE12FB24703E761C98775,Healthcare,healthcare
Adzuna,5847167453,Performance Marketer,Spinta Digital,"Chennai, Tamil Nadu","['India', 'Tamil Nadu', 'Chennai']",Chennai,13.06041,80.24963,,,0,,full_time,"PR, Advertising & Marketing Jobs","Senior Performance Marketing Manager Location: Chennai Work Mode: Full-Time, Work From Office Experience: 4–7 years Employment Type: Full-time Department: Performance Marketing Reporting To: CEO About Spinta Digital Spinta Digital is a full-service digital marketing and creative agency working with ambitious brands across healthcare, D2C, wellness, real estate, education, SaaS and technology. We are looking for a Senior Performance Marketer who has strong hands-on experience across both Lead Ge…",2026-08-19T01:12:24Z,https://www.adzuna.in/land/ad/5847167453?se=2nwFyYac8RGwBe63zKMEtw&utm_medium=api&utm_source=10d03a1b&v=9247CDCE5A3E11CFE5ACFB1DB3266FA07807B62D,Healthcare,healthcare
Adzuna,5799340700,us healthcare AR caller,CONVERSE PLACEMENT SERVICES INDIA PRIVATE LIMITED,"Chennai, Tamil Nadu","['India', 'Tamil Nadu', 'Chennai']",Chennai,,,,,0,,,Healthcare & Nursing Jobs,Were Hiring Senior AR Caller Provider Side We are looking for experienced Senior AR Callers Provider Side to join our US Healthcare team Job Details Position Senior AR Caller Provider Side Location Hyderabad Experience Minimum 2 Years Provider Side Mandatory CTC Up to 5 LPA Benefits Attractive Performance Incentives Night Shift Allowance BothSide Cab Facility Career Growth Opportunities Roles Responsibilities Follow up with insurance companies for outstanding claims Analyze and resolve denied r…,2026-07-14T06:32:26Z,https://www.adzuna.in/details/5799340700?utm_medium=api&utm_source=10d03a1b,Healthcare,healthcare
Adzuna,5727086337,Urgent Opening Medical representative(Sales) - Chennai,Kaapro Management Solutions,"Chennai, Tamil Nadu","['India', 'Tamil Nadu', 'Chennai']",Chennai,13.06041,80.24963,,,0,,full_time,Sales Jobs,"Job Description: Job Description, Fourtrek Global Private Limited is a dynamic and innovative company dedicated to excellence in various sectors, including sales and branding, strategic growth and capital management, integrated client solutions and services, and business expansion and operations optimization. With a diverse team of experienced professionals, Fourtrek aims to deliver exceptional services and solutions to clients worldwide. The company's vision is to be a global leader in deliver…",2026-05-13T01:57:21Z,https://www.adzuna.in/details/5727086337?utm_medium=api&utm_source=10d03a1b,Healthcare,medical representative
Adzuna,5832759556,Field Training Lead,Colgate-Palmolive Company,"Chennai, Tamil Nadu","['India', 'Tamil Nadu', 'Chennai']",Chennai,13.06041,80.24963,,,0,,,Scientific & QA Jobs,"No Relocation Assistance Offered Job Number 175401 - Chennai, Tamil Nadu, India Who We Are Colgate-Palmolive Company is a global consumer products company operating in over 200 countries specialising in Oral Care, Personal Care, Home Care, Skin Care, and Pet Nutrition. Our products are trusted in more households than any other brand in the world, making us a household name! Join Colgate-Palmolive, a caring, innovative growth company reimagining a healthier future for people, their pets, and our…",2026-08-08T06:50:49Z,https://www.adzuna.in/details/5832759556?utm_medium=api&utm_source=10d03a1b,Healthcare,medical representative
Adzuna,5843301480,Therapy Business Manager,Bayer,"Chennai, Tamil Nadu","['India', 'Tamil Nadu', 'Chennai']",Chennai,13.06041,80.24963,,,0,permanent,full_time,Sales Jobs,"At Bayer we’re visionaries, driven to solve the world’s toughest challenges and striving for a world where ,Health for all, Hunger for none’ is no longer a dream, but a real possibility. We’re doing it with energy, curiosity and sheer dedication, always learning from unique perspectives of those around us, expanding our thinking, growing our capabilities and redefining ‘impossible’. There are so many reasons to join us. If you’re hungry to build a varied and meaningful career in a community of …",2026-08-15T21:58:18Z,https://www.adzuna.in/details/5843301480?utm_medium=api&utm_source=10d03a1b,Healthcare,medical representative
Adzuna,5821799564,Biomedical Engineer - Medical Sales,ABABIL HEALTHCARE,"Chennai, Tamil Nadu","['India', 'Tamil Nadu', 'Chennai']",Chennai,13.06041,80.24963,,,0,,,Sales Jobs,"Job description We are Hiring Medical Equipment & Devices Sales Representative Contact : Nithish (HR) 9384825942 Location:-Madurai,Tirchirappalli,Chennai Coimbatore, Key Responsibilities: Promote and sell biomedical equipment and solutions to hospitals, laboratories, and healthcare institutions. Conduct product demonstrations, presentations, and training for clients. Understand customer requirements and provide suitable technical solutions. Prepare quotations, tenders, and proposals as per clie…",2026-07-31T06:41:45Z,https://www.adzuna.in/details/5821799564?utm_medium=api&utm_source=10d03a1b,Healthcare,medical representative
Adzuna,5840225681,Medical Coder - Denial,TP,"Chennai, Tamil Nadu","['India', 'Tamil Nadu', 'Chennai']",Chennai,13.06041,80.24963,,,0,,,Healthcare & Nursing Jobs,"Dear Candidates, Greetings From Teleperformance ! We are currently Hiring Medical coders - Denial coding r Minimum 6 months experience in Denial Coding. Graduation Mandato ry.5 days working rotational shi ft.2 days rotational week o ff.Willing to work in complete Night Shif ts.Salary Up to 4.50 LPACertification Not Mandato ry.Pick up and drop Provid ed.Looking for immediate Joine rs.Job Location Ambattur Ambit IT Pa rk. Interested candidates Please share your resume to hema.munuswamy@teleperfor…",2026-08-13T16:19:51Z,https://www.adzuna.in/land/ad/5840225681?se=Dr0xzoac8RGgd9X26G9YQA&utm_medium=api&utm_source=10d03a1b&v=A1FA372F6D00D110D8716332107B8FE0AC15F42C,Healthcare,medical coder
Adzuna,5833435198,Trainee Medical Coder,CorroHealth,"Chennai, Tamil Nadu","['India', 'Tamil Nadu', 'Chennai']",Chennai,13.06041,80.24963,,,0,contract,,Healthcare & Nursing Jobs,"Dear All, We're Hiring –Fresher Medical Coders Location: Chennai Employment Type: Contract Eligibility Criteria - UG/PG graduates in Life Sciences or Nursing - Minimum 60% throughout academics - Age below 28 years Walk-in Drive Details Date: 08 August 2026 Time: 9:30 AM – 1:00 PM Venue: DLF IT Park – SEZ, 1B, 3rd Floor 1/124, Nandambakkam Post, Manapakkam Chennai – 600089 If you meet the eligibility criteria, we invite you to attend our walk-in drive and explore an exciting career opportunity i…",2026-08-08T18:04:12Z,https://www.adzuna.in/land/ad/5833435198?se=Dr0xzoac8RGgd9X26G9YQA&utm_medium=api&utm_source=10d03a1b&v=D4CC28862554CB86C79C38A32EE6F7FE935CB713,Healthcare,medical coder
Adzuna,5593191752,Medical Coder,Probity Consultancy,"Chennai, Tamil Nadu","['India', 'Tamil Nadu', 'Chennai']",Chennai,13.06041,80.24963,,,0,,full_time,Admin Jobs,"Description Probity Consultancy is seeking a detail-oriented Medical Coder. As a Medical Coder, you will play a crucial role in ensuring accurate coding and billing processes, which are essential for the effective operation of healthcare facilities. In this role, you will be responsible for translating medical records into standardized codes for billing and insurance purposes. Your expertise will help our clients achieve compliance with regulations while maximizing revenue cycles. We offer a co…",2026-01-21T04:03:20Z,https://www.adzuna.in/details/5593191752?utm_medium=api&utm_source=10d03a1b,Healthcare,medical coder
Adzuna,4686706904,Medical Coder,,"Chennai, Tamil Nadu","['India', 'Tamil Nadu', 'Chennai']",Chennai,13.06041,80.24963,,,0,,,Admin Jobs,"We are looking to recruit a competent Medical Coder to assist us with coding medical documentation for insurance claims and for our databases. The Medical Coder will assign required Current Procedural Terminology (CPT), Healthcare Common Procedure Coding System (HCPCS), International Classification of Diseases, Tenth Revision, Clinical Modification (ICD-10-CM) and American Society of Anesthesiologists (ASA) codes. You will assign Ambulatory Payment Classifications (APC) or Diagnosis-related gro…",2024-05-10T07:39:05Z,https://www.adzuna.in/details/4686706904?utm_medium=api&utm_source=10d03a1b,Healthcare,medical coder
Adzuna,2439782777,Medical Coder,Vmultiply solutions,"Chennai, Tamil Nadu","['India', 'Tamil Nadu', 'Chennai']",Chennai,13.06041,80.24963,0.0,600000.0,0,,full_time,Scientific & QA Jobs,should be exerienced in hcc / ed coding with minimum 1year of experience. Strong understanding of ICD 10 Skills:- hcc and ed coding,2021-09-08T02:40:55Z,https://www.adzuna.in/details/2439782777?utm_medium=api&utm_source=10d03a1b,Healthcare,medical coder
Adzuna,5782688460,Certified medical Coders,CorroHealth,"Chennai, Tamil Nadu","['India', 'Tamil Nadu', 'Chennai']",Chennai,13.06041,80.24963,,,0,,,IT Jobs,"We are looking for Executive/Sr. Executive candidates with 1 years of experience in the following specialties: General Surgery Ancillary Multispecialty Denials E/M IP OP ED Facility/OBS Radiology Desired Skills: Minimum 1 year of relevant experience Certification from AAPC/AHIMA Strong communication skills Skills: Ancillary, CPC or CCS, E/M, Medical Coding or Medical Coder Experience: 2.00-7.00 Years",2026-07-01T07:16:32Z,https://www.adzuna.in/details/5782688460?utm_medium=api&utm_source=10d03a1b,Healthcare,medical coder
Adzuna,5779642797,Senior Medical Coder,First source,"Chennai, Tamil Nadu","['India', 'Tamil Nadu', 'Chennai']",Chennai,13.06041,80.24963,,,0,,,IT Jobs,"Requirements : - Experience in E&M Specialty Coding- Outpatient, Inpatient, observation, Critical care facilities using ICD, Modifiers, CPT, HCPCS codes. - Must have a minimum 3 years of experience in E&M inpatient and/or outpatient medical record review, coding and reimbursement. Coding audit experience preferred. - Must have strong knowledge of ICD-10 CM/PCS and CPT coding and prospective payment systems and proficiency with Microsoft Windows operating systems and Office applications, such as…",2026-06-28T07:24:42Z,https://www.adzuna.in/details/5779642797?utm_medium=api&utm_source=10d03a1b,Healthcare,medical coder
Adzuna,5782688459,Opening For Certified Medical Coder,CorroHealth,"Chennai, Tamil Nadu","['India', 'Tamil Nadu', 'Chennai']",Chennai,13.06041,80.24963,,,0,,,IT Jobs,"We are looking for Executive/Sr. Executive candidates with 1 years of experience in the following specialties: General Surgery Ancillary Multispecialty Denials E/M IP OP ED Facility/OBS Radiology Desired Skills: Minimum 1 year of relevant experience Certification from AAPC/AHIMA Strong communication skills Skills: Ancillary, CPC or CCS, E/M, Medical Coding or Medical Coder Experience: 2.00-7.00 Years",2026-07-01T07:16:32Z,https://www.adzuna.in/details/5782688459?utm_medium=api&utm_source=10d03a1b,Healthcare,medical coder
Adzuna,5503837423,MEDICAL CODING / MEDICAL CODER,bluechip hr solutions,"Chennai, Tamil Nadu","['India', 'Tamil Nadu', 'Chennai']",Chennai,13.06041,80.24963,,,0,,full_time,IT Jobs,"Job Title: HCC Medical CoderJob Summary:We are seeking an experienced Medical Coder to join our team. The successful candidate will have a strong background in medical coding, specifically in HCC (Hierarchical Condition Category) coding. This role requires accuracy, attention to detail, and excellent analytical skills. Key Responsibilities:1. Assign and sequence ICD codes accurately for HCC purposes 2. Review medical records and claims data to identify HCC conditions 3. Stay updated on coding g…",2025-11-20T00:58:17Z,https://www.adzuna.in/details/5503837423?utm_medium=api&utm_source=10d03a1b,Healthcare,medical coder
Adzuna,5779642810,Firstsource Is Hiring For - Senior Medical Coder,First source,"Chennai, Tamil Nadu","['India', 'Tamil Nadu', 'Chennai']",Chennai,13.06041,80.24963,,,0,,,IT Jobs,"Experience in E&M Specialty Coding- Outpatient, Inpatient, observation, Critical care facilities using ICD, Modifiers, CPT, HCPCS codes. - Must have a minimum 3 years of experience in E&M inpatient and/or outpatient medical record review, coding and reimbursement. Coding audit experience preferred. - Must have strong knowledge of ICD-10 CM/PCS and CPT coding and prospective payment systems and proficiency with Microsoft Windows operating systems and Office applications, such as Word, Excel, Pow…",2026-06-28T07:24:42Z,https://www.adzuna.in/details/5779642810?utm_medium=api&utm_source=10d03a1b,Healthcare,medical coder
Adzuna,5779642789,Certified Medical Coder - E&M Specialty,First source,"Chennai, Tamil Nadu","['India', 'Tamil Nadu', 'Chennai']",Chennai,13.06041,80.24963,,,0,,,IT Jobs,Eligibility Criteria:' Candidates should have experience in Evaluation & Management (OP / IP) Must have strong knowledge of ICD-10 CM/PCS and CPT coding Anesthesia coding & Sugery Coding is an added advantage Must have Minimum 2 years of experience in E&M Coding Looking for Certified Medical Coders - Any Certification Roles & Responsibilities:- Creates update tracker and responsible for updating the team on trends and changes. Provides feedback & coaching on common error scenarios Performs revi…,2026-06-28T07:24:41Z,https://www.adzuna.in/details/5779642789?utm_medium=api&utm_source=10d03a1b,Healthcare,medical coder
Adzuna,5779642788,Certified Medical Coder - E&M Speciality,First source,"Chennai, Tamil Nadu","['India', 'Tamil Nadu', 'Chennai']",Chennai,13.06041,80.24963,,,0,,,IT Jobs,Eligibility Criteria:' Candidates should have experience in Evaluation & Management (OP / IP) Must have strong knowledge of ICD-10 CM/PCS and CPT coding Anesthesia coding & Sugery Coding is an added advantage Must have Minimum 2 years of experience in E&M Coding Looking for Certified Medical Coders - Any Certification Roles & Responsibilities:- Creates update tracker and responsible for updating the team on trends and changes. Provides feedback & coaching on common error scenarios Performs revi…,2026-06-28T07:24:41Z,https://www.adzuna.in/details/5779642788?utm_medium=api&utm_source=10d03a1b,Healthcare,medical coder
Adzuna,5840188445,Medical Recs Coding & Transc. Sr. Assoc.,NTT DATA North America,"Chennai, Tamil Nadu","['India', 'Tamil Nadu', 'Chennai']",Chennai,13.06041,80.24963,,,0,,full_time,IT Jobs,"In this Role you will be Responsible For : The coder reads the documentation to understand the patient's diagnoses assigned Transforming of healthcare diagnosis, procedures, medical services, and equipment into universal medical alphanumeric codes Creating uniform vocabulary for describing the causes of injury, illness & death is the role of medical coders Medical coding allows for Uniform documentation between medical facilities The main task of a medical coders is to review clinical statement…",2026-08-13T16:04:45Z,https://www.adzuna.in/details/5840188445?utm_medium=api&utm_source=10d03a1b,Healthcare,medical coder
Adzuna,5823802712,Medical Recs Coding & Transc. Analyst,NTT DATA North America,"Chennai, Tamil Nadu","['India', 'Tamil Nadu', 'Chennai']",Chennai,13.06041,80.24963,,,0,,full_time,Healthcare & Nursing Jobs,"In this Role you will be Responsible For : The coder reads the documentation to understand the patient's diagnoses assigned Transforming of healthcare diagnosis, procedures, medical services, and equipment into universal medical alphanumeric codes Creating uniform vocabulary for describing the causes of injury, illness & death is the role of medical coders Medical coding allows for Uniform documentation between medical facilities The main task of a medical coders is to review clinical statement…",2026-08-01T15:56:28Z,https://www.adzuna.in/details/5823802712?utm_medium=api&utm_source=10d03a1b,Healthcare,medical coder
Adzuna,5835155411,Medical Coding gor Biotechnology and Biomedical Graduates,Nestem Technologies,"Vadapalani, Chennai","['India', 'Tamil Nadu', 'Chennai', 'Vadapalani']",Chennai,13.06457,80.20601,,,0,,,Healthcare & Nursing Jobs,"Medical Coding is the process of converting Verbal Descriptions into numeric or alpha numeric by using ICD 10-CM, CPT and HCPCS. As per HIPAA rules healthcare providers need efficient Medical Coders. Any Life / Bio Science Graduates are eligible For Freshers Self Supportive Training will be provided. For More information please do call us on 97911 96983.",2026-08-10T06:45:22Z,https://www.adzuna.in/details/5835155411?utm_medium=api&utm_source=10d03a1b,Healthcare,medical coder
Adzuna,5536416285,Junior Associate Coding,Acurus Solutions,"Royapettah, Chennai","['India', 'Tamil Nadu', 'Chennai', 'Royapettah']",Chennai,13.0506,80.26475,,,0,,,Healthcare & Nursing Jobs,Summary As an Medical Coder Quality you will be assigning ICD and CPT codes based on the medical records provided following ICD and federal/Payor guidelines and client requirements for Evaluation and Management services/Emergency Department services What you'll do Perform activity involving the coding of medical records by ascribing accurate diagnosis codes as and CPT and ICD-10 Assign correct codes and perform edits as per correct coding initiative Proficient coding of outpatient/Inpatient cha…,2025-12-11T00:06:17Z,https://www.adzuna.in/details/5536416285?utm_medium=api&utm_source=10d03a1b,Healthcare,medical coder
Adzuna,5514651970,Medical Coding Quality Analyst,Acurus Solutions,"Royapettah, Chennai","['India', 'Tamil Nadu', 'Chennai', 'Royapettah']",Chennai,13.0506,80.26475,,,0,,,Healthcare & Nursing Jobs,Summary As an Medical Coder Quality you will be assigning ICD and CPT codes based on the medical records provided following ICD and federal/Payor guidelines and client requirements for Evaluation and Management services/Emergency Department services What you'll do Perform activity involving the coding of medical records by ascribing accurate diagnosis codes as and CPT and ICD-10 Assign correct codes and perform edits as per correct coding initiative Proficient coding of outpatient/Inpatient cha…,2025-11-26T22:26:15Z,https://www.adzuna.in/details/5514651970?utm_medium=api&utm_source=10d03a1b,Healthcare,medical coder
Adzuna,5786026790,Medical Coding Team Lead,Acurus Solutions,"Royapettah, Chennai","['India', 'Tamil Nadu', 'Chennai', 'Royapettah']",Chennai,13.0506,80.26475,,,0,,,Healthcare & Nursing Jobs,Summary As an Medical Coder Team Lead you will be Leading your team in assigning ICD and CPT codes based on the medical records provided following ICD and federal/Payor guidelines and client requirements for Evaluation and Management services/Emergency Department services What you'll do Perform activity involving the coding of medical records by ascribing accurate diagnosis codes as and CPT and ICD-10 Assign correct codes and perform edits as per correct coding initiative Proficient coding of o…,2026-07-03T02:54:05Z,https://www.adzuna.in/details/5786026790?utm_medium=api&utm_source=10d03a1b,Healthcare,medical coder
Adzuna,5799326569,Nutrition and Dietetics Graduates for Medical Coding with Training,Nestem Technologies,"Vadapalani, Chennai","['India', 'Tamil Nadu', 'Chennai', 'Vadapalani']",Chennai,13.06457,80.20601,,,0,,,Healthcare & Nursing Jobs,"MEDICAL CODING Medical Coding is the process of converting Verbal Descriptions(Dieseas, Injuries and Procedures) into numeric or alpha numeric by using ICD 10-CM, CPT and HCPCS. As per HIPAA rules healthcare providers need efficient Medical Coders. ELIGIBILITY UG / PG in Life Science, Medical, Paramedical, Dental, Pharmacy, physiotherapy, Nursing, Microbiology, Biochemistry, Biotechnology, Biology, Bio-Medical, Botony, Zoology, Bioinformatics, Genetics, BAMS, BHMS, BSMS, BNYS, BUMS, BEMS, Nutri…",2026-07-14T06:25:46Z,https://www.adzuna.in/details/5799326569?utm_medium=api&utm_source=10d03a1b,Healthcare,medical coder
Adzuna,4686703388,"Medical Coding (Zoology, Botony)",,"Chennai, Tamil Nadu","['India', 'Tamil Nadu', 'Chennai']",Chennai,13.06041,80.24963,,,0,,,Scientific & QA Jobs,"ABOUT US Nestem Technologies is ISO 9001:2015 Certified and Govt Registered Leading Healthcare BPO Service provider. Medical Coding Job offered For US Healthcare BPO. MEDICAL CODING Medical Coding is the process of converting Verbal Descriptions into numeric or alpha numeric by using ICD 10-CM, CPT and HCPCS. As per HIPAA rules healthcare providers need efficient Medical Coders. ELIGIBILITY UG / PG in Life Science, Medical, Paramedical, Dental, Pharmacy, physiotherapy, Nursing, Microbiology, Bi…",2024-05-10T07:38:39Z,https://www.adzuna.in/details/4686703388?utm_medium=api&utm_source=10d03a1b,Healthcare,medical coder
Adzuna,4686704357,Medical Coding Microbiology,,"Chennai, Tamil Nadu","['India', 'Tamil Nadu', 'Chennai']",Chennai,13.06041,80.24963,,,0,,,Scientific & QA Jobs,"ABOUT US Nestem Technologies is ISO 9001:2015 Certified and Govt Registered Leading Healthcare BPO Service provider. Medical Coding Job offered For US Healthcare BPO. MEDICAL CODING Medical Coding is the process of converting Verbal Descriptions into numeric or alpha numeric by using ICD 10-CM, CPT and HCPCS. As per HIPAA rules healthcare providers need efficient Medical Coders. ELIGIBILITY UG / PG in Life Science, Medical, Paramedical, Dental, Pharmacy, physiotherapy, Nursing, Microbiology, Bi…",2024-05-10T07:38:47Z,https://www.adzuna.in/details/4686704357?utm_medium=api&utm_source=10d03a1b,Healthcare,medical coder
Adzuna,5737249632,"Supervisor, Emergency Medicine Coding","Ventra Health, Inc.","Ekkaduthangal, Chennai","['India', 'Tamil Nadu', 'Chennai', 'Ekkaduthangal']",Chennai,13.01517,80.21354,,,0,,full_time,IT Jobs,"Ventra is a leading business solutions provider for facility-based physicians practicing anesthesia, emergency medicine, hospital medicine, pathology, and radiology. Focused on Revenue Cycle Management, Ventra partners with private practices, hospitals, health systems, and ambulatory surgery centers to deliver transparent and data-driven solutions that solve the most complex revenue and reimbursement issues, enabling clinicians to focus on providing outstanding care to their patients and commun…",2026-05-22T09:59:22Z,https://www.adzuna.in/details/5737249632?utm_medium=api&utm_source=10d03a1b,Healthcare,medical coder
Adzuna,5737249662,"Supervisor, Coding (Emergency Department)","Ventra Health, Inc.","Injambakkam, Chennai","['India', 'Tamil Nadu', 'Chennai', 'Injambakkam']",Chennai,12.96853,80.24305,,,0,,full_time,IT Jobs,"Ventra is a leading business solutions provider for facility-based physicians practicing anesthesia, emergency medicine, hospital medicine, pathology, and radiology. Focused on Revenue Cycle Management, Ventra partners with private practices, hospitals, health systems, and ambulatory surgery centers to deliver transparent and data-driven solutions that solve the most complex revenue and reimbursement issues, enabling clinicians to focus on providing outstanding care to their patients and commun…",2026-05-22T09:59:23Z,https://www.adzuna.in/details/5737249662?utm_medium=api&utm_source=10d03a1b,Healthcare,medical coder
Adzuna,5814984911,"Supervisor, Coding","Ventra Health, Inc.","Ekkaduthangal, Chennai","['India', 'Tamil Nadu', 'Chennai', 'Ekkaduthangal']",Chennai,13.01517,80.21354,,,0,,full_time,IT Jobs,"Ventra is a leading business solutions provider for facility-based physicians practicing anesthesia, emergency medicine, hospital medicine, pathology, and radiology. Focused on Revenue Cycle Management, Ventra partners with private practices, hospitals, health systems, and ambulatory surgery centers to deliver transparent and data-driven solutions that solve the most complex revenue and reimbursement issues, enabling clinicians to focus on providing outstanding care to their patients and commun…",2026-07-25T10:41:44Z,https://www.adzuna.in/details/5814984911?utm_medium=api&utm_source=10d03a1b,Healthcare,medical coder
Adzuna,5787161825,Medical Coding Team Lead,Akido,"Chennai, Tamil Nadu","['India', 'Tamil Nadu', 'Chennai']",Chennai,13.06041,80.24963,,,0,,,IT Jobs,"Job Summary: The Team Lead – Medical Coding is responsible for overseeing coding operations, ensuring high accuracy, compliance with coding guidelines, and optimal team performance. The role focuses on delivering high-quality coding output, managing audits, and maintaining adherence to industry standards such as ICD-10-CM, ICD-10-PCS, CPT, and HCPCS. The candidate must possess strong analytical skills and demonstrate expertise in accurately coding medical records, including E&M (Outpatient and …",2026-07-04T02:26:07Z,https://www.adzuna.in/details/5787161825?utm_medium=api&utm_source=10d03a1b,Healthcare,medical coder
Adzuna,4686703351,Medical Coding Jobs,,"Chennai, Tamil Nadu","['India', 'Tamil Nadu', 'Chennai']",Chennai,13.06041,80.24963,,,0,,,Healthcare & Nursing Jobs,"ABOUT US Nestem Technologies is ISO 9001:2015 Certified and Govt Registered Leading Healthcare BPO Service provider. Medical Coding Job offered For US Healthcare BPO. MEDICAL CODING Medical Coding is the process of converting Verbal Descriptions into numeric or alpha numeric by using ICD 10-CM, CPT and HCPCS. As per HIPAA rules healthcare providers need efficient Medical Coders. ELIGIBILITY UG / PG in Life Science, Medical, Paramedical, Dental, Pharmacy, physiotherapy, Nursing, Microbiology, Bi…",2024-05-10T07:38:39Z,https://www.adzuna.in/details/4686703351?utm_medium=api&utm_source=10d03a1b,Healthcare,medical coder
Adzuna,5814703740,Medical Coding For Life Science Graduates Chennai,Nestem Technologies,"Chennai, Tamil Nadu","['India', 'Tamil Nadu', 'Chennai']",Chennai,13.06041,80.24963,,,0,,,Scientific & QA Jobs,"ABOUT US Nestem Technologies is ISO 9001:2015 Certified and Govt Registered Leading Healthcare BPO Service provider. Medical Coding Job offered For US Healthcare BPO. MEDICAL CODING Medical Coding is the process of converting Verbal Descriptions into numeric or alpha numeric by using ICD 10-CM, CPT and HCPCS. As per HIPAA rules healthcare providers need efficient Medical Coders. ELIGIBILITY UG / PG in Life Science, Medical, Paramedical, Dental, Pharmacy, physiotherapy, Nursing, Microbiology, Bi…",2026-07-25T06:30:47Z,https://www.adzuna.in/details/5814703740?utm_medium=api&utm_source=10d03a1b,Healthcare,medical coder
Adzuna,5700500121,Medical Coding - OP,R1,"Chennai, Tamil Nadu","['India', 'Tamil Nadu', 'Chennai']",Chennai,13.06041,80.24963,,,0,,full_time,Healthcare & Nursing Jobs,"R1 RCM India is proud to be recognized amongst India's Top 50 Best Companies to Work For™ 2023 by Great Place To Work® Institute. We are committed to transforming the healthcare industry with our innovative revenue cycle management services. Our goal is to ‘make healthcare simpler’ and enable efficiency for healthcare systems, hospitals, and physician practices. With over 30,000 employees globally, we are about 14,000 strong in India with offices in Delhi NCR, Hyderabad, Bangalore, and Chennai.…",2026-04-16T01:59:03Z,https://www.adzuna.in/details/5700500121?utm_medium=api&utm_source=10d03a1b,Healthcare,medical coder
Adzuna,5566751996,Medical Coding - OP,R1 RCM,"Chennai, Tamil Nadu","['India', 'Tamil Nadu', 'Chennai']",Chennai,13.06041,80.24963,,,0,,,Healthcare & Nursing Jobs,"R1 RCM India is proud to be recognized amongst India's Top 50 Best Companies to Work For 2023 by Great Place To Work® Institute. We are committed to transforming the healthcare industry with our innovative revenue cycle management services. Our goal is to 'make healthcare simpler' and enable efficiency for healthcare systems, hospitals, and physician practices. With over 30,000 employees globally, we are about 14,000 strong in India with offices in Delhi NCR, Hyderabad, Bangalore, and Chennai. …",2026-01-04T09:07:37Z,https://www.adzuna.in/details/5566751996?utm_medium=api&utm_source=10d03a1b,Healthcare,medical coder
Adzuna,5757658098,Medical Coding - OP Chennai,R1,"Chennai, Tamil Nadu","['India', 'Tamil Nadu', 'Chennai']",Chennai,13.06041,80.24963,,,0,,full_time,Healthcare & Nursing Jobs,"About US: R1 is a leading provider of technology-driven solutions that help hospitals and health systems to manage their financial systems and improve patients’ experience. We are the one company that combines the deep expertise of a global workforce of revenue cycle professionals with the industry's most advanced technology platform, encompassing sophisticated analytics, Al, intelligent automation and workflow orchestration. R1 is a place where we think boldly to create opportunities for every…",2026-06-10T02:50:00Z,https://www.adzuna.in/details/5757658098?utm_medium=api&utm_source=10d03a1b,Healthcare,medical coder
Adzuna,5464941866,Medical Coding - OP Chennai,R1 RCM,"Chennai, Tamil Nadu","['India', 'Tamil Nadu', 'Chennai']",Chennai,13.06041,80.24963,,,0,,,Healthcare & Nursing Jobs,"About US: R1 is a leading provider of technology-driven solutions that help hospitals and health systems to manage their financial systems and improve patients' experience. We are the one company that combines the deep expertise of a global workforce of revenue cycle professionals with the industry's most advanced technology platform, encompassing sophisticated analytics, Al, intelligent automation and workflow orchestration. R1 is a place where we think boldly to create opportunities for every…",2025-10-26T11:06:53Z,https://www.adzuna.in/details/5464941866?utm_medium=api&utm_source=10d03a1b,Healthcare,medical coder
Adzuna,4801530320,Graduate And UG Jobs,I.T. Solutions,"Madurai, Tamil Nadu","['India', 'Tamil Nadu', 'Madurai']",Madurai,9.91051,78.1158,,,0,,full_time,Graduate Jobs,"Greeting Of The Day. Urgent Need For Following Profile. For More Details Send Your Resume On Whats-App (96430-65387 ) Hr Team Management Group (A) HR Executive/HR Manager/Asst Manager/Admin Executive/Admin Manager/ Project Manager, Management Trainee, Business Executive, Management Executive, Management Trainee (MBA’s , Hotel Management Admin), Team Leader, Supervisor/ Purchase Executive/ Warehouse Executive/ Banking/ Event Manager/ Process Executive / Recruiting Executive/ Web Designer / Graph…",2024-07-31T03:13:31Z,https://www.adzuna.in/details/4801530320?utm_medium=api&utm_source=10d03a1b,Healthcare,doctor
Adzuna,5820579863,Wanted General Practioner For Saudi Arabia,Resolve,"Madurai, Tamil Nadu","['India', 'Tamil Nadu', 'Madurai']",Madurai,9.91051,78.1158,,,0,,,Teaching Jobs,"Requirement for Remote Healthcare Professionals in Eastern Region under Tamken Requirements Only Male Candidate Nationality: Indian Qualification: MBBS with minimum 3yrs of experience Salary :16000 SAR OT Role: General Physician Industry Type: Education / Training Department: Healthcare & Life Sciences Employment Type: Full Time, Permanent Role Category: Doctor Education UG: MBBS in Medicine Skills: Medicine Experience: 3.00-7.00 Years",2026-07-30T07:27:58Z,https://www.adzuna.in/details/5820579863?utm_medium=api&utm_source=10d03a1b,Healthcare,doctor
Adzuna,5836846671,"IT, AI & Digital Media Executive",GKF,"Madurai South, Madurai","['India', 'Tamil Nadu', 'Madurai', 'Madurai South']",Madurai,9.91995,78.087,30000.0,30000.0,0,,full_time,IT Jobs,"Job Summary: We are looking for a skilled and creative IT, AI & Digital Media Executive to manage the foundation’s website, social media platforms and digital communication activities. The candidate will be responsible for maintaining online content, creating engaging digital materials, using AI-based tools and providing basic technical support for digital platforms. Key Responsibilities * Manage, maintain and regularly update the foundation website with accurate information, including foundati…",2026-08-11T20:59:00Z,https://www.adzuna.in/details/5836846671?utm_medium=api&utm_source=10d03a1b,Healthcare,doctor
Adzuna,5828376094,Regional Manager - Theni,Nvron Life science Limited,"Peraiyur, Madurai","['India', 'Tamil Nadu', 'Madurai', 'Peraiyur']",Madurai,10.0453,77.49195,15000.0,20000.0,0,permanent,full_time,Sales Jobs,"Regional Manager - Pharmaceutical Sales Location: Theni, Tamilnadu Employment Type: Full-time Experience: 5 Years Salary: 25- 35 K (Based on Experience) Job Summary We are seeking an experienced and results-oriented Regional Manager to lead pharmaceutical sales operations across the assigned region. The ideal candidate will be responsible for driving regional sales growth, managing and mentoring sales teams, expanding market presence, and building strong relationships with healthcare profession…",2026-08-05T04:54:07Z,https://www.adzuna.in/details/5828376094?utm_medium=api&utm_source=10d03a1b,Healthcare,doctor
Adzuna,5843891800,Area Manager - Theni,Nvron Life science Limited,"Peraiyur, Madurai","['India', 'Tamil Nadu', 'Madurai', 'Peraiyur']",Madurai,10.0453,77.49195,,,0,permanent,full_time,Sales Jobs,"Area Manager - Pharmaceutical Sales Location: Theni, Tamil Nadu Employment Type: Full-time Experience: 1-3 Years Salary: ₹20,000 - ₹30,000 per month We are looking for an experienced and results-driven Area Manager to lead pharmaceutical sales operations in the Theni region. The ideal candidate will be responsible for achieving sales targets, managing territory performance, building strong relationships with healthcare professionals, and driving business growth. Key Responsibilities Achieve are…",2026-08-16T08:54:52Z,https://www.adzuna.in/details/5843891800?utm_medium=api&utm_source=10d03a1b,Healthcare,doctor
Adzuna,5840603483,Area Manager - Madurai,Fishmanhealthcare,"Melur, Madurai","['India', 'Tamil Nadu', 'Madurai', 'Melur']",Madurai,9.91051,78.1158,30000.0,2000000.0,0,permanent,full_time,Sales Jobs,"Area Manager - Pharmaceutical Sales Location: Tirupur, Tamil Nadu Employment Type: Full-time Experience: 1-3 Years Salary: ₹20,000 - ₹30,000 per month We are looking for an experienced and results-driven Area Manager to lead pharmaceutical sales operations in the Madurai region. The ideal candidate will be responsible for achieving sales targets, managing territory performance, building strong relationships with healthcare professionals, and driving business growth. Key Responsibilities Achieve…",2026-08-13T23:10:54Z,https://www.adzuna.in/details/5840603483?utm_medium=api&utm_source=10d03a1b,Healthcare,doctor
Adzuna,5838756863,Regional Manager - Madurai,Fishmanhealthcare,"Melur, Madurai","['India', 'Tamil Nadu', 'Madurai', 'Melur']",Madurai,9.91051,78.1158,35000.0,2500000.0,0,permanent,full_time,Sales Jobs,"Regional Manager - Pharmaceutical Sales Location: Madurai, Tamilnadu Employment Type: Full-time Experience: 5 Years Salary: 25- 35 K (Based on Experience) Job Summary We are seeking an experienced and results-oriented Regional Manager to lead pharmaceutical sales operations across the assigned region. The ideal candidate will be responsible for driving regional sales growth, managing and mentoring sales teams, expanding market presence, and building strong relationships with healthcare professi…",2026-08-13T03:01:51Z,https://www.adzuna.in/details/5838756863?utm_medium=api&utm_source=10d03a1b,Healthcare,doctor
Adzuna,5830416661,Physician MD General Medicine or equivalent,Grace Kennett Foundation Hospital,"Madurai, Tamil Nadu","['India', 'Tamil Nadu', 'Madurai']",Madurai,9.91051,78.1158,,,0,,,Healthcare & Nursing Jobs,"MBBS with MD (General Medicine) or equivalent qualification Valid medical registration Strong clinical judgment and a collaborative approach to patient care Genuine interest in working within a mission-driven healthcare institution If you're looking for a role that offers clinical depth, manageable hours, and a workplace with real institutional purpose, we'd love to hear from you.",2026-08-06T17:50:17Z,https://www.adzuna.in/land/ad/5830416661?se=MBhz04ac8RGgd9X26G9YQA&utm_medium=api&utm_source=10d03a1b&v=DAA341BFE8F0847FB49BFC1C0EE6F89A69C153C8,Healthcare,general physician
Adzuna,5820579860,Medical Coder & Transcription Trainee Executive For Freshers,Resolve,"Madurai, Tamil Nadu","['India', 'Tamil Nadu', 'Madurai']",Madurai,9.91051,78.1158,,,0,,,Scientific & QA Jobs,"Medical Coding is the process of converting Verbal Descriptions into numeric or alpha numeric by using ICD 10-CM, CPT && HCPCS. As per HIPAA rules healthcare providers need efficient Medical Coders. Qualification & Specifications : MBBS,BDS,BHMS,BAMS,BSMS,PHARMACYB.Sc/M.Sc (Life Sciences / Biology / Bio Chemistry / Micro Biology / Nursing / Bio Technology), B.P.T, B.E BIOMEDIAL, B.Tech (Biotechnology/Bio Chemistry). 2021 -2025 passed out Skills Required: Candidates should have Good Communicatio…",2026-07-30T07:27:58Z,https://www.adzuna.in/details/5820579860?utm_medium=api&utm_source=10d03a1b,Healthcare,clinical
Adzuna,5841755308,German Teacher,Eurocas,"Madurai, Tamil Nadu","['India', 'Tamil Nadu', 'Madurai']",Madurai,9.91051,78.1158,,,0,,,Teaching Jobs,"About EUROCAS EUROCAS helps nurses, physiotherapists, occupational therapists, and students prepare for education, training, and professional opportunities in Germany through structured German language training and career support. Position: German Language Trainer Location: Madurai Work Mode: Offline Vacancies: 2 Key Responsibilities: Conduct A1–B2 German language training. Prepare candidates for German language examinations. Develop speaking, grammar, vocabulary, and communication skills. T…",2026-08-14T16:34:27Z,https://www.adzuna.in/land/ad/5841755308?se=0HY92Iac8RGwBe63zKMEtw&utm_medium=api&utm_source=10d03a1b&v=4EE80CA568651E9C0E44F7DD6BACF8866574DD26,Healthcare,healthcare
Adzuna,5801395771,Key Account Manager,Biotech Healthcare,"Madurai, Tamil Nadu","['India', 'Tamil Nadu', 'Madurai']",Madurai,9.91051,78.1158,,,0,,,Sales Jobs,"Job Description Job Title: Key Account Manager Segment: Surgical Ophthalmology (Intraocular Lens Portfolio) Division: Chain of Hospitals HQ: Madurai Covering Area: South Tamil Nadu Experience Required: 5–10 Years Industry Preference: Ophthalmic-Surgical / Ophthalmic-Pharma Role Objective: A key objective of this position is to drive sales growth by retaining and expanding relationships with selected key accounts , encouraging repeat purchases and brand loyalty and increasing the usage and upgra…",2026-07-15T22:26:29Z,https://www.adzuna.in/land/ad/5801395771?se=0HY92Iac8RGwBe63zKMEtw&utm_medium=api&utm_source=10d03a1b&v=7D209C1CCA4AE5FEEC76DF86BB57EA216239ABF6,Healthcare,healthcare
Adzuna,3890925006,Business Development Executive,Svastanibhanda Medical Technologies PvtLtd,"Madurai, Tamil Nadu","['India', 'Tamil Nadu', 'Madurai']",Madurai,9.91051,78.1158,200000.0,400000.0,0,,full_time,Sales Jobs,"Bachelor’s or Master’s Degree in any discipline Geographical Flexibility 2 – 3 years experience in Pharma or Healthcare sales experience with a demonstrated performance track record. Freshers can also apply. (Experience in Software and EHRs sales is a Plus) Passion for sales/business development of new products and drive to succeed. Strong in relationship building, client connection and grass root business development. Responsible, self-motivated and able to work independently. Excellent interp…",2023-02-01T08:56:20Z,https://www.adzuna.in/details/3890925006?utm_medium=api&utm_source=10d03a1b,Healthcare,healthcare
Adzuna,5845819831,Sales Development Representative Inside Sales,Linkedin,"Madurai, Tamil Nadu","['India', 'Tamil Nadu', 'Madurai']",Madurai,9.91051,78.1158,,,0,,,Sales Jobs,Aelum Consulting is a leading ServiceNow Partner helping global enterprises accelerate their digital transformation journey through innovative workflow automation and enterprise solutions With a growing presence across India Germany the United States and Saudi Arabia we deliver consulting implementation managed services and ServiceNow licensing solutions to enterprise customers across multiple industries As we continue to expand globally were looking for passionate and driven Sales Development …,2026-08-18T07:15:40Z,https://www.adzuna.in/details/5845819831?utm_medium=api&utm_source=10d03a1b,Healthcare,healthcare
Adzuna,5040652538,Data QA Specialist,YipitData,"Madurai, Tamil Nadu","['India', 'Tamil Nadu', 'Madurai']",Madurai,9.91051,78.1158,,,0,,,Accounting & Finance Jobs,"About Us: YipitData is the market-leading data and analytics firm. We analyze billions of data points every day to provide accurate, detailed insights across industries, including consumer brands, technology, software, and healthcare. Our insights team uses proprietary technology to identify, license, clean, and analyze the data that many of the worlds largest investment funds and corporations depend on. We raised $475M from The Carlyle Group at a valuation over $1B, further accelerating our gr…",2025-02-07T11:21:48Z,https://www.adzuna.in/details/5040652538?utm_medium=api&utm_source=10d03a1b,Healthcare,healthcare
Adzuna,5816436744,Associate Engineer Development,Aptean India,"Madurai, Tamil Nadu","['India', 'Tamil Nadu', 'Madurai']",Madurai,9.91051,78.1158,,,0,,full_time,IT Jobs,"Overview JOB IDENTIFICATION FUNCTION: R&D JOB LEVEL: B JOB TITLE: Engineer, Development REPORTS TO Full line: Senior Manager, R&D Dotted line: NA GENERAL JOB SUMMARY (1 paragraph overview describing the primary function and focus of this position) The Development Engineer is responsible for development tasks such as requirement analysis, designing, coding and debugging, release & deployment by utilizing standard concepts and principles. Operating as a fully contributing team member under broad …",2026-07-26T15:55:47Z,https://www.adzuna.in/details/5816436744?utm_medium=api&utm_source=10d03a1b,Healthcare,healthcare
Adzuna,4704085579,Senior Developer - CRM & Integrations,AVN Arogya Healthcare Private Limited,"Madurai, Tamil Nadu","['India', 'Tamil Nadu', 'Madurai']",Madurai,9.91051,78.1158,700000.0,1200000.0,0,,full_time,IT Jobs,"Job Title: Software Developer - CRM and Integrations Why join us : AVN Arogya, an Ayurvedic company established in 1930, is currently managed by the 4th generation of the founding family. Our mission is to take Ayurveda to the masses by leveraging cutting-edge technology. We are looking for a talented and driven Software Developer to join our team in Madurai, Tamil Nadu, India. This role has high potential and could lead to a leadership position within our tech team. Primary Responsibilities: 1…",2024-05-23T06:57:27Z,https://www.adzuna.in/details/4704085579?utm_medium=api&utm_source=10d03a1b,Healthcare,healthcare
Adzuna,5838134352,Interior Project Coordinator,HealthSy Pharmacy,"Coimbatore, Tamil Nadu","['India', 'Tamil Nadu', 'Coimbatore']",Coimbatore,11.017171,77.100203,,,0,,,Retail Jobs,"Company Description: HealthSy Pharmacy is a nationwide retail pharmacy chain committed to redefining the pharmacy experience — with medicines always in stock, courteous and professional staff, and complete transparency with no unwanted substitutions. Beyond retail, our stores are designed for genuine customer care, featuring facilities like an in-house clinic with a doctor, a baby care room, and comfortable waiting areas — making healthcare accessible, reliable, and welcoming. Role Summary We a…",2026-08-12T16:16:50Z,https://www.adzuna.in/land/ad/5838134352?se=Drp23Iac8RGhArhxtbtVlg&utm_medium=api&utm_source=10d03a1b&v=95A432166F92630229DFAA88AE0BB76F9A321EC5,Healthcare,doctor
Adzuna,5706800394,Medical Executive - Prescription,Boolean Staffing Recruitment Solutions Pvt Ltd,"Coimbatore, Tamil Nadu","['India', 'Tamil Nadu', 'Coimbatore']",Coimbatore,11.017171,77.100203,320000.0,450000.0,0,,,Sales Jobs,"Job Details: Designation: Medical Executive (ME) Business Type: Prescription-Based (Doctor-focused) Role Objective: We are looking for dynamic and result-oriented Medical Executives with experience in injectable (injection-based) pharmaceutical products. The candidate will be responsible for promoting products to doctors, generating prescriptions, and driving business growth in the assigned territory. Key Responsibilities: Promote injectable products to doctors, hospitals, and clinics Generate …",2026-04-22T08:55:34Z,https://www.adzuna.in/details/5706800394?utm_medium=api&utm_source=10d03a1b,Healthcare,doctor
Adzuna,5820579842,Wanted Male/Female Internal Medicine Specialist,Resolve,"Coimbatore, Tamil Nadu","['India', 'Tamil Nadu', 'Coimbatore']",Coimbatore,11.017171,77.100203,,,0,,,Healthcare & Nursing Jobs,"Wanted Male/Female Internal Medicine Specialist Qualification: Masters in respective Specialization Females should be married 3years of experience with Medical License Department: Internal Medicine Salary: 5000-6500 USD Benefits: Food, Tranportation and Accomodation will be provided Role: Doctor - Other Industry Type: Education / Training Department: Healthcare & Life Sciences Employment Type: Full Time, Permanent Role Category: Doctor Education PG: Medical-MS/MD Skills: Medicine Experience: 3.…",2026-07-30T07:27:57Z,https://www.adzuna.in/details/5820579842?utm_medium=api&utm_source=10d03a1b,Healthcare,doctor
Adzuna,5820579843,Wanted Male/ Female Senior Cardiac Anesthesia & ICU Specialist,Resolve,"Coimbatore, Tamil Nadu","['India', 'Tamil Nadu', 'Coimbatore']",Coimbatore,11.017171,77.100203,,,0,,,Healthcare & Nursing Jobs,"Wanted Male/Female Internal Medicine Specialist Qualification: Masters in respective Specialization Females should be married 3years of experience with Medical License Department: Internal Medicine Salary: 5000-6500 USD Benefits: Food, Tranportation and Accomodation will be provided Role: Doctor - Other Industry Type: Education / Training Department: Healthcare & Life Sciences Employment Type: Full Time, Permanent Role Category: Doctor Education PG: Medical-MS/MD Skills: cardiac anesthesia Expe…",2026-07-30T07:27:57Z,https://www.adzuna.in/details/5820579843?utm_medium=api&utm_source=10d03a1b,Healthcare,doctor
Adzuna,5820579841,Wanted Male/Female Chief Medical Officer,Resolve,"Coimbatore, Tamil Nadu","['India', 'Tamil Nadu', 'Coimbatore']",Coimbatore,11.017171,77.100203,,,0,,,Healthcare & Nursing Jobs,"Wanted Male/Female Internal Medicine Specialist Qualification: Masters in respective Specialization Females should be married 3years of experience with Medical License Department: Internal Medicine Salary: 5000-6500 USD Benefits: Food, Tranportation and Accomodation will be provided Role: Doctor - Other Industry Type: Education / Training Department: Healthcare & Life Sciences Employment Type: Full Time, Permanent Role Category: Doctor Education PG: Medical-MS/MD Skills: Medicine Experience: 3.…",2026-07-30T07:27:57Z,https://www.adzuna.in/details/5820579841?utm_medium=api&utm_source=10d03a1b,Healthcare,doctor
Adzuna,5845321009,Biomedical Sales Engineer - Coimbatore,Empire Healthcare,"Coimbatore, Tamil Nadu","['India', 'Tamil Nadu', 'Coimbatore']",Coimbatore,11.017171,77.100203,,,0,permanent,full_time,Sales Jobs,Role Overview: Driving sales for Ultrasound and Laboratory equipment in the assigned territory. Responsibilities Meet sales targets for Mindray products. Build relationships with doctors and hospital administrators. Conduct product demonstrations and coordinate installations. Apply Now,2026-08-17T21:51:43Z,https://www.adzuna.in/details/5845321009?utm_medium=api&utm_source=10d03a1b,Healthcare,doctor
Adzuna,5329697052,Part Time/ Full Time Medical Officer (MBBS),PlexusMD,"Coimbatore, Tamil Nadu","['India', 'Tamil Nadu', 'Coimbatore']",Coimbatore,11.017171,77.100203,,,0,,full_time,Part time Jobs,"Looking for MBBS doctors at our Trust Hospital, 20 kms away from Coimbatore. Accommodation will be provided by the hospital. Knowledge of Tamil language is mandatory. The timings for full time are 10 AM to 6 PM and for part-time are 10 AM to 2 PM and 2 PM to 7 PM.",2025-07-31T17:02:12Z,https://www.adzuna.in/details/5329697052?utm_medium=api&utm_source=10d03a1b,Healthcare,doctor
Adzuna,5670392832,ANM Home Care Nurses,KG Healthcare Pivate Limited,"Coimbatore, Tamil Nadu","['India', 'Tamil Nadu', 'Coimbatore']",Coimbatore,11.017171,77.100203,200000.0,400000.0,0,,full_time,Healthcare & Nursing Jobs,"Key Responsibilities 1. Patient Care Provide basic nursing care to patients at home. Monitor and record vital signs such as temperature, pulse, respiration, and blood pressure. Assist patients with daily living activities including bathing, feeding, grooming, and mobility. Maintain patient hygiene and comfort . 2. Clinical Support Assist doctors or registered nurses in basic medical procedures. Administer medications as prescribed under supervision. Perform basic procedures such as dressing wou…",2026-03-18T11:27:16Z,https://www.adzuna.in/details/5670392832?utm_medium=api&utm_source=10d03a1b,Healthcare,doctor
Adzuna,5670392833,Nursing Assistant,KG Healthcare Pivate Limited,"Coimbatore, Tamil Nadu","['India', 'Tamil Nadu', 'Coimbatore']",Coimbatore,11.017171,77.100203,200000.0,500000.0,0,,full_time,Healthcare & Nursing Jobs,"Key Responsibilities 1. Patient Care Provide basic nursing care to patients at home. Monitor and record vital signs such as temperature, pulse, respiration, and blood pressure. Assist patients with daily living activities including bathing, feeding, grooming, and mobility. Maintain patient hygiene and comfort . 2. Clinical Support Assist doctors or registered nurses in basic medical procedures. Administer medications as prescribed under supervision. Perform basic procedures such as dressing wou…",2026-03-18T11:27:16Z,https://www.adzuna.in/details/5670392833?utm_medium=api&utm_source=10d03a1b,Healthcare,doctor
Adzuna,4801475280,Intern For Graduates,Hireviajobs,"Coimbatore, Tamil Nadu","['India', 'Tamil Nadu', 'Coimbatore']",Coimbatore,11.017171,77.100203,,,0,contract,full_time,Engineering Jobs,"Hiring For Hiring For Graduate Fresher . No. of opening 38 Share your updated resume on Whats-App (914274O895) HR Team. Management Group (A) HR Executive/HR Manager/Asst Manager/Admin Executive/Admin Manager/ Project Manager, Management Trainee, Business Executive, Management Executive, Management Trainee (MBA’s , Hotel Management & Admin), Team Leader, Supervisor. Finance Group (F) Finance /Accountant/ Account Assistant/Accounts Manager / Tax and Cost Executive/CA Intermediate /Charted Account…",2024-07-31T03:08:31Z,https://www.adzuna.in/details/4801475280?utm_medium=api&utm_source=10d03a1b,Healthcare,doctor
Adzuna,5824249759,Field Sales Officer - Healtheon Division || Diabetology,Glenmark Pharmaceuticals,"Coimbatore, Tamil Nadu","['India', 'Tamil Nadu', 'Coimbatore']",Coimbatore,11.017171,77.100203,,,0,permanent,full_time,Sales Jobs,"Job Description Glenmark Pharmaceuticals Ltd. is an innovation-driven global pharmaceutical company with a presence across the Specialty, Generics, and OTC businesses. It focuses on key therapeutic areas such as respiratory, dermatology, and oncology. The company operates 10 world-class manufacturing facilities across four continents and has a commercial presence in over 80 countries. Glenmark is ranked among the world’s top 100 biopharmaceutical companies (Top 100 Companies Ranked by Pharmaceu…",2026-08-01T21:34:51Z,https://www.adzuna.in/details/5824249759?utm_medium=api&utm_source=10d03a1b,Healthcare,doctor
Adzuna,5664889611,ASSISTANT PROFESSOR-COMPUTER SCIENCE,jk,"Coimbatore, Tamil Nadu","['India', 'Tamil Nadu', 'Coimbatore']",Coimbatore,11.017171,77.100203,200000.0,400000.0,0,,full_time,IT Jobs,"Job details: Fresher/Experience. Pay Scale : As per Norms. Location: Saravanampatti, Coimbatore. Core Qualifications Educational Background : A Bachelor’s and Master’s degree in Computer Science, IT, or a related engineering field. Eligibility Exams : Clearing the UGC-NET (National Eligibility Test) or SLET/SET (State Level Eligibility Test) is a standard requirement in India. Ph.D. Requirement : A Doctorate is often required for long-term career progression and is mandatory for certain univers…",2026-03-14T11:34:00Z,https://www.adzuna.in/details/5664889611?utm_medium=api&utm_source=10d03a1b,Healthcare,doctor
Adzuna,5796405346,Business Development Specialist,Impact Guru,"Coimbatore, Tamil Nadu","['India', 'Tamil Nadu', 'Coimbatore']",Coimbatore,11.017171,77.100203,,,0,,,Sales Jobs,"We are looking for driven Business Development who can on-board new Hospitals/Diagnostic Centres dealing with Cancer, Transplant, ICU, cardiac treatments in India and participate in efforts to increase new fundraisers for patients for funding critical illnesses. Responsibilities: - Partner with Doctors and Hospitals for regular patient referrals, - Create and manage digital fundraising campaigns for patients for crowdfunding, - Manage existing relationships with patients and client engagement i…",2026-07-11T07:18:07Z,https://www.adzuna.in/details/5796405346?utm_medium=api&utm_source=10d03a1b,Healthcare,doctor
Adzuna,5823107179,Bipap / Cpap - Medical Sales Representative,ABABIL HEALTHCARE,"Coimbatore, Tamil Nadu","['India', 'Tamil Nadu', 'Coimbatore']",Coimbatore,11.017171,77.100203,,,0,,,Sales Jobs,"Job Title: BiPAP / CPAP Sales Engineer Location: Coimbatore / madurai. Experience: 03 Years HR Name: Nithish / 9384825942. Job Description: We are looking for a dynamic and result-oriented Sales & Service Engineer for handling BiPAP and CPAP devices in the assigned territory. Key Responsibilities: Promote and sell BiPAP / CPAP machines in hospitals, sleep labs, and home care segments. Meet Pulmonologists, Intensivists, and Sleep Specialists for product promotion. Conduct product demonstrations …",2026-08-01T06:26:41Z,https://www.adzuna.in/details/5823107179?utm_medium=api&utm_source=10d03a1b,Healthcare,doctor
Adzuna,5847853383,Territory Business Manager | Derma Prime,Abbott,"Coimbatore, Tamil Nadu","['India', 'Tamil Nadu', 'Coimbatore']",Coimbatore,11.017171,77.100203,,,0,,,Sales Jobs,"Primary Job Function - Achieving assigned territory/ geography wise sales target - Carrying out effective field work without direct day-to-day supervision - Report field work in daily basis on assigned online system - Meeting Call Average, Coverage, Frequency coverage Norms of assigned division Core Job Responsibilities - Generate maximum prescriptions & increase market share - Promote the Division's products as per strategy - Relationship Building with the Stake holders (Doctors, Chemists, Sto…",2026-08-19T11:12:05Z,https://www.adzuna.in/details/5847853383?utm_medium=api&utm_source=10d03a1b,Healthcare,doctor
Adzuna,5781241886,Business Development Executive - Tamil Nadu,2coms,"Coimbatore South, Coimbatore","['India', 'Tamil Nadu', 'Coimbatore', 'Coimbatore South']",Coimbatore,10.9934,76.94325,0.0,200000.0,0,permanent,full_time,Sales Jobs,"Business Development Executive – Semi-Government Bank- Tamil Nadu Location: CHEYYAR, MADURAI ADB, KATPADI, KANDASAMYPURAM (Tuticorin), MAHAKAVI BHARATHI NAGAR, Peravurani, Krishnagiri, Fort Main Road, Salem Industry: Banking / Insurance / Financial Services Job Type: Full-Time | Branch Field Role Salary: ₹13,500 In-Hand Incentives Job Overview: Kick-start your career with a reputed Semi-Government Bank. We are hiring energetic graduates for a Business Development Executive role involving both…",2026-06-29T22:13:08Z,https://www.adzuna.in/details/5781241886?utm_medium=api&utm_source=10d03a1b,Healthcare,doctor
Adzuna,5828465313,Area Sales Manager - Trauma & Spine,Miraclus Orthotech Private Limited,"Coimbatore, Tamil Nadu","['India', 'Tamil Nadu', 'Coimbatore']",Coimbatore,11.017171,77.100203,,,0,permanent,full_time,Sales Jobs,"What You Will Be Doing Candidates from ORTHO IMPLANTS-TRAUMA are highly preferred. Plan monthly, weekly, and daily tour program & submit to RSM. Discuss & Execute jointly tour visit with RSM in the potential area for lead conversion. Prepare and deliver appropriate presentations on products, explain a product advantage/benefits, USP to doctors, surgeons, distributors and generate sales. Listen, understand doctors, surgeons, distributors problems and provide solutions. Timely address and escalat…",2026-08-05T05:37:12Z,https://www.adzuna.in/details/5828465313?utm_medium=api&utm_source=10d03a1b,Healthcare,doctor
Adzuna,1578632216,General Physician,TechUnity Software Systems India Pvt Ltd;,"Coimbatore, Tamil Nadu","['India', 'Tamil Nadu', 'Coimbatore']",Coimbatore,11.017171,77.100203,200000.0,500000.0,0,,full_time,Healthcare & Nursing Jobs,"Stay cure is looking for a responsible Physician to provide high quality medical care by examining patients and treating diseases. You must be very knowledgeable in regards to diseases, epidemiology and other medical conditions so you can interpret symptoms and diagnose conditions. The job can be demanding so a great deal of patience and physical endurance is required. Responsibilities: Conduct routine check-ups to patients to assess their health condition and discover possible issues Give appr…",2020-06-19T22:12:38Z,https://www.adzuna.in/details/1578632216?utm_medium=api&utm_source=10d03a1b,Healthcare,doctor
Adzuna,5788771855,Area Business Manager,Boolean Staffing Recruitment Solutions Pvt Ltd,"Coimbatore, Tamil Nadu","['India', 'Tamil Nadu', 'Coimbatore']",Coimbatore,11.017171,77.100203,600000.0,1000000.0,0,,,Sales Jobs,"Job Details: Designation: Area Business Manager (ABM) Job Location: Coimbatore Role Objective: We are looking for an experienced and result-oriented Area Business Manager to lead and grow the OTC business across South Kolkata. The candidate will be responsible for managing the entire territory through a retail-driven sales model, leading a field sales team, driving secondary sales, and ensuring strong coverage of chemists and retail outlets. Key Responsibilities: • Drive sales growth and achiev…",2026-07-05T10:16:47Z,https://www.adzuna.in/details/5788771855?utm_medium=api&utm_source=10d03a1b,Healthcare,doctor
Adzuna,5849239202,Area Manager - Perambalur,Veerix Biotech,"Coimbatore South, Coimbatore","['India', 'Tamil Nadu', 'Coimbatore', 'Coimbatore South']",Coimbatore,10.9934,76.94325,,,0,permanent,full_time,Sales Jobs,"Area Manager - Pharmaceutical Sales Location: Perambalur, Tamil Nadu Employment Type: Full-time Experience: 1-3 Years Salary: ₹20,000 - ₹30,000 per month We are looking for an experienced and results-driven Area Manager to lead pharmaceutical sales operations in the Perambalur region. The ideal candidate will be responsible for achieving sales targets, managing territory performance, building strong relationships with healthcare professionals, and driving business growth. Key Responsibilities A…",2026-08-20T08:56:53Z,https://www.adzuna.in/details/5849239202?utm_medium=api&utm_source=10d03a1b,Healthcare,doctor
Adzuna,5829382990,Dermatologist,Cynosure Corporate Solutions,"Coimbatore South, Coimbatore","['India', 'Tamil Nadu', 'Coimbatore', 'Coimbatore South']",Coimbatore,10.9934,76.94325,,,0,permanent,,Healthcare & Nursing Jobs,"We are seeking qualified Dermatologists to join as Chief Medical Officers across multiple locations in South India. The ideal candidate will provide expert dermatological consultations, diagnose and treat skin, hair, and nail conditions, perform dermatological procedures, and ensure high standards of patient care. Key Responsibilities: Diagnose and treat skin, hair, and nail disorders Perform dermatological and cosmetic procedures as required Provide patient consultations, treatment plans, and …",2026-08-06T00:50:34Z,https://www.adzuna.in/details/5829382990?utm_medium=api&utm_source=10d03a1b,Healthcare,medical officer
Adzuna,5831330726,Dermatologist,Cynosure Corporate Solutions,"Coimbatore, Tamil Nadu","['India', 'Tamil Nadu', 'Coimbatore']",Coimbatore,11.017171,77.100203,,,0,,,Healthcare & Nursing Jobs,"We are seeking qualified Dermatologists to join as Chief Medical Officers across multiple locations in South India. The ideal candidate will provide expert dermatological consultations, diagnose and treat skin, hair, and nail conditions, perform dermatological procedures, and ensure high standards of patient care. Key Responsibilities: Diagnose and treat skin, hair, and nail disorders Perform dermatological and cosmetic procedures as required Provide patient consultations, treatment plans, and …",2026-08-07T06:41:28Z,https://www.adzuna.in/details/5831330726?utm_medium=api&utm_source=10d03a1b,Healthcare,medical officer
Adzuna,5664889518,Physician Assistant-Tutor/Assistant Professor,jk,"Coimbatore, Tamil Nadu","['India', 'Tamil Nadu', 'Coimbatore']",Coimbatore,11.017171,77.100203,200000.0,500000.0,0,,full_time,Teaching Jobs,"Qualification: UG or PG(PA) with Relevant Clinical/Teaching Skills Location: Coimbatore Experience: Minimum 1year An Assistant Professor / Tutor in a Physician Assistant (PA) program works closely with students and faculty to teach clinical medicine, guide practical training, and support research. To succeed in this role, PA educators need a mix of medical knowledge, teaching ability, research skills, and interpersonal abilities . Here are the key skill categories: Teaching & Educational Skill…",2026-03-14T11:34:00Z,https://www.adzuna.in/details/5664889518?utm_medium=api&utm_source=10d03a1b,Healthcare,physician
Adzuna,5634174354,Tutor or Assistant Professor - Physicisn Assistant,jk,"Coimbatore, Tamil Nadu","['India', 'Tamil Nadu', 'Coimbatore']",Coimbatore,11.017171,77.100203,200000.0,400000.0,0,,full_time,Healthcare & Nursing Jobs,"Job Title: Tutor or Assistant Professor – Physician Assistant Department: Physician Assistant Institution Type: KGiSL Educational Institution Job Summary: The Assistant Professor – Physician Assistant will be responsible for teaching undergraduate students, conducting practical and clinical training sessions, guiding academic projects, and supporting departmental academic and research activities. The candidate should possess strong theoretical knowledge and hands-on clinical expertise in medica…",2026-02-18T11:45:55Z,https://www.adzuna.in/details/5634174354?utm_medium=api&utm_source=10d03a1b,Healthcare,physician
Adzuna,5812180347,Virtual Medical Scribe,Seyyone Group of Companies,"Coimbatore, Tamil Nadu","['India', 'Tamil Nadu', 'Coimbatore']",Coimbatore,11.017171,77.100203,,,0,,full_time,Healthcare & Nursing Jobs,"About The Role Join our team as a Virtual Medical Scribe. In this role, you will assist US-based physicians in real-time or near real-time, document patient encounters, enter patient history, and update Electronic Health Record (EHR) systems. Key Responsibilities Listen to real-time clinical encounters or audio recordings Accurately document clinical evaluations, diagnoses, prescriptions, and follow-up plans Navigate and update electronic charts during patient visits Ensure compliance with HIPA…",2026-07-23T15:54:19Z,https://www.adzuna.in/details/5812180347?utm_medium=api&utm_source=10d03a1b,Healthcare,physician
Adzuna,5779642813,Multispecialty Denial Coder,First source,"Coimbatore, Tamil Nadu","['India', 'Tamil Nadu', 'Coimbatore']",Coimbatore,11.017171,77.100203,,,0,,,IT Jobs,"Role & responsibilities 1. Denial Management & Analysis Review and analyze denied claims across multiple specialties. Identify root causes for denials (e.g., coding errors, documentation deficiencies, payer policies). Categorize denials based on common patterns (e.g., medical necessity, bundling issues, coding specificity). 2. Coding & Compliance Perform accurate medical coding for denied claims using ICD-10-CM, CPT, and HCPCS codes. Ensure coding compliance with CMS, payer guidelines, and HIPA…",2026-06-28T07:24:42Z,https://www.adzuna.in/details/5779642813?utm_medium=api&utm_source=10d03a1b,Healthcare,physician
Adzuna,5637396050,Tutor -Accidents and Emergency care technology,jk,"Coimbatore, Tamil Nadu","['India', 'Tamil Nadu', 'Coimbatore']",Coimbatore,11.017171,77.100203,200000.0,300000.0,0,,full_time,Healthcare & Nursing Jobs,"Job Title: Emergency Care Technologist / Accident & Emergency Care Technologist Institution: KGiSL Educational Institutions. Department: Allied Health Sciences / Emergency & Trauma Care Services Job Summary: We are seeking a skilled and dedicated Emergency Care Technologist to provide immediate and critical care support in emergency and trauma situations. The candidate will assist emergency physicians and healthcare teams in the rapid assessment, stabilization, and management of patients with a…",2026-02-20T11:39:54Z,https://www.adzuna.in/details/5637396050?utm_medium=api&utm_source=10d03a1b,Healthcare,physician
Adzuna,5727130479,Urgent Hiring (Staff Nurse),Green Apple HR Solutions,"Coimbatore, Tamil Nadu","['India', 'Tamil Nadu', 'Coimbatore']",Coimbatore,11.017171,77.100203,,,0,,full_time,Healthcare & Nursing Jobs,"Job Description: Abhasa Rehab & Wellness is seeking a dedicated and compassionate Staff Nurse to join our team. As a Staff Nurse, you will play a crucial role in providing high- quality patient care, promoting wellness, and assisting in the rehabilitation process. The ideal candidate should have strong clinical skills, excellent communication abilities, and a genuine passion for helping individuals on their path to recovery. Responsibilities: 1. Patient Care: Provide direct patient care, includ…",2026-05-13T02:03:41Z,https://www.adzuna.in/details/5727130479?utm_medium=api&utm_source=10d03a1b,Healthcare,physician
Adzuna,5806895742,Coding Denials Specialist,"Ventra Health, Inc.","Coimbatore, Tamil Nadu","['India', 'Tamil Nadu', 'Coimbatore']",Coimbatore,11.017171,77.100203,,,0,contract,full_time,IT Jobs,"Ventra is a leading business solutions provider for facility-based physicians practicing anesthesia, emergency medicine, hospital medicine, pathology, and radiology. Focused on Revenue Cycle Management, Ventra partners with private practices, hospitals, health systems, and ambulatory surgery centers to deliver transparent and data-driven solutions that solve the most complex revenue and reimbursement issues, enabling clinicians to focus on providing outstanding care to their patients and commun…",2026-07-19T10:35:01Z,https://www.adzuna.in/details/5806895742?utm_medium=api&utm_source=10d03a1b,Healthcare,physician
Adzuna,5847067190,BPO Medical Records Coding Associate,NTT DATA North America,"Coimbatore, Tamil Nadu","['India', 'Tamil Nadu', 'Coimbatore']",Coimbatore,11.017171,77.100203,,,0,permanent,full_time,Admin Jobs,"In these roles, you will be responsible for: Coding and abstracting information from provider patient medical records and hospital ancillary records per facility and/or state requirements. Assigning appropriate billing codes based on medical documentation using CPT-4 and/or ICD-9 coding guidelines. Querying physicians when code assignments are not straightforward or documentation in the record is inadequate, ambiguous or unclear for coding purposes. Monitoring unbilled accounts report for outst…",2026-08-18T21:52:15Z,https://www.adzuna.in/details/5847067190?utm_medium=api&utm_source=10d03a1b,Healthcare,physician
Adzuna,5813407334,Anesthesia Charge Import Coding Specialist,"Ventra Health, Inc.","Coimbatore, Tamil Nadu","['India', 'Tamil Nadu', 'Coimbatore']",Coimbatore,11.017171,77.100203,,,0,,full_time,Healthcare & Nursing Jobs,"Ventra is a leading business solutions provider for facility-based physicians practicing anesthesia, emergency medicine, hospital medicine, pathology, and radiology. Focused on Revenue Cycle Management, Ventra partners with private practices, hospitals, health systems, and ambulatory surgery centers to deliver transparent and data-driven solutions that solve the most complex revenue and reimbursement issues, enabling clinicians to focus on providing outstanding care to their patients and commun…",2026-07-24T10:48:18Z,https://www.adzuna.in/details/5813407334?utm_medium=api&utm_source=10d03a1b,Healthcare,physician
Adzuna,5517103052,Correspondence Posting Specialist Trainee,"Ventra Health, Inc.","Navi Mumbai, Maharashtra","['India', 'Maharashtra', 'Navi Mumbai']",Coimbatore,11.017171,77.100203,,,0,,full_time,Healthcare & Nursing Jobs,"Ventra is a leading business solutions provider for facility-based physicians practicing anesthesia, emergency medicine, hospital medicine, pathology, and radiology. Focused on Revenue Cycle Management, Ventra partners with private practices, hospitals, health systems, and ambulatory surgery centers to deliver transparent and data-driven solutions that solve the most complex revenue and reimbursement issues, enabling clinicians to focus on providing outstanding care to their patients and commun…",2025-11-28T04:50:50Z,https://www.adzuna.in/details/5517103052?utm_medium=api&utm_source=10d03a1b,Healthcare,physician
Adzuna,5843961068,Payment Posting Specialist,"Ventra Health, Inc.","Coimbatore, Tamil Nadu","['India', 'Tamil Nadu', 'Coimbatore']",Coimbatore,11.017171,77.100203,,,0,,full_time,Healthcare & Nursing Jobs,"Ventra is a leading business solutions provider for facility-based physicians practicing anesthesia, emergency medicine, hospital medicine, pathology, and radiology. Focused on Revenue Cycle Management, Ventra partners with private practices, hospitals, health systems, and ambulatory surgery centers to deliver transparent and data-driven solutions that solve the most complex revenue and reimbursement issues, enabling clinicians to focus on providing outstanding care to their patients and commun…",2026-08-16T11:09:52Z,https://www.adzuna.in/details/5843961068?utm_medium=api&utm_source=10d03a1b,Healthcare,physician
Adzuna,5844919915,Coding Specialist,"Ventra Health, Inc.","Coimbatore, Tamil Nadu","['India', 'Tamil Nadu', 'Coimbatore']",Coimbatore,11.017171,77.100203,,,0,,full_time,IT Jobs,"Ventra is a leading business solutions provider for facility-based physicians practicing anesthesia, emergency medicine, hospital medicine, pathology, and radiology. Focused on Revenue Cycle Management, Ventra partners with private practices, hospitals, health systems, and ambulatory surgery centers to deliver transparent and data-driven solutions that solve the most complex revenue and reimbursement issues, enabling clinicians to focus on providing outstanding care to their patients and commun…",2026-08-17T11:08:48Z,https://www.adzuna.in/details/5844919915?utm_medium=api&utm_source=10d03a1b,Healthcare,physician
Adzuna,5844139642,Payment Posting Specialist,Ventra Health,"Coimbatore, Tamil Nadu","['India', 'Tamil Nadu', 'Coimbatore']",Coimbatore,11.017171,77.100203,,,0,,full_time,Healthcare & Nursing Jobs,"Ventra is a leading business solutions provider for facility-based physicians practicing anesthesia, emergency medicine, hospital medicine, pathology, and radiology. Focused on Revenue Cycle Management, Ventra partners with private practices, hospitals, health systems, and ambulatory surgery centers to deliver transparent and data-driven solutions that solve the most complex revenue and reimbursement issues, enabling clinicians to focus on providing outstanding care to their patients and commun…",2026-08-16T16:03:19Z,https://www.adzuna.in/details/5844139642?utm_medium=api&utm_source=10d03a1b,Healthcare,physician
Adzuna,5805820522,Cash Management Trainer,"Ventra Health, Inc.","Coimbatore, Tamil Nadu","['India', 'Tamil Nadu', 'Coimbatore']",Coimbatore,11.017171,77.100203,,,0,,full_time,Healthcare & Nursing Jobs,"Ventra is a leading business solutions provider for facility-based physicians practicing anesthesia, emergency medicine, hospital medicine, pathology, and radiology. Focused on Revenue Cycle Management, Ventra partners with private practices, hospitals, health systems, and ambulatory surgery centers to deliver transparent and data-driven solutions that solve the most complex revenue and reimbursement issues, enabling clinicians to focus on providing outstanding care to their patients and commun…",2026-07-18T10:29:34Z,https://www.adzuna.in/details/5805820522?utm_medium=api&utm_source=10d03a1b,Healthcare,physician
Adzuna,5831574808,No Pay No Response Specialist Trainee,"Ventra Health, Inc.","Coimbatore, Tamil Nadu","['India', 'Tamil Nadu', 'Coimbatore']",Coimbatore,11.017171,77.100203,,,0,,full_time,Healthcare & Nursing Jobs,"Ventra is a leading business solutions provider for facility-based physicians practicing anesthesia, emergency medicine, hospital medicine, pathology, and radiology. Focused on Revenue Cycle Management, Ventra partners with private practices, hospitals, health systems, and ambulatory surgery centers to deliver transparent and data-driven solutions that solve the most complex revenue and reimbursement issues, enabling clinicians to focus on providing outstanding care to their patients and commun…",2026-08-07T10:46:34Z,https://www.adzuna.in/details/5831574808?utm_medium=api&utm_source=10d03a1b,Healthcare,physician
Adzuna,5697210237,Physiotherapist,Kinergy Physio,"Coimbatore, Tamil Nadu","['India', 'Tamil Nadu', 'Coimbatore']",Coimbatore,11.017171,77.100203,,,0,,,Healthcare & Nursing Jobs,"WE'RE HIRING — CLINICAL PHYSIOTHERAPISTS Kinergy Physio, Saibaba Colony, Coimbatore Kinergy Physio is one of Coimbatore's most established rehab centres — a true centre of excellence for pain relief, physical rehabilitation, wellness, and sports & exercise medicine. We treat everything from acute and chronic spinal pain to knee, hip, shoulder, and back conditions, with a strong focus on evidence-based, personalised care. If you want to build real clinical skill — not just clock in and out — …",2026-04-12T08:36:00Z,https://www.adzuna.in/land/ad/5697210237?se=pvAE5Iac8RG8E4DRVfRH-g&utm_medium=api&utm_source=10d03a1b&v=8A4BECA5E486BE6BBECC1247BE5E6B50067B71D3,Healthcare,clinical
Adzuna,5839099603,Clinical Specialist / Stroke Rater – Indian Speaking,IQVIA,"Coimbatore, Tamil Nadu","['India', 'Tamil Nadu', 'Coimbatore']",Coimbatore,11.017171,77.100203,,,0,permanent,part_time,Healthcare & Nursing Jobs,"Clinical Specialist / Stroke Rater – Chinese Speaking Location: Remote Hours: Estimated 2–12 hours per month, flexible Role Overview The Clinical Specialist supports stroke clinical trials by administering standardized assessments and ensuring data quality and consistency. This includes rating patients using validated stroke scales and reviewing assessments performed by other raters to maintain protocol compliance and inter-rater reliability. Key Responsibilities Administer stroke-specific scal…",2026-08-13T05:44:32Z,https://www.adzuna.in/details/5839099603?utm_medium=api&utm_source=10d03a1b,Healthcare,clinical
Adzuna,5840393246,Clinical Specialist / Stroke Rater – Punjabi Speaking,IQVIA,"Coimbatore, Tamil Nadu","['India', 'Tamil Nadu', 'Coimbatore']",Coimbatore,11.017171,77.100203,,,0,,part_time,Healthcare & Nursing Jobs,"Clinical Specialist / Stroke Rater – Punjabi Speaking Location: Remote Hours: Estimated 2–12 hours per month, flexible Role Overview The Clinical Specialist supports stroke clinical trials by administering standardized assessments and ensuring data quality and consistency. This includes rating patients using validated stroke scales and reviewing assessments performed by other raters to maintain protocol compliance and inter-rater reliability. Key Responsibilities Administer stroke-specific scal…",2026-08-13T20:57:11Z,https://www.adzuna.in/details/5840393246?utm_medium=api&utm_source=10d03a1b,Healthcare,clinical
Adzuna,5839592596,Clinical Specialist / Stroke Rater - Punjabi Speaking,IQVIA,"Coimbatore, Tamil Nadu","['India', 'Tamil Nadu', 'Coimbatore']",Coimbatore,11.017171,77.100203,,,0,,,Healthcare & Nursing Jobs,"Chennai, India Mumbai, India Bangalore, India Coimbatore, Tamil Nadu, India Mumbai, India Part time R1562872 Clinical Specialist / Stroke Rater - Punjabi Speaking Location: Remote Hours: Estimated 2-12 hours per month, flexible Role Overview The Clinical Specialist supports stroke clinical trials by administering standardized assessments and ensuring data quality and consistency. This includes rating patients using validated stroke scales and reviewing assessments performed by other raters to m…",2026-08-13T11:03:47Z,https://www.adzuna.in/details/5839592596?utm_medium=api&utm_source=10d03a1b,Healthcare,clinical
Adzuna,5834812100,Inside Sales Associate,Alphatic Labs,"Coimbatore, Tamil Nadu","['India', 'Tamil Nadu', 'Coimbatore']",Coimbatore,11.017171,77.100203,,,0,permanent,full_time,Healthcare & Nursing Jobs,"Let's Start a Conversation Whether you're a single-chair clinic or a multi-city hospital chain, our team is ready to help you digitize your operations. Direct Inquiry Fill out the form and our clinic deployment team will reach out within 4 hours with a custom proposal and trial plan. Email Us support@alphaticlabs.com 24/7 Support Social Hub LinkedInInstagram Full Name Contact Number Clinic Name Message",2026-08-09T21:41:55Z,https://www.adzuna.in/details/5834812100?utm_medium=api&utm_source=10d03a1b,Healthcare,clinical
Adzuna,5834812003,Dietitian - Coimbatore,Bioksha,"Coimbatore, Tamil Nadu","['India', 'Tamil Nadu', 'Coimbatore']",Coimbatore,11.017171,77.100203,,,0,permanent,full_time,Healthcare & Nursing Jobs,"Dietitian / Clinical Dietitian Job Title: Dietitian Experience: 3 Years Employment Type: Full\-Time Department: Nutrition & Clinical Services Location: Coimbatore Salary: 20 \- 30 K Job Summary We are looking for an experienced and passionate Dietitian with 3 years of professional experience to join our team. The candidate will be responsible for assessing clients\x27 nutritional needs, developing personalized diet plans, providing nutrition counselling, and monitoring progress. Key Responsibil…",2026-08-09T21:41:53Z,https://www.adzuna.in/details/5834812003?utm_medium=api&utm_source=10d03a1b,Healthcare,clinical
Adzuna,5634174355,Tutor or Assistant Professor â Cardiac Technology,jk,"Coimbatore, Tamil Nadu","['India', 'Tamil Nadu', 'Coimbatore']",Coimbatore,11.017171,77.100203,200000.0,400000.0,0,,full_time,Teaching Jobs,"Job Title: Tutor or Assistant Professor – Cardiac Technology Department: Cardiac Technology Institution Type: KGiSL Educational Institution Job Summary: The Tutor or Assistant Professor – Cardiac Technology will be responsible for teaching undergraduate students, conducting practical and clinical training sessions, guiding academic projects, and supporting departmental academic and research activities. The candidate should possess strong theoretical and practical knowledge in cardiac diagnostic…",2026-02-18T11:45:55Z,https://www.adzuna.in/details/5634174355?utm_medium=api&utm_source=10d03a1b,Healthcare,clinical
Adzuna,5791614687,Nutritionist - Onsite(Coimbatore),VMax Wellness,"Coimbatore, Tamil Nadu","['India', 'Tamil Nadu', 'Coimbatore']",Coimbatore,11.017171,77.100203,180000.0,300000.0,0,permanent,full_time,Hospitality & Catering Jobs,"Job Summary We are looking for a passionate, dedicated, and result-oriented Family Wellness Dietitian / Wellness Transformation Dietitian to lead the nutrition and wellness journey of both In-House and External Clients. The ideal candidate should be capable of designing personalized nutrition programs, monitoring client transformation, coordinating with the kitchen team, educating clients, and ensuring the successful implementation of healthy lifestyle interventions. The role requires a hands-o…",2026-07-08T06:25:03Z,https://www.adzuna.in/details/5791614687?utm_medium=api&utm_source=10d03a1b,Healthcare,clinical
Adzuna,5848394313,Process Associate,Harris,"Coimbatore, Tamil Nadu","['India', 'Tamil Nadu', 'Coimbatore']",Coimbatore,11.017171,77.100203,,,0,,full_time,Admin Jobs,"Responsibilities: view AI-generated summaries of medical documents for accuracy, completeness, and relevance. • Cross-check the summary against the specific client/underwriter requirement specification before finalizing. • Edit, correct, and format the document to match the exact client specification and template. • Verify medical terminology, diagnoses, and clinical details are correctly interpreted and represented. • Ensure zero/minimal errors in the final report — accuracy is a top priority.…",2026-08-19T20:57:14Z,https://www.adzuna.in/details/5848394313?utm_medium=api&utm_source=10d03a1b,Healthcare,clinical
Adzuna,5835481845,Nutritionist - Coimbatore,Bioksha,"Coimbatore, Tamil Nadu","['India', 'Tamil Nadu', 'Coimbatore']",Coimbatore,11.017171,77.100203,,,0,,full_time,Healthcare & Nursing Jobs,"Job Title: Nutritionist Department: Nutrition & Dietetics Experience: 1 \- 3 Years Employment Type: Full\-Time Industry: Healthcare / Wellness Location: Coimbatore Salary: 25 \- 30 K Job Summary We are looking for an experienced and knowledgeable Nutritionist with 1\- 3 years of experience to join our team. The candidate will be responsible for assessing nutritional needs, developing personalized nutrition plans, providing nutrition counselling, and supporting clients in achieving their health …",2026-08-10T16:02:31Z,https://www.adzuna.in/details/5835481845?utm_medium=api&utm_source=10d03a1b,Healthcare,clinical
Adzuna,5833101533,Nutritionist - Coimbatore,Fishmanhealthcare,"Coimbatore South, Coimbatore","['India', 'Tamil Nadu', 'Coimbatore', 'Coimbatore South']",Coimbatore,10.9934,76.94325,30000.0,2000000.0,0,permanent,full_time,Healthcare & Nursing Jobs,"Job Title: Nutritionist Department: Nutrition & Dietetics Experience: 1 - 3 Years Employment Type: Full-Time Industry: Healthcare / Wellness Location: Coimbatore Salary: 20 - 30 K Job Summary We are looking for an experienced and knowledgeable Nutritionist with 1- 3 years of experience to join our team. The candidate will be responsible for assessing nutritional needs, developing personalized nutrition plans, providing nutrition counselling, and supporting clients in achieving their health and …",2026-08-08T12:57:10Z,https://www.adzuna.in/details/5833101533?utm_medium=api&utm_source=10d03a1b,Healthcare,clinical
Adzuna,5778451334,Ar Caller,Source To Win Consultancy,"Coimbatore, Tamil Nadu","['India', 'Tamil Nadu', 'Coimbatore']",Coimbatore,11.017171,77.100203,,,0,,,Admin Jobs,"Roles and Responsibilities 1. Insurance Follow-up (Hospital Claims) Call insurance companies to check claim status for inpatient & outpatient services Follow up on high-value hospital claims (ER, surgery, ICU, etc.) Ensure timely reimbursement for facility charges 2. Denial Management (Facility Side) Handle denials related to: Authorization / pre-certification issues Medical necessity DRG/APC coding issues Length of stay (LOS) Work with coding & clinical teams for corrections 3. AR Aging & Work…",2026-06-27T07:32:41Z,https://www.adzuna.in/details/5778451334?utm_medium=api&utm_source=10d03a1b,Healthcare,clinical
Adzuna,5503837024,FRONT OFFICE EXECUTIVE,arborvitae,"Coimbatore, Tamil Nadu","['India', 'Tamil Nadu', 'Coimbatore']",Coimbatore,11.017171,77.100203,,,0,,full_time,Admin Jobs,"Job Title: Front Office Executive Company: Confidential Location: Coimbatore, Tamil Nadu Experience: 0 – 5 years (Freshers welcome) Salary: ₹10,000 – ₹35,000 About the Role: We are looking for a smart, presentable, and enthusiastic Front Office Executive to join our team. The ideal candidate will handle reception operations, manage appointments, support daily front-desk activities, and ensure a smooth experience for patients and visitors. Freshers are also welcome! Key Points: Handle reception,…",2025-11-20T00:58:13Z,https://www.adzuna.in/details/5503837024?utm_medium=api&utm_source=10d03a1b,Healthcare,clinical
Adzuna,5812180449,Data Logistics Coordinator,Seyyone Group of Companies,"Coimbatore, Tamil Nadu","['India', 'Tamil Nadu', 'Coimbatore']",Coimbatore,11.017171,77.100203,,,0,,full_time,IT Jobs,"About The Role We are hiring a Data Logistics Coordinator to manage the secure receipt, validation, categorization, and routing of medical documentation and client records. This is a foundational role ensuring data pipeline efficiency. Key Responsibilities Receive, log, and organize incoming clinical files and documents Verify file integrity and validate documents against metadata Categorize and index incoming records within the EHR systems Monitor data pipeline queues to ensure timely processi…",2026-07-23T15:54:19Z,https://www.adzuna.in/details/5812180449?utm_medium=api&utm_source=10d03a1b,Healthcare,clinical
Adzuna,5688319284,Staff Nurse,Sukrthi Recruit,"Coimbatore, Tamil Nadu","['India', 'Tamil Nadu', 'Coimbatore']",Coimbatore,11.017171,77.100203,180000.0,300000.0,0,,full_time,Healthcare & Nursing Jobs,"WORK LOCATION: COIMBATORE Job Summary A Staff Nurse in a physiotherapy clinic supports physiotherapists in delivering patient care, assists in rehabilitation procedures, and ensures patients receive safe, effective, and comfortable treatment throughout their recovery process. Required Qualifications Diploma or Bachelor’s Degree in Nursing (GNM / B.Sc Nursing) Valid nursing registration with the Nursing Council Basic Life Support (BLS) certification (preferred) Skills and Competencies Knowledge …",2026-04-03T11:30:43Z,https://www.adzuna.in/details/5688319284?utm_medium=api&utm_source=10d03a1b,Healthcare,clinical
Adzuna,5634174356,Tutor or Assistant professor( pathology),jk,"Coimbatore, Tamil Nadu","['India', 'Tamil Nadu', 'Coimbatore']",Coimbatore,11.017171,77.100203,200000.0,400000.0,0,,full_time,Teaching Jobs,"Job Title: Tutor or Assistant Professor – Pathology Department: Pathology Institution Type: KGiSL Educational Institution. Job Summary: The Assistant Professor Or Tutor– Pathology will be responsible for teaching undergraduate students, conducting practical and laboratory sessions, guiding academic activities, and contributing to research and departmental development. The candidate should demonstrate strong subject expertise in pathology along with a commitment to academic excellence and studen…",2026-02-18T11:45:55Z,https://www.adzuna.in/details/5634174356?utm_medium=api&utm_source=10d03a1b,Healthcare,clinical
Adzuna,1503135302,Technical Writer,TechUnity Software Systems India Pvt Ltd;,"Coimbatore, Tamil Nadu","['India', 'Tamil Nadu', 'Coimbatore']",Coimbatore,11.017171,77.100203,200000.0,200000.0,0,,full_time,IT Jobs,"Description Plan, coordinate, and execute projects to deliver accurate, effective, and timely information solutions that empower readers and solve business problems. Design, write, and edit technical content for a variety of audiences, with an emphasis on usability, effectiveness, maintainability, and reusability. Understand and use authoring systems, content management tools, databases, social media (wikis and other collaboration systems,microblogs, etc.), and SEO to develop systems that colle…",2020-03-25T19:36:16Z,https://www.adzuna.in/details/1503135302?utm_medium=api&utm_source=10d03a1b,Healthcare,clinical
Adzuna,5782461650,Sales Consultant,ZEISS,"Coimbatore, Tamil Nadu","['India', 'Tamil Nadu', 'Coimbatore']",Coimbatore,11.017171,77.100203,,,0,,full_time,Sales Jobs,"ZEISS in India ZEISS in India is headquartered in Bengaluru and present in the fields of Industrial Quality Solutions, Research Microscopy Solutions, Medical Technology, Vision Care and Sports & Cine Optics. ZEISS India has 3 production facilities, R&D center, Global IT services and about 40 Sales & Service offices in almost all Tier I and Tier II cities in India. With 2200 employees and continued investments over 25 years in India, ZEISS’ success story in India is continuing at a rapid pace. F…",2026-07-01T02:26:26Z,https://www.adzuna.in/details/5782461650?utm_medium=api&utm_source=10d03a1b,Healthcare,clinical
Adzuna,5745832479,Area Sales Executive,Twin Health,"Coimbatore, Tamil Nadu","['India', 'Tamil Nadu', 'Coimbatore']",Coimbatore,11.017171,77.100203,,,0,,,Sales Jobs,"Twin Health At Twin Health, we empower people to improve and prevent chronic metabolic diseases, like type 2 diabetes and obesity, with a new standard of care. Twin Health is the only company applying AI Digital Twin technology exclusively toward metabolic health. We start by building a dynamic model of each person’s metabolism — drawing on thousands of data points from CGMs, smartwatches, and meal logs — that maps their personal path to better health. Guided by a dedicated clinical care team, …",2026-05-31T02:19:31Z,https://www.adzuna.in/details/5745832479?utm_medium=api&utm_source=10d03a1b,Healthcare,clinical
Adzuna,5828954361,Technical Manager - Coimbatore / Hyderabad / Bengaluru,Boehringer Ingelheim,"Coimbatore, Tamil Nadu","['India', 'Tamil Nadu', 'Coimbatore']",Coimbatore,11.017171,77.100203,,,0,,full_time,Sales Jobs,"The Position In this role, you will take the lead in providing technical direction and oversight for both existing and emerging products within the marketing space. You will leverage your expertise to bring relevant scientific knowledge in the veterinary field to life, helping shape strategic product and portfolio decisions . You’ll have the opportunity to build and strengthen networks with key stakeholders and organizations, playing a critical role in driving business growth. As a trusted tech…",2026-08-05T15:58:37Z,https://www.adzuna.in/details/5828954361?utm_medium=api&utm_source=10d03a1b,Healthcare,clinical
Adzuna,5774396560,Technical Manager - Coimbatore / Hyderabad / Bengaluru,Boehringer Ingelheim,"Coimbatore, Tamil Nadu","['India', 'Tamil Nadu', 'Coimbatore']",Coimbatore,11.017171,77.100203,,,0,,,Scientific & QA Jobs,"The Position In this role, you will take the lead in providing technical direction and oversight for both existing and emerging products within the marketing space. You will leverage your expertise to bring relevant scientific knowledge in the veterinary field to life, helping shape strategic product and portfolio decisions. You'll have the opportunity to build and strengthen networks with key stakeholders and organizations, playing a critical role in driving business growth. As a trusted techn…",2026-06-24T10:27:31Z,https://www.adzuna.in/details/5774396560?utm_medium=api&utm_source=10d03a1b,Healthcare,clinical
Adzuna,5806700203,Payment Posting Executive For US Healthcare,White Horse Manpower Consultancy Private Limited,"Coimbatore, Tamil Nadu","['India', 'Tamil Nadu', 'Coimbatore']",Coimbatore,11.017171,77.100203,,,0,,,Accounting & Finance Jobs,"Role- Payment Posting Executive For US Healthcare Job description Post insurance payments, adjustments, and patient payments from EOBs, EFTs, and checks into the billing system. Reconcile daily deposits with payment Process and apply credit card payments, electronic fund transfers (EFTs), and lockbox payments. Required Candidate profile Experience in US healthcare RCM, including payment posting &reconciliation. Knowledge of payer (Medicare, Medicaid, commercial insurance). Familiarity with deni…",2026-07-19T07:20:09Z,https://www.adzuna.in/details/5806700203?utm_medium=api&utm_source=10d03a1b,Healthcare,healthcare
Adzuna,5820579810,Medical Coder Executive,Resolve,"Coimbatore, Tamil Nadu","['India', 'Tamil Nadu', 'Coimbatore']",Coimbatore,11.017171,77.100203,,,0,,,Scientific & QA Jobs,"Medical coding is the process of converting verbal descriptions into numberic or alpha numeric by using ICD 10-CM, CPT & HCPCS. As per HIPAA rules healthcare providers need efficient Medical coders. Role: Healthcare & Life Sciences - Other Industry Type: Pharmaceutical & Life Sciences Department: Healthcare & Life Sciences Employment Type: Full Time, Permanent Role Category: Healthcare & Life Sciences - Other Education UG: MBBS in Any Specialization, B.Pharma in Any Specialization, BAMS in Any …",2026-07-30T07:27:57Z,https://www.adzuna.in/details/5820579810?utm_medium=api&utm_source=10d03a1b,Healthcare,healthcare
Adzuna,5810735863,Billing Executive,Firstsource,"Coimbatore, Tamil Nadu","['India', 'Tamil Nadu', 'Coimbatore']",Coimbatore,11.017171,77.100203,,,0,,full_time,Accounting & Finance Jobs,"“Firstsource Solutions Limited, an RP-Sanjiv Goenka Group company is a global leader providing business process solutions and services spanning the customer lifecycle across Healthcare, Banking and Financial Services, Communications, Media and Technology, Retail, and other diverse industries. With a global footprint across US, UK, India, Philippines, Mexico, Romania, Turkey, Trinidad & Tobago, South Africa, and Australia, they ‘make it happen’ for their clients, solving their biggest challenges…",2026-07-22T15:53:13Z,https://www.adzuna.in/details/5810735863?utm_medium=api&utm_source=10d03a1b,Healthcare,healthcare
Adzuna,3262154808,Claims Adjudication Process,CIEL HR Services,"Coimbatore, Tamil Nadu","['India', 'Tamil Nadu', 'Coimbatore']",Coimbatore,11.017171,77.100203,100000.0,300000.0,0,,full_time,Accounting & Finance Jobs,"Role: Claims Adjudication Process Experience: 2.5-4 Years Job Location: Coimbatore, Tamil Naidu Work Timing: US Shift(Night Shift) Job Description: Claims Experience is required: More than 3 years of experience in handling the Healthcare claims adjudication process. Experienced level adjudicator providing analytical ability to review claim rules and workflows. Reviews claim requests to determine eligibility for processing and escalate to management as necessary. Responsible for the coordination…",2022-06-26T06:20:47Z,https://www.adzuna.in/details/3262154808?utm_medium=api&utm_source=10d03a1b,Healthcare,healthcare
Adzuna,4509612102,BDE,Texila American University,"Coimbatore, Tamil Nadu","['India', 'Tamil Nadu', 'Coimbatore']",Coimbatore,11.017171,77.100203,200000.0,500000.0,0,,full_time,Sales Jobs,"About Texila:- We are proud to offer the best online courses in a range of disciplines including healthcare, medicine, management, and research. Texila Educare Healthcare and Technology Enterprises Private Limited offers courses for professionals with over 20 years of experience teaching students all around the world. Job Description: Develop new relationships to grow business and help the company expand Maintain existing business Responsibilities: To source, onboard and train, retain and engag…",2024-01-04T15:06:45Z,https://www.adzuna.in/details/4509612102?utm_medium=api&utm_source=10d03a1b,Healthcare,healthcare
Adzuna,5503836570,Hiring: Senior Full Stack Developer – Coimbatore (US-Based Client),Empower INDIA HR,"Coimbatore, Tamil Nadu","['India', 'Tamil Nadu', 'Coimbatore']",Coimbatore,11.017171,77.100203,,,0,,full_time,IT Jobs,"Senior Fullstack Developer – Electronic Medical Records integration (PHP, MySQL, React, Node.js) Location: Coimbatore, Tamil Nadu, India Employment Type: Full-Time Experience Level: Senior (7 years) Industry: Healthcare Technology Reports To: EMR Team Lead About Our Client Our Client is a leader in digital front-door automation solutions, transforming how healthcare practices interact with patients. Our platform streamlines administrative workflows, enhances patient experiences, and drives reve…",2025-11-20T00:58:08Z,https://www.adzuna.in/details/5503836570?utm_medium=api&utm_source=10d03a1b,Healthcare,healthcare
Adzuna,5841714855,GCP QA Engineer,Saama,"Coimbatore, Tamil Nadu","['India', 'Tamil Nadu', 'Coimbatore']",Coimbatore,11.017171,77.100203,,,0,,full_time,IT Jobs,"Description About the Role We are seeking a skilled ETL (Extract, Transform, Load) Tester to join our team. The ETL Tester will be responsible for ensuring the quality of data extraction, transformation, and loading processes within the data warehouse environment. The ideal candidate will have a strong understanding of SQL, ETL processes, experience with testing large datasets, JSON files, Data from Unstructured DB and the ability to work closely with development and business intelligence teams…",2026-08-14T16:03:45Z,https://www.adzuna.in/details/5841714855?utm_medium=api&utm_source=10d03a1b,Healthcare,healthcare
Adzuna,5820989152,Hardware Support Tech | Onsite at Coimbatore,Emapta Global,"Coimbatore, Tamil Nadu","['India', 'Tamil Nadu', 'Coimbatore']",Coimbatore,11.017171,77.100203,,,0,,full_time,IT Jobs,"Advancing the Future of Pharmacy Technology Our client is a leading healthcare technology provider dedicated to helping pharmacies operate more efficiently while delivering better patient outcomes. Through advanced pharmacy software, integrated technology solutions, and one of the industry's largest pharmacy networks, they empower thousands of pharmacies to streamline operations, improve medication access, and enhance patient care. Their innovative, customer-focused approach continues to shape …",2026-07-30T15:58:39Z,https://www.adzuna.in/details/5820989152?utm_medium=api&utm_source=10d03a1b,Healthcare,healthcare
Adzuna,5818252229,Senior Engineer - Python,AppViewX,"Coimbatore, Tamil Nadu","['India', 'Tamil Nadu', 'Coimbatore']",Coimbatore,11.017171,77.100203,,,0,,full_time,IT Jobs,"Experience : 3 years Who we are and What we do? AppViewX is the only machine and agent identity security company built for the AI and quantum era, bringing together discovery, automation, control, and intelligence. The AVX Platform helps enterprises reduce risk by providing complete visibility and governance over every machine and AI agent identity, automating their lifecycle, controlling their access, and proving compliance at the speed business demands. Trusted by global enterprises across fi…",2026-07-28T15:57:29Z,https://www.adzuna.in/details/5818252229?utm_medium=api&utm_source=10d03a1b,Healthcare,healthcare
Adzuna,5765326968,Senior Students Counsellor,jk,"Coimbatore, Tamil Nadu","['India', 'Tamil Nadu', 'Coimbatore']",Coimbatore,11.017171,77.100203,300000.0,500000.0,0,,full_time,Teaching Jobs,"Location:KGiSL Educational Institution,Saravanampatti Coimbatore. Benifits: Provident Fund, Life Insurancee A student counsellor is a professional who helps students with academic, personal, social, and career-related issues. Their role may include: Academic guidance – helping with study skills, course selection, time management, and academic planning. Personal support – assisting students in dealing with stress, anxiety, self-esteem issues, or personal challenges. Career counselling – providin…",2026-06-16T14:48:18Z,https://www.adzuna.in/details/5765326968?utm_medium=api&utm_source=10d03a1b,Healthcare,healthcare
Adzuna,5802317249,Test Lead,Cognizant,"Coimbatore, Tamil Nadu","['India', 'Tamil Nadu', 'Coimbatore']",Coimbatore,11.017171,77.100203,,,0,,,IT Jobs,Job Summary Serve as a Test Lead for complex web services and API platforms directing end to end validation of Rest API integrations for enterprise clients in a hybrid work model. Apply 8 to 12 years of quality engineering experience to design robust test strategies elevate product reliability and help ensure accurate and secure digital solutions for pharmacy and other domains. Responsibilities Development of automation test scripts and reusable utilities Identify and generate test data for tes…,2026-07-16T10:42:48Z,https://www.adzuna.in/details/5802317249?utm_medium=api&utm_source=10d03a1b,Healthcare,healthcare
Adzuna,5837798487,Lead Quality Engineer,Cognizant,"Coimbatore, Tamil Nadu","['India', 'Tamil Nadu', 'Coimbatore']",Coimbatore,11.017171,77.100203,,,0,,,IT Jobs,Job Summary Serve as a lead quality engineer for hybrid day shift projects designing and executing robust automated test strategies using Java Selenium TestNG Cucumber Jenkins and GitHub Copilot to ensure reliable secure and scalable software delivery while collaborating closely with cross functional teams and applying pharmacy claims domain knowledge where applicable. Responsibilities Strong experience in Automation Architect Role. Hands-on experience in JAVA using Selenium and Appium with fra…,2026-08-12T10:58:11Z,https://www.adzuna.in/details/5837798487?utm_medium=api&utm_source=10d03a1b,Healthcare,healthcare
Adzuna,5841714637,Delivery Management Leader – AI productivity solutions,EPAM Systems,"Coimbatore, Tamil Nadu","['India', 'Tamil Nadu', 'Coimbatore']",Coimbatore,11.017171,77.100203,,,0,,full_time,IT Jobs,"We are seeking a Delivery Management Leader for AI productivity solutions to drive the successful delivery of high-impact AI programs across diverse industries. This role requires a strong background in application development (Java/.Net), expertise in cloud platforms (AWS/Azure), and the ability to lead large cross-functional teams in delivering scalable, efficient AI solutions that accelerate time-to-market and business value. Responsibilities Oversee the end-to-end delivery lifecycle for cli…",2026-08-14T16:03:44Z,https://www.adzuna.in/details/5841714637?utm_medium=api&utm_source=10d03a1b,Healthcare,healthcare
Adzuna,5842489390,Principal Engineer — Aiva Platform,Aivar Innovations,"Coimbatore, Tamil Nadu","['India', 'Tamil Nadu', 'Coimbatore']",Coimbatore,11.017171,77.100203,,,0,permanent,full_time,IT Jobs,"You will own the end-to-end architecture of Aiva — Aivar's memory and context graph platform — from data model to APIs to production SLOs. This is a hands-on, code-first principal role: you will set the technical direction, make the hard trade-offs (graph vs. vector vs. hybrid, consolidation vs. recall latency, tenancy isolation vs. cross-agent sharing), and build the first versions of the hardest components yourself while mentoring a small, high-leverage team. Aiva must serve three very differ…",2026-08-15T05:58:54Z,https://www.adzuna.in/details/5842489390?utm_medium=api&utm_source=10d03a1b,Healthcare,healthcare
Adzuna,5727793261,Lead - Cloud Security and Reliability Engineer,Searce Inc,"Coimbatore, Tamil Nadu","['India', 'Tamil Nadu', 'Coimbatore']",Coimbatore,11.017171,77.100203,,,0,,full_time,IT Jobs,"About Searce Searce (pronounced 'search' ) is a global, AI-native, and engineering-led modern technology consultancy. Founded in 2004 with a vision to ""solve for better,"" we partner with organizations to ""futurify"" their businesses by leveraging the full power of Cloud, AI, and Data Engineering. With a presence across 10 countries—including the US, India, Singapore, and Australia—Searce has evolved over two decades into a trusted technology partner for over 3,000 clients. We are not just a serv…",2026-05-13T11:52:08Z,https://www.adzuna.in/details/5727793261?utm_medium=api&utm_source=10d03a1b,Healthcare,healthcare
Adzuna,5812518080,Senior Marketing Coordinator,AppViewX,"Coimbatore, Tamil Nadu","['India', 'Tamil Nadu', 'Coimbatore']",Coimbatore,11.017171,77.100203,,,0,permanent,full_time,"PR, Advertising & Marketing Jobs","Senior Marketing Coordinator Experience: 5 years Location: Coimbatore/Bangalore AppViewX is trusted by the world’s leading organizations to reduce risk, ensure compliance, and increase visibility through automated certificate lifecycle management. At AppViewX, you will get to work with our AVX platform which is the industry’s most advanced and fastest growing cloud-native Certificate Lifecycle Management (CLM) platform. The AVX Platform allows customers to realize immediate value from complete …",2026-07-23T21:28:22Z,https://www.adzuna.in/details/5812518080?utm_medium=api&utm_source=10d03a1b,Healthcare,healthcare
Adzuna,5040652526,Data QA Specialist,YipitData,"Coimbatore, Tamil Nadu","['India', 'Tamil Nadu', 'Coimbatore']",Coimbatore,11.017171,77.100203,,,0,,,Accounting & Finance Jobs,"About Us: YipitData is the market-leading data and analytics firm. We analyze billions of data points every day to provide accurate, detailed insights across industries, including consumer brands, technology, software, and healthcare. Our insights team uses proprietary technology to identify, license, clean, and analyze the data that many of the worlds largest investment funds and corporations depend on. We raised $475M from The Carlyle Group at a valuation over $1B, further accelerating our gr…",2025-02-07T11:21:47Z,https://www.adzuna.in/details/5040652526?utm_medium=api&utm_source=10d03a1b,Healthcare,healthcare
Adzuna,5709135347,HR Internship with Payroll and statutory,KG Healthcare Pivate Limited,"Coimbatore, Tamil Nadu","['India', 'Tamil Nadu', 'Coimbatore']",Coimbatore,11.017171,77.100203,0.0,6.0,0,contract,full_time,Accounting & Finance Jobs,Looking for HR interns for 6 months period with provided certificates and job guidance. Will train on end to end life cycle process with payroll and statutory process. Skills:- Human Resource Management System (HRMS),2026-04-24T11:46:16Z,https://www.adzuna.in/details/5709135347?utm_medium=api&utm_source=10d03a1b,Healthcare,healthcare
Adzuna,5727124180,Consultant - Ophthalmologist,Dr Agarwal,"Salem, Tamil Nadu","['India', 'Tamil Nadu', 'Salem']",Salem,11.56305,77.99725,,,0,contract,,Trade & Construction Jobs,Job Description Looking for a Medical Retina Doctor for Salem Center. Interested Doctors please feel to apply for call at 91-9445003890 and send resumes to jobs@dragarwal.com Key Responsibilities: Looking for a Medical Retina Doctor for Salem Center. Interested Doctors please feel to apply for call at 91-9445003890 and send resumes to jobs@dragarwal.com,2026-05-13T02:02:59Z,https://www.adzuna.in/details/5727124180?utm_medium=api&utm_source=10d03a1b,Healthcare,doctor
Adzuna,5828608107,Key Account Manager (Medical Representative),Otsuka Pharmaceutical India Pvt Ltd,"Salem, Tamil Nadu","['India', 'Tamil Nadu', 'Salem']",Salem,11.56305,77.99725,,,0,,,Sales Jobs,Key Account Manager (KAM) has to meet the doctors regularly. He/She usually has a list of doctors that he/she is supposed to call on at appropriate frequency as per the pre-approved 'daily work plan'. KAM has to be aware of the different specialties of the doctors and promote right products to right doctors. KAM has to collect feedback about the products used by the doctors and satisfactorily resolve any complaints or concerns related to products with help from HO as and when necessary. KAM has…,2026-08-05T07:29:32Z,https://www.adzuna.in/details/5828608107?utm_medium=api&utm_source=10d03a1b,Healthcare,doctor
Adzuna,4686703489,Medical Representative,,"Salem, Tamil Nadu","['India', 'Tamil Nadu', 'Salem']",Salem,11.56305,77.99725,,,0,,,Sales Jobs,"The following requirement currently we have across PAN India. Position: Sales Executives/Area Sales Manager Qualification: Any Graduate. Experience: Fresher & 1-4years , Note Freshers they will consider only Science Background candidates Industry: Healthcare/Medical/Pharma/Diagnostics/Hospital Salary Range: Sales Executives – Rs.15,000/- to 25,000/- Area Sales Manager – 30,000 to 45,000/- RSM Salary - 50 - 55k per month (Local Conveyance Rs.5000 per month and Out station travel allowance is on …",2024-05-10T07:38:40Z,https://www.adzuna.in/details/4686703489?utm_medium=api&utm_source=10d03a1b,Healthcare,doctor
Adzuna,5797506905,Marketing Executive (Medical Representative),Tablets India,"Salem, Tamil Nadu","['India', 'Tamil Nadu', 'Salem']",Salem,11.56305,77.99725,,,0,,,Sales Jobs,"We are looking for a dynamic and results-oriented Marketing Executive (Medical Representative) to join our sales and marketing team. The Medical Representative will be responsible for promoting and selling the company's pharmaceutical products to healthcare professionals, including doctors, pharmacists, and hospitals. The ideal candidate will have a strong understanding of the pharmaceutical industry, excellent communication skills, and the ability to build long-term relationships with healthca…",2026-07-12T07:20:01Z,https://www.adzuna.in/details/5797506905?utm_medium=api&utm_source=10d03a1b,Healthcare,doctor
Adzuna,5828376077,Area manager - Namakkal,Nvron Life science Limited,"Edappadi, Salem","['India', 'Tamil Nadu', 'Salem', 'Edappadi']",Salem,11.2204,78.17115,15000.0,20000.0,0,permanent,full_time,Sales Jobs,"Area Manager - Pharmaceutical Sales Location: Namakkal, Tamil Nadu Employment Type: Full-time Experience: 1-3 Years Salary: ₹20,000 - ₹30,000 per month We are looking for an experienced and results-driven Area Manager to lead pharmaceutical sales operations in the Namakkal region. The ideal candidate will be responsible for achieving sales targets, managing territory performance, building strong relationships with healthcare professionals, and driving business growth. Key Responsibilities Achie…",2026-08-05T04:54:06Z,https://www.adzuna.in/details/5828376077?utm_medium=api&utm_source=10d03a1b,Healthcare,doctor
Adzuna,5834298556,Regional Manager - Namakkal,Fishmanhealthcare,"Edappadi, Salem","['India', 'Tamil Nadu', 'Salem', 'Edappadi']",Salem,11.2204,78.17115,35000.0,2500000.0,0,permanent,full_time,Sales Jobs,"Regional Manager - Pharmaceutical Sales Location: Namakkal, Tamilnadu Employment Type: Full-time Experience: 5 Years Salary: 25- 35 K (Based on Experience) Job Summary We are seeking an experienced and results-oriented Regional Manager to lead pharmaceutical sales operations across the assigned region. The ideal candidate will be responsible for driving regional sales growth, managing and mentoring sales teams, expanding market presence, and building strong relationships with healthcare profess…",2026-08-09T08:54:37Z,https://www.adzuna.in/details/5834298556?utm_medium=api&utm_source=10d03a1b,Healthcare,doctor
Adzuna,5828954830,Advanced Practice Clinician - Nurse Practitioner or Physician Assistant,Yakima Valley Farm Workers Clinic,"Salem, Tamil Nadu","['India', 'Tamil Nadu', 'Salem']",Salem,11.56305,77.99725,,,0,,full_time,Healthcare & Nursing Jobs,"Job Brief Advanced Practice Clinician - Nurse Practitioner or Physician Assistant Salem, OR Employment Duration Full time Exempt Status Exempt Offer Relocation?: Yes Id 16248 HPSA Score for Primary Care: 18 At Yakima Valley Farm Workers Clinic, we believe you are more than an Advanced Practice Clinician, and we are more than a job. As an FQHC, we are a patient-centered medical home dedicated to serving our communities. Taking care of a patient's health means caring for them with compassion. We …",2026-08-05T15:58:40Z,https://www.adzuna.in/details/5828954830?utm_medium=api&utm_source=10d03a1b,Healthcare,doctor
Adzuna,5788466433,Facilities and Supplies Specialist,Frontier Dermatology,"Salem, Tamil Nadu","['India', 'Tamil Nadu', 'Salem']",Salem,11.56305,77.99725,,,0,,,Admin Jobs,"Frontier Dermatology invites skilled and dedicated professionals to explore our openings throughout our 35 locations in Oregon and Washington, and become an integral part of our operational success. Our team is essential to our mission of providing exceptional patient care, and we are looking for individuals who share our commitment to excellence. Join us in shaping the future of dermatological support services while advancing your career in our esteemed medical practice. Join our growing compa…",2026-07-05T03:37:47Z,https://www.adzuna.in/details/5788466433?utm_medium=api&utm_source=10d03a1b,Healthcare,medical officer
Adzuna,5794934996,Medical Coder,Vee Healthtek Private Limited,"Salem, Tamil Nadu","['India', 'Tamil Nadu', 'Salem']",Salem,11.56305,77.99725,,,0,,,IT Jobs,"Key Details: Experience: 1 Years of experience in EM, ED, Radiology, Anesthesia, IVR, Denials, IP DRG & Surgery Medical Coding. Specialties: EM, ED, Radiology, Anesthesia, IVR, Denials, IP DRG & Surgery. Total Experience Required: 1-5 Years. Designation: Medical Coder / Senior Coder. Certification: Open to both Certified and Non-Certified candidates. Joining Requirement: Immediate joiners only. Location: Chennai, Trichy, Salem, Bangalore, Hyderabad (Work From Office) Responsibilities: Accuratel…",2026-07-10T07:16:42Z,https://www.adzuna.in/details/5794934996?utm_medium=api&utm_source=10d03a1b,Healthcare,medical officer
Adzuna,5804149625,Immediate Openings For Certified ED Facility Coders @ Vee Healthtek,Vee Healthtek Private Limited,"Salem, Tamil Nadu","['India', 'Tamil Nadu', 'Salem']",Salem,11.56305,77.99725,,,0,,,Scientific & QA Jobs,"Immediate Job Openings ED Facility Medical Coders | Vee Healthtek | Chennai Vee Healthtek is hiring experienced ED Facility Medical Coders for its Chennai office. Position Details Specialty: ED Facility Medical Coding Experience: 1 - 4 Years Designation: Medical Coder / Senior Medical Coder Certification: CPC / COC / CCS (Mandatory) Salary: Up to 32,000 CTC Location: Chennai, Bangalore & Salem (Work From Office) Joining Requirement: Immediate Joiners Only Eligibility Minimum 1 year of experienc…",2026-07-17T07:24:38Z,https://www.adzuna.in/details/5804149625?utm_medium=api&utm_source=10d03a1b,Healthcare,medical officer
Adzuna,5837120885,Medical Coding fresher Job- Life science Graduates 2025/2026 Freshers Wanted,I Skills Solutions,"Chennai, Tamil Nadu","['India', 'Tamil Nadu', 'Chennai']",Salem,11.56305,77.99725,,,0,,,Scientific & QA Jobs,CT HR Kaaru- 8190882200 (Whats App) Position: Medical Coder Job Description: Medical Coding is the process of conversion of text information related to healthcare services into numeric Diagnosis (Medical Problems) and Procedure (Treatments) Codes using ICD-10 CM and CPT code books. Requirement: Knowledge in Anatomy and Physiology Good communication and interpersonal skills Basic Computer Skills No of vacancy: 500 Eligibility: Nursing GNM/DGNM Life science graduates Pharmacy Physician assistant …,2026-08-12T00:14:30Z,https://www.adzuna.in/land/ad/5837120885?se=GMgy74ac8RGgd9X26G9YQA&utm_medium=api&utm_source=10d03a1b&v=77046BA78973C478BE014C4A25A831E6407FEFDF,Healthcare,physician
Adzuna,5844294745,Medical Assistant,Frontier Dermatology,"Salem, Tamil Nadu","['India', 'Tamil Nadu', 'Salem']",Salem,11.56305,77.99725,,,0,,,Healthcare & Nursing Jobs,"Frontier Dermatology invites skilled and dedicated professionals to explore our openings throughout our 35 locations in Oregon and Washington, and become an integral part of our operational success. Our team is essential to our mission of providing exceptional patient care, and we are looking for individuals who share our commitment to excellence. Join us in shaping the future of dermatological support services while advancing your career in our esteemed medical practice. Join our growing compa…",2026-08-16T20:46:05Z,https://www.adzuna.in/details/5844294745?utm_medium=api&utm_source=10d03a1b,Healthcare,clinical
Adzuna,5820579832,Medical Coder Executive,Resolve,"Salem, Tamil Nadu","['India', 'Tamil Nadu', 'Salem']",Salem,11.56305,77.99725,,,0,,,Scientific & QA Jobs,"Medical coding is the process of converting verbal descriptions into numberic or alpha numeric by using ICD 10-CM, CPT & HCPCS. As per HIPAA rules healthcare providers need efficient Medical coders. Role: Healthcare & Life Sciences - Other Industry Type: Pharmaceutical & Life Sciences Department: Healthcare & Life Sciences Employment Type: Full Time, Permanent Role Category: Healthcare & Life Sciences - Other Education UG: MBBS in Any Specialization, B.Pharma in Any Specialization, BAMS in Any …",2026-07-30T07:27:57Z,https://www.adzuna.in/details/5820579832?utm_medium=api&utm_source=10d03a1b,Healthcare,healthcare
Adzuna,5590143346,Sales Director,Telth Healthcare Pvt Ltd,"Salem, Tamil Nadu","['India', 'Tamil Nadu', 'Salem']",Salem,11.56305,77.99725,1200000.0,1500000.0,0,,full_time,Sales Jobs,"Company Profile Telth Healthcare is a forward-thinking healthcare organization committed to transforming community health and improving access to quality care through innovative solutions and collaborative teamwork. We value integrity, excellence and professional growth. About Role The Sales Director will be responsible for driving revenue growth, expanding market presence, and building strategic partnerships for Telth Healthcare. This role requires a results-driven leader with expertise in int…",2026-01-18T10:53:59Z,https://www.adzuna.in/details/5590143346?utm_medium=api&utm_source=10d03a1b,Healthcare,healthcare
Adzuna,5801792868,Territory Business Manager-SBE-Small Business Enterprise-Sales,Kotak Mahindra Bank,"Salem, Tamil Nadu","['India', 'Tamil Nadu', 'Salem']",Salem,11.56305,77.99725,,,0,,full_time,Accounting & Finance Jobs,"Description We are seeking a dynamic and experienced Team Lead to manage a team of Business Relationship Managers (BRMs) focused on loan sales in the healthcare segment. The role involves leading a team of 3–5 BRMs, driving productivity, and delivering tailored financial solutions such as machinery/equipment loans and infrastructure funding. The ideal candidate will have strong knowledge of the local market, particularly in healthcare, and will work closely with DSAs, branch banking teams, equi…",2026-07-16T03:30:26Z,https://www.adzuna.in/details/5801792868?utm_medium=api&utm_source=10d03a1b,Healthcare,healthcare
Adzuna,5826508227,"Business Intelligence with ETL Databrick, Tableau",Intellibee Inc,"Salem, Tamil Nadu","['India', 'Tamil Nadu', 'Salem']",Salem,11.56305,77.99725,,,0,,full_time,IT Jobs,"Business Intelligence with ETL Databrick, Tableau, Salem, OR, US Business Intelligence with ETL Databrick, Tableau Skills BI Engineer with Client facilitation experience; Design and documentation experience; PM experience; SQL: Intermediate Databricks; Tableau; SAFe Agile; Translates business requirements into sprint-ready stories, sets acceptance criteria, and makes scope decisions on behalf of the domain. Benefits At IntelliBee Long-Term Stability: Join us on a multi-year opportunities with r…",2026-08-03T15:57:55Z,https://www.adzuna.in/details/5826508227?utm_medium=api&utm_source=10d03a1b,Healthcare,healthcare
Adzuna,5822617788,AI & ML Intern,LezDo TechMed Private Limited,"Omalur, Salem","['India', 'Tamil Nadu', 'Salem', 'Omalur']",Salem,11.711,78.1292,,,0,permanent,full_time,IT Jobs,"About LezDo TechMed: LezDo TechMed Pvt. Ltd. is a medical-legal services provider specializing in healthcare data analysis and documentation support for the medical, legal, and insurance industries in the United States. As part of our digital transformation initiatives, we leverage Artificial Intelligence, Machine Learning, and Generative AI technologies to build innovative solutions that enhance operational efficiency and deliver greater value to our clients. Role Overview: The AI & ML Intern …",2026-08-01T00:54:38Z,https://www.adzuna.in/details/5822617788?utm_medium=api&utm_source=10d03a1b,Healthcare,healthcare
Adzuna,5780685695,Professor for Medical College,Quench Techno Valley,"Trichy, Tiruchirappalli","['India', 'Tamil Nadu', 'Tiruchirappalli', 'Trichy']",Tiruchirappalli,10.9256,78.78335,,,0,,,Healthcare & Nursing Jobs,"Hiring MS/MD doctors for Medical Colleges Location: Trichy Position - Professor General medicine Ophthalmology Paediatrics Dermatology OBG General Surgery Orthopedic ENT Emergency Medicine Salary - Negotiable Based on the experience Accommodation Available Skills: OBGYN, Opthalmologist, General Surgery, Orthopedics, Emergency Medicine, Pediatrics, General Medicine, Dermatology, Ent Experience: 8.00-18.00 Years Education: Doctor of Medicine (M.D/M.S)",2026-06-29T07:15:37Z,https://www.adzuna.in/details/5780685695?utm_medium=api&utm_source=10d03a1b,Healthcare,doctor
Adzuna,5843889040,Area Manager - Tiruchirappalli (Trichy),Veerix Biotech,"Srirangam, Tiruchirappalli","['India', 'Tamil Nadu', 'Tiruchirappalli', 'Srirangam']",Tiruchirappalli,10.80595,78.69665,,,0,permanent,full_time,Sales Jobs,"Area Manager - Pharmaceutical Sales Location: Tiruchirappalli, Tamil Nadu Employment Type: Full-time Experience: 4-5 Years Salary: ₹25,000 - ₹30,000 per month We are looking for an experienced and results-driven Area Manager to lead pharmaceutical sales operations in the Tiruchirappalli region. The ideal candidate will be responsible for achieving sales targets, managing territory performance, building strong relationships with healthcare professionals, and driving business growth. Key Responsi…",2026-08-16T08:53:35Z,https://www.adzuna.in/details/5843889040?utm_medium=api&utm_source=10d03a1b,Healthcare,doctor
Adzuna,5843892181,Regional Manager - Karur,Veerix Biotech,"Thottiam, Tiruchirappalli","['India', 'Tamil Nadu', 'Tiruchirappalli', 'Thottiam']",Tiruchirappalli,10.96075,78.0801,,,0,permanent,full_time,Sales Jobs,"Regional Manager - Pharmaceutical Sales Location: Karur, Tamilnadu Employment Type: Full-time Experience: 5 Years Salary: 25- 35 K (Based on Experience) Job Summary We are seeking an experienced and results-oriented Regional Manager to lead pharmaceutical sales operations across the assigned region. The ideal candidate will be responsible for driving regional sales growth, managing and mentoring sales teams, expanding market presence, and building strong relationships with healthcare profession…",2026-08-16T08:54:55Z,https://www.adzuna.in/details/5843892181?utm_medium=api&utm_source=10d03a1b,Healthcare,doctor
Adzuna,5838756836,Regional Manager - Tiruchirappalli,Fishmanhealthcare,"Srirangam, Tiruchirappalli","['India', 'Tamil Nadu', 'Tiruchirappalli', 'Srirangam']",Tiruchirappalli,10.80595,78.69665,35000.0,2500000.0,0,permanent,full_time,Sales Jobs,"Regional Manager - Pharmaceutical Sales Location: Tiruchirappalli, Tamilnadu Employment Type: Full-time Experience: 5 Years Salary: 25- 35 K (Based on Experience) Job Summary We are seeking an experienced and results-oriented Regional Manager to lead pharmaceutical sales operations across the assigned region. The ideal candidate will be responsible for driving regional sales growth, managing and mentoring sales teams, expanding market presence, and building strong relationships with healthcare …",2026-08-13T03:01:51Z,https://www.adzuna.in/details/5838756836?utm_medium=api&utm_source=10d03a1b,Healthcare,doctor
Adzuna,3858467873,Sales and Marketing,Intulogic private Limited,"Trichy, Tiruchirappalli","['India', 'Tamil Nadu', 'Tiruchirappalli', 'Trichy']",Tiruchirappalli,10.9256,78.78335,200000.0,300000.0,0,,full_time,Sales Jobs,"2 years of experience in marketing with an added experience in software and/or healthcare sales would be a plus Excellent communication and interpersonal skills Inbound sales, negotiating and convincing skills Skills to promote our service to potential customers and close deals to maximize sales Actively seek out new sales opportunities through cold calling, networking, and social media Effectively managing feedback and escalations from customers and vendors. Working in close interface with the…",2023-01-19T09:10:25Z,https://www.adzuna.in/details/3858467873?utm_medium=api&utm_source=10d03a1b,Healthcare,healthcare
Adzuna,5842095029,Associate - Developer,VDart Software Services Pvt. Ltd.,"Srirangam, Tiruchirappalli","['India', 'Tamil Nadu', 'Tiruchirappalli', 'Srirangam']",Tiruchirappalli,10.80595,78.69665,,,0,,,IT Jobs,"We are looking for a passionate and technically curious Full Stack Developer / AI & ML Fresher to join our technology team. The ideal candidate should have a strong foundation in full-stack development, Artificial Intelligence, Machine Learning, Python, databases, and modern web technologies . This is an excellent opportunity for fresh graduates who are eager to work on real-time applications, AI-powered solutions, web platforms, APIs, and data-driven projects while gaining hands-on industry ex…",2026-08-14T23:41:39Z,https://www.adzuna.in/details/5842095029?utm_medium=api&utm_source=10d03a1b,Healthcare,healthcare
Adzuna,4801397778,Trainee Coder,Omega Healthcare Management Services,"Tiruchirappalli, Tamil Nadu","['India', 'Tamil Nadu', 'Tiruchirappalli']",Tiruchirappalli,10.8091,78.66775,,,0,,full_time,IT Jobs,Description Roles and Responsibilities: Understand the client requirements and specifications of the project and code the charts accordingly Code records by following prescribed coding standards such as ICD-10 and CPT Ensure patient information are correct and appropriate signatures on all medical records Assign appropriate medical codes to all diagnosis and services Follow client specific guidelines wherever applicable & working as per client updates and coding the charts accordingly Meet the …,2024-07-31T03:02:41Z,https://www.adzuna.in/details/4801397778?utm_medium=api&utm_source=10d03a1b,Healthcare,healthcare
Adzuna,5727116563,Consultant - Ophthalmologist,Dr Agarwal,"Tirunelveli, Tamil Nadu","['India', 'Tamil Nadu', 'Tirunelveli']",Tirunelveli,8.7256,77.69625,,,0,contract,,Consultancy Jobs,Job Description Looking for a Medical Retina Consultant for Trichy. Interested Doctors please feel to apply for call at 91-9445003890 and send resumes to jobs@dragarwal.com Key Responsibilities: Looking for a Medical Retina Consultant for Trichy. Interested Doctors please feel to apply for call at 91-9445003890 and send resumes to jobs@dragarwal.com,2026-05-13T02:02:20Z,https://www.adzuna.in/details/5727116563?utm_medium=api&utm_source=10d03a1b,Healthcare,doctor
Adzuna,5842393111,Area Manager - Tirunelveli,Fishmanhealthcare,"Palayankottai, Tirunelveli","['India', 'Tamil Nadu', 'Tirunelveli', 'Palayankottai']",Tirunelveli,8.7256,77.69625,30000.0,2000000.0,0,permanent,full_time,Sales Jobs,"Area Manager - Pharmaceutical Sales Location: Tirunelveli, Tamil Nadu Employment Type: Full-time Experience: 1-3 Years Salary: ₹20,000 - ₹30,000 per month We are looking for an experienced and results-driven Area Manager to lead pharmaceutical sales operations in the Tirunelveli region. The ideal candidate will be responsible for achieving sales targets, managing territory performance, building strong relationships with healthcare professionals, and driving business growth. Key Responsibilities…",2026-08-15T05:03:44Z,https://www.adzuna.in/details/5842393111?utm_medium=api&utm_source=10d03a1b,Healthcare,doctor
Adzuna,5842393112,Area Manager -Tenkasi,Fishmanhealthcare,"Tenkasi, Tirunelveli","['India', 'Tamil Nadu', 'Tirunelveli', 'Tenkasi']",Tirunelveli,8.94277,77.31025,30000.0,2000000.0,0,permanent,full_time,Sales Jobs,"Area Manager - Pharmaceutical Sales Location: Tenkasi, Tamil Nadu Employment Type: Full-time Experience: 1-3 Years Salary: ₹20,000 - ₹30,000 per month We are looking for an experienced and results-driven Area Manager to lead pharmaceutical sales operations in the Tenkasi region. The ideal candidate will be responsible for achieving sales targets, managing territory performance, building strong relationships with healthcare professionals, and driving business growth. Key Responsibilities Achieve…",2026-08-15T05:03:44Z,https://www.adzuna.in/details/5842393112?utm_medium=api&utm_source=10d03a1b,Healthcare,doctor
Adzuna,5843890077,Regional Manager - Tirunelveli,Veerix Biotech,"Palayankottai, Tirunelveli","['India', 'Tamil Nadu', 'Tirunelveli', 'Palayankottai']",Tirunelveli,8.7256,77.69625,,,0,permanent,full_time,Sales Jobs,"Regional Manager - Pharmaceutical Sales Location: Tirunelveli, Tamilnadu Employment Type: Full-time Experience: 5 Years Salary: Based on Experience Job Summary We are seeking an experienced and results-oriented Regional Manager to lead pharmaceutical sales operations across the assigned region. The ideal candidate will be responsible for driving regional sales growth, managing and mentoring sales teams, expanding market presence, and building strong relationships with healthcare professionals, …",2026-08-16T08:54:19Z,https://www.adzuna.in/details/5843890077?utm_medium=api&utm_source=10d03a1b,Healthcare,doctor
Adzuna,5848338906,Territory Account Manager,Johnson & Johnson,"Tirunelveli, Tamil Nadu","['India', 'Tamil Nadu', 'Tirunelveli']",Tirunelveli,8.7256,77.69625,,,0,,full_time,Sales Jobs,"At Johnson & Johnson, we believe health is everything. Our strength in healthcare innovation empowers us to build a world where complex diseases are prevented, treated, and cured, where treatments are smarter and less invasive, and solutions are personal. Through our expertise in Innovative Medicine and MedTech, we are uniquely positioned to innovate across the full spectrum of healthcare solutions today to deliver the breakthroughs of tomorrow, and profoundly impact health for humanity. Learn …",2026-08-19T20:40:23Z,https://www.adzuna.in/details/5848338906?utm_medium=api&utm_source=10d03a1b,Healthcare,doctor
Adzuna,4686704110,Medical Coder,,"Tirunelveli, Tamil Nadu","['India', 'Tamil Nadu', 'Tirunelveli']",Tirunelveli,8.7256,77.69625,,,0,,,Healthcare & Nursing Jobs,"Graduates or Post Graduates in Life Sciences Nursing Physiotherapy Pharmacy Bio-Technology/Bio-Medical Engineering /B. Pharm / D.Pharm Good knowledge in Physiology and Anatomy Competent in Reading and Comprehending English language Punctuality, Attendance and General Adherence to company policies, procedures and practices Be a team player and active participant in meetings & reviews Should understand the Client SoP and code the chart received from the client Meet the production and quality targ…",2024-05-10T07:38:45Z,https://www.adzuna.in/details/4686704110?utm_medium=api&utm_source=10d03a1b,Healthcare,medical coder
Adzuna,5782690969,MD Dermatologist,Bodycraft,"Vellore, Tamil Nadu","['India', 'Tamil Nadu', 'Vellore']",Vellore,12.93975,79.3664,,,0,,,Healthcare & Nursing Jobs,An aesthetic doctor diagnoses and treats a variety of skin conditions and performs cosmetic procedures to enhance patients' appearance. They provide personalized care and stay updated with the latest advancements in aesthetic medicine. Responsibilities Patient Consultation: Conduct thorough consultations to understand patients' aesthetic goals and medical history. Physical Examinations: Perform skin health assessments and physical examinations. Personalized Treatment Plans: Design treatment pla…,2026-07-01T07:18:33Z,https://www.adzuna.in/details/5782690969?utm_medium=api&utm_source=10d03a1b,Healthcare,doctor
Adzuna,5834562184,Project Coordinator,Qure.ai,"Vellore, Tamil Nadu","['India', 'Tamil Nadu', 'Vellore']",Vellore,12.93975,79.3664,,,0,contract,,Healthcare & Nursing Jobs,"About Qure.AI: Qure.AI is an equal opportunity employer. Qure.ai is a leading Healthcare Artificial Intelligence (AI) company disrupting the ‘status quo’ by enhancing diagnostic imaging and improving health outcomes with the assistance of machine-supported tools. Qure.ai taps deep learning technology to provide an automated interpretation of radiology exams like X-rays, and CT scans for time and resource-strapped medical imaging professionals, enabling faster diagnosis and speed to treatment. Q…",2026-08-09T16:00:52Z,https://www.adzuna.in/details/5834562184?utm_medium=api&utm_source=10d03a1b,Healthcare,clinical
Adzuna,5827735925,MBBS Doctors for Content creation (for EHR/EMR) USMLE / NEET PG candidates,DesignMedicine,"Bangalore, Karnataka","['India', 'Karnataka', 'Bangalore']",Bengaluru,,,,,0,,full_time,Healthcare & Nursing Jobs,"We are hiring MBBS Doctors to develop management protocols, clinical decision support and reference content for next generation electronic health records. Full time, remote role Monday to Friday only (weekends are off) You will work on creating various forms of medical content Learn while you work Dynamic, academic and stress free work environment Work with leaders in digital health. What we are looking for Candidates who are academically sound, strong knowledge of practice of medicine Someone …",2026-08-04T17:45:22Z,https://www.adzuna.in/land/ad/5827735925?se=dhG6FYec8RGwBe63zKMEtw&utm_medium=api&utm_source=10d03a1b&v=8CD3B72E0A0A93342497B508FFBB8258FB3CB5E3,Healthcare,doctor
Adzuna,5827735907,Sales Manager — Merago AI Scribe (Healthtech / Clinical Software Sales only),meragoHealth,"Bangalore, Karnataka","['India', 'Karnataka', 'Bangalore']",Bengaluru,,,,,0,,full_time,Sales Jobs,"Location: Bengaluru (must be a current Bangalore resident; travel as required) Employment Type: Full-time Experience: 3–5 years in healthtech / clinical software sales Please note before applying: This is a healthtech software sales role. We are looking specifically for people who have sold AI, SaaS, EMR/EHR, or doctor-workflow / clinical software solutions to hospitals and clinics . This is not a pharma, medicines, medical-device or surgical items sales role, and it's not a generalist B2B or f…",2026-08-04T17:45:21Z,https://www.adzuna.in/land/ad/5827735907?se=dhG6FYec8RGwBe63zKMEtw&utm_medium=api&utm_source=10d03a1b&v=AC7C69D718CE165C1F3667A5F83034B0FE70FADC,Healthcare,doctor
Adzuna,5831966401,Endocrinologists,Healthify,"Bangalore, Karnataka","['India', 'Karnataka', 'Bangalore']",Bengaluru,,,,,0,,,Healthcare & Nursing Jobs,"Key Responsibilities Prescribe medication as per clinical guidelines Handle and resolve patient escalations in a timely and empathetic manner Conduct regular follow-up consultations via calls to monitor patient progress Titrate medications appropriately based on patient response, reports, and clinical judgment Collaborate with health coaches, nutritionists, and fitness experts for holistic patient care Maintain accurate and updated patient records and documentation Ensure adherence to quality s…",2026-08-07T17:56:29Z,https://www.adzuna.in/land/ad/5831966401?se=dhG6FYec8RGwBe63zKMEtw&utm_medium=api&utm_source=10d03a1b&v=202F1A47D0CF27FCF123950DB1403AE9F75B051C,Healthcare,doctor
Adzuna,5845682534,Regional Sales Manager- Cosmo-Derma,Talent Corner HR Services Pvt Ltd,"Bangalore, Karnataka","['India', 'Karnataka', 'Bangalore']",Bengaluru,,,,,0,,full_time,Sales Jobs,"Job Title: Regional Business Manager (RBM) Department: Sales – Derma / Cosmo-Derma / Cosmo-Nutra Location: Bangalore HQ Job Type: Full-Time Salary Budget: 11–13 LPA Experience: 8–12 Years Job Description We are looking for an experienced Regional Business Manager (RBM) to drive regional sales strategy and business growth across the assigned territory. The role will lead and mentor a regional sales team, strengthen relationships with dermatologists, cosmetologists and key opinion leaders, expand…",2026-08-18T05:07:17Z,https://www.adzuna.in/land/ad/5845682534?se=dhG6FYec8RGwBe63zKMEtw&utm_medium=api&utm_source=10d03a1b&v=4DD3FC44E59FF6BDEBC66873DE02B600BA4DDE84,Healthcare,doctor
Adzuna,5818525245,Associate Consultant- Cardiology Manipal Hospital Old Airport Road,Manipal Hospitals,"Bangalore, Karnataka","['India', 'Karnataka', 'Bangalore']",Bengaluru,,,,,0,,,Healthcare & Nursing Jobs,"A cardiologist is a medical doctor specializing in diagnosing, treating, and preventing diseases of the heart and blood vessels (the circulatory system). They manage a wide range of conditions, from chest pain and high blood pressure to heart failure and valve problems. Cardiologists also play a crucial role in preventive care, guiding patients on heart-healthy lifestyles",2026-07-28T21:19:28Z,https://www.adzuna.in/land/ad/5818525245?se=dhG6FYec8RGwBe63zKMEtw&utm_medium=api&utm_source=10d03a1b&v=6881FE3C6CE351F251430633B4E7E9D8E6F6B58E,Healthcare,doctor
Adzuna,5802782868,Customer Support Executive,Livspace,"Bangalore, Karnataka","['India', 'Karnataka', 'Bangalore']",Bengaluru,,,,,0,,,Customer Services Jobs,"Exp- 1-2 Years (Inbound/ Outbound Exp.) CTC- 4.5 Lac Mode- Hybrid Language Required- Hindi, English Responsibilities Handled inbound and outbound calls to address patient and customer issues efficiently. Coordinated with doctors for appointments, responses, and follow-ups Handled escalations professionally, ensuring quick resolution and customer satisfaction Key Requirements ● Great written and verbal communication skills ● Good listener with active problem solving skills ● Good interpersonal a…",2026-07-16T15:55:38Z,https://www.adzuna.in/land/ad/5802782868?se=dhG6FYec8RGwBe63zKMEtw&utm_medium=api&utm_source=10d03a1b&v=320018E79732313E7E7A55FFA7425D336CC2CE28,Healthcare,doctor
Adzuna,5840224558,Patient Care Executive | Hearing Aid Industry,HearClear India,"Bangalore, Karnataka","['India', 'Karnataka', 'Bangalore']",Bengaluru,,,,,0,,full_time,Admin Jobs,"Company Description: HearClear India is an official partner of Signia, which is the largest manufacturer of hearing aids in the world. The Company is one of the fastest-growing chains of hearing care and aspires to provide a world-class experience to all patients facing hearing loss. HearClear is setting benchmarks in the hearing care industry with its state-of-the-art clinics, expert audiologists, unparalleled services, and high ethics to ensure the delivery of a superlative experience for pat…",2026-08-13T16:19:00Z,https://www.adzuna.in/land/ad/5840224558?se=dhG6FYec8RGwBe63zKMEtw&utm_medium=api&utm_source=10d03a1b&v=FF4C99926E4D7C81022CDA2933BEF3B0AD914C1E,Healthcare,doctor
Adzuna,5822659534,Echo Technician,Tricog Health,"Bangalore, Karnataka","['India', 'Karnataka', 'Bangalore']",Bengaluru,,,,,0,contract,,Scientific & QA Jobs,"ROLE : Echo Technitian (IN - Office) - (This is a non clinical duty) Job Location : Malleshwaram, bangalore. Roles and Responsibilities: Review and analyze recorded echocardiography studies using digital platform in an office-based environment. Perform accurate cardiac measurements and Conduct detailed observation of cardiac structures . Interpret echocardiographic findings based on established clinical guidelines and standard reporting protocols. Prepare structured and precise preliminary repo…",2026-08-01T01:28:38Z,https://www.adzuna.in/land/ad/5822659534?se=dhG6FYec8RGwBe63zKMEtw&utm_medium=api&utm_source=10d03a1b&v=40175E000495D5333767C7B423444771038464BF,Healthcare,doctor
Adzuna,4686702783,Doctor,,"Bangalore, Karnataka","['India', 'Karnataka', 'Bangalore']",Bengaluru,12.95703,77.59837,,,0,,,Healthcare & Nursing Jobs,"Bhavesh Speciality Clinic- Healthcare facility primarily focused on care of outpatients. Looking for LADY doctors/Even Retired willing to serve their service. Job Title: BAMS/BHMS/BUMS/MBBS / Gynecologist. • Required Experience in hospital or clinic(1year) • Training in medical areas such as Pediatrics, small Surgery , ,Internal Medicine, Gynecology and Community Medicine. • Flexible working hours. • Degree in Medicine (Essential) • Fantastic counselling and listening skills. • Compassionate na…",2024-05-10T07:38:34Z,https://www.adzuna.in/details/4686702783?utm_medium=api&utm_source=10d03a1b,Healthcare,doctor
Adzuna,5828880337,Doctor,Happiest Resume,"Bangalore, Karnataka","['India', 'Karnataka', 'Bangalore']",Bengaluru,,,10000.0,100000.0,0,,full_time,Healthcare & Nursing Jobs,"Position - Industrial Staff Nurse Exp -1yrs Qualification-Bsc Nursing/GNM/ANM Immediate joiners Required Must have Registration Certificate Key Responsibilities: Medical Care: Provide first aid, CPR, and manage medical emergencies. Health Monitoring: Conduct health assessments and maintain medical records. Health Promotion: Implement wellness programs and educate employees on health practices. Safety Collaboration: Work with the Health and Safety team to identify and mitigate workplace hazards.…",2026-08-05T14:47:51Z,https://www.adzuna.in/details/5828880337?utm_medium=api&utm_source=10d03a1b,Healthcare,doctor
Adzuna,5828879601,Doctor,Happiest Resume,"Bangalore, Karnataka","['India', 'Karnataka', 'Bangalore']",Bengaluru,,,100000.0,300000.0,0,,full_time,Healthcare & Nursing Jobs,"Key Responsibilities Examine patients, assess medical conditions, and diagnose illnesses accurately Prescribe and administer appropriate medications and treatments Provide emergency and routine medical care as required Maintain detailed and accurate patient medical records Educate patients and families on health conditions, treatment plans, and preventive care Collaborate with nurses, specialists, and healthcare staff for patient care",2026-08-05T14:47:31Z,https://www.adzuna.in/details/5828879601?utm_medium=api&utm_source=10d03a1b,Healthcare,doctor
Adzuna,4686702935,MBBS Doctor,,"Bangalore, Karnataka","['India', 'Karnataka', 'Bangalore']",Bengaluru,12.95703,77.59837,,,0,,,Healthcare & Nursing Jobs,"We have urgent opening, The details are as follows: Position : MBBS Doctor - General Physician Qualification : MBBS Work Location : HSR Layout, Near Bommanahalli. Hospital Type : Clinic (Out patient Daycare Clinic). Interested candidates can reach me on Nine Zero Three Six double zero five three six five. Regards. Anand. Nine Zero Three Six double zero five three six five",2024-05-10T07:38:36Z,https://www.adzuna.in/details/4686702935?utm_medium=api&utm_source=10d03a1b,Healthcare,doctor
Adzuna,5482776470,Assistant Professor / Associate Professor / Professor – CSE,Alliance University,"Bangalore, Karnataka","['India', 'Karnataka', 'Bangalore']",Bengaluru,,,,,0,,full_time,Teaching Jobs,"Alliance University is a Private University established in Karnataka State by Act No. 34 of the year 2010. The University is recognized by the University Grants Commission (UGC), New Delhi. Alliance University with its vibrant and picturesque campus in Bangalore, India offers multidisciplinary undergraduate and postgraduate majors to students from diverse backgrounds. Alliance Education, defined by excellence through an agile and market-driven approach in the faculties of Management Studies & C…",2025-11-06T03:03:19Z,https://www.adzuna.in/land/ad/5482776470?se=dhG6FYec8RGwBe63zKMEtw&utm_medium=api&utm_source=10d03a1b&v=8FD00EDC2D4A476934F5C87CD411481D3E471258,Healthcare,doctor
Adzuna,5830417351,Assistant Professor (RESIDENTIAL),Ramaiah Institute of Science and Management,"Bangalore, Karnataka","['India', 'Karnataka', 'Bangalore']",Bengaluru,,,,,0,contract,full_time,Teaching Jobs,"Business today cannot be separated from technology. Data, software and artificial intelligence now sit at the centre of how firms compete, how markets work and how value is created, and the managers who lead well are those who understand both the logic of business and the workings of the technology transforming it. The four-year BBA (Honours) is built for that reality. It is a greenfield programme, designed from first principles rather than adapted from an older model, to prepare graduates who …",2026-08-06T17:51:35Z,https://www.adzuna.in/land/ad/5830417351?se=dhG6FYec8RGwBe63zKMEtw&utm_medium=api&utm_source=10d03a1b&v=FD8AD123DD7F12B5C206B094D89784AE2B1F983E,Healthcare,doctor
Adzuna,4686702329,Online Consultation Doctor,,"Bangalore, Karnataka","['India', 'Karnataka', 'Bangalore']",Bengaluru,12.95703,77.59837,,,0,,,Engineering Jobs,"Position: Online consultation doctor, Location: HSR Layout Qualification: MBBS Shift timing: 8AM-4PM, 12PM-8PM, 2PM-10Pm,12AM-8AM KMC is must, 1 year contract, Remote work is available till covid19",2024-05-10T07:38:31Z,https://www.adzuna.in/details/4686702329?utm_medium=api&utm_source=10d03a1b,Healthcare,doctor
Adzuna,5782689568,Post-Doctoral Research Fellow,ITC limited,"Bangalore, Karnataka","['India', 'Karnataka', 'Bangalore']",Bengaluru,,,,,0,,,Engineering Jobs,Job Description: Qualified candidate will be working with an interdisciplinary product development team. He/She is responsible for developing the next generation aerosol generation products and design experimental strategies and perform experiments to understand the influence of sensitive parameters. Responsibilities Carry out the studies on different aerosol generating systems and suggest the various means of efficient aerosol generations Application of Microfluids in next generation aerosol g…,2026-07-01T07:17:23Z,https://www.adzuna.in/details/5782689568?utm_medium=api&utm_source=10d03a1b,Healthcare,doctor
Adzuna,5782689507,Post-Doctoral Fellow - Standards and Specifications,ITC limited,"Bangalore, Karnataka","['India', 'Karnataka', 'Bangalore']",Bengaluru,,,,,0,,,Scientific & QA Jobs,"Reviewing the standards (Indian and International) Collation and generation of scientific evidences to support ITD's position with aim for monitoring continual improvement in product quality, regulatory compliance and improving accuracy and precision associated with standardized methods. Leading the scientific discussion in internal and external environment. Drafting the Indian and International standards, as and when required. Requirements Education : Ph.D Chemistry (Preferably Analytical Chem…",2026-07-01T07:17:20Z,https://www.adzuna.in/details/5782689507?utm_medium=api&utm_source=10d03a1b,Healthcare,doctor
Adzuna,3032213419,Sales & Key Accounts Associate (Doctor Onboarding),Unnati,"Bangalore, Karnataka","['India', 'Karnataka', 'Bangalore']",Bengaluru,,,600000.0,1000000.0,0,,full_time,Sales Jobs,"Are you a high-performing, collaborative, results oriented and technologically savvy person who is keen on sales in the digital industry? Then this highly visible role is for you Our client is the Health-tech initiative of India's largest business house. Started in 2015, it empowers healthcare providers and consumers in India. All healthcare monitoring services are made available through an app that will help connect doctors, hospitals, pharmacies, laboratories and consumers, enabling preventiv…",2022-04-07T05:25:59Z,https://www.adzuna.in/details/3032213419?utm_medium=api&utm_source=10d03a1b,Healthcare,doctor
Adzuna,5578950889,"Post-Doctoral Researcher, PhD, 2026 Start (Fixed-Term Contract)",Google,"Bangalore, Karnataka","['India', 'Karnataka', 'Bangalore']",Bengaluru,,,,,0,,,IT Jobs,"Post-Doctoral Researcher, PhD, 2026 Start (Fixed-Term Contract) _corporate_fare_ Google _place_ Bengaluru, Karnataka, India Mid Experience driving progress, solving problems, and mentoring more junior team members; deeper expertise and applied knowledge within relevant area. _info_outline_ X To start the application process, you will need an updated CV or resume and a current unofficial or official transcript in English. Click on the ""Apply"" button on this page and provide the required material…",2026-01-11T08:37:22Z,https://www.adzuna.in/details/5578950889?utm_medium=api&utm_source=10d03a1b,Healthcare,doctor
Adzuna,5796402812,SDETPython,SDNA Global,"Bangalore, Karnataka","['India', 'Karnataka', 'Bangalore']",Bengaluru,,,,,0,,,IT Jobs,"Job description SDETPython- Experience level: 5 to 8 years experience in Automated Quality engineering. Functional testing: Well verse with test case preparation, test case execution, Regression, Reporting Agile exposure Good to have -Supply chain exposure Automation Skills: Strong in Python Automation skill with added advantage of JavaScript. Exposure to Automation framework - behave Exposure to automation tools like cypress/ playwright are added advantage Exposure to various levels of testing…",2026-07-11T07:17:03Z,https://www.adzuna.in/details/5796402812?utm_medium=api&utm_source=10d03a1b,Healthcare,doctor
Adzuna,5782684516,Software Development Engineer,Teamlease Digital Private Limited,"Bangalore, Karnataka","['India', 'Karnataka', 'Bangalore']",Bengaluru,,,,,0,,,IT Jobs,Job Description Role & Responsibilities: ● Developing front end website architecture. ● Designing user interactions on web pages. ● Developing back end website applications. ● Creating servers and databases for functionality. ● Ensuring cross-platform optimization for mobile phones. ● Ensuring responsiveness of applications. ● Working alongside graphic designers for web design features. ● Seeing through a project from conception to finished product. ● Designing and developing APIs. ● Meeting bo…,2026-07-01T07:14:06Z,https://www.adzuna.in/details/5782684516?utm_medium=api&utm_source=10d03a1b,Healthcare,doctor
Adzuna,5813204305,International Voice Process,Livec Staffing Services Private Limited,"Bangalore, Karnataka","['India', 'Karnataka', 'Bangalore']",Bengaluru,,,,,0,,,Accounting & Finance Jobs,"Description We are seeking dedicated candidates for the position of International Voice Process to join our dynamic team in India. This role involves providing outstanding support to international clients via phone calls, ensuring customer satisfaction and effective communication. Responsibilities Manage inbound and outbound calls for international clients Provide exceptional customer service and support to clients Resolve customer issues and inquiries in a timely manner Maintain accurate recor…",2026-07-24T07:27:41Z,https://www.adzuna.in/details/5813204305?utm_medium=api&utm_source=10d03a1b,Healthcare,doctor
Adzuna,5782684496,Network Operation Associate,Teamlease Digital Private Limited,"Bangalore, Karnataka","['India', 'Karnataka', 'Bangalore']",Bengaluru,,,,,0,,,IT Jobs,"Job Description Job Description:• To offer technical assistance in drawing production work such as analysis, fiber optic network design, topology layout, fiber splice plans, cable duct and routing, and calculations on non-routine assignments of substantial variety and complexity. • The designer should take charge of different types of fiber optics and put to meet internal and client drafting standards. • The designer possesses demonstrable knowledge about internet and telephone signals and cont…",2026-07-01T07:14:06Z,https://www.adzuna.in/details/5782684496?utm_medium=api&utm_source=10d03a1b,Healthcare,doctor
Adzuna,5826772708,Manager - Marketing (Field Sales),STRATIST,"Kenchanahalli, Bangalore","['India', 'Karnataka', 'Bangalore', 'Kenchanahalli']",Bengaluru,12.9391,77.59055,,,0,,full_time,"PR, Advertising & Marketing Jobs","Role Overview: We are looking for a dynamic and motivated Field / Offline Marketing Manager who will be responsible for building and maintaining strong relationships with doctors and healthcare brands. The ideal candidate will visit clinics and hospitals, promote our services, and drive lead generation for our clients and STRATIST. Key Responsibilities: Visit doctors, clinics, and healthcare centers to promote STRATIST’s services. Build and maintain strong, long-term relationships with medical …",2026-08-03T22:53:40Z,https://www.adzuna.in/details/5826772708?utm_medium=api&utm_source=10d03a1b,Healthcare,doctor
Adzuna,5845841860,Territory Manager,Dr Reddy's Laboratories Limited,"Bangalore, Karnataka","['India', 'Karnataka', 'Bangalore']",Bengaluru,,,,,0,,,Sales Jobs,"Job Description Job Summary We are seeking an experienced and dynamic individual for the position of “Territory Manger” for driving the sales strategy and achieving business goals within your designated region, for executing the product management team's strategies, gathering customer feedback, and providing crucial insights for the development of new products. Your key focus will be on establishing and nurturing relationships with key opinion leaders, monitoring competitor information, and und…",2026-08-18T07:32:48Z,https://www.adzuna.in/details/5845841860?utm_medium=api&utm_source=10d03a1b,Healthcare,doctor
Adzuna,5675803839,Native Android Developer - B2C,RS Consultants,"Bangalore, Karnataka","['India', 'Karnataka', 'Bangalore']",Bengaluru,,,1000000.0,1500000.0,0,,full_time,IT Jobs,"Position: Android Developer – SD II Organization: A Funded global healthcare platform connecting doctors, thereby enabling exchange of information on a quick and real time basis, founded in the year 2013.Currently there are 3 lakh doctors using this platform and everyday there are 400 new doctors joining it.A Funded global healthcare platform connecting doctors, thereby enabling exchange of information on a quick and real time basis, founded in the year 2013.Currently there are 3 lakh doctors u…",2026-03-23T11:37:23Z,https://www.adzuna.in/details/5675803839?utm_medium=api&utm_source=10d03a1b,Healthcare,doctor
Adzuna,5820579822,Wanted General Practitioner and Specialist For Saudi Arabia,Resolve,"Bangalore, Karnataka","['India', 'Karnataka', 'Bangalore']",Bengaluru,,,,,0,,,Healthcare & Nursing Jobs,"Greetings From RESOLVE ITECH CORP We are hiring DOCTORS for SAUDI GENERAL PHYSICIAN Qualification : MBBS/ Experience : Minimum 3 Years Salary : 8500 SAR Accommodation and Transport Role: Doctor - Other Industry Type: Medical Services / Hospital (Diagnostics) Department: Healthcare & Life Sciences Employment Type: Full Time, Permanent Role Category: Doctor Education UG: MBBS in Medicine Skills: Mbbs, General Surgery, General Practitioner, Gynecology Experience: 3.00-7.00 Years",2026-07-30T07:27:57Z,https://www.adzuna.in/details/5820579822?utm_medium=api&utm_source=10d03a1b,Healthcare,doctor
Adzuna,2921027180,Backend Developer - Product Development,RS Consultants,"Bangalore, Karnataka","['India', 'Karnataka', 'Bangalore']",Bengaluru,,,1000000.0,1500000.0,0,,full_time,IT Jobs,"Position: Backend Developer Organization: A Funded global healthcare platform connecting doctors, thereby enabling exchange of information on a quick and real time basis, founded in the year 2013.Currently there are 3 lakh doctors using this platform and everyday there are 400 new doctors joining it. The platform promotes exchange of viewpoints, ideas, and information on various medical practices amongst healthcare professionals. This saves both time and money as solutions to several health iss…",2022-02-24T04:54:31Z,https://www.adzuna.in/details/2921027180?utm_medium=api&utm_source=10d03a1b,Healthcare,doctor
Adzuna,5797506924,First line field manager (Area Sales Manager ),Tablets India,"Bangalore, Karnataka","['India', 'Karnataka', 'Bangalore']",Bengaluru,,,,,0,,,Sales Jobs,"Supervise and lead a team of Medical Representatives (MRs) in the assigned territory. Ensure achievement of monthly, quarterly, and annual sales targets for the area. Develop and implement area-specific sales strategies aligned with company goals. Conduct fieldwork with MRs to support product promotion and ensure effective doctor coverage. Monitor and ensure daily reporting, doctor call average, and secondary sales by MRs. Identify and develop new business opportunities in hospitals, clinics, a…",2026-07-12T07:20:02Z,https://www.adzuna.in/details/5797506924?utm_medium=api&utm_source=10d03a1b,Healthcare,doctor
Adzuna,5847679375,Territory Manager,Monster - xshruthix,"Bangalore, Karnataka","['India', 'Karnataka', 'Bangalore']",Bengaluru,,,,,0,,,Sales Jobs,"Job Summary We are seeking an experienced and dynamic individual for the position of 'Territory Manger' for driving the sales strategy and achieving business goals within your designated region, for executing the product management team's strategies, gathering customer feedback, and providing crucial insights for the development of new products. Your key focus will be on establishing and nurturing relationships with key opinion leaders, monitoring competitor information, and understanding presc…",2026-08-19T07:41:35Z,https://www.adzuna.in/details/5847679375?utm_medium=api&utm_source=10d03a1b,Healthcare,doctor
Adzuna,1740597138,Android Developer,ExpertEase,"Bangalore, Karnataka","['India', 'Karnataka', 'Bangalore']",Bengaluru,,,1700000.0,2500000.0,0,,full_time,IT Jobs,"Android Developer Purpose of the role Lead Mobile App Development @ DocsApp and Deliver quality app usage experience for DocsApp users & Doctors on the platform. Responsibilities • Develop cutting edge user experience for DocsApp users & doctors on the platform • Design, build, test, deploy, maintain, and enhance android apps • Contribute towards the product roadmap • Work on a interesting range of problems like instant messaging in poor networks, smart diagnosis- personalization for doctors in…",2020-10-04T02:29:59Z,https://www.adzuna.in/details/1740597138?utm_medium=api&utm_source=10d03a1b,Healthcare,doctor
Adzuna,5839222009,PHARMACIST / SR. PHARMACIST,Apollo Pharmacy,"Bangalore, Karnataka","['India', 'Karnataka', 'Bangalore']",Bengaluru,,,,,0,,,Healthcare & Nursing Jobs,"Job Responsibilities Prescription Filling To attend the doctor s prescription at the sales counter and advise the dosage of medicines to the patients Dispense drugs pursuant to a prescription issued by the doctor. In case the prescribed medicines not available, arrange the same from the in-house pharmacies for the honor of 100% prescription. Substitution of medicines is to be consulted with the doctor Cross-check the issuing medicines with bill with regard to patient name, items name, quantity,…",2026-08-13T07:32:21Z,https://www.adzuna.in/details/5839222009?utm_medium=api&utm_source=10d03a1b,Healthcare,doctor
Adzuna,4686705125,Center Manager,,"Bangalore, Karnataka","['India', 'Karnataka', 'Bangalore']",Bengaluru,12.95703,77.59837,,,0,,,Teaching Jobs,"Job SummaryRole: Center Manager Industry Type: Education / Teaching / TrainingFunctional Area: Teaching, Education, Training, CounselingEmployment Type: Full Time, PermanentRole Category: University LevelResponsibilities and Duties* Advertising branding / Developing the education business sharing new ideas taking initiatives for marketing * Client visits for admissions / Escalations * Counseling students for Fashion & Interior additional NEET NATA training * Good communication skills willing to…",2024-05-10T07:38:52Z,https://www.adzuna.in/details/4686705125?utm_medium=api&utm_source=10d03a1b,Healthcare,doctor
Adzuna,5742857558,Unit Head HR,Ellappan Aananthan,"Bangalore, Karnataka","['India', 'Karnataka', 'Bangalore']",Bengaluru,,,,,0,,,HR & Recruitment Jobs,"Description We are looking for an experienced and dynamic Unit Head HR to manage overall HR operations for a reputed super speciality hospital in Bengaluru. The candidate should have strong experience in hospital HR management, team handling, recruitment, employee relations, and branch operations. The ideal candidate must be capable of coordinating with doctors, department heads, and management to ensure smooth operational activities. Key Responsibilities Handle end-to-end HR operations of the …",2026-05-28T06:59:08Z,https://www.adzuna.in/details/5742857558?utm_medium=api&utm_source=10d03a1b,Healthcare,doctor
Adzuna,5796405320,Public Health Pharmacist,Impact Guru,"Bangalore, Karnataka","['India', 'Karnataka', 'Bangalore']",Bengaluru,,,,,0,,,Healthcare & Nursing Jobs,"To dispense medicines to the patients as prescribed by the doctor Ensure that the medicines issued to the patients are within the expiry date Explain the dosage and the details of the medicines to the patients and their attendants clearly, ensuring, each time, that they have understood the medicines, dosages, side-effects, and other important parameters Fully responsible for the medicine stock in office and the Van. To maintain the documents/registers related to medicine transactions. To mainta…",2026-07-11T07:18:06Z,https://www.adzuna.in/details/5796405320?utm_medium=api&utm_source=10d03a1b,Healthcare,doctor
Adzuna,5842612811,Business Development Executive,Hearing Solutions,"Bangalore, Karnataka","['India', 'Karnataka', 'Bangalore']",Bengaluru,,,,,0,,,Sales Jobs,"Business Development Executive Hearing Solutions (Hearzap) is looking for a proactive Business Development Executive to drive our presence. If you have a passion for field marketing, strong communication skills in English, and a commitment to building relationships and brand awareness, we encourage you to apply! Responsibilities As a Business Development Executive, you will: Foster brand awareness through various initiatives, setting it apart from a typical medical representative role. Conduct …",2026-08-15T08:51:47Z,https://www.adzuna.in/details/5842612811?utm_medium=api&utm_source=10d03a1b,Healthcare,doctor
Adzuna,4686703104,Nurses,,"Bangalore, Karnataka","['India', 'Karnataka', 'Bangalore']",Bengaluru,12.95703,77.59837,,,0,,,Healthcare & Nursing Jobs,Assist Dermatologist doctor in skin and hair treatments. Assist in pharmacy and call handling and maintaining files of patients.,2024-05-10T07:38:37Z,https://www.adzuna.in/details/4686703104?utm_medium=api&utm_source=10d03a1b,Healthcare,doctor
Adzuna,5737399622,Key Account Executive,Hunarstreet Technologies Pvt Ltd,"Bangalore, Karnataka","['India', 'Karnataka', 'Bangalore']",Bengaluru,,,300000.0,400000.0,0,,full_time,Sales Jobs,"Job Title: Key Accounts Executive Department: Sales Location: As per assigned territory. Experience: 2-3 Years (In similar industry) Reporting To: Area Sales Manager. About Cryoviva India: Cryoviva India, a healthcare vertical of RJ Corp founded in 2006, is a pioneer in stem cell banking and one of the most trusted names in the industry. With cutting-edge technology, strict quality protocols, and a PAN-India network, Cryoviva is dedicated to offering reliable and ethical stem cell preservation …",2026-05-22T12:46:00Z,https://www.adzuna.in/details/5737399622?utm_medium=api&utm_source=10d03a1b,Healthcare,doctor
Adzuna,3180512495,Associate/Sr Ass-Info Security,Unnati,"Bangalore, Karnataka","['India', 'Karnataka', 'Bangalore']",Bengaluru,,,1300000.0,1400000.0,0,,full_time,IT Jobs,"Our client is the Health-tech initiative of India's largest business house. Started in 2015, it empowers healthcare providers and consumers in India. All healthcare monitoring services are made available through an app that will help connect doctors, hospitals, pharmacies, laboratories and consumers, enabling preventive and predictive healthcare. It helps the care-givers to track the entire patient journey from the initial appointment and maintaining their records, generating lab test reports t…",2022-05-30T06:11:18Z,https://www.adzuna.in/details/3180512495?utm_medium=api&utm_source=10d03a1b,Healthcare,doctor
Adzuna,5778430730,WCS (WebSphere Commerce) Sr. Developer,Stixis Technologies Private Limited,"Bangalore, Karnataka","['India', 'Karnataka', 'Bangalore']",Bengaluru,,,,,0,,,IT Jobs,"Job description Application Development: Design, develop, and maintain ecommerce solutions using IBM WebSphere Commerce. Write clean, efficient, and well-documented code. Ensure application performance, quality, and responsiveness. Requirements Analysis: Collaborate with business analysts and stakeholders to gather and analyze requirements. Translate business requirements into technical specifications. Participate in design discussions and provide input on technical solutions. Testing and Debug…",2026-06-27T07:12:38Z,https://www.adzuna.in/details/5778430730?utm_medium=api&utm_source=10d03a1b,Healthcare,doctor
Adzuna,5778430728,Applications Developer - Java,Stixis Technologies Private Limited,"Bangalore, Karnataka","['India', 'Karnataka', 'Bangalore']",Bengaluru,,,,,0,,,IT Jobs,"Job description Develop, test, and maintain scalable Java-based applications, including both front-end and back-end components. Write efficient, clean, and well-documented code to create functional and high-performance applications. Collaborate with cross-functional teams including business analysts, designers, and other developers to gather requirements and deliver solutions. Design and implement RESTful APIs and integrate with third-party services. Optimize application performance and trouble…",2026-06-27T07:12:38Z,https://www.adzuna.in/details/5778430728?utm_medium=api&utm_source=10d03a1b,Healthcare,doctor
Adzuna,5839221998,Business Development Executive,Apollo Pharmacy,"Bangalore, Karnataka","['India', 'Karnataka', 'Bangalore']",Bengaluru,,,,,0,,,Sales Jobs,"Position Summary: As a Business Development Manager for Apollo tez, you will be responsible for identifying, onboarding, and managing Doctor Chambers, Resident Welfare Associations (RWAs), and Corporates to set up the Apollo tez kisok. You will lead growth efforts in your region while ensuring an excellent experience for all stakeholders. Minimum Requirements: 2 to 4 years of experience in Business Development (Healthcare experience preferred) Proficiency in the local language is mandatory Stro…",2026-08-13T07:32:21Z,https://www.adzuna.in/details/5839221998?utm_medium=api&utm_source=10d03a1b,Healthcare,doctor
Adzuna,5689136137,Machine Learning Engineer III (NLP),Suki,"Bangalore, Karnataka","['India', 'Karnataka', 'Bangalore']",Bengaluru,,,,,0,,,IT Jobs,"What we want to accomplish and why we need you Suki is a leading technology company that provides AI voice solutions for healthcare. Its mission is to reimagine the healthcare technology stack, making it invisible and assistive to lift the administrative burden from clinicians. Its flagship product is Suki Assistant, an AI assistant that uses generative AI to automatically create clinical documentation by ambiently listening to patient-clinician conversations. Suki helps clinicians complete not…",2026-04-04T02:10:58Z,https://www.adzuna.in/details/5689136137?utm_medium=api&utm_source=10d03a1b,Healthcare,doctor
Adzuna,4686701328,Medical Representative,,"Bangalore, Karnataka","['India', 'Karnataka', 'Bangalore']",Bengaluru,12.95703,77.59837,,,0,,,Customer Services Jobs,"A medical representative's job is to promote and sell their company's products, whether that's pharmaceutical drugs or medical equipment. Customers can include doctors, nurses and pharmacists. The medical representative will increase product awareness, answer queries, provide advice and introduce new products",2024-05-10T07:38:25Z,https://www.adzuna.in/details/4686701328?utm_medium=api&utm_source=10d03a1b,Healthcare,doctor
Adzuna,2833105797,Category Manager,Unnati,"Bangalore, Karnataka","['India', 'Karnataka', 'Bangalore']",Bengaluru,,,500000.0,1000000.0,0,,full_time,Retail Jobs,"Headquartered in Bangalore, our client is a digital first non- judgemental healthcare brand that provides access to specialised primary care across skin, hair, sleep, sexual health, nutrition and fitness categories. This startup has brought the hospital right to the doorstep of customers thereby eliminating the pain & risk of going for regular hospital visits. They have a one-stop solution providing both doctor consultations services and products. Founded in 2020, the company is FSSAI approved …",2022-01-22T04:51:34Z,https://www.adzuna.in/details/2833105797?utm_medium=api&utm_source=10d03a1b,Healthcare,doctor
Adzuna,4686707035,HR Recruiter,,"Bangalore, Karnataka","['India', 'Karnataka', 'Bangalore']",Bengaluru,12.95703,77.59837,,,0,,,Consultancy Jobs,"Communication should be good Willing to travel Multi linguistic especially Tamil is important (prefer English, Tamil, Kannada) Good presentation skill High maturity to deal with doctors Meticulous followup Work experience as recruiter in healthcare or any equal lent for minimum 2 yrs",2024-05-10T07:39:06Z,https://www.adzuna.in/details/4686707035?utm_medium=api&utm_source=10d03a1b,Healthcare,doctor
Adzuna,5810200436,Management Trainee - Sales,HaystackAnalytics Pvt Ltd,"Bangalore, Karnataka","['India', 'Karnataka', 'Bangalore']",Bengaluru,,,60000.0,60000.0,0,,part_time,Healthcare & Nursing Jobs,Kickstart your career in Healthcare Sales with Haystack Analytics. This training-to-hire program is designed for fresh graduates in life sciences and allied fields who are passionate about building a career in sales and business development within the healthcare and diagnostics industry. This is the only channel through which we are accepting participants. Please apply by filling the google form https://forms.gle/9C3Qmv8cKWcQUkh5A NextGenSales Training Program | Haystack Analytics A 15-day trai…,2026-07-22T06:53:46Z,https://www.adzuna.in/details/5810200436?utm_medium=api&utm_source=10d03a1b,Healthcare,doctor
Adzuna,5810200244,Sales Training to Hire Programme,HaystackAnalytics Pvt Ltd,"Bangalore, Karnataka","['India', 'Karnataka', 'Bangalore']",Bengaluru,,,60000.0,60000.0,0,,part_time,Healthcare & Nursing Jobs,Kickstart your career in Healthcare Sales with Haystack Analytics. This training-to-hire program is designed for fresh graduates in life sciences and allied fields who are passionate about building a career in sales and business development within the healthcare and diagnostics industry. This is the only channel through which we are accepting participants. Please apply by filling the google form https://forms.gle/9C3Qmv8cKWcQUkh5A NextGenSales Training Program | Haystack Analytics A 15-day trai…,2026-07-22T06:53:45Z,https://www.adzuna.in/details/5810200244?utm_medium=api&utm_source=10d03a1b,Healthcare,doctor
Adzuna,3032215299,Clinic Operations,Unnati,"Bangalore, Karnataka","['India', 'Karnataka', 'Bangalore']",Bengaluru,,,1500000.0,2000000.0,0,,full_time,Retail Jobs,"Are you a high-performing, collaborative, results oriented and technologically savvy person who is keen on sales in the digital industry? Then this highly visible role is for you Our client is the Health-tech initiative of India's largest business house. Started in 2015, it empowers healthcare providers and consumers in India. All healthcare monitoring services are made available through an app that will help connect doctors, hospitals, pharmacies, laboratories and consumers, enabling preventiv…",2022-04-07T05:26:10Z,https://www.adzuna.in/details/3032215299?utm_medium=api&utm_source=10d03a1b,Healthcare,doctor
Adzuna,3204032477,Front End Developer - React Js,Numen Health,"Bangalore, Karnataka","['India', 'Karnataka', 'Bangalore']",Bengaluru,,,1000000.0,3000000.0,0,,full_time,IT Jobs,"About Numen (https://numenhealth.com): Numen Health is a Health-tech company with a goal to reimagine healthcare in India. Through an amalgamation of our healthcare team with the power of AI and the Internet of Things (IoT), we make healthcare easier and accessible through a data-based preemptive approach. Our mission is to facilitate change in the healthcare industry by moving from a reactive approach to a proactive one. We are a wonderful, young team with experience in scaling up Indian and i…",2022-06-07T06:15:20Z,https://www.adzuna.in/details/3204032477?utm_medium=api&utm_source=10d03a1b,Healthcare,doctor
Adzuna,5833434713,Senior Medical Officer,Sukino Continuum Care,"Bangalore, Karnataka","['India', 'Karnataka', 'Bangalore']",Bengaluru,,,,,0,,full_time,Healthcare & Nursing Jobs,"Qualification: MBBS Location: Whitefield and Manyata, Bangalore Experience: 10 years Shift: Morning Shift (8 hours) Salary: Negotiable based on experience Requirement: Valid KMC Registration Certificate is mandatory If you are interested or know someone who may be a good fit, please get in touch at 8310371750 or kishore@sukino.com. ﻿Sukino Continuum Care, part of Sukino Healthcare Solutions, focuses on supporting individuals and families in managing chronic health conditions over the long term.…",2026-08-08T17:59:43Z,https://www.adzuna.in/land/ad/5833434713?se=tleaGIec8RGgd9X26G9YQA&utm_medium=api&utm_source=10d03a1b&v=9CD0ECE1174E78B9AED3B5EDEEDF2A9717FBBE2C,Healthcare,medical officer
Adzuna,5828881311,Medical Officer,Happiest Resume,"Bangalore, Karnataka","['India', 'Karnataka', 'Bangalore']",Bengaluru,,,30000.0,100000.0,0,,full_time,Healthcare & Nursing Jobs,"We are seeking a skilled Medical Officer to join our team at Ekincare Industries. As a Medical Officer, you will be responsible for providing medical consultation, conducting health check-ups, and managing chronic health conditions. The ideal candidate will have an MBBS qualification, valid Medical Council Registration, and experience in General Practice or Corporate Clinic. Good communication and patient management skills are essential for this role. You will be working on a part-time basis, w…",2026-08-05T14:48:15Z,https://www.adzuna.in/details/5828881311?utm_medium=api&utm_source=10d03a1b,Healthcare,medical officer
Adzuna,5832080911,Medical Officer,Noora Health,"Richmond Town, Bangalore","['India', 'Karnataka', 'Bangalore', 'Richmond Town']",Bengaluru,12.9706,77.60024,,,0,contract,,Healthcare & Nursing Jobs,"JOB TYPE: Contract LOCATION: Bangalore, India TEAM : Medical WHO WE ARE YosAid Innovation Foundation improves outcomes and strengthens health systems in India by promoting innovative healthcare practices and skills among patients and their families. In collaboration with healthcare institutions and the government, YosAid Innovation Foundation provides healthcare training and actionable skill building to patients and family caregivers on health behaviors and information. As part of this effort, …",2026-08-07T20:44:06Z,https://www.adzuna.in/details/5832080911?utm_medium=api&utm_source=10d03a1b,Healthcare,medical officer
Adzuna,5844800834,Emergency Medical Officer/ Duty Medical Officer,Medoralink,"Bangalore, Karnataka","['India', 'Karnataka', 'Bangalore']",Bengaluru,,,600000.0,1440000.0,0,permanent,full_time,Healthcare & Nursing Jobs,"About the Opportunity Medoralink is a fast-growing healthcare services provider focused on delivering urgent and emergency medical care across urban and semi-urban India. We operate high-impact clinical hubs and on-site medical stations for corporate campuses, industrial zones, and public infrastructure projects. Our Duty Medical Officers ensure 24/7 clinical readiness, rapid triage, and continuum-of-care coordination—with a strong focus on patient safety, protocol adherence, and clinical excel…",2026-08-17T07:20:24Z,https://www.adzuna.in/details/5844800834?utm_medium=api&utm_source=10d03a1b,Healthcare,medical officer
Adzuna,5833593209,Pre-Auth-Medical Officer-VHC,Vidal Healthcare Services,"Bangalore, Karnataka","['India', 'Karnataka', 'Bangalore']",Bengaluru,12.95703,77.59837,,,0,,full_time,Healthcare & Nursing Jobs,"Job description: Medical Officer Minimum qualification: MBBS/BAMS/BHMS Designation: Medical Officer About Us: Vidal Health is 100% Subsidiary of Bajaj Finserv Health (BFHL). Vidal Health Insurance TPA Pvt Ltd was established in March 2002 with the mission to provide top quality TPA services to Health Insurance policyholders and be the most preferred TPA in India. We are licensed by IRDA (Insurance Regulatory & Development Authority) and have been empanelled by leading insurance companies, both …",2026-08-08T20:51:38Z,https://www.adzuna.in/details/5833593209?utm_medium=api&utm_source=10d03a1b,Healthcare,medical officer
Adzuna,5329713465,Medical Content Officer,PlexusMD,"Bangalore, Karnataka","['India', 'Karnataka', 'Bangalore']",Bengaluru,,,,,0,,full_time,Teaching Jobs,"Roles & Responsibilities: Interact with experts to create, prepare and update the health education content of our trainings Participates in strategic planning and project meetings with internal teams and partner organizations, as needed. Draft the medical content outlines for various condition areas and prepare blueprints Conduct field research to understand community perspective and challenges at the health systems level to design and plan to revise health education curriculum to improve servi…",2025-07-31T17:11:53Z,https://www.adzuna.in/details/5329713465?utm_medium=api&utm_source=10d03a1b,Healthcare,medical officer
Adzuna,5828882866,Industrial Staff Nurse,Happiest Resume,"Bangalore, Karnataka","['India', 'Karnataka', 'Bangalore']",Bengaluru,,,30000.0,100000.0,0,,full_time,Healthcare & Nursing Jobs,"We are seeking an experienced Industrial Staff Nurse & FMO/Medical Officer to join our team. The successful candidate will be responsible for providing first aid, conducting health assessments, and implementing health awareness and wellness programs. The role requires strong clinical and nursing skills, excellent communication and interpersonal abilities, and the ability to handle emergencies efficiently. The ideal candidate will have a B.Sc Nursing / GNM / ANM qualification and a valid registr…",2026-08-05T14:48:43Z,https://www.adzuna.in/details/5828882866?utm_medium=api&utm_source=10d03a1b,Healthcare,medical officer
Adzuna,5806895768,Medical Compliance Specialist,HireRight,"Immedihalli, Bangalore","['India', 'Karnataka', 'Bangalore', 'Immedihalli']",Bengaluru,12.97375,77.73605,,,0,,full_time,Healthcare & Nursing Jobs,"HireRight is the premier global background screening and workforce solutions provider. We bring clarity and confidence to vetting and hiring decisions through integrated, tailored solutions, driving a higher standard of accuracy in everything we do. Combining in-house talent, personalized services, and proprietary technology, we ensure the best candidate experience possible. PBSA accredited and based in Nashville, TN, we offer expertise from our regional centers across 200 countries and territo…",2026-07-19T10:35:02Z,https://www.adzuna.in/details/5806895768?utm_medium=api&utm_source=10d03a1b,Healthcare,medical officer
Adzuna,2853928034,Sales Development Specialist,Multi Recruit,"Bangalore, Karnataka","['India', 'Karnataka', 'Bangalore']",Bengaluru,,,0.0,800000.0,0,,full_time,Sales Jobs,"Cold calling, relationship building, follow up through emails. Generating new sales orders. Acting as a bridge between customers & the company. Identify relevant new business opportunities Efficiently and effectively process assigned opportunities into new business sales Research and build new and existing prospect accounts (i.e., adding contacts, sending regular emails, appointment setting) Consistently meet or exceed monthly and quarterly sales targets to secure new business Specific Skill Se…",2022-01-30T04:34:27Z,https://www.adzuna.in/details/2853928034?utm_medium=api&utm_source=10d03a1b,Healthcare,medical officer
Adzuna,5786187484,Occupational Health Physician,ExxonMobil,"Bangalore, Karnataka","['India', 'Karnataka', 'Bangalore']",Bengaluru,12.95703,77.59837,,,0,,,Healthcare & Nursing Jobs,"About us At ExxonMobil, our vision is to lead in energy innovations that advance modern living while reducing emissions. As one of the world’s largest publicly traded energy and chemical companies, we are powered by a unique and diverse workforce fueled by the pride in what we do and what we stand for. The success of our Upstream, Product Solutions and Low Carbon Solutions businesses is the result of the talent, curiosity and drive of our people. They bring solutions every day to optimize our s…",2026-07-03T06:21:26Z,https://www.adzuna.in/details/5786187484?utm_medium=api&utm_source=10d03a1b,Healthcare,medical officer
Adzuna,5684977549,Frontend Engineer,314e corporation,"Bangalore, Karnataka","['India', 'Karnataka', 'Bangalore']",Bengaluru,,,1500000.0,6000000.0,0,,full_time,IT Jobs,"Responsibilities: Collaborate with cross-functional teams to translate UI/UX designs into high-quality code. Build and maintain efficient, reusable, and reliable frontend components and modules. Develop cutting-edge web applications with a focus on responsiveness, performance, and user experience. Mentor and provide technical guidance to junior team members. Participate in code reviews, ensuring code quality and adherence to best practices. Contribute to architectural and design decisions, ensu…",2026-04-01T11:39:36Z,https://www.adzuna.in/details/5684977549?utm_medium=api&utm_source=10d03a1b,Healthcare,medical officer
Adzuna,5684977547,Software Engineer - Python,314e corporation,"Bangalore, Karnataka","['India', 'Karnataka', 'Bangalore']",Bengaluru,,,3000000.0,7000000.0,0,,full_time,IT Jobs,"Requirements: Bachelor's degree in engineering with a specialization in computer science or a related field. 5 years of experience as a software engineer in a product development setting. Love of technology and experience with one or more programming languages, such as Python or Go. Experience in full-stack development, including designing APIs and integration patterns, implementing security, and implementing frameworks for unit and end-to-end testing. Experience with microservices architecture…",2026-04-01T11:39:36Z,https://www.adzuna.in/details/5684977547?utm_medium=api&utm_source=10d03a1b,Healthcare,medical officer
Adzuna,5684977546,Senior Software Engineer - Java,314e corporation,"Bangalore, Karnataka","['India', 'Karnataka', 'Bangalore']",Bengaluru,,,2000000.0,3500000.0,0,,full_time,IT Jobs,"Requirements: Bachelor's degree in engineering with a specialization in computer science or a related field. 5 years of experience as a software engineer in a product development setting. Love of technology and experience with one or more programming languages: Java and Python. Experience in full-stack development, including designing APIs and integration patterns, implementing security, and implementing frameworks for unit and end-to-end testing. Experience with microservices architecture. Exp…",2026-04-01T11:39:36Z,https://www.adzuna.in/details/5684977546?utm_medium=api&utm_source=10d03a1b,Healthcare,medical officer
Adzuna,5777066622,Software Engineer - Java Fullstack,Interactive Brokers,"Bangalore, Karnataka","['India', 'Karnataka', 'Bangalore']",Bengaluru,,,,,0,,,IT Jobs,"As an SE, youll join a team of highly talented and motivated engineers who are passionate about their work. Youll design, test, deploy and maintain software solutions with complete ownership throughout this job. Research, conceive and develop technology solutions to extend and improve IBs customer facing and back-end applications. Write client / server-side code for web-based applications, create robust high-volume production applications, and develop prototypes quickly. Work in close collabora…",2026-06-26T07:26:39Z,https://www.adzuna.in/details/5777066622?utm_medium=api&utm_source=10d03a1b,Healthcare,medical officer
Adzuna,5777066582,Software Engineer - Java Fullstack,Interactive Brokers,"Bangalore, Karnataka","['India', 'Karnataka', 'Bangalore']",Bengaluru,,,,,0,,,IT Jobs,"Interactive Brokers Software Service India ('IBSSI') is looking for Software engineers with Java concentration with experience working in Unix/Linux environments to help make our customer-facing trading applications and back-end systems even better. If you are proficient in developing front-end systems or corresponding back-end services for them, have solid programming experience, love the challenge of developing complex real- time solutions, and enjoy working in a dynamic environment with a st…",2026-06-26T07:26:39Z,https://www.adzuna.in/details/5777066582?utm_medium=api&utm_source=10d03a1b,Healthcare,medical officer
Adzuna,5797509090,Customer Support Executive,One Degree North Human Resource,"Bangalore, Karnataka","['India', 'Karnataka', 'Bangalore']",Bengaluru,,,,,0,,,Customer Services Jobs,"Hiring Alert | Customer Support Executive | Bangalore Looking to kick-start or grow your career with a leading global organization Here's your opportunity to join a dynamic team with excellent career growth, attractive salary, and world-class employee benefits. Job Location Marathahalli, Bangalore (Landmark: Prestige Tech Platina) Job Role Associate Senior Associate Eligibility Criteria Graduates Only Eligible Streams: B.Com, BBA, B.Sc, BCA, BA, BHM, BBM, BSW, BMS & other Non-Technical Graduate…",2026-07-12T07:22:40Z,https://www.adzuna.in/details/5797509090?utm_medium=api&utm_source=10d03a1b,Healthcare,medical officer
Adzuna,5782690950,Clinic Receptionist,Bodycraft,"Bangalore, Karnataka","['India', 'Karnataka', 'Bangalore']",Bengaluru,,,,,0,,,Admin Jobs,"The receptionist is the first point of contact for patients and visitors at the clinic. They are responsible for managing administrative tasks, maintaining patient records, and ensuring a welcoming environment. Responsibilities Patient Interaction: Greet patients and visitors warmly upon arrival and assist them with the check-in process. Appointment Scheduling: Schedule, reschedule, and confirm appointments following clinic policies. Patient Records: Maintain accurate and confidential patient r…",2026-07-01T07:18:32Z,https://www.adzuna.in/details/5782690950?utm_medium=api&utm_source=10d03a1b,Healthcare,medical officer
Adzuna,5805829512,Specialist- Distributor Management,Fresenius Medical Care,"Bangalore, Karnataka","['India', 'Karnataka', 'Bangalore']",Bengaluru,,,,,0,,,Scientific & QA Jobs,"- Qualification, monitoring, and management of critical business partners/service providers (e.g., TPIs) for FME D GmbH to ensure regulatory compliance of distribution channels to the end consumer based on valid processes and regulatory requirements within the respective area of responsibility - QAA control (timely creation, completion, and maintenance based on centrally provided templates) - Support with Initiation of mapping measures for the qualification and support of distributors, pharmace…",2026-07-18T10:44:19Z,https://www.adzuna.in/details/5805829512?utm_medium=api&utm_source=10d03a1b,Healthcare,medical officer
Adzuna,5671045014,Front-End Software Engineer,Doxel,"Bangalore, Karnataka","['India', 'Karnataka', 'Bangalore']",Bengaluru,,,,,0,,,Engineering Jobs,"Construction is the second-largest industry in the world—nearly 4x the size of SaaS—yet it still operates without the automated feedback loops that modern software teams rely on. Without real-time observability, issues are detected too late, contributing to over $3 Trillion in annual global waste. Doxel brings computer vision and AI to construction, giving teams real-time visibility into progress, risk, and execution. From hospitals to data centers, and from field leaders to executive teams, Do…",2026-03-19T01:46:01Z,https://www.adzuna.in/details/5671045014?utm_medium=api&utm_source=10d03a1b,Healthcare,medical officer
Adzuna,5837799701,Director - Process Excellence & Transformation,Fresenius Medical Care,"Bangalore, Karnataka","['India', 'Karnataka', 'Bangalore']",Bengaluru,12.95703,77.59837,,,0,,,IT Jobs,"This is a hybrid role. Upon agreement between you and your supervisor, you are entitled to a flexible arrangement where you will be able to split your time between working from the office and working remotely. Fresenius Medical Care is a people business. Our success depends on having the best and brightest employees, and helping them attain their personal and professional goals while delivering excellence in patient care and business results. Our employees embody our culture which is based on c…",2026-08-12T10:58:26Z,https://www.adzuna.in/details/5837799701?utm_medium=api&utm_source=10d03a1b,Healthcare,medical officer
Adzuna,4801385428,Area Sales Manager,Primacy Industries Lted,"Bangalore, Karnataka","['India', 'Karnataka', 'Bangalore']",Bengaluru,12.95703,77.59837,,,0,permanent,,Sales Jobs,"Curriculum Vitae JAGANNATH.G E-mail: jagan_0508@yahoo.co.in Mobile: 9980013327. __________________________________________________________________________________ ¬¬¬Objective: To pursue my career in Sales & promotions, in challenging frontiers of modern industry, and to accept the challenges life throws at me, and to overcome them with hard work and dedication. Work Experience: I Name of Organization : PRIMACY INDUSTRIES ltd. Designation : AREA SALES MANAGER Duration : From Jan 2012 to till da…",2024-07-31T03:01:35Z,https://www.adzuna.in/details/4801385428?utm_medium=api&utm_source=10d03a1b,Healthcare,medical officer
Adzuna,5806700835,Consultant General Physician,Narayana Health,"Bangalore, Karnataka","['India', 'Karnataka', 'Bangalore']",Bengaluru,,,,,0,,,Healthcare & Nursing Jobs,Job description Preferred candidate profile Provide comprehensive patient consultations and treatment plans Conduct routine health check-ups and preventive care Collaborate with specialists for multidisciplinary patient management Diagnose and manage acute and chronic medical conditions Perks and benefits Opportunity to work in a reputed healthcare organization Interested candidates are invited to send their resume along with a cover letter detailing their qualifications and experience to [HIDD…,2026-07-19T07:20:47Z,https://www.adzuna.in/details/5806700835?utm_medium=api&utm_source=10d03a1b,Healthcare,general physician
Adzuna,5833434829,Drug Safety Physician,Biocon Biologics,"Bangalore, Karnataka","['India', 'Karnataka', 'Bangalore']",Bengaluru,,,,,0,,,Scientific & QA Jobs,"Job Description Drug Safety Physician We are seeking a drug physician in Biocon Biologics Pharmacovigilance who independently or in association with senior physicians will be responsible for continuous evaluation of the safety profile of company products through adverse event monitoring, supporting clinical trial PV safety activities, overseeing aggregate report reviews, safety signal and risk management activities and drive proactive implementation of risk management initiatives to meet global…",2026-08-08T18:01:37Z,https://www.adzuna.in/land/ad/5833434829?se=qB9qG4ec8RGgd9X26G9YQA&utm_medium=api&utm_source=10d03a1b&v=BF13D043E05200FA484C79B9BECC19511729F870,Healthcare,physician
Adzuna,5827735791,Primary Care Physician (MBBS) — Bengaluru,meragoHealth,"Bangalore, Karnataka","['India', 'Karnataka', 'Bangalore']",Bengaluru,,,,,0,,full_time,Healthcare & Nursing Jobs,"Company Description MeragoHealth is a patient-centric personal health management service that focuses on timely access to medical care, a comprehensive view of personal health data, streamlined healthcare payments, and active involvement of family and caregivers. Through an integrated network, MeragoHealth delivers seamless health management experiences in both virtual and in-person settings for healthcare seekers and providers. The platform is built to support continuous, coordinated care acro…",2026-08-04T17:44:54Z,https://www.adzuna.in/land/ad/5827735791?se=qB9qG4ec8RGgd9X26G9YQA&utm_medium=api&utm_source=10d03a1b&v=DA778605E731545C18DD3CFF8336775E3FB8F6C9,Healthcare,physician
Adzuna,5801399895,Sales Manager – Sleep Division,NEXTGEN MEDWORKS,"Bangalore, Karnataka","['India', 'Karnataka', 'Bangalore']",Bengaluru,,,,,0,,,Sales Jobs,"Job Title: Sales Manager – Sleep Division Location: Bangalore/ India Employer: NexGen Medworks Medical Equipment LLC About the Role: We are looking for a highly driven and clinically oriented Sales Manager to lead and expand our Sleep Division business across India. The ideal candidate must have strong exposure to government and private healthcare sectors. This role requires a combination of sales leadership, clinical support capability, and relationship management within the ENT segment. Key R…",2026-07-15T22:27:16Z,https://www.adzuna.in/land/ad/5801399895?se=qB9qG4ec8RGgd9X26G9YQA&utm_medium=api&utm_source=10d03a1b&v=5B35D0490B3CFFD1F03A8A650862D4A1BDE8C641,Healthcare,physician
Adzuna,5838134039,Regional Sales Manager,SLTL Group - Medical Division,"Bangalore, Karnataka","['India', 'Karnataka', 'Bangalore']",Bengaluru,,,,,0,contract,,Sales Jobs,"Job Summary The Regional Sales Manager will be responsible for driving sales growth, managing channel partners and sales teams, and expanding market presence for the company’s cardiovascular product portfolio within the assigned region. The role requires strong leadership, strategic planning, key account management, and deep understanding of the cardiovascular medical devices market. Key Responsibilities: Sales & Business Development Achieve regional sales targets and revenue objectives for car…",2026-08-12T16:16:21Z,https://www.adzuna.in/land/ad/5838134039?se=qB9qG4ec8RGgd9X26G9YQA&utm_medium=api&utm_source=10d03a1b&v=19C67DA0C66965E6030BB8D49E97932882F166E1,Healthcare,physician
Adzuna,5819622665,Sales Manager – Surgical Devices (ENT),NEXTGEN MEDWORKS,"Bangalore, Karnataka","['India', 'Karnataka', 'Bangalore']",Bengaluru,,,,,0,,full_time,Sales Jobs,Job Title: Sales Manager – Surgical Devices (ENT) Positions: 4 Location: Bangalore/ Kochi /Chennai/Hyderbad Employer: NexGen Medworks Medical Equipment LLC Full-Time | Mid-Level | Sales & Clinical Solutions (ENT) About the Role: We are looking for a highly driven and clinically oriented Sales Manager to lead and expand our ENT portfolio business across India. The ideal candidate must have strong exposure to government and private healthcare sectors. This role requires a combination of sales lea…,2026-07-29T15:20:55Z,https://www.adzuna.in/land/ad/5819622665?se=qB9qG4ec8RGgd9X26G9YQA&utm_medium=api&utm_source=10d03a1b&v=12B1371BCBD851205B8868AA6BA811E7701169E3,Healthcare,physician
Adzuna,5845683069,Clinical Quality Manager,Teleradiology Solutions,"Bangalore, Karnataka","['India', 'Karnataka', 'Bangalore']",Bengaluru,,,,,0,,,IT Jobs,"Company Description Teleradiology Solutions (TRS) is a pioneer in teleradiology, delivering round-the-clock diagnostic radiology reporting and support to hospitals and healthcare providers across India, the US, and other global markets. Founded in 2002 by two Yale-trained physicians and headquartered in Ardmore, PA, TRS today serves over 150 hospitals across 21 countries. The company pairs a network of board-certified radiologists — including ABR-certified specialists — with technology-driven w…",2026-08-18T05:08:17Z,https://www.adzuna.in/land/ad/5845683069?se=qB9qG4ec8RGgd9X26G9YQA&utm_medium=api&utm_source=10d03a1b&v=7DEA90532C60CDF31DA00631DD66E810890A21F0,Healthcare,physician
Adzuna,5846723425,Software Engineer I - Test,Danaher,"Bangalore, Karnataka","['India', 'Karnataka', 'Bangalore']",Bengaluru,12.95703,77.59837,,,0,,full_time,IT Jobs,"This job is with Danaher, an inclusive employer and a member of myGwork – the largest global platform for the LGBTQ business community. Please do not contact the recruiter directly. At Beckman Coulter Diagnostics, one of Danaher’s 15 operating companies, our work saves lives—and we’re all united by a shared commitment to innovate for tangible impact. You’ll thrive in a culture of belonging where you and your unique viewpoint matter. And by harnessing Danaher’s system of continuous improvement, …",2026-08-18T18:03:39Z,https://www.adzuna.in/land/ad/5846723425?se=qB9qG4ec8RGgd9X26G9YQA&utm_medium=api&utm_source=10d03a1b&v=436EED271D87F4DA4791025CBE17E09839BE8122,Healthcare,physician
Adzuna,5846723248,Lead Software Engineer (C# .Net),Danaher,"Bangalore, Karnataka","['India', 'Karnataka', 'Bangalore']",Bengaluru,12.95703,77.59837,,,0,,full_time,IT Jobs,"This job is with Danaher, an inclusive employer and a member of myGwork – the largest global platform for the LGBTQ business community. Please do not contact the recruiter directly. Bring more to life. Are you ready to accelerate your potential and make a real difference within life sciences, diagnostics and biotechnology? At Beckman Coulter Diagnostics, one of Danaher’s 15 operating companies, our work saves lives—and we’re all united by a shared commitment to innovate for tangible impact. You…",2026-08-18T18:03:36Z,https://www.adzuna.in/land/ad/5846723248?se=qB9qG4ec8RGgd9X26G9YQA&utm_medium=api&utm_source=10d03a1b&v=57BE615C52784C4983A8A059B82521FF29D6FB13,Healthcare,physician
Adzuna,5846723059,Senior Electrical Engineer,Danaher,"Bangalore, Karnataka","['India', 'Karnataka', 'Bangalore']",Bengaluru,12.95703,77.59837,,,0,,full_time,Engineering Jobs,"This job is with Danaher, an inclusive employer and a member of myGwork – the largest global platform for the LGBTQ business community. Please do not contact the recruiter directly. Bring more to life. Are you ready to accelerate your potential and make a real difference within life sciences, diagnostics and biotechnology? At Beckman Coulter Diagnostics, one of Danaher’s 15 operating companies, our work saves lives—and we’re all united by a shared commitment to innovate for tangible impact. You…",2026-08-18T18:03:33Z,https://www.adzuna.in/land/ad/5846723059?se=qB9qG4ec8RGgd9X26G9YQA&utm_medium=api&utm_source=10d03a1b&v=C8B71AD80A4DED6B4E3AA5E619AF975F605FE347,Healthcare,physician
Adzuna,5774483353,Shipboard Medispa Physician,OneSpaWorld,"Bangalore, Karnataka","['India', 'Karnataka', 'Bangalore']",Bengaluru,12.95703,77.59837,,,0,,,Hospitality & Catering Jobs,This position is based on a Cruise Ship Education and Experience Requirements · Completed medical education and hold a medical degree from a recognized college or university. · Hold a current valid medical license. · Board certification or similar international certification in Plastic Surgery or Dermatology preferred but not required. · Comfortable with giving presentations/speaking in front of large groups. · Fluency in English. · Strong interpersonal skills. Reports to: Spa Manager Job Summa…,2026-06-24T13:15:58Z,https://www.adzuna.in/details/5774483353?utm_medium=api&utm_source=10d03a1b,Healthcare,physician
Adzuna,5761908472,Emergency Medical Physician,Spandana Hospital,"Bangalore, Karnataka","['India', 'Karnataka', 'Bangalore']",Bengaluru,,,,,0,,full_time,Healthcare & Nursing Jobs,"Company Overview Spandana Hospital, located in Bangalore, is part of the Hospital Health Care industry, dedicated to providing world-class healthcare services at affordable costs. Our facilities boast a highly trained and committed team, focusing on patient-centered, high-quality tertiary and critical care. With a team of 201-500 employees, we strive for excellence in medical, administrative, and supportive services, ensuring the best possible care for our patients. Job Overview Spandana Hospit…",2026-06-13T07:08:51Z,https://www.adzuna.in/details/5761908472?utm_medium=api&utm_source=10d03a1b,Healthcare,physician
Adzuna,5597444320,Expert Physician — Radiologist,SAIGroup,"Bangalore, Karnataka","['India', 'Karnataka', 'Bangalore']",Bengaluru,12.95703,77.59837,,,0,,,Healthcare & Nursing Jobs,"About the Role We are developing a next-generation multimodal AI platform capable of interpreting 3D medical imaging , clinical documents , and supporting agentic reasoning across radiology and cardiology pathways. We are seeking an expert physician —either a Radiologist with oncology imaging expertise or a Cardiologist with advanced cardiac imaging expertise —who also understands clinical workflows , patient pathways , and hospital operations . You will guide the clinical direction of our AI m…",2026-01-24T00:32:44Z,https://www.adzuna.in/details/5597444320?utm_medium=api&utm_source=10d03a1b,Healthcare,physician
Adzuna,5786187401,Occupational Health Physician,ExxonMobil,"Bangalore, Karnataka","['India', 'Karnataka', 'Bangalore']",Bengaluru,12.95703,77.59837,,,0,,,Healthcare & Nursing Jobs,"Job Group Capability Safety, Security, Health & Sustainability Job Group Health Job Role Description An Occupational and Public Health Expert is a recognized technical leader who supports multiple sites or countries. They make significant decisions by analyzing complex situations and are capable of working independently on broad initiatives. Their strong Occupational and Public Health knowledge and experience, along with effective communication, enables them to work well with diverse groups and…",2026-07-03T06:21:24Z,https://www.adzuna.in/details/5786187401?utm_medium=api&utm_source=10d03a1b,Healthcare,physician
Adzuna,5739144362,AR - Denial Management | Physician Billing,GetixHealth,"Kenchanahalli, Bangalore","['India', 'Karnataka', 'Bangalore', 'Kenchanahalli']",Bengaluru,12.94715,77.57888,,,0,,full_time,Accounting & Finance Jobs,"About GetixHealth GetixHealth provides hospitals, clinics, university medical centers, and other healthcare facilities across the United States with comprehensive revenue cycle management (RCM) services. Our services are customized to the needs of our client and can either include all facets of the front and back office revenue cycle or a mixture of these services, including but not limited to: medical coding and billing, claims management, insurance eligibility services, medicaid / medicare sp…",2026-05-24T02:22:17Z,https://www.adzuna.in/details/5739144362?utm_medium=api&utm_source=10d03a1b,Healthcare,physician
Adzuna,5730721520,AR Associate | Hospital Billing | Physician Billing,GetixHealth,"Kenchanahalli, Bangalore","['India', 'Karnataka', 'Bangalore', 'Kenchanahalli']",Bengaluru,12.94715,77.57888,,,0,,full_time,Engineering Jobs,Understand the client requirements and specifications of the project. Ensure that the deliverable to the client adhere to the quality standards. Must be spontaneous and have high energy level. A brief understanding on the entire Medical Billing Cycle. Must possess good communication skill with neutral accent. Must be flexible and should have a positive attitude towards work. Must be willing to Work from Office Abilities to absorb client business rules.,2026-05-16T02:17:29Z,https://www.adzuna.in/details/5730721520?utm_medium=api&utm_source=10d03a1b,Healthcare,physician
Adzuna,5693646858,Senior AR Caller / US Healthcare / Physician Billing,GetixHealth,"Kenchanahalli, Bangalore","['India', 'Karnataka', 'Bangalore', 'Kenchanahalli']",Bengaluru,12.94715,77.57888,,,0,,full_time,Accounting & Finance Jobs,"Responsibilities: Handle outbound calls to insurance companies for claim status and payment follow-ups. Work on denied, rejected, and unpaid claims. Analyze EOBs and take necessary actions. Perform denial management and identify root causes. Ensure timely resolution of outstanding AR. Work on appeals and resubmissions when required. Maintain accurate documentation of call details and actions taken. Meet daily productivity and quality targets. Coordinate with internal teams if needed for claim c…",2026-04-09T01:53:53Z,https://www.adzuna.in/details/5693646858?utm_medium=api&utm_source=10d03a1b,Healthcare,physician
Adzuna,5768472155,Hiring Soon ! Physician Billing and Hospital Billing - Denial Management,GetixHealth,"Kenchanahalli, Bangalore","['India', 'Karnataka', 'Bangalore', 'Kenchanahalli']",Bengaluru,12.94715,77.57888,,,0,,full_time,Accounting & Finance Jobs,"Roles & Responsibilities – AR Caller Follow up with insurance companies on outstanding and unpaid claims via calls or payer portals. Analyze and resolve denied, rejected, or underpaid claims by identifying root causes and taking corrective actions. Initiate and track appeals and claim resubmissions to ensure maximum reimbursement. Review aging reports and prioritize accounts to reduce AR days and improve collections. Maintain accurate documentation of calls, claim status, and actions in billing…",2026-06-19T02:18:41Z,https://www.adzuna.in/details/5768472155?utm_medium=api&utm_source=10d03a1b,Healthcare,physician
Adzuna,5767257465,Bulk Hiring | Hospital Billing & Physician Billing AR Calling | Denial Management | Voice Process,GetixHealth,"Kenchanahalli, Bangalore","['India', 'Karnataka', 'Bangalore', 'Kenchanahalli']",Bengaluru,12.94715,77.57888,,,0,,full_time,Accounting & Finance Jobs,"Interested candidates can contact Shilpa - 7259622303 or share resume via WhatsApp. Strictly no freshers. Only candidates available to join immediately or within 15 days notice will be considered for this role. Responsibilities: Handle outbound calls to insurance companies for claim status and payment follow-ups. Work on denied, rejected, and unpaid claims. Analyze EOBs and take necessary actions. Perform denial management and identify root causes. Ensure timely resolution of outstanding AR. Wo…",2026-06-18T03:32:02Z,https://www.adzuna.in/details/5767257465?utm_medium=api&utm_source=10d03a1b,Healthcare,physician
Adzuna,2149341619,Staff Nurse,Curie Abdur Razzaque Ansari Cancer Institute,"Bangalore, Karnataka","['India', 'Karnataka', 'Bangalore']",Bengaluru,,,200000.0,300000.0,0,,full_time,Healthcare & Nursing Jobs,"Monitoring patient’s condition and assessing their needs to provide the best possible care and advice Observing and interpreting patient’s symptoms and communicating them to physicians Collaborating with physicians and nurses to devise individualized care plans for patients Skills:- Nursing, GNM and ICU",2021-04-29T14:43:25Z,https://www.adzuna.in/details/2149341619?utm_medium=api&utm_source=10d03a1b,Healthcare,physician
Adzuna,5782688506,Trainee Non certified Coder,CorroHealth,"Bangalore, Karnataka","['India', 'Karnataka', 'Bangalore']",Bengaluru,,,,,0,,,IT Jobs,"About the Company - CorroHealth is the leading provider of clinically led healthcare analytics and technology-driven solutions, dedicated to positively impacting the financial performance for physicians, hospitals, and health plans. With over 15,000 employees worldwide, CorroHealth offers integrated solutions, proven expertise, intelligent technology, and scalability to address needs across the entire revenue cycle. Our global presence extends over 10 locations, including the United States, Ind…",2026-07-01T07:16:34Z,https://www.adzuna.in/details/5782688506?utm_medium=api&utm_source=10d03a1b,Healthcare,physician
Adzuna,5811344932,Walk-In 25th-Jul (Saturday) Immediate Hiring! Physican Billing / Hospital Billing (AR Caller),GetixHealth,"Kenchanahalli, Bangalore","['India', 'Karnataka', 'Bangalore', 'Kenchanahalli']",Bengaluru,12.94715,77.57888,,,0,,full_time,Accounting & Finance Jobs,"Open Positions AR Caller – Physician Billing AR Caller – Hospital Billing Provider Credentialing Specialist Good understanding of US Healthcare / RCM processes Strong communication and analytical skills Immediate joiners or short notice candidates preferred Walk-In Drive Details: Location: 8C Zinna, 7th floor, Embassy Tech Village, Kadubeesanahalli Bangalore 560103 Date: 25th Jul 2026 (Saturday) Time: 12:00 PM to 3:00 PM CONTACT - Sukanya ( 6366384673 ) Roles & Responsibilities 1. AR Caller – P…",2026-07-23T03:21:19Z,https://www.adzuna.in/details/5811344932?utm_medium=api&utm_source=10d03a1b,Healthcare,physician
Adzuna,4413287934,Openings for Experienced AR / Sr. AR Callers.,omega healthcare management services,"Bangalore, Karnataka","['India', 'Karnataka', 'Bangalore']",Bengaluru,,,200000.0,400000.0,0,,full_time,Accounting & Finance Jobs,"Role & responsibilities Should handle US Healthcare Physician Billing / Ambulance Billing Accounts Receivable. To work closely with the team leader. Ensure that the deliverables to the client adhere to the quality standards. Responsible for working on Denials, Rejections, LOA's to accounts, making required corrections to claims. Calling the insurance carrier & Document the actions taken in claims billing summary notes. To review emails for any updates Identify issues and escalate the same to th…",2023-11-04T14:58:56Z,https://www.adzuna.in/details/4413287934?utm_medium=api&utm_source=10d03a1b,Healthcare,physician
Adzuna,5768626814,Exclusive Walk-in Drive 27th Jun Saturday ! Spot Offers US Healthcare / RCM,GetixHealth,"Kenchanahalli, Bangalore","['India', 'Karnataka', 'Bangalore', 'Kenchanahalli']",Bengaluru,12.94715,77.57888,,,0,,full_time,Accounting & Finance Jobs,"Open Positions AR Caller – Physician Billing AR Caller – Hospital Billing Provider Credentialing Specialist Customer Service Executive – Patient Calling Good understanding of US Healthcare / RCM processes Strong communication and analytical skills Immediate joiners or short notice candidates preferred Roles & Responsibilities 1. AR Caller – Physician / Hospital Billing Handle end-to-end AR follow-up with insurance companies Work on claim status, denials, and re-submissions Analyze and resolve u…",2026-06-19T02:49:08Z,https://www.adzuna.in/details/5768626814?utm_medium=api&utm_source=10d03a1b,Healthcare,physician
Adzuna,4686705068,Nurse Staff,,"Bangalore, Karnataka","['India', 'Karnataka', 'Bangalore']",Bengaluru,12.95703,77.59837,,,0,,,Healthcare & Nursing Jobs,"OPD patient care, recording vital signs, ECG recording,Assisting physicians in Ultrasound,2D ECHO, Treadmill and other diagnostic tests.",2024-05-10T07:38:52Z,https://www.adzuna.in/details/4686705068?utm_medium=api&utm_source=10d03a1b,Healthcare,physician
Adzuna,5776801906,Exclusive Walk-in Drive 27th June Saturday ! Spot Offers US Healthcare / RCM,GetixHealth,"Kenchanahalli, Bangalore","['India', 'Karnataka', 'Bangalore', 'Kenchanahalli']",Bengaluru,12.94715,77.57888,,,0,,full_time,Accounting & Finance Jobs,"Open Positions AR Caller – Physician Billing AR Caller – Hospital Billing Provider Credentialing Specialist Customer Service Executive – Patient Calling Good understanding of US Healthcare / RCM processes Strong communication and analytical skills Immediate joiners or short notice candidates preferred Walk-In Drive Details: Location: GetixHealth, 4A building, 2nd floor, Ecospace, Bellandur, Bangalore - 560103 Date: 27th June 2026 (Saturday) Time: 12:00 PM to 3:00 PM CONTACT - Venkatesh R (87626…",2026-06-26T02:40:09Z,https://www.adzuna.in/details/5776801906?utm_medium=api&utm_source=10d03a1b,Healthcare,physician
Adzuna,5809616602,Medical Consultant,Tricog Health Pvt. Ltd.,"Venkatarangapura, Bangalore","['India', 'Karnataka', 'Bangalore', 'Venkatarangapura']",Bengaluru,13.00835,77.56145,400000.0,400000.0,0,permanent,,Healthcare & Nursing Jobs,This is a remote position. Position: Consultant Physician/ Non-invasive Cardiologist. Qualification: MBBS MD[General Medicine/Internal Medicine] MBBS DNB[General Medicine/Internal Medicine] MBBSPGDCC/FNIC Experience: 5 years post MBBS. Responsibilities: Identify and report ECGs accurately and promptly within the TAT and extend support by guiding the Doctors/ Customers. Review the patient's ECG and send the reports to hospitals/ clinics/ diagnostic centers/ nursing homes around the clock without…,2026-07-22T00:39:37Z,https://www.adzuna.in/details/5809616602?utm_medium=api&utm_source=10d03a1b,Healthcare,physician
Adzuna,5313121347,Senior AR caller - Bangalore,Boston Business Solutions,"Bangalore, Karnataka","['India', 'Karnataka', 'Bangalore']",Bengaluru,,,200000.0,600000.0,0,,full_time,HR & Recruitment Jobs,"WE ARE HIRING FOR SENIOR AR CALLER Min. 1 year to 5 years of experience Required skills: Expertise in physician Billing Strong in Denial Management Good communication Notice Period: Immediate joiners or candidates with a maximum 7 day notice period are highly preferred Shift: Night shift & Day Shift Location: Bangalore Skills:- Communication Skills, RCM, International experience and Medical billing",2025-07-20T07:47:27Z,https://www.adzuna.in/details/5313121347?utm_medium=api&utm_source=10d03a1b,Healthcare,physician
Adzuna,5806700895,Cookie Consent Manager,Narayana Health,"Bangalore, Karnataka","['India', 'Karnataka', 'Bangalore']",Bengaluru,,,,,0,,,Healthcare & Nursing Jobs,"Job description Prescribe medication examine patients diagnose illnesses and provide treatment Order interpret and evaluate diagnostic tests Gather health histories perform physical examinations and diagnostic procedures Develop and implement treatment plans Dictate and document all patient interactions Notify managing physician about unusual or unexpected events or problems Effectively communicate with diverse populationsincluding physiciansemployeespatientsand families Skills: Diagnosis, Medi…",2026-07-19T07:20:48Z,https://www.adzuna.in/details/5806700895?utm_medium=api&utm_source=10d03a1b,Healthcare,physician
Adzuna,4259020261,Business Development Executive,TrialGuna Pvt Ltd,"Bangalore, Karnataka","['India', 'Karnataka', 'Bangalore']",Bengaluru,,,250000.0,500000.0,0,,full_time,Healthcare & Nursing Jobs,"· Responsible for effectively communicating services offered by TrialGuna to cosmetic organizations, personal care companies (hair care, Skin Care, Dermatology products) to ensure their understanding and further discussions. · Work with Account Managers in developing a sales plan tailored to the local market. · Work with hospital staff and key physicians in the development and execution of a plan to effectively launch TrialGuna clinical trials at new sites and ensure ongoing commitment to the p…",2023-08-14T13:33:29Z,https://www.adzuna.in/details/4259020261?utm_medium=api&utm_source=10d03a1b,Healthcare,physician
Adzuna,5839221155,Associate Consultant / Senior Associate Consultant,Eli Lilly And Company,"Bangalore, Karnataka","['India', 'Karnataka', 'Bangalore']",Bengaluru,,,,,0,,,IT Jobs,"This role will be based in the LCCI Commercial BI&A team and work closely with the NAPAC (Australia, New Zealand, Hong Kong, South Korea and Taiwan) BI&A/OCE team to provide high-quality market intelligence support to drive better customer experience and business impact. NAPAC BI&A team is we'll established and works closely with brand teams to provide data insights and enable informed decision-making. Project Execution: Build and exhibit deep expertise on available data sets and supports data-…",2026-08-13T07:31:47Z,https://www.adzuna.in/details/5839221155?utm_medium=api&utm_source=10d03a1b,Healthcare,physician
Adzuna,5841933551,Founding AI Data Engineer - Optexity (India),Pear VC,"Bangalore, Karnataka","['India', 'Karnataka', 'Bangalore']",Bengaluru,12.95703,77.59837,,,0,,full_time,Engineering Jobs,"About Optexity Optexity is a product-driven research lab building clinical reasoning and computer use models on data no other lab can reach. We deploy directly inside clinics and hospitals — including systems with no APIs, using integration infrastructure we've built and open-sourced — and in return become their preferred partner. That gives us proprietary clinical reasoning trajectories from practicing physicians, and a feedback loop between real patient encounters, our models, and the product…",2026-08-14T20:52:40Z,https://www.adzuna.in/details/5841933551?utm_medium=api&utm_source=10d03a1b,Healthcare,physician
Adzuna,5751059212,AR Callers - Walk-In Drive on 6th June 2026,GetixHealth,"Kenchanahalli, Bangalore","['India', 'Karnataka', 'Bangalore', 'Kenchanahalli']",Bengaluru,12.94715,77.57888,,,0,,full_time,Healthcare & Nursing Jobs,"Greetings from GetixHealth! Walk-In Drive Details: Location: GetixHealth, 4A building, 2nd floor, Ecospace, Bellandur, Bangalore - 560103 Date: 6th June 2026 (Saturday) Time: 12:00 PM to 3:00 PM CONTACT - Shilpa (7259622303) NOTE: For outstation candidates virtual interview can be scheduled Open Positions: 1. AR Callers (Hospital & Physician billing experience only) 2. Credentialing / Provider Enrollment (Provider side experience only) 3. Quality Analyst - AR (Minimum 1 yr experience mandatory)",2026-06-04T02:28:05Z,https://www.adzuna.in/details/5751059212?utm_medium=api&utm_source=10d03a1b,Healthcare,physician
Adzuna,4808686671,Homecare Nurse,2coms,"Bandikodigehalli, Bangalore","['India', 'Karnataka', 'Bangalore', 'Bandikodigehalli']",Bengaluru,13.14145,77.88334,600000.0,1000000.0,0,permanent,full_time,Healthcare & Nursing Jobs,"Title: Homecare Nurse Location: Qatar (Candidate must be willing to relocate to Qatar) Job Type: Full-Time Industry: Healthcare/ Medical Key Responsibilities: · Develop and assess nursing care plans · Monitor vital signs and assess holistic patient needs · Collaborate with physicians, staff nurses, and healthcare team members · Administer oral and subcutaneous medications while ensuring safety · Document nursing care, medications, and procedures using the company's Nurses Buddy application · Co…",2024-08-03T18:24:06Z,https://www.adzuna.in/details/4808686671?utm_medium=api&utm_source=10d03a1b,Healthcare,physician
Adzuna,4982351425,Pediatric Nurse,2coms,"Richmond Town, Bangalore","['India', 'Karnataka', 'Bangalore', 'Richmond Town']",Bengaluru,12.9706,77.60024,500000.0,700000.0,0,permanent,full_time,Healthcare & Nursing Jobs,"Title: Pediatric Nurse Location: Qatar (Candidate must be willing to relocate to Qatar) Job Type: Full-Time Industry: Healthcare Key Responsibilities: · Develop and assess nursing care plans · Monitor vital signs and assess holistic patient needs · Collaborate with physicians, staff nurses, and healthcare team members · Administer oral and subcutaneous medications while ensuring safety · Document nursing care, medications, and procedures using the company's Nurses Buddy application · Conduct cl…",2024-12-19T00:21:29Z,https://www.adzuna.in/details/4982351425?utm_medium=api&utm_source=10d03a1b,Healthcare,physician
Adzuna,4816639865,Homecare Nurse,2coms,"Bangalore, Karnataka","['India', 'Karnataka', 'Bangalore']",Bengaluru,12.95703,77.59837,900000.0,1200000.0,0,permanent,full_time,Healthcare & Nursing Jobs,"Title: Homecare Nurse Location: Qatar (Candidate must be willing to relocate to Qatar) Job Type: Full-Time Industry: Healthcare/ Medical Key Responsibilities: · Develop and assess nursing care plans · Monitor vital signs and assess holistic patient needs · Collaborate with physicians, staff nurses, and healthcare team members · Administer oral and subcutaneous medications while ensuring safety · Document nursing care, medications, and procedures using the company's Nurses Buddy application · Co…",2024-08-08T18:27:45Z,https://www.adzuna.in/details/4816639865?utm_medium=api&utm_source=10d03a1b,Healthcare,physician
Adzuna,5701846747,AR Follow-Up - Medical Billing (Voice Process),GetixHealth,"Kenchanahalli, Bangalore","['India', 'Karnataka', 'Bangalore', 'Kenchanahalli']",Bengaluru,12.94715,77.57888,,,0,,full_time,Accounting & Finance Jobs,"Roles & Responsibilities Manage Accounts Receivable for US healthcare providers (physicians/hospitals). Handle denials, rejections, and LOA issues; correct and resubmit claims. Follow up with insurance companies via calls and document actions. Track outstanding balances and ensure timely collections. Maintain accurate billing notes, production logs, and status reports. Meet daily/monthly collection and productivity targets. Ensure quality standards and compliance with company policies. Identify…",2026-04-17T02:11:37Z,https://www.adzuna.in/details/5701846747?utm_medium=api&utm_source=10d03a1b,Healthcare,physician
Adzuna,5784691842,Patient Care Executive,Lead Training and Corporate Solutions,"Bangalore, Karnataka","['India', 'Karnataka', 'Bangalore']",Bengaluru,12.95703,77.59837,,,0,,,Healthcare & Nursing Jobs,Patient Navigation Greet patients schedule appointments coordinate future healthcare needs and manage care transitions Communication Link Act as the primary point of contact for resolving inquiries establishing links between patients and medical staff and advocating for patient needs Care Treatment Plans Help develop and monitor care plans educate patients on medications and treatment options and provide postdischarge instructions Administrative Records Verify patient insurance handle medical r…,2026-07-02T06:24:33Z,https://www.adzuna.in/details/5784691842?utm_medium=api&utm_source=10d03a1b,Healthcare,physician
Adzuna,5805536167,Patient Relation Executive,Lead Training and Corporate Solutions,"Bangalore, Karnataka","['India', 'Karnataka', 'Bangalore']",Bengaluru,12.95703,77.59837,,,0,,,Healthcare & Nursing Jobs,Patient Navigation Consult with patients about their health status guide them through treatment plans and track their recovery progress Administrative Management Schedule reschedule and confirm appointments Maintain and update accurate patient records in electronic health record EHR databases Coordination of Care Collaborate with doctors nurses and allied health professionals to ensure seamless care Liaison Duties Act as a communication bridge between patients referring physicians and clinical …,2026-07-18T06:31:44Z,https://www.adzuna.in/details/5805536167?utm_medium=api&utm_source=10d03a1b,Healthcare,physician
Adzuna,5757820758,Registered Nurse OPD,Spandana Hospital,"Bangalore, Karnataka","['India', 'Karnataka', 'Bangalore']",Bengaluru,12.95703,77.59837,,,0,,full_time,Healthcare & Nursing Jobs,"Company Overview Angel Care Hospital, a premier healthcare institution headquartered in Bangalore, is committed to delivering world-class healthcare services at an affordable cost. With a team of highly trained, qualified, and dedicated staff, the hospital provides patient-centered, high-quality tertiary and critical care. Serving the community with excellence, Spandana Hospital is a leading establishment in the Hospital Health Care industry. For more information, visit our website at (link rem…",2026-06-10T05:59:26Z,https://www.adzuna.in/details/5757820758?utm_medium=api&utm_source=10d03a1b,Healthcare,physician
Adzuna,3824362387,Content Writing- AyurVAID,AyurVAID Hospitals,"Bangalore, Karnataka","['India', 'Karnataka', 'Bangalore']",Bengaluru,,,600000.0,800000.0,0,,full_time,Healthcare & Nursing Jobs,"Key responsibilities: Define the overall content roadmap for AyurVAID across social media, website, and other communication channels, along with leadership Deliver high quality content on diseases, treatments, blogposts, FAQs etc. by conducting secondary research, AyurVAID case reports, discussions with Physicians and reviewing clinical textbooks Manage a team of content writers to ensure high productivity and quality outputs Set up an AyurVAID community (online) to engage on healthcare queries…",2023-01-05T06:15:07Z,https://www.adzuna.in/details/3824362387?utm_medium=api&utm_source=10d03a1b,Healthcare,physician
Adzuna,5703894834,Apply right now Walk-in Drive for AR Associate - Denial Management on May 2nd 2026 (Saturday).,GetixHealth,"Kenchanahalli, Bangalore","['India', 'Karnataka', 'Bangalore', 'Kenchanahalli']",Bengaluru,12.94715,77.57888,,,0,,full_time,Accounting & Finance Jobs,"Hi Team, We are delighted to announce a Walk-in Recruitment Drive scheduled on May 2nd 2026 (Saturday) . This initiative aims to bring in talented professionals with a strong foundation in Accounts Receivable to support our growing business needs. Drive Details: • Position: AR Associate / Senior Associate / Analyst / Sr. Analyst • Qualification : 102 / graduate with Minimum 1 year in US Healthcare. • Open Positions : Physician Billing Hospital Billing RCM credentialing AR Follow up Customer Ser…",2026-04-19T01:58:57Z,https://www.adzuna.in/details/5703894834?utm_medium=api&utm_source=10d03a1b,Healthcare,physician
Adzuna,5723423492,Apply right now Walk-in Drive for AR Associate - Denial Management on Friday 15th May 2026,GetixHealth,"Kenchanahalli, Bangalore","['India', 'Karnataka', 'Bangalore', 'Kenchanahalli']",Bengaluru,12.94715,77.57888,,,0,,full_time,Accounting & Finance Jobs,We are happy to announce a walk-in interview on Friday 15th May 2026 We are looking for people with experience in Accounts Receivable to join our team and support our growing business. Drive Details: • Position: AR Associate / Senior Associate / Analyst / Sr. Analyst • Qualification : 102 / graduate with Minimum 1 year in US Healthcare. ( THE REQUIREMENT IS OPENED ONLY FOR EXPERIENCED CANDIDATES NOT FOR FRESHERS ) Open Positions : AR ROLE Physician Billing Hospital Billing AR Follow up Credenti…,2026-05-09T02:16:32Z,https://www.adzuna.in/details/5723423492?utm_medium=api&utm_source=10d03a1b,Healthcare,physician
Adzuna,5811740753,Hiring IPRDG Coder,Oleti Jaiprakash,"Bangalore, Karnataka","['India', 'Karnataka', 'Bangalore']",Bengaluru,,,,,0,,,IT Jobs,"Location: Chennai, Bangalore, Pune and Trichy Experience: 1 Years in IPDRG Coding Work Mode: Work from Office Any Certification mandatory Key Responsibilities: Review inpatient medical records and assign accurate ICD-10-CM, ICD-10-PCS, and DRG codes. Ensure coding accuracy and compliance with industry guidelines and client requirements. Analyze physician documentation and query providers when clarification is required. Maintain coding quality, productivity, and turnaround time targets. Stay upd…",2026-07-23T07:26:40Z,https://www.adzuna.in/details/5811740753?utm_medium=api&utm_source=10d03a1b,Healthcare,physician
Adzuna,5796417154,Gynaecologist-Female MD,Vishwakarma Consultancy,"Bangalore, Karnataka","['India', 'Karnataka', 'Bangalore']",Bengaluru,,,,,0,,,Healthcare & Nursing Jobs,"Job description: Gynecologist-MD/DGO Min 2-10 for hospital Female Gynaecologist with 2-7 years of experience Perform gynecological examinations and surgeries in a hospital setting Location: Jabalpur, Narsinghpur Employment Type: Full Time, Permanent Role Category: Doctor Education UG: MBBS in Any Specialization PG: Medical-MS/MD in Gyneocology, PG Diploma in Any Specialization Skills: gynecologic surgery , Emergency Services, Treatment, Opd Experience: 2.00-7.00 Years",2026-07-11T07:21:29Z,https://www.adzuna.in/details/5796417154?utm_medium=api&utm_source=10d03a1b,Healthcare,MBBS doctor
Adzuna,5587360744,Clinical Data Manager,IQVIA India,"Bangalore, Karnataka","['India', 'Karnataka', 'Bangalore']",Bengaluru,,,,,0,,,Scientific & QA Jobs,"Skill - Clinical data management , Veeva EDC(Mandatory) Experience - 7 Location - PAN India(Hybrid) Notice period : Immediate to 30 days • 7years of experience in managing end-to-end Clinical Data Management tasks. ( include study , compound portfolio lead experience) •Experience in all aspects of clinical data management from protocol review, CRF design to database lock within expectations as per organization defined Standard operating procedures • Experience in effective development & impleme…",2026-01-16T09:55:48Z,https://www.adzuna.in/land/ad/5587360744?se=mFViIIec8RGgd9X26G9YQA&utm_medium=api&utm_source=10d03a1b&v=EDE94132A48949E8EA8D456C2577DDE351868AE8,Healthcare,clinical
Adzuna,5841754982,Senior Clinical Dietitian,TNV Method,"Bangalore, Karnataka","['India', 'Karnataka', 'Bangalore']",Bengaluru,,,,,0,permanent,full_time,Healthcare & Nursing Jobs,"APPLICATION PROCESS Complete the Video Assessment https://hiring.tnvmethod.com/clinical-dietitian (Desktop only - Takes 10 Minutes) Position: Health & Wellness Coach (100% Work from Home) Experience: 5 Years Full-time in Fitness Industry Salary: INR ₹60,000.00 - ₹70,000.00 per month (based on experience and qualifications) Working Hours : Monday to Saturday, 8-9 hours per day. Type: Full-time, Permanent NO FRESHERS (OR INTERNS) About Us: We are a dynamic fitness start-up offering an Online Pe…",2026-08-14T16:34:06Z,https://www.adzuna.in/land/ad/5841754982?se=mFViIIec8RGgd9X26G9YQA&utm_medium=api&utm_source=10d03a1b&v=2E79951A152F6B110F59A19C1376175FA6A82103,Healthcare,clinical
Adzuna,5826828793,Clinical Data Manager,Weltrix Biometrics CRO,"Bangalore, Karnataka","['India', 'Karnataka', 'Bangalore']",Bengaluru,,,,,0,,,Scientific & QA Jobs,"Key Accountabilities -Perform data review and query management across clinical trial data, working with study team members and CRO partners to drive queries to resolution. -Perform detailed review of eCOA and external data per the Data Review Plan — acting as liaison with eCOA and external data vendors, QCing a sample of vendor-processed data clarification requests, and maintaining the centralised study data issues log. -Perform reconciliation of eCOA and external data against EDC data, and SAE…",2026-08-04T01:58:49Z,https://www.adzuna.in/land/ad/5826828793?se=mFViIIec8RGgd9X26G9YQA&utm_medium=api&utm_source=10d03a1b&v=98AA56FC9E1995BD540CE30B4F14D7DF19891E29,Healthcare,clinical
Adzuna,5812353473,Lead Clinical Research Associate,MS CLINICAL RESEARCH,"Bangalore, Karnataka","['India', 'Karnataka', 'Bangalore']",Bengaluru,,,,,0,,,Scientific & QA Jobs,"Job Title: Senior Clinical Research Associate (Lead CRA) Company: MS Clinical Research Pvt. Ltd. Location: Bengaluru, India About MS Clinical Research MS Clinical Research (MSCR) is a leading clinical research organization dedicated to advancing innovative therapies through high-quality clinical research. We partner with global sponsors and research sites to deliver clinical trials that meet the highest standards of scientific excellence, quality, and regulatory compliance. Job Summary MSCR is …",2026-07-23T18:57:43Z,https://www.adzuna.in/land/ad/5812353473?se=mFViIIec8RGgd9X26G9YQA&utm_medium=api&utm_source=10d03a1b&v=14B21D9058A37A221FE48E3E21FED1ABBFCB2DD2,Healthcare,clinical
Adzuna,5791204049,Associate Clinical Data coordinator,IQVIA,"Bangalore, Karnataka","['India', 'Karnataka', 'Bangalore']",Bengaluru,,,,,0,,,Scientific & QA Jobs,"Job title : Associate Clinical Data coordinator Experience : 1.5 to 3 years Location : Kochi and Bangalore Mode of work : Office based Job Overvie wPerform/Assist the Data Manager in managing various data management projects as per sponsor requirements and to provide efficient, quality management products. Support coordinate with other departments, sites and sponsors as and when necessar y Essential Functio ns• Perform/Assist regular Data cleaning activities to ensure clean data with quality an…",2026-07-07T23:45:14Z,https://www.adzuna.in/land/ad/5791204049?se=mFViIIec8RGgd9X26G9YQA&utm_medium=api&utm_source=10d03a1b&v=9A010B69076010FF1C2F2393D24B13D2B9099469,Healthcare,clinical
Adzuna,5818523187,CQR Expert – Clinical Supply Chain,Capgemini Engineering,"Bangalore, Karnataka","['India', 'Karnataka', 'Bangalore']",Bengaluru,,,,,0,,,Scientific & QA Jobs,"CQR Expert – Clinical Supply Chain Location : Mumbai/Bangalore/Coimbatore Compliance & Quality Management Ensure clinical supply chain processes comply with GxP, GMP, GDP, GCP, ICH guidelines, and global regulatory requirements. Develop, review, approve, and maintain Quality Management System (QMS) documentation, including SOPs, work instructions, quality agreements, and compliance records. Establish quality governance frameworks and compliance strategies for clinical supply operations. Monitor…",2026-07-28T21:17:41Z,https://www.adzuna.in/land/ad/5818523187?se=mFViIIec8RGgd9X26G9YQA&utm_medium=api&utm_source=10d03a1b&v=42F77CACFD252403C35EFF118726D2D328551F13,Healthcare,clinical
Adzuna,5808131584,Quality Control Analyst – Clinical Team,Triomics,"Bangalore, Karnataka","['India', 'Karnataka', 'Bangalore']",Bengaluru,,,,,0,,,Scientific & QA Jobs,"Quality Control Analyst – Clinical Team About Triomics: Triomics helps oncology organizations scale clinical research and high-quality data creation without scaling headcount. Our AI platform - powered by OncoLLM™ - automates the operational work behind trial screening, eligibility interpretation, and oncology data abstraction across Prism (trial matching), Harmony (registry RWE curation), and Symphony (clinician copilot). Built for real-world hospital workflows, Triomics integrates with EHRs …",2026-07-20T18:27:38Z,https://www.adzuna.in/land/ad/5808131584?se=mFViIIec8RGgd9X26G9YQA&utm_medium=api&utm_source=10d03a1b&v=9021BA4A6E2312962D31A4F4525678F02617C2C6,Healthcare,clinical
Adzuna,5808332684,Subject Matter Expert - Clinical Team,Triomics,"Bangalore, Karnataka","['India', 'Karnataka', 'Bangalore']",Bengaluru,,,,,0,,,Scientific & QA Jobs,"Subject Matter Expert - Liquid Focused About Triomics: Triomics helps oncology organizations scale clinical research and high-quality data creation without scaling headcount. Our AI platform - powered by OncoLLM™- automates the operational work behind trial screening, eligibility interpretation, and oncology data abstraction across Prism (trial matching), Harmony (registry RWE curation), and Symphony (clinician copilot). Built for real-world hospital workflows, Triomics integrates with EHRs an…",2026-07-21T00:33:01Z,https://www.adzuna.in/land/ad/5808332684?se=mFViIIec8RGgd9X26G9YQA&utm_medium=api&utm_source=10d03a1b&v=073AF42037D056B4717AD35E1D9B6F8FC00F2A9C,Healthcare,clinical
Adzuna,5775709986,Dermatologist,Sanjeevani Cos Derma,"Bangalore, Karnataka","['India', 'Karnataka', 'Bangalore']",Bengaluru,,,,,0,,,Healthcare & Nursing Jobs,"Looking for a Dermatologist with an Entrepreneurial Mindset to Lead a High-Growth Aesthetic Practice in Bangalore Sanjeevani Cos Derma is inviting an ambitious and growth-oriented Dermatologist to take on a leadership role in building and expanding a premium Hair, Skin & Aesthetic practice in Rajajinagar, Bangalore. This is more than a routine consultant position. It is a clinical leadership opportunity for a dermatologist who wants to grow professionally, build a strong personal brand, and con…",2026-06-25T08:51:23Z,https://www.adzuna.in/land/ad/5775709986?se=mFViIIec8RGgd9X26G9YQA&utm_medium=api&utm_source=10d03a1b&v=3153C4C4E0A698BFE1E2B093BD1BCBD51E9B7D7F,Healthcare,clinical
Adzuna,5794149881,Front Office Specialist,Hilite Dental Clinic,"Bangalore, Karnataka","['India', 'Karnataka', 'Bangalore']",Bengaluru,,,,,0,,full_time,Healthcare & Nursing Jobs,"Company Description Hilite Dental Clinic is dedicated to providing exceptional dental care and personalized services to its patients. As a trusted name in the dental healthcare industry, Hilite Dental Clinic focuses on creating a welcoming and professional environment for patients. Our team is committed to enhancing oral health and delivering quality care with an emphasis on advanced techniques and technology. We strive to ensure every patient has a comfortable and positive experience in our cl…",2026-07-09T17:52:43Z,https://www.adzuna.in/land/ad/5794149881?se=mFViIIec8RGgd9X26G9YQA&utm_medium=api&utm_source=10d03a1b&v=9825EE22A4489215A704ACBD2694684F544FEF21,Healthcare,clinical
Adzuna,5808332749,Senior Medical Data Abstractor,Triomics,"Bangalore, Karnataka","['India', 'Karnataka', 'Bangalore']",Bengaluru,,,,,0,,,Scientific & QA Jobs,"About Triomics: Triomics helps oncology organizations scale clinical research and high-quality data creation without scaling headcount. Our AI platform - powered by OncoLLM™- automates the operational work behind trial screening, eligibility interpretation, and oncology data abstraction across Prism (trial matching), Harmony (registry RWE curation), and Symphony (clinician copilot). Built for real-world hospital workflows, Triomics integrates with EHRs and CTMS systems and is deployed with lea…",2026-07-21T00:33:21Z,https://www.adzuna.in/land/ad/5808332749?se=mFViIIec8RGgd9X26G9YQA&utm_medium=api&utm_source=10d03a1b&v=0F1DAA2F49B8858AF8313C6FB9B5A968E739BF57,Healthcare,clinical
Adzuna,5840225679,Data Monitoring and Ecrf Designer,MS CLINICAL RESEARCH,"Bangalore, Karnataka","['India', 'Karnataka', 'Bangalore']",Bengaluru,,,,,0,,,Scientific & QA Jobs,"Job Description: Data Monitoring & eCRF Design Specialist Role Overview The Data Monitoring & eCRF Design Specialist will be responsible for designing, managing, and monitoring clinical trial data systems to ensure accuracy, completeness, and regulatory compliance. The role focuses on eCRF development, data validation, and ongoing data review, while supporting essential medical and regulatory documentation as required. Key Responsibilities Data Monitoring & Management Design, develop, and maint…",2026-08-13T16:19:51Z,https://www.adzuna.in/land/ad/5840225679?se=mFViIIec8RGgd9X26G9YQA&utm_medium=api&utm_source=10d03a1b&v=A56E2E724F8BEA1E95A56294338E2636B0ADF749,Healthcare,clinical
Adzuna,5845682614,Executive - Psychologist (Position based in Jordan),GIA Apparels Industry,"Bangalore, Karnataka","['India', 'Karnataka', 'Bangalore']",Bengaluru,,,,,0,,,Healthcare & Nursing Jobs,"We Are Hiring: Executive - Psychologist Aqaba, Jordan | GIA Apparels Job Summary: The ideal candidate will be responsible for conducting psychological assessments, providing therapy and counseling services, and supporting the mental well-being of individuals, couples, and families. This role requires strong clinical expertise, excellent interpersonal skills, and a commitment to delivering high-quality patient care in a collaborative healthcare environment. Key Responsibilities: ✅ Conduct p…",2026-08-18T05:07:27Z,https://www.adzuna.in/land/ad/5845682614?se=mFViIIec8RGgd9X26G9YQA&utm_medium=api&utm_source=10d03a1b&v=085BDAD3FDC55BDFF526A9DA951E663DBA680F73,Healthcare,clinical
Adzuna,5808131624,Speech Therapist,Enliven,"Bangalore, Karnataka","['India', 'Karnataka', 'Bangalore']",Bengaluru,,,,,0,,full_time,Healthcare & Nursing Jobs,"Company Description Enliven is a healthcare organization committed to improving quality of life through evidence-based therapeutic services and compassionate care. The team focuses on personalized treatment plans that address each individual’s unique needs and goals. Enliven collaborates closely with families, caregivers, and other healthcare professionals to support holistic development and rehabilitation. The organization values continuous learning, ethical practice, and a supportive work env…",2026-07-20T18:27:40Z,https://www.adzuna.in/land/ad/5808131624?se=mFViIIec8RGgd9X26G9YQA&utm_medium=api&utm_source=10d03a1b&v=716DE9824CA32A4891A3B8035C887F9900C897E8,Healthcare,clinical
Adzuna,5818747380,Program Management - Biosimilar,Biocon Biologics,"Bangalore, Karnataka","['India', 'Karnataka', 'Bangalore']",Bengaluru,,,,,0,,,Accounting & Finance Jobs,"At Biocon Biologics, we are creating a model for the future of healthcare for all. We are a leading company in the biosimilars revolution where patients come first. Our ambition is to impact a billion lives and we do this by fostering a culture of affordable innovation, patient centricity and disruptive thinking. We are a multicultural global company where employees have a purpose and passion to work closely with partners and patients. We have proven end to end expertise in the field of biosimi…",2026-07-29T01:24:43Z,https://www.adzuna.in/land/ad/5818747380?se=mFViIIec8RGgd9X26G9YQA&utm_medium=api&utm_source=10d03a1b&v=4D20AFAAFF8C4CED112F994EACC1FE0DD0ECCCB7,Healthcare,clinical
Adzuna,5820158644,Program Manager - Biosimilar Development,Biocon Biologics,"Bangalore, Karnataka","['India', 'Karnataka', 'Bangalore']",Bengaluru,,,,,0,,,Scientific & QA Jobs,"Role Purpose Lead end-to-end biosimilar development programs across R&D, Clinical, Regulatory, and Manufacturing. Ensure delivery aligned to cost, timelines, and global regulatory expectations for advanced markets. Key Accountabilities 1 . Program Governance & Execution - Lead integrated program planning across CMC, clinical, regulatory, and supply chain - Drive governance forums and executive reporting 2. Budget & Financial Management - Own program budget, forecasting, and cost optimization - …",2026-07-30T01:26:14Z,https://www.adzuna.in/land/ad/5820158644?se=mFViIIec8RGgd9X26G9YQA&utm_medium=api&utm_source=10d03a1b&v=BB0E7ADDF72921F12EFA9F8374C01B4354E9749F,Healthcare,clinical
Adzuna,5796865039,Inside Sales Executive - B2C,Hoola Health,"Bangalore, Karnataka","['India', 'Karnataka', 'Bangalore']",Bengaluru,,,,,0,,full_time,Sales Jobs,"About Hoola Health: Hoola Health is a complete, round-the-clock paediatric chain of clinics for new-age parents, with a bunch of services all under one roof. We offer holistic paediatric wellness solutions through our physical clinics & telemedicine, focusing on not just the child, but also the parents. Some of our services include consultation, vaccinations, development assessment, therapies, lactation & nutrition and many more. We have 2 clinics so far & plan to launch 4 more clinics in the n…",2026-07-11T15:36:00Z,https://www.adzuna.in/land/ad/5796865039?se=mFViIIec8RGgd9X26G9YQA&utm_medium=api&utm_source=10d03a1b&v=CD146BCCEA4B3303F089B05854934FC03665FC76,Healthcare,clinical
Adzuna,5814245560,Oracle Cerner,HCLTech,"Bangalore, Karnataka","['India', 'Karnataka', 'Bangalore']",Bengaluru,,,,,0,,,IT Jobs,"Pan India Fill the details below in given link https://forms.office.com/r/VSwgCVJt9d JD, we multiple position and pan India hiring with all Cerner modules Care Aware & BMDI, Provider & ambulatory, Nursing ,Pathet, RadNet, HIM clinical reporting, Charges & Patient accounting, Pharmacy, Cerner FSI • 3 years of experience working with the Cerner Millennium EHR system or similar EHR platforms. • Proficiency in at least two Cerner modules as listed above. • Strong understanding of clinical workflows…",2026-07-25T01:02:51Z,https://www.adzuna.in/land/ad/5814245560?se=mFViIIec8RGgd9X26G9YQA&utm_medium=api&utm_source=10d03a1b&v=894DABC0A9A6CD094617DA8FEBB824262401992A,Healthcare,clinical
Adzuna,5820716851,Program Management – Generics (Drug substance and Drug product),Biocon,"Bangalore, Karnataka","['India', 'Karnataka', 'Bangalore']",Bengaluru,,,,,0,,,Scientific & QA Jobs,"Role Purpose Lead end-to-end Generics (Drug substance and Drug product) development programs across R&D, Clinical, Regulatory, and Manufacturing. Ensure delivery aligned to cost, timelines, and global regulatory expectations for advanced markets. Key Accountabilities 1. Program Governance & Execution - Lead integrated program planning across CMC, device management, clinical, regulatory, and supply chain. - Drive governance forums and executive reporting 2. Budget & Financial Management - Own pr…",2026-07-30T09:24:43Z,https://www.adzuna.in/land/ad/5820716851?se=mFViIIec8RGgd9X26G9YQA&utm_medium=api&utm_source=10d03a1b&v=04FFD24B2D768D39132F3DD6974C8DEFB7A11B0D,Healthcare,clinical
Adzuna,5836622624,Country Manager – Spine & Orthopedics,NEXTGEN MEDWORKS,"Bangalore, Karnataka","['India', 'Karnataka', 'Bangalore']",Bengaluru,,,,,0,,,Sales Jobs,"Job Title: Country Manager – Spine & Orthopedics (India & UAE) Location: Based in India | Market responsibility across India & UAE Company: Medworks Medical Equipment LLC (Dubai) / NextGen Medworks India About the Role: Medworks is looking for an experienced Country Manager – Spine and Orthopedics to lead our Spine business across India and UAE, with a strong focus on advanced technologies including RF Plasma (Coablation), UBE (Unilateral Biportal Endoscopy), and other spine surgery platforms u…",2026-08-11T16:11:51Z,https://www.adzuna.in/land/ad/5836622624?se=mFViIIec8RGgd9X26G9YQA&utm_medium=api&utm_source=10d03a1b&v=4E1A24D3B24790CCFEB841EC2CAA2EB7A42A1715,Healthcare,clinical
Adzuna,5822659707,Medical Planner/HealthCare - Architect,Jacobs,"Bangalore, Karnataka","['India', 'Karnataka', 'Bangalore']",Bengaluru,,,,,0,,,Healthcare & Nursing Jobs,"As a Senior Medical Planner, you will play a key role in shaping healthcare environments that directly influence patient care, staff workflows, and clinical outcomes. You'll lead the planning and design of complex healthcare facilities ranging from 80,000 to more than 800,000 sq. ft., working across outpatient, acute care, post-acute, and specialty healthcare settings. This role offers the opportunity to partner with healthcare providers, architects, engineers, and multidisciplinary specialists…",2026-08-01T01:28:55Z,https://www.adzuna.in/land/ad/5822659707?se=mFViIIec8RGgd9X26G9YQA&utm_medium=api&utm_source=10d03a1b&v=EA70BCD985137C619301C7CF13CB9AE12B9B3124,Healthcare,clinical
Adzuna,5787964897,BBRC - Senior Research Investigator - Pathology,Syngene International Limited,"Bangalore, Karnataka","['India', 'Karnataka', 'Bangalore']",Bengaluru,,,,,0,,,Scientific & QA Jobs,"Designation: Senior Research Investigator Job Location: Bangalore Department: Pathology/IHC About Syngene, Incorporated in 1993, Syngene International Ltd. is an innovation-focused global discovery, development and manufacturing organization providing integrated scientific services to the pharmaceutical, biotechnology, nutrition, animal health, consumer goods and specialty chemical industries around the world. Syngene’s clientele includes world leaders such as Bristol-Myers Squibb, Baxter, Amge…",2026-07-04T17:06:24Z,https://www.adzuna.in/land/ad/5787964897?se=mFViIIec8RGgd9X26G9YQA&utm_medium=api&utm_source=10d03a1b&v=D8145FBD902194BD63370D8D6A6173E613AA7716,Healthcare,clinical
Adzuna,5801400200,Business Development & Marketing Manager,NEXTGEN MEDWORKS,"Bangalore, Karnataka","['India', 'Karnataka', 'Bangalore']",Bengaluru,,,,,0,contract,,Sales Jobs,"Job Title : Business Development & Marketing Manager Location: India , Including periodic travel to Dubai Company: NextGen Medworks India/Medworks Medical Equipment LLC About Us : Medworks Medical Equipment LLC is a Dubai-based medical technology and distribution company serving the UAE market across ENT, Sleep Diagnostics, Orthopedics, and allied medtech segments. NextGen Medworks India is our sister venture bringing the same portfolio and partnerships to the Indian market. As we scale both bu…",2026-07-15T22:27:19Z,https://www.adzuna.in/land/ad/5801400200?se=mFViIIec8RGgd9X26G9YQA&utm_medium=api&utm_source=10d03a1b&v=717C85FAD6BF4680291613E836C886D3E697DE86,Healthcare,clinical
Adzuna,5840636728,Radiology Prior Authorization Specialist,Taglynk,"Bangalore, Karnataka","['India', 'Karnataka', 'Bangalore']",Bengaluru,,,,,0,,,Healthcare & Nursing Jobs,"We are seeking a meticulous and proactive Radiology Prior Authorization Specialist to oversee and streamline the prior authorization (PA) process for radiology procedures. This role ensures timely and accurate approvals, reduces patient wait times, and supports compliance with payer requirements. You will collaborate with radiologists, technologists, billing staff, and insurance providers to facilitate access to essential diagnostic and therapeutic radiology services. Responsibilities Manage Pr…",2026-08-14T00:22:29Z,https://www.adzuna.in/land/ad/5840636728?se=mFViIIec8RGgd9X26G9YQA&utm_medium=api&utm_source=10d03a1b&v=0803AAB35B909E9F8D85D603042289E852820B55,Healthcare,clinical
Adzuna,5825674529,Business Development Executive– CRO (1-2 Years),vueverse.,"Bangalore, Karnataka","['India', 'Karnataka', 'Bangalore']",Bengaluru,,,,,0,,,Sales Jobs,"Job Summary We are seeking a Business Development Executive with 1–2 years of experience in selling CRO, Life Sciences, Healthcare, Technology, or related service offerings in the US market. The candidate will be responsible for lead generation, client outreach, opportunity identification, and supporting business growth initiatives aligned with Weltrix service offerings. Key Responsibilities Identify and generate new business opportunities within the US market. Conduct outbound prospecting thro…",2026-08-02T17:33:51Z,https://www.adzuna.in/land/ad/5825674529?se=mFViIIec8RGgd9X26G9YQA&utm_medium=api&utm_source=10d03a1b&v=0F85CE719D606FCC382E61694CD9592CB2F7E248,Healthcare,clinical
Adzuna,5834571783,Speech Language Pathologist,FyndHealth,"Bangalore, Karnataka","['India', 'Karnataka', 'Bangalore']",Bengaluru,,,,,0,,full_time,Healthcare & Nursing Jobs,"Company Description FyndHealth is a one-stop solution focused on healthcare and holistic development for children, offering integrated services and products. The organization operates as a hybrid platform, combining in-person and technology-enabled support to address a wide range of developmental needs. FyndHealth is incubated at IIM Bangalore’s NSRCEL, reflecting a strong foundation in innovation and entrepreneurship. It has also been selected for the Villgro program by Villgro Innovations Fou…",2026-08-09T16:08:25Z,https://www.adzuna.in/land/ad/5834571783?se=mFViIIec8RGgd9X26G9YQA&utm_medium=api&utm_source=10d03a1b&v=AD752E890672F26706B24B2E2F19916BC21635F1,Healthcare,clinical
Adzuna,5829780493,Senior Software Engineer II,Elsevier,"Bangalore, Karnataka","['India', 'Karnataka', 'Bangalore']",Bengaluru,,,,,0,,full_time,IT Jobs,"This job is with Elsevier, an inclusive employer and a member of myGwork – the largest global platform for the LGBTQ business community. Please do not contact the recruiter directly. Senior Software Engineer-II Would you like to be part of a team that delivers high-quality software to our customers? Are you a highly visible champion with a 'can do' attitude and enthusiasm that inspires others? About our Team:- Our global team supports products in education and electronic health records that int…",2026-08-06T06:01:20Z,https://www.adzuna.in/land/ad/5829780493?se=mFViIIec8RGgd9X26G9YQA&utm_medium=api&utm_source=10d03a1b&v=87DDA4E3973E31BE034F1B59CFAD64CC46C5F4B3,Healthcare,clinical
Adzuna,5826829687,Senior Nutritionist,GOOD MONK,"Bangalore, Karnataka","['India', 'Karnataka', 'Bangalore']",Bengaluru,,,,,0,,,Scientific & QA Jobs,"About Superfoods Valley: Superfoods Valley is a fast-growing nutrition-focused startup on a mission to make everyday nutrition simple, accessible, and effective for Indian families. Through our science-backed products and purpose-driven storytelling, we aim to bridge the nutrition gap in daily diets—without changing taste, smell, or food habits. Website: www.goodmonk.in Candidate role Lead product science across the innovation pipeline. Build product formulations that are unique, & differentiat…",2026-08-04T01:59:30Z,https://www.adzuna.in/land/ad/5826829687?se=mFViIIec8RGgd9X26G9YQA&utm_medium=api&utm_source=10d03a1b&v=A90B1163317040BC9E9DFB73C5CF18F069D14770,Healthcare,clinical
Adzuna,5812353175,Director - IT Quality & Compliance,Biocon Biologics,"Bangalore, Karnataka","['India', 'Karnataka', 'Bangalore']",Bengaluru,,,,,0,,,IT Jobs,"Position Summary Director – IT Quality & Compliance provides strategic leadership and governance for IT Quality Management Systems (QMS), Regulatory Compliance and Audit Readiness across Biocon global IT landscape. The role is accountable for establishing and maintaining a risk-based compliance framework that ensures all GxP computerized systems remain compliant with applicable global regulatory requirements, including 21 CFR Part 11, EU GMP Annex 11, GAMP 5, ISO and corporate quality standards…",2026-07-23T18:57:21Z,https://www.adzuna.in/land/ad/5812353175?se=mFViIIec8RGgd9X26G9YQA&utm_medium=api&utm_source=10d03a1b&v=6204293306794EAA29C12E8679BB1B679E2D04E2,Healthcare,clinical
Adzuna,5819297098,External Manufacturing,Biocon Biologics,"Bangalore, Karnataka","['India', 'Karnataka', 'Bangalore']",Bengaluru,,,,,0,,,Manufacturing Jobs,"At Biocon Biologics, we are creating a model for the future of healthcare for all. We are a leading company in the biosimilars revolution where patients come first. Our ambition is to impact a billion lives and we do this by fostering a culture of affordable innovation, patient centricity and disruptive thinking. We are a multicultural global company where employees have a purpose and passion to work closely with partners and patients. We have proven end to end expertise in the field of biosimi…",2026-07-29T09:19:55Z,https://www.adzuna.in/land/ad/5819297098?se=mFViIIec8RGgd9X26G9YQA&utm_medium=api&utm_source=10d03a1b&v=61500A685358E54E1C5E7D396D939C03B84DE122,Healthcare,clinical
Adzuna,5826828924,"HR, Operations & Executive Secretary",NEXTGEN MEDWORKS,"Bangalore, Karnataka","['India', 'Karnataka', 'Bangalore']",Bengaluru,,,,,0,,full_time,HR & Recruitment Jobs,"Job Title: HR, Operations & Executive Secretary Employer: NextGen Medworks Medical Equipment LLC Location: Bangalore/ India Employment Type : Full Time Reports To: Chief Executive Officer Job Summary We are seeking a highly organized, proactive, and dependable professional to manage Human Resources, Office Operations, and Executive Secretarial responsibilities. The ideal candidate will support the leadership team by ensuring smooth administrative operations, coordinating HR activities, maintain…",2026-08-04T01:58:53Z,https://www.adzuna.in/land/ad/5826828924?se=mFViIIec8RGgd9X26G9YQA&utm_medium=api&utm_source=10d03a1b&v=B50F5084D99EE462848D0DFFD01C0955C05DA40D,Healthcare,clinical
Adzuna,5830417350,Financial Controller,Deconstruct,"Bangalore, Karnataka","['India', 'Karnataka', 'Bangalore']",Bengaluru,,,,,0,,,Accounting & Finance Jobs,"About Deconstruct Deconstruct is a fast-growing, science-backed skincare brand focused on transparency, efficacy, and consumer trust. We are building high-performance products for modern consumers, with formulations that are rigorously tested and clinically proven. About the Role We are seeking a highly skilled and motivated Finance Manager to join our finance team. The successful candidate will oversee the financial operations of the company, ensuring accuracy, compliance, and efficiency in al…",2026-08-06T17:51:35Z,https://www.adzuna.in/land/ad/5830417350?se=mFViIIec8RGgd9X26G9YQA&utm_medium=api&utm_source=10d03a1b&v=C3C499FE70508DDE3958C65A09836C21512C4E8D,Healthcare,clinical
Adzuna,5846723236,Lead Scientist - Upstream Process Development,Danaher,"Bangalore, Karnataka","['India', 'Karnataka', 'Bangalore']",Bengaluru,12.95703,77.59837,,,0,,full_time,Scientific & QA Jobs,"This job is with Danaher, an inclusive employer and a member of myGwork – the largest global platform for the LGBTQ business community. Please do not contact the recruiter directly. Be part of something altogether life-changing! Working at Cytiva means being at the forefront of providing new solutions to transform human health. Our incredible customers undertake life-saving activities ranging from fundamental biological research to developing innovative vaccines, new medicines, and cell and gen…",2026-08-18T18:03:36Z,https://www.adzuna.in/land/ad/5846723236?se=mFViIIec8RGgd9X26G9YQA&utm_medium=api&utm_source=10d03a1b&v=A9412B0805C9262589CD74AA0D4473E8A1C3D144,Healthcare,clinical
Adzuna,5812352483,Site IT Head,Biocon Biologics,"Bangalore, Karnataka","['India', 'Karnataka', 'Bangalore']",Bengaluru,,,,,0,,,Engineering Jobs,"At Biocon Biologics, we are creating a model for the future of healthcare for all. We are a leading company in the biosimilars revolution where patients come first. Our ambition is to impact a billion lives and we do this by fostering a culture of affordable innovation, patient centricity and disruptive thinking. We are a multicultural global company where employees have a purpose and passion to work closely with partners and patients. We have proven end to end expertise in the field of biosimi…",2026-07-23T18:56:29Z,https://www.adzuna.in/land/ad/5812352483?se=mFViIIec8RGgd9X26G9YQA&utm_medium=api&utm_source=10d03a1b&v=0C01BE5C8139D172224A5BCD29986FDE1C7D17AD,Healthcare,clinical
Adzuna,5820158152,Technical Project Manager (PV Systems),Qinecsa Solutions,"Bangalore, Karnataka","['India', 'Karnataka', 'Bangalore']",Bengaluru,,,,,0,,,IT Jobs,"We are seeking a Consulting Technology Project Manager to manage client implementation projects for our Pharmacovigilance SaaS solutions. The ideal candidate will be a dynamic client facing services professional with extensive project management experience in the life science technology domain. This is a strategic role requiring deep project management expertise, pharmaceutical domain knowledge, and excellent leadership skills. Key Responsibilities: Lead end-to-end project management of client …",2026-07-30T01:25:01Z,https://www.adzuna.in/land/ad/5820158152?se=mFViIIec8RGgd9X26G9YQA&utm_medium=api&utm_source=10d03a1b&v=4630964D76679CB17788A4ECD068CFFCE6872215,Healthcare,clinical
Adzuna,5840636733,Lead .Net L3 Production Support (US Healthcare Automation),Ascendion,"Bangalore, Karnataka","['India', 'Karnataka', 'Bangalore']",Bengaluru,,,,,0,,,IT Jobs,"We are looking for a Lead .Net L3 Production Support (US Healthcare Automation) with strong technical expertise and leadership capabilities to support critical healthcare applications and integration workflows. The ideal candidate should have excellent communication skills, experience leading support teams, and a proactive approach to incident management and automation. Key Responsibilities Lead L3 production support for Facets / Guiding Care integrations and related healthcare applications. T…",2026-08-14T00:22:29Z,https://www.adzuna.in/land/ad/5840636733?se=9t19I4ec8RGwBe63zKMEtw&utm_medium=api&utm_source=10d03a1b&v=D1FD398BB53B623804647FC333BBD591BE7362B1,Healthcare,healthcare
Adzuna,5822232291,Delivery Solution Manager (Health care Payer Domain),UST,"Bangalore, Karnataka","['India', 'Karnataka', 'Bangalore']",Bengaluru,,,,,0,,,IT Jobs,"Key Responsibilities Domain Solutioning & RFP Leadership (40%) Lead all relevant aspects related to domain for RFP response, proposal development, and solution architecture for healthcare payer customers: Own end-to-end domain solutioning: intake analysis, solution design, technical architecture, proposal writing, and executive presentations. Lead unsolicited proposal development identifying domain led use cases: Identify market opportunities, develop compelling value propositions, and create t…",2026-07-31T15:27:04Z,https://www.adzuna.in/land/ad/5822232291?se=9t19I4ec8RGwBe63zKMEtw&utm_medium=api&utm_source=10d03a1b&v=244AE8C0D5FABF9E1ABEF7B2786848A0F01932C8,Healthcare,healthcare
Adzuna,5822232687,Senior Graphic Designer,Indegene,"Bangalore, Karnataka","['India', 'Karnataka', 'Bangalore']",Bengaluru,,,,,0,,,Creative & Design Jobs,"Experience working with Pharma customers Experience on Print & Digital Experience on Video Editing We are a technology-led healthcare solutions provider. We are driven by our purpose to enable healthcare organizations to be future-ready. We offer accelerated, global growth opportunities for talent that’s bold, industrious, and nimble. With Indegene, you gain a unique career experience that celebrates entrepreneurship and is guided by passion, innovation, collaboration, and empathy. To explore e…",2026-07-31T15:27:22Z,https://www.adzuna.in/land/ad/5822232687?se=9t19I4ec8RGwBe63zKMEtw&utm_medium=api&utm_source=10d03a1b&v=40F56E7402752840084FEF311103E162FF95E3C3,Healthcare,healthcare
Adzuna,5721569051,Public Relations Specialist,Adfactors PR,"Bangalore, Karnataka","['India', 'Karnataka', 'Bangalore']",Bengaluru,,,,,0,,,"PR, Advertising & Marketing Jobs","Adfactors PR is Hiring | Public Relations Specialist Location: Bengaluru Adfactors PR is looking for seasoned communications professionals to join our Integrated Practice at the Senior Account Executive/Account Manager level. If you bring deep experience in PR related communications for diverse sectors , and are adept at leading high-stakes mandates, we’d love to connect with you. Role Overview In this role, you will lead strategic client engagements, drive integrated communication programs, a…",2026-05-07T16:26:36Z,https://www.adzuna.in/land/ad/5721569051?se=9t19I4ec8RGwBe63zKMEtw&utm_medium=api&utm_source=10d03a1b&v=4ED0CE4F86E4D1A890EAFBD4F4823A33E1679E13,Healthcare,healthcare
Adzuna,5820962921,Customer Care Executive,Phox Health,"Bangalore, Karnataka","['India', 'Karnataka', 'Bangalore']",Bengaluru,,,,,0,,,Customer Services Jobs,"We are looking for a Customer Care Executive to provide outstanding support to our US patients, pharmacies, healthcare providers, and delivery partners. You will handle customer inquiries, resolve issues, and ensure a seamless customer experience. Responsibilities Respond to customer inquiries via phone, email, chat, and SMS Resolve delivery, shipment, and service-related issues promptly Coordinate with Operations, Dispatch, and Driver teams Track and update support tickets until resolution Esc…",2026-07-30T15:24:14Z,https://www.adzuna.in/land/ad/5820962921?se=9t19I4ec8RGwBe63zKMEtw&utm_medium=api&utm_source=10d03a1b&v=809A29CAC56958ABFCBF8CFFAC495C8BF69E7F96,Healthcare,healthcare
Adzuna,5848119854,Key Account Manager,LeadSquared,"Bangalore, Karnataka","['India', 'Karnataka', 'Bangalore']",Bengaluru,,,,,0,,,Sales Jobs,"About the Role LeadSquared is looking for a customer-centric and commercially driven Senior Lead - Key Account Manager to manage and grow a portfolio of strategic Healthcare and HealthTech customers in the US market. In this role, you will own customer relationships end-to-end, driving renewals, expansion opportunities, and long-term customer success. You will work closely with cross-functional teams to ensure customers realize maximum value from LeadSquared's platform while identifying opportu…",2026-08-19T17:13:24Z,https://www.adzuna.in/land/ad/5848119854?se=9t19I4ec8RGwBe63zKMEtw&utm_medium=api&utm_source=10d03a1b&v=18AD7AF83877C72EFAC3BD647FC7CDC3B635AE8F,Healthcare,healthcare
Adzuna,5840225148,Motion Graphic Designer,Indegene,"Bangalore, Karnataka","['India', 'Karnataka', 'Bangalore']",Bengaluru,,,,,0,,,Creative & Design Jobs,"We are a technology-led healthcare solutions provider. We are driven by our purpose to enable healthcare organizations to be future-ready. We offer accelerated, global growth opportunities for talent that’s bold, industrious, and nimble. With Indegene, you gain a unique career experience that celebrates entrepreneurship and is guided by passion, innovation, collaboration, and empathy. To explore exciting opportunities at the convergence of healthcare and technology, check out www.careers.indege…",2026-08-13T16:19:31Z,https://www.adzuna.in/land/ad/5840225148?se=9t19I4ec8RGwBe63zKMEtw&utm_medium=api&utm_source=10d03a1b&v=D493969C31FDA97DC6B8DDCED278AEB7AB29EA3F,Healthcare,healthcare
Adzuna,5831966246,Customer Service Advisor,Sagility,"Bangalore, Karnataka","['India', 'Karnataka', 'Bangalore']",Bengaluru,,,,,0,,,Customer Services Jobs,"We're Hiring for Healthcare Advisor, who would be handling patient complaints regarding policy queries, claim queries and reimbursement queries. If you're a fresher we'd love to talk to you. Location: Bommanahalli, Bangalore Job Responsibilities: Handle inbound and outbound customer interactions for US healthcare clients. Assist members with insurance benefits, claims, eligibility, and billing-related queries. Provide accurate information while maintaining quality and compliance standards. Docu…",2026-08-07T17:56:14Z,https://www.adzuna.in/land/ad/5831966246?se=9t19I4ec8RGwBe63zKMEtw&utm_medium=api&utm_source=10d03a1b&v=FF607F128B885C6F67970538CE5EF46493296D07,Healthcare,healthcare
Adzuna,5814245376,LIMS Consultant,Infosys,"Bangalore, Karnataka","['India', 'Karnataka', 'Bangalore']",Bengaluru,,,,,0,,,IT Jobs,"As an Associate Consultant, you will support the implementation and enhancement of LabVantage/Labware LIMS solutions. You will work closely with senior consultants and project teams to understand business requirements, contribute to solution design, and assist in development and deployment activities across Pharma, R&D, and Healthcare domains. Key Responsibilities: Support LabVantage/Labware LIMS implementation, enhancements, and application support activities. Assist in gathering business requ…",2026-07-25T01:02:15Z,https://www.adzuna.in/land/ad/5814245376?se=9t19I4ec8RGwBe63zKMEtw&utm_medium=api&utm_source=10d03a1b&v=6E7CAFC039FD2B86A90031ACF69F2F9FDC5FE72D,Healthcare,healthcare
Adzuna,5834021951,Senior Software Engineer II,Elsevier,"Bangalore, Karnataka","['India', 'Karnataka', 'Bangalore']",Bengaluru,,,,,0,permanent,full_time,IT Jobs,"This job is with Elsevier, an inclusive employer and a member of myGwork – the largest global platform for the LGBTQ business community. Please do not contact the recruiter directly. Are you a Systems Engineer looking for an innovative role? Do you enjoy being part of a team that works with a diverse range of technology? About our Team: Elsevier Health applies innovation, facilitates insights, and helps drive more informed decision-making for our customers across global health. We support healt…",2026-08-09T04:12:38Z,https://www.adzuna.in/land/ad/5834021951?se=9t19I4ec8RGwBe63zKMEtw&utm_medium=api&utm_source=10d03a1b&v=5B578EA7BBF10016D5B89303E038CA9E2E0DA531,Healthcare,healthcare
Adzuna,5845682544,Graphic Designer & Creative Content Associate (6-9 LPA),Basil,"Bangalore, Karnataka","['India', 'Karnataka', 'Bangalore']",Bengaluru,,,,,0,,,Creative & Design Jobs,"Graphic Designer & Creative Content Associate Experience: 3–4 Years About the Role: Basil Global is looking for a highly creative and detail-oriented Graphic Designer with 3–4 years of experience in developing compelling visual content across digital and print platforms. The ideal candidate should possess a strong portfolio, expertise in Adobe Creative Suite, familiarity with AI-powered creative tools, and the ability to work across diverse industries including Healthcare, Hospitality, and Cons…",2026-08-18T05:07:18Z,https://www.adzuna.in/land/ad/5845682544?se=9t19I4ec8RGwBe63zKMEtw&utm_medium=api&utm_source=10d03a1b&v=2EA98BCA9EC135A2464B46FA245EE0C7EE7F76AE,Healthcare,healthcare
Adzuna,5811973501,Solution Architect,Elsevier,"Bangalore, Karnataka","['India', 'Karnataka', 'Bangalore']",Bengaluru,,,,,0,permanent,full_time,IT Jobs,"This job is with Elsevier, an inclusive employer and a member of myGwork – the largest global platform for the LGBTQ business community. Please do not contact the recruiter directly. Architect - Life Sciences Would you like to take ownership of the technology strategy for the future of Life Sciences research? Do you enjoy working alongside cross-functional technical teams to shape best-practice, AI-enabled solutions at scale? About our Team:- Our Technology teams use cutting-edge technologies t…",2026-07-23T11:43:52Z,https://www.adzuna.in/land/ad/5811973501?se=9t19I4ec8RGwBe63zKMEtw&utm_medium=api&utm_source=10d03a1b&v=744935A169C033DD708C60719856B3CDBD6C438A,Healthcare,healthcare
Adzuna,5848120331,Executive Assistant - Founders Office,Tricog Health,"Bangalore, Karnataka","['India', 'Karnataka', 'Bangalore']",Bengaluru,,,,,0,,full_time,Admin Jobs,"Role Title - Executive Assistant - Founder’s Office About Company Tricog is a healthcare technology company headquartered in Bengaluru, focused on transforming cardiac care through innovative AI-powered solutions and connected healthcare technology. Our products enable hospitals, clinics, and healthcare professionals to deliver faster, more accurate diagnoses and improve patient outcomes across the globe. As the Executive Assistant, you will play a critical role in enabling the CEO to operate e…",2026-08-19T17:14:22Z,https://www.adzuna.in/land/ad/5848120331?se=9t19I4ec8RGwBe63zKMEtw&utm_medium=api&utm_source=10d03a1b&v=BBB51CD07F7792D64BF23410F0BA62B76DB8E25E,Healthcare,healthcare
Adzuna,5825920322,Senior Manager Strategic Marketing,Indegene,"Bangalore, Karnataka","['India', 'Karnataka', 'Bangalore']",Bengaluru,,,,,0,,,"PR, Advertising & Marketing Jobs","About Indegene Indegene is on a mission to empower every healthcare enterprise in its transformation journey. We combine deep medical knowledge with verticalized technology to help make healthcare affordable and accessible to every person on the planet. We are listed on the National Stock Exchange of India and have The Carlyle Group and Brighton Park Capital as key private equity investors. 20 of the top 20 global biopharma organizations partner with us. With more than 5,000 employees across th…",2026-08-03T01:37:06Z,https://www.adzuna.in/land/ad/5825920322?se=9t19I4ec8RGwBe63zKMEtw&utm_medium=api&utm_source=10d03a1b&v=E9DC3C67333303CBF71371DF46ED54C342E8A892,Healthcare,healthcare
Adzuna,5812353634,Google Cloud Presales: Solutions Engineer / Architect || PAN India,HCLTech,"Bangalore, Karnataka","['India', 'Karnataka', 'Bangalore']",Bengaluru,,,,,0,,,Sales Jobs,"HCLTech is hiring Google Cloud: Solutions Engineer / Architect || PAN India Role Title: Google Cloud: Solutions Engineer / Architect Primary Skills: GCP, Presales, Data & AI Notice Period: Immediate/ 30days/60 days Location: Major Indian Metros (Bengaluru, Mumbai, Pune, Gurugram, or Hyderabad) Experience: 7 Years This role drives Solution Design & Engineering for accelerating adoption of Google Cloud at Enterprise level. You will lead opportunities for Fortune 2000 Clients on Cloud Migration, M…",2026-07-23T18:57:50Z,https://www.adzuna.in/land/ad/5812353634?se=9t19I4ec8RGwBe63zKMEtw&utm_medium=api&utm_source=10d03a1b&v=D5C3D4A6E8FFCAB1660C211FA2F1CC79C6C08B8E,Healthcare,healthcare
Adzuna,5848120324,Head - Outpatient Pharmacy,Narayana Health,"Bangalore, Karnataka","['India', 'Karnataka', 'Bangalore']",Bengaluru,,,,,0,,,Healthcare & Nursing Jobs,"About the Role: The Head of Outpatient Pharmacy will have end-to-end accountability for the Group's OP Pharmacy business across India, with responsibility for driving revenue and profitability, improving prescription conversion and customer experience, strengthening operational and inventory efficiencies, and establishing consistent pharmacy standards across locations. The role will work closely with hospital leadership, clinicians and corporate functions to identify performance gaps, drive cor…",2026-08-19T17:14:22Z,https://www.adzuna.in/land/ad/5848120324?se=9t19I4ec8RGwBe63zKMEtw&utm_medium=api&utm_source=10d03a1b&v=F1F99B0488E44B88346C36FC6AC16FBAAB319825,Healthcare,healthcare
Adzuna,5823898096,Customer Service Representative,Alorica,"Bangalore, Karnataka","['India', 'Karnataka', 'Bangalore']",Bengaluru,,,,,0,,,Customer Services Jobs,"Job Overview We are looking for enthusiastic and customer-focused professionals to join our Healthcare and Electronic Retail Customer Service team. The role involves assisting customers with product, service, policy, order, and claim-related queries while delivering an exceptional customer experience through voice. Location: Bellandur, Kengeri & Bhartiya City 5 Days Working & 2 Days Off (Rotational) Job Responsibilities Handle customer queries exclusively through voice calls. Provide accurate i…",2026-08-01T17:33:25Z,https://www.adzuna.in/land/ad/5823898096?se=9t19I4ec8RGwBe63zKMEtw&utm_medium=api&utm_source=10d03a1b&v=A6046698E1897C774A3C61979CEA45CF5AD6AC85,Healthcare,healthcare
Adzuna,5846723484,Product Manager,Danaher,"Bangalore, Karnataka","['India', 'Karnataka', 'Bangalore']",Bengaluru,12.95703,77.59837,,,0,,full_time,"PR, Advertising & Marketing Jobs","This job is with Danaher, an inclusive employer and a member of myGwork – the largest global platform for the LGBTQ business community. Please do not contact the recruiter directly. In our line of work, life isn’t a given - it’s the ultimate goal. When life takes an unexpected turn, our technology and solutions enable caregivers to make informed diagnostic decisions to improve patient care. This is our shared purpose at Radiometer and what unites all 4000 of us - no matter our roles or where in…",2026-08-18T18:03:40Z,https://www.adzuna.in/land/ad/5846723484?se=9t19I4ec8RGwBe63zKMEtw&utm_medium=api&utm_source=10d03a1b&v=1AA30B57398F0AEFA2F8F170312DBFEC1B89F736,Healthcare,healthcare
Adzuna,5822232527,Executive Assistant,QpiAI,"Bangalore, Karnataka","['India', 'Karnataka', 'Bangalore']",Bengaluru,,,,,0,,,IT Jobs,"About QpiAI At QpiAI, we are leading effort in discovering most optimal AI and Quantum systems in Life sciences, Healthcare, Transportation, Finance, Industrial, Space technologies. QpiAI is building a full-stack Enterprise Quantum Computers. QpiAI Quantum hardware team is responsible for designing and characterization of Quantum Processor, Cryogenic Quantum Control Circuits, RF Control Hardware and QpiAI ASGP. Position Overview: Provide proactive, high-level support to the [Executives], acting…",2026-07-31T15:27:15Z,https://www.adzuna.in/land/ad/5822232527?se=9t19I4ec8RGwBe63zKMEtw&utm_medium=api&utm_source=10d03a1b&v=F5EA817EFE1832F7CA19EC255015CCA433DD6CB8,Healthcare,healthcare
Adzuna,5785770938,Senior Quality Test Engineer II,Elsevier,"Bangalore, Karnataka","['India', 'Karnataka', 'Bangalore']",Bengaluru,,,,,0,,full_time,IT Jobs,"This job is with Elsevier, an inclusive employer and a member of myGwork – the largest global platform for the LGBTQ business community. Please do not contact the recruiter directly. Do you enjoy improving quality and driving automation strategies in complex technology environments? Would you like to collaborate with cross-functional teams to deliver high-quality software products and data solutions? About our Team: This is a position in the Research Data Platform team responsible for performin…",2026-07-03T00:54:12Z,https://www.adzuna.in/land/ad/5785770938?se=9t19I4ec8RGwBe63zKMEtw&utm_medium=api&utm_source=10d03a1b&v=EA1DAE07601172858CF05BE67EFC9EC558A8EFC9,Healthcare,healthcare
Adzuna,5841754848,Medical Device R&D Process & Product Design Associate_99765,MyCareernet,"Bangalore, Karnataka","['India', 'Karnataka', 'Bangalore']",Bengaluru,,,,,0,,,Engineering Jobs,"Key Skills: ISO 13485, ISO 14971, IEC 62304, 21 CFR, Design Controls, Risk Management, Traceability Matrix, Medical Device Regulations Roles & Responsibilities: Support post-production risk review activities as per defined regulatory schedules Coordinate with stakeholders to collect and analyze post-production data for risk assessment Prepare and update risk management reports and ensure approval workflow compliance Maintain traceability matrices linking design requirements to objective evidenc…",2026-08-14T16:34:01Z,https://www.adzuna.in/land/ad/5841754848?se=9t19I4ec8RGwBe63zKMEtw&utm_medium=api&utm_source=10d03a1b&v=CB2EE73E1DF166AB9BD02C748E43E9B8D8EE4364,Healthcare,healthcare
Adzuna,5833789523,Social Impact - Associate,MSI Services Pvt Ltd,"Bangalore, Karnataka","['India', 'Karnataka', 'Bangalore']",Bengaluru,,,,,0,,,HR & Recruitment Jobs,"ABOUT MSI SERVICES PVT LTD “MSI Services in India is a subsidiary (Captive Center for IT/ITES) of MSI USA. MSI is a USD MNCwith 4000 employees in the USA. MSI Services Indiaoffers IT& ITES services toMSI USA and has its India office in Vasanth Nagar, Bangalore, India with 800 employees”. We plan to grow further and offer best in class Employee Benefits. For more details visit our website – http://www.msiservices.in/ If you enjoy working in an entrepreneurial results-oriented environment where r…",2026-08-09T00:05:51Z,https://www.adzuna.in/land/ad/5833789523?se=9t19I4ec8RGwBe63zKMEtw&utm_medium=api&utm_source=10d03a1b&v=B2B57CE013991A24260AAA86C50949D49B76F063,Healthcare,healthcare
Adzuna,5823897729,B2B Executive,Lanstitut,"Bangalore, Karnataka","['India', 'Karnataka', 'Bangalore']",Bengaluru,,,,,0,,,Sales Jobs,"Designation - B2B Executive Experience : 1-3 Years ( Atleast 1 Year Experience is must , Preferably B2B - Edtech ) Location : Banglore ( Must be able to Travel ) No: Of openings : 3 Job Summary : We are looking for a proactive and energetic B2B Executive to build and maintain strategic partnerships, drive business growth, and generate new business opportunities. The role involves meeting with colleges, universities, training institutes, consultancies, hospitals, agencies, and other organization…",2026-08-01T17:32:19Z,https://www.adzuna.in/land/ad/5823897729?se=9t19I4ec8RGwBe63zKMEtw&utm_medium=api&utm_source=10d03a1b&v=AC3E07AC8016BAB607F77428C5E0C2AC60FC1ED5,Healthcare,healthcare
Adzuna,5829060436,Client Service Representative 3,IQVIA,"Bangalore, Karnataka","['India', 'Karnataka', 'Bangalore']",Bengaluru,,,,,0,,,IT Jobs,"Total Experience: 5-7 years Job Location: Remote Shift Timing: 6:30 PM-3:30 AM IST (India holidays working/US holidays off) Must have skill: Project management, Client Facing, Excel, Operations management Job Overview Under broad guidance, ensures clients obtain maximum value from products and services in order to facilitate a positive and productive long-term relationship, either broad client or offering focused. Essential Functions Ensures fulfillment of contract specifications and ad-hoc cli…",2026-08-05T17:45:07Z,https://www.adzuna.in/land/ad/5829060436?se=9t19I4ec8RGwBe63zKMEtw&utm_medium=api&utm_source=10d03a1b&v=BB67619AB856B44F1E3DF706943783CF37B472E3,Healthcare,healthcare
Adzuna,5504438052,Healthcare Recruiter,Connect and Heal,"Bangalore, Karnataka","['India', 'Karnataka', 'Bangalore']",Bengaluru,,,300000.0,400000.0,0,,full_time,HR & Recruitment Jobs,"Job Summary The Healthcare Recruiter will manage the full recruitment lifecycle—from sourcing qualified candidates to onboarding newly hired staff. This role requires strong communication skills, knowledge of healthcare roles, and the ability to build relationships with hiring managers and candidates. Key Responsibilities Source, screen, and recruit candidates for a variety of healthcare positions (RN, LPN, CNA, allied health, administrative, etc.) Partner with hiring managers to understand sta…",2025-11-20T06:33:10Z,https://www.adzuna.in/details/5504438052?utm_medium=api&utm_source=10d03a1b,Healthcare,healthcare
Adzuna,5810845991,Hiring for Senior Consultant- Customer Service & CX Domain for Bangalore Location,Infosys BPM,"Bangalore, Karnataka","['India', 'Karnataka', 'Bangalore']",Bengaluru,,,,,0,,,IT Jobs,"Greetings from Infosys BPM We are hiring for Senior Consultant - Customer Service & CX Domain for Bangalore Location. Please use below link to apply and register your application https://career.infosys.com/jobdesc?jobReferenceCode=PROGEN-EXTERNAL-249627 Job Description Job Role: Senior Consultant - Customer Service & CX Domain Job Location: Bangalore Experience: 7 yrs Role Overview: As a Presales & Solutions Consultant , you will play a pivotal role in shaping business solutions, driving domain…",2026-07-22T16:53:51Z,https://www.adzuna.in/land/ad/5810845991?se=9t19I4ec8RGwBe63zKMEtw&utm_medium=api&utm_source=10d03a1b&v=2E4C74C5E8E63D207A77DE6A7DBF0550401A5323,Healthcare,healthcare
Adzuna,5842114982,Senior Data Analyst III,Elsevier,"Bangalore, Karnataka","['India', 'Karnataka', 'Bangalore']",Bengaluru,,,,,0,,full_time,IT Jobs,"This job is with Elsevier, an inclusive employer and a member of myGwork – the largest global platform for the LGBTQ business community. Please do not contact the recruiter directly. Senior Data Analyst III Do you like working with data and analytics to gain insight to solve problems? Do you enjoy collaborating across teams to build and deliver products that make a difference? About the Team: Help shape the future of Elsevier's technology infrastructure by bringing our operational data to life.…",2026-08-15T00:04:09Z,https://www.adzuna.in/land/ad/5842114982?se=9t19I4ec8RGwBe63zKMEtw&utm_medium=api&utm_source=10d03a1b&v=3263DA3568883D53BD2F53EE96E4EFA2F6B33C94,Healthcare,healthcare
Adzuna,5829060115,Senior Executive - Accounts Payable,Onsurity,"Bangalore, Karnataka","['India', 'Karnataka', 'Bangalore']",Bengaluru,,,,,0,,,Accounting & Finance Jobs,"At Onsurity , we're redefining employee healthcare and wellness for India's SMB ecosystem. As a fast-growing HealthTech company, we believe in building scalable processes powered by technology and exceptional people. If you thrive in a fast-paced environment and enjoy bringing accuracy, ownership, and efficiency to finance operations, we'd love to meet you. About the Role We are looking for an experienced Senior Executive - Accounts Payable to manage end-to-end vendor payments, statutory compli…",2026-08-05T17:44:31Z,https://www.adzuna.in/land/ad/5829060115?se=9t19I4ec8RGwBe63zKMEtw&utm_medium=api&utm_source=10d03a1b&v=781698C64C56C8459F5C908179785883107EF1E0,Healthcare,healthcare
Adzuna,5821439166,Medical Device & Packing Operations,Biocon Biologics,"Bangalore, Karnataka","['India', 'Karnataka', 'Bangalore']",Bengaluru,,,,,0,,,Manufacturing Jobs,"Experience • 12–18 years of manufacturing operations experience within Medical Devices, Pharmaceuticals, Biologics, or regulated healthcare manufacturing. • Significant experience leading assembly and packaging operations. • Proven experience managing high-performing manufacturing teams in a cGMP-regulated environment. • Demonstrated success in regulatory inspections and quality systems. • Strong background in Lean Manufacturing, Operational Excellence, and Continuous Improvement. Education • B…",2026-07-31T01:31:01Z,https://www.adzuna.in/land/ad/5821439166?se=9t19I4ec8RGwBe63zKMEtw&utm_medium=api&utm_source=10d03a1b&v=63DF14FF235900BE8C8E20E0DB836D7AC873E119,Healthcare,healthcare
Adzuna,5845683196,Inside Sales Executive,Tricog Health,"Bangalore, Karnataka","['India', 'Karnataka', 'Bangalore']",Bengaluru,,,,,0,,,Sales Jobs,"About the Role of Inside Sales Associate As an Inside Sales Associate, you will be an integral part of our sales team, responsible for driving revenue growth through proactive customer engagement, lead qualification, and effective sales strategies. Your role involves establishing and nurturing customer relationships, understanding their needs, and promoting our products or services. Through your efforts, you will contribute to achieving sales targets, delivering exceptional customer experiences…",2026-08-18T05:08:30Z,https://www.adzuna.in/land/ad/5845683196?se=9t19I4ec8RGwBe63zKMEtw&utm_medium=api&utm_source=10d03a1b&v=530790869A3B32E92C356C8A93F05A124AAB73AE,Healthcare,healthcare
Adzuna,5830417566,Technical Program Manager,Tredence Inc.,"Bangalore, Karnataka","['India', 'Karnataka', 'Bangalore']",Bengaluru,,,,,0,,,IT Jobs,"Role Description Own program roadmap, planning, and execution for data engineering and analytics initiatives, including batch/real-time pipelines, data lakes, data warehouses, BI, and ML solutions. Act as a trusted advisor to clients, partnering with business and technology stakeholders to define problem statements, solution approaches, and execution strategies. Drive large-scale data platform implementations leveraging cloud ecosystems, with a strong focus on GCP and/or Databricks. Manage a po…",2026-08-06T17:51:55Z,https://www.adzuna.in/land/ad/5830417566?se=9t19I4ec8RGwBe63zKMEtw&utm_medium=api&utm_source=10d03a1b&v=C16484ED7F28B593CE6336D716E3E230E39B6A92,Healthcare,healthcare
Adzuna,4686704036,Medical Representative,,"Bangalore, Karnataka","['India', 'Karnataka', 'Bangalore']",Bengaluru,12.95703,77.59837,,,0,,,Healthcare & Nursing Jobs,"MEDICAL JOB IN CANADA, AUSTRALIA, Pharmacist (quality Control) Role: Pharmacist Chemist Bio Chemist Industry Type: Medical, Healthcare, Hospitals Education: B.Pharma in Pharmacy, B.Sc in Any Specialization, Other Specialization Employment Type: Full Time, Permanent Salary: Medical Laboratory Technician Role: Lab Technician Medical Technician Lab Staff Industry Type: Medical, Healthcare, Hospitals Education: Any Graduate in Any Specialization, Graduation Not Required Employment Type: Full Time, …",2024-05-10T07:38:44Z,https://www.adzuna.in/details/4686704036?utm_medium=api&utm_source=10d03a1b,Healthcare,medical representative
Adzuna,5797506902,Marketing Executive (Medical Representative),Tablets India,"Bangalore, Karnataka","['India', 'Karnataka', 'Bangalore']",Bengaluru,,,,,0,,,Sales Jobs,"We are looking for a dynamic and results-oriented Marketing Executive (Medical Representative) to join our sales and marketing team. The Medical Representative will be responsible for promoting and selling the company's pharmaceutical products to healthcare professionals, including doctors, pharmacists, and hospitals. The ideal candidate will have a strong understanding of the pharmaceutical industry, excellent communication skills, and the ability to build long-term relationships with healthca…",2026-07-12T07:20:01Z,https://www.adzuna.in/details/5797506902?utm_medium=api&utm_source=10d03a1b,Healthcare,medical representative
Adzuna,4139617373,Medical Sales Representative - Diabetes Category,Bajo Foods Pvt Ltd,"Bangalore, Karnataka","['India', 'Karnataka', 'Bangalore']",Bengaluru,,,480000.0,600000.0,0,,full_time,Sales Jobs,"About Lo! Foods India is the Diabetes capital of the world, with 75 Million currently and headed to 100 Million within 3-5 years. In addition, between 70-100 Million people are pre-diabetic. This is consequently one of the biggest health problems faced by India, that needs to be addressed at a War footing. Lo! Foods, started in 2019, has been a pioneer in cutting down Carbohydrates from Food. They started with a range of Ultra Low Carbohydrate products, that is used by those on a Ketogenic diet…",2023-06-07T16:44:37Z,https://www.adzuna.in/details/4139617373?utm_medium=api&utm_source=10d03a1b,Healthcare,medical representative
Adzuna,5766158037,Medical Device - Sales Representative,ABABIL HEALTHCARE,"Bangalore, Karnataka","['India', 'Karnataka', 'Bangalore']",Bengaluru,12.95703,77.59837,,,0,,,Sales Jobs,"Job description We are Hiring Medical Equipment & Devices Sales Representative Contact : Akash HR - 7824848607 Location:-Udupi,Shimoga,Davangere,mangaluru,Chikkamagaluru., Bangalore Key Responsibilities: Promote and sell biomedical equipment and solutions to hospitals, laboratories, and healthcare institutions. Conduct product demonstrations, presentations, and training for clients. Understand customer requirements and provide suitable technical solutions. Prepare quotations, tenders, and propo…",2026-06-17T06:05:29Z,https://www.adzuna.in/details/5766158037?utm_medium=api&utm_source=10d03a1b,Healthcare,medical representative
Adzuna,5743834829,Manager - Medical Science Liaison,Dozee,"Bangalore, Karnataka","['India', 'Karnataka', 'Bangalore']",Bengaluru,12.95703,77.59837,,,0,,full_time,"PR, Advertising & Marketing Jobs","The Manager - Medical Science Liaison will be responsible for engaging with key doctors and healthcare professionals in partner hospitals. This role focuses on building meaningful relationships with these stakeholders, effectively communicating our research, evidence, and product features, and helping them understand the impact of Dozee’s solutions in enhancing patient safety. Responsibilities: Stakeholder Engagement : Build and maintain strong relationships with key opinion leaders (KOLs) such…",2026-05-29T02:17:42Z,https://www.adzuna.in/details/5743834829?utm_medium=api&utm_source=10d03a1b,Healthcare,medical representative
Adzuna,5784304786,Assoc Medical Safety Dir,IQVIA,"Bangalore, Karnataka","['India', 'Karnataka', 'Bangalore']",Bengaluru,12.95703,77.59837,,,0,,full_time,Healthcare & Nursing Jobs,Job Overview Provide medical expertise on pharmacovigilance services to divisions as requested. The Associate Medical Safety Director participates in all aspects of Medical Safety’s involvement on assigned trials and stand alone safety projects with appropriate oversight from management or more senior medical safety directors. Essential Functions • Perform medical review and clarification of trial-related Adverse Events (AEs) and post-marketing adverse drug reactions (ADRs) including narrative …,2026-07-02T02:42:12Z,https://www.adzuna.in/details/5784304786?utm_medium=api&utm_source=10d03a1b,Healthcare,medical representative
Adzuna,5782886062,Assoc Medical Safety Dir,IQVIA,"Bangalore, Karnataka","['India', 'Karnataka', 'Bangalore']",Bengaluru,12.95703,77.59837,,,0,,,Healthcare & Nursing Jobs,"Bangalore, India Zagreb, Croatia Full time R1552764 Job Overview Provide medical expertise on pharmacovigilance services to divisions as requested. The Associate Medical Safety Director participates in all aspects of Medical Safety's involvement on assigned trials and stand alone safety projects with appropriate oversight from management or more senior medical safety directors. Essential Functions - Perform medical review and clarification of trial-related Adverse Events (AEs) and post-marketin…",2026-07-01T10:32:39Z,https://www.adzuna.in/details/5782886062?utm_medium=api&utm_source=10d03a1b,Healthcare,medical representative
Adzuna,5834571934,Medical Coder / Senior Medical Coder,Career Guideline,"Bangalore, Karnataka","['India', 'Karnataka', 'Bangalore']",Bengaluru,,,,,0,,,IT Jobs,"Hiring Alert – Medical Coder / Senior Medical Coder Department: Coding Shift: General Shift Work Mode: Work from Office Location: Bangalore Salary: Up to ₹7.8 LPA Open Positions Medical Coder Senior Medical Coder Qualification Graduate / Postgraduate (Science) Experience 1–3 Years of Medical Coding experience Certification-CPC,CCS ✅ Mandatory Skills Candidates should have experience in any one of the following specialties: Neuro ENM Cardio Ortho IVR ENM Surgery Cardio ✅ Required Ski…",2026-08-09T16:08:39Z,https://www.adzuna.in/land/ad/5834571934?se=8EIzKIec8RGhArhxtbtVlg&utm_medium=api&utm_source=10d03a1b&v=166F1B805B7BC534AEE865262184A134DE4FA8D3,Healthcare,medical coder
Adzuna,5831965494,Medical Coder,Infinx,"Bangalore, Karnataka","['India', 'Karnataka', 'Bangalore']",Bengaluru,,,,,0,,,Healthcare & Nursing Jobs,"Greetings from Infinx ! We are expanding our Medical Coding business in Bangalore and are looking for talented professionals to join our growing team. Open Positions Medical Coder / Senior Medical Coder Team Coach Team Leader Available Specializations E/M Surgery E/M Cardiology E/M Ortho IVR Home Health Coding If you have relevant experience in any of the above specialties and are looking for an exciting career opportunity with a fast-growing organization, we would love to connect with you. Loc…",2026-08-07T17:54:54Z,https://www.adzuna.in/land/ad/5831965494?se=8EIzKIec8RGhArhxtbtVlg&utm_medium=api&utm_source=10d03a1b&v=B661F1056827CF81E309CC70ED6378249696B551,Healthcare,medical coder
Adzuna,5782688555,Medical Coder,CorroHealth,"Bangalore, Karnataka","['India', 'Karnataka', 'Bangalore']",Bengaluru,,,,,0,,,Healthcare & Nursing Jobs,"Minimum 1 years of Medical Coding Experience. Strong Knowledge on coding appropriate ICDs, CPTs and HCPC Codes. Strong Knowledge to ensure in assign codes based on coding and customer guidelines. Hands – on Knowledge in CCI edits, LCD, NCD coverage determination etc. Strong Knowledge in Medical terminology, Human Anatomy and Physiology Knowledge of coding all CPT's related to Simple Procedures - Both Pro/ Fac Laceration repair Incision and Drainage Foreign body removal Splint Fracture reduction…",2026-07-01T07:16:40Z,https://www.adzuna.in/details/5782688555?utm_medium=api&utm_source=10d03a1b,Healthcare,medical coder
Adzuna,5782688454,Medical Coder,CorroHealth,"Bangalore, Karnataka","['India', 'Karnataka', 'Bangalore']",Bengaluru,,,,,0,,,Domestic help & Cleaning Jobs,"Job Openings at Corro Health We are seeking experienced certified professionals for the following positions: 1. EM OP coders (Noida Location) 2. EM IP with OP coders (Noida Location) 3. Ed facility coders (Bangalore & Noida Location) 4. Denials coders (Noida Location) Work from office - Immediate joiners preferred - 1-month notice accepted -AAPC Certification Mandatory - Salary best in industry Skills: Ccs, DENIALS, Cpc Experience: 1.00-6.00 Years",2026-07-01T07:16:32Z,https://www.adzuna.in/details/5782688454?utm_medium=api&utm_source=10d03a1b,Healthcare,medical coder
Adzuna,5782688448,Certified medical Coders,CorroHealth,"Bangalore, Karnataka","['India', 'Karnataka', 'Bangalore']",Bengaluru,,,,,0,,,IT Jobs,"We are looking for Executive/Sr. Executive candidates with 1 years of experience in the following specialties: General Surgery Ancillary Multispecialty Denials E/M IP OP ED Facility/OBS Radiology Desired Skills: Minimum 1 year of relevant experience Certification from AAPC/AHIMA Strong communication skills Skills: Ancillary, CPC or CCS, E/M, Medical Coding or Medical Coder Experience: 2.00-7.00 Years",2026-07-01T07:16:31Z,https://www.adzuna.in/details/5782688448?utm_medium=api&utm_source=10d03a1b,Healthcare,medical coder
Adzuna,5794934999,Surgery Medical Coder,Vee Healthtek Private Limited,"Bangalore, Karnataka","['India', 'Karnataka', 'Bangalore']",Bengaluru,,,,,0,,,Admin Jobs,"Roles and Responsibilities: Perform accurate coding for surgical procedures using ICD-10, CPT, and HCPCS guidelines. Review and analyze medical records to ensure proper coding of diagnoses and procedures. Ensure compliance with applicable regulations and standards in medical coding. Resolve coding-related queries and collaborate with healthcare providers for clarifications. Assist in reducing claim denials by identifying and correcting coding errors. Stay updated on changes in coding guidelines…",2026-07-10T07:16:42Z,https://www.adzuna.in/details/5794934999?utm_medium=api&utm_source=10d03a1b,Healthcare,medical coder
Adzuna,5782688457,Opening For Certified Medical Coder,CorroHealth,"Bangalore, Karnataka","['India', 'Karnataka', 'Bangalore']",Bengaluru,,,,,0,,,IT Jobs,"We are looking for Executive/Sr. Executive candidates with 1 years of experience in the following specialties: General Surgery Ancillary Multispecialty Denials E/M IP OP ED Facility/OBS Radiology Desired Skills: Minimum 1 year of relevant experience Certification from AAPC/AHIMA Strong communication skills Skills: Ancillary, CPC or CCS, E/M, Medical Coding or Medical Coder Experience: 2.00-7.00 Years",2026-07-01T07:16:32Z,https://www.adzuna.in/details/5782688457?utm_medium=api&utm_source=10d03a1b,Healthcare,medical coder
Adzuna,5794935012,IP DRG Medical Coder,Vee Healthtek Private Limited,"Bangalore, Karnataka","['India', 'Karnataka', 'Bangalore']",Bengaluru,,,,,0,,,IT Jobs,"Key Responsibilities: Assign accurate ICD-10-CM/PCS codes and DRG classifications for inpatient medical records. Ensure coding compliance with CMS, UHDDS, and payer-specific guidelines . Review and interpret physician documentation to support accurate code assignment. Optimize reimbursement while maintaining coding accuracy and minimizing denials. Perform audits and quality checks to ensure 99% coding accuracy . Stay updated with regulatory changes, coding updates, and best practices. Collabora…",2026-07-10T07:16:46Z,https://www.adzuna.in/details/5794935012?utm_medium=api&utm_source=10d03a1b,Healthcare,medical coder
Adzuna,5782688668,Certified Medical coder (EM OP Specialty),CorroHealth,"Bangalore, Karnataka","['India', 'Karnataka', 'Bangalore']",Bengaluru,,,,,0,,,IT Jobs,"CorroHealth, a leader in healthcare solutions, is looking for skilled and passionate Medical Coders to join our dynamic team. If you have 1 years of experience and a deep understanding of specialty coding, this is the perfect opportunity for you! Opening for specialty: * EM OP * ED Fac What We're Looking For: - 1 year of Medical Coding experience. - AAPC/AHIMA Certification (Required). - Strong attention to detail and problem-solving skills. - Ability to work independently and as part of a team…",2026-07-01T07:16:43Z,https://www.adzuna.in/details/5782688668?utm_medium=api&utm_source=10d03a1b,Healthcare,medical coder
Adzuna,5816064258,"We are hiring medical coder - Surgery , IPDRG",Source To Win Consultancy,"Bangalore, Karnataka","['India', 'Karnataka', 'Bangalore']",Bengaluru,,,,,0,,,Admin Jobs,Description We are seeking a skilled Medical Coder specializing in Surgery and IPDRG to join our team in India. The ideal candidate will be responsible for accurately coding surgical procedures and ensuring compliance with coding standards. This role is essential for maintaining the integrity of our medical billing and documentation processes. Responsibilities Review and analyze medical records and documentation to extract relevant information for coding. Assign appropriate surgical procedure c…,2026-07-26T07:38:20Z,https://www.adzuna.in/details/5816064258?utm_medium=api&utm_source=10d03a1b,Healthcare,medical coder
Adzuna,5806700158,Medical Biller / Coder,White Horse Manpower Consultancy Private Limited,"Bangalore, Karnataka","['India', 'Karnataka', 'Bangalore']",Bengaluru,,,,,0,,,IT Jobs,"Assign accurate ICD-10-CM, CPT, and HCPCS codes for Home Health services. Review and analyze medical records to ensure proper coding and compliance with CMS regulations. Ensure coding accuracy and adherence to payer-specific guidelines. Required Candidate profile Collaborate with physicians, healthcare providers, and billing teams to clarify documentation and coding requirements. Strong understanding of medical terminology, anatomy, and physiology. Perks and benefits Plus perks and incentives R…",2026-07-19T07:20:08Z,https://www.adzuna.in/details/5806700158?utm_medium=api&utm_source=10d03a1b,Healthcare,medical coder
Adzuna,5767428586,Immediate Job Openings – Certified Denials Medical Coders @ Vee Healthtek,Vee Healthtek Private Limited,"Bangalore, Karnataka","['India', 'Karnataka', 'Bangalore']",Bengaluru,,,,,0,,,Scientific & QA Jobs,Immediate Job Openings – Certified Denials Medical Coders @ Vee Healthtek Job Description: We are hiring experienced Denials Medical Coders with relevant certifications for immediate joining. Role Details: Specialty: Denials Medical Coding Experience: 3 – 8 Years Designation: Senior Coder / QA Salary: Best in the industry Certifications: CPC / COC / CCS / CIC (Mandatory) Joining: Immediate Joiners Preferred Eligibility Criteria: Minimum 3 years of experience in Denials Coding Strong knowledge o…,2026-06-18T07:18:42Z,https://www.adzuna.in/details/5767428586?utm_medium=api&utm_source=10d03a1b,Healthcare,medical coder
Adzuna,5782688486,ED Facility Coders- Bangalore,CorroHealth,"Bangalore, Karnataka","['India', 'Karnataka', 'Bangalore']",Bengaluru,,,,,0,,,Scientific & QA Jobs,"Description We are seeking an experienced ED Facility Coder to join our team in Bangalore. The ideal candidate will have a strong background in medical coding, specifically within the emergency department, and will be responsible for ensuring accurate coding of medical records. Responsibilities Review and analyze emergency department medical records for accurate coding. Assign appropriate ICD-10, CPT, and HCPCS codes to diagnoses and procedures. Ensure compliance with coding guidelines and regu…",2026-07-01T07:16:33Z,https://www.adzuna.in/details/5782688486?utm_medium=api&utm_source=10d03a1b,Healthcare,medical coder
Adzuna,5819192219,Associate Medical Coding,SP Software Private Limited,"Bangalore, Karnataka","['India', 'Karnataka', 'Bangalore']",Bengaluru,,,,,0,,,IT Jobs,"Job description Role & responsibilities Current Coding Certification (CPC, CPC-P, CPC-H, CPC-I, CRC, CCS, RHIT, RHIA etc.) through AAPC and/or AHIMA Minimum of 2 years coding experience with specific knowledge of Medicare and Commercial Risk Adjustment such as Hierarchical Condition category (HCC). Additional experience in facility (OPPS/IPPS) coding experience is preferred Additional experience in Health Plan Risk Adjustment Data Validation Audit (RADV) experience is preferred Experience and S…",2026-07-29T07:47:19Z,https://www.adzuna.in/details/5819192219?utm_medium=api&utm_source=10d03a1b,Healthcare,medical coder
Adzuna,5782688468,QA/Sr. QA - Coding,CorroHealth,"Bangalore, Karnataka","['India', 'Karnataka', 'Bangalore']",Bengaluru,,,,,0,,,Admin Jobs,"In medical coding QA, responsibilities include ensuring accuracy, compliance, and financial soundness through audits, documentation reviews, and by identifying and addressing coding errors, ultimately improving coding practices and processes . Here's a more detailed breakdown of QA responsibilities in medical coding: Core Responsibilities: Auditing and Review: Conducting regular audits of coding practices to identify errors and areas for improvement. Reviewing medical records and documentation …",2026-07-01T07:16:32Z,https://www.adzuna.in/details/5782688468?utm_medium=api&utm_source=10d03a1b,Healthcare,medical coder
Adzuna,5806700177,Surgery Coders For US Medical Healthcare,White Horse Manpower Consultancy Private Limited,"Bangalore, Karnataka","['India', 'Karnataka', 'Bangalore']",Bengaluru,,,,,0,,,Admin Jobs,"Description We are seeking experienced Surgery Coders to join our US Medical Healthcare team in India. The ideal candidates will have 1-6 years of experience in surgical coding and will be responsible for accurately coding surgical procedures, ensuring compliance with coding standards, and collaborating with healthcare professionals. Responsibilities Review and analyze surgical documentation to assign appropriate codes for procedures performed. Ensure compliance with coding guidelines and regul…",2026-07-19T07:20:08Z,https://www.adzuna.in/details/5806700177?utm_medium=api&utm_source=10d03a1b,Healthcare,medical coder
Adzuna,5464941854,Medical Coding : IP-DRG,R1 RCM,"Bangalore, Karnataka","['India', 'Karnataka', 'Bangalore']",Bengaluru,,,,,0,,,Healthcare & Nursing Jobs,"About R1RCM R1 is a leading provider of technology-driven solutions that help hospitals and health systems to manage their financial systems and improve patients' experience. We are the one company that combines the deep expertise of a global workforce of revenue cycle professionals with the industry's most advanced technology platform, encompassing sophisticated analytics, Al, intelligent automation and workflow orchestration. R1 is a place where we think boldly to create opportunities for eve…",2025-10-26T11:06:53Z,https://www.adzuna.in/details/5464941854?utm_medium=api&utm_source=10d03a1b,Healthcare,medical coder
Adzuna,5806700160,Payment Posting Executive,White Horse Manpower Consultancy Private Limited,"Bangalore, Karnataka","['India', 'Karnataka', 'Bangalore']",Bengaluru,,,,,0,,,Accounting & Finance Jobs,"Post insurance payments, adjustments, and patient payments from EOBs, EFTs, and checks into the billing system. Reconcile daily deposits with payment Process and apply credit card payments, electronic fund transfers (EFTs), and lockbox payments. Required Candidate profile Experience in US healthcare RCM, including payment posting &reconciliation. Knowledge of payer (Medicare, Medicaid, commercial insurance). Familiarity with denial codes and adjustment categories. Perks and benefits Plus Incent…",2026-07-19T07:20:08Z,https://www.adzuna.in/details/5806700160?utm_medium=api&utm_source=10d03a1b,Healthcare,medical coder
Adzuna,5806700159,Ortho Coders,White Horse Manpower Consultancy Private Limited,"Bangalore, Karnataka","['India', 'Karnataka', 'Bangalore']",Bengaluru,,,,,0,,,Scientific & QA Jobs,"Ortho Coders • Assign ICD-10, CPT, HCPCS codes for orthopedic treatments, surgeries • Review, validate clinical documentation for coding accuracy • Ensure compliance, coding guidelines, payer policies • Conduct coding quality audits, error correction Required Candidate profile E&M IP/OP Coders • Assign E&M codes (CPT, ICD-10, HCPCS) for inpatient, outpatient • Review physician documentation for medical necessity and compliance • Adherence to CMS, AAPC, and AHIMA guidelines Perks and benefits Pl…",2026-07-19T07:20:08Z,https://www.adzuna.in/details/5806700159?utm_medium=api&utm_source=10d03a1b,Healthcare,medical coder
Adzuna,5420347267,Sr. Executive/ Executive HIM (Surgery),CorroHealth,"Bangalore, Karnataka","['India', 'Karnataka', 'Bangalore']",Bengaluru,12.95703,77.59837,,,0,,full_time,IT Jobs,"About Us: Our purpose is to help clients exceed their financial health goals. Across the reimbursement cycle, our scalable solutions and clinical expertise help solve programmatic needs. Enabling our teams with leading technology allows analytics to guide our solutions and keeps us accountable achieving goals. We build long-term careers by investing in YOU. We seek to create an environment that cultivates your professional development and personal growth, as we believe your success is our succe…",2025-09-29T15:00:13Z,https://www.adzuna.in/details/5420347267?utm_medium=api&utm_source=10d03a1b,Healthcare,medical coder
Adzuna,5464941853,Medical Coding OP - HYD,R1 RCM,"Bangalore, Karnataka","['India', 'Karnataka', 'Bangalore']",Bengaluru,,,,,0,,,Healthcare & Nursing Jobs,"About R1 RCM: R1 is a leading provider of technology-driven solutions that help hospitals and health systems to manage their financial systems and improve patients' experience. We are the one company that combines the deep expertise of a global workforce of revenue cycle professionals with the industry's most advanced technology platform, encompassing sophisticated analytics, Al, intelligent automation and workflow orchestration. R1 is a place where we think boldly to create opportunities for e…",2025-10-26T11:06:53Z,https://www.adzuna.in/details/5464941853?utm_medium=api&utm_source=10d03a1b,Healthcare,medical coder
Adzuna,5848119722,Registered Nurse,H-cura,"Hyderabad, Telangana","['India', 'Telangana', 'Hyderabad']",Hyderabad,17.40275,78.50806,,,0,,full_time,Healthcare & Nursing Jobs,"Job Title: Staff Nurse – Hair & Skin Clinic Location: Hyderabad Experience: 0–3 Years Qualification: GNM / B.Sc Nursing Job Summary We are looking for a dedicated Staff Nurse to support dermatology and cosmetology procedures in a Hair & Skin Clinic. The candidate will assist doctors during treatments and ensure proper patient care and clinic hygiene. Key Responsibilities Assist doctors during hair and skin treatments such as PRP, laser procedures, and other dermatology treatments. Prepare treat…",2026-08-19T17:13:14Z,https://www.adzuna.in/land/ad/5848119722?se=-jFCKoec8RG8E4DRVfRH-g&utm_medium=api&utm_source=10d03a1b&v=60BBF3FFAC66F30F466C096C054322F69B976A8C,Healthcare,doctor
Adzuna,5841755166,Radiographer,I Travel,"Hyderabad, Telangana","['India', 'Telangana', 'Hyderabad']",Hyderabad,17.40275,78.50806,,,0,,full_time,Healthcare & Nursing Jobs,"Job Title: Radiographer Location: Singapore Salary: SGD 3,500 – 4,000 per month Job Summary: We are seeking a skilled and detail-oriented Radiographer to join a reputed healthcare facility in Singapore. The ideal candidate will be responsible for performing diagnostic imaging procedures while ensuring patient safety and high-quality imaging standards. Key Responsibilities: Perform X-rays, CT scans, and other diagnostic imaging procedures as per physician instructions Ensure proper patient posit…",2026-08-14T16:34:24Z,https://www.adzuna.in/land/ad/5841755166?se=-jFCKoec8RG8E4DRVfRH-g&utm_medium=api&utm_source=10d03a1b&v=50D26CE6E8C18EACAF267B783163B4F04098C9D6,Healthcare,doctor
Adzuna,5826829113,Business Development Executives,Breeze Rehabilitation,"Hyderabad, Telangana","['India', 'Telangana', 'Hyderabad']",Hyderabad,17.40275,78.50806,,,0,,full_time,Healthcare & Nursing Jobs,"Company Description Breeze Rehabilitation is a specialized Physiotherapy In-Patient and Out-Patient Rehabilitation Center serving both adults and children. The organization provides comprehensive therapies to improve daily living skills, physical abilities, cognitive development, socio-emotional functioning, and overall independence of individuals, including speech, occupational, pediatric physiotherapy, special education, and parental counseling. For adults and children with neurological condi…",2026-08-04T01:59:02Z,https://www.adzuna.in/land/ad/5826829113?se=-jFCKoec8RG8E4DRVfRH-g&utm_medium=api&utm_source=10d03a1b&v=8C37E68CA1E5742D7785C992AE14049A7C9C0D7B,Healthcare,doctor
Adzuna,4686700755,Doctor,,"Hyderabad, Telangana","['India', 'Telangana', 'Hyderabad']",Hyderabad,17.40275,78.50806,,,0,,,Healthcare & Nursing Jobs,"General practitioners are medical doctors who provide nonsurgical medical care for a wide range of health issues. Mostly serving the adult population, general practitioners evaluate patients through exams and tests and diagnose conditions such as diseases or injuries.",2024-05-10T07:38:21Z,https://www.adzuna.in/details/4686700755?utm_medium=api&utm_source=10d03a1b,Healthcare,doctor
Adzuna,5825675144,Senior Admission Counsellor (TL-Experience),upGrad,"Hyderabad, Telangana","['India', 'Telangana', 'Hyderabad']",Hyderabad,17.40275,78.50806,,,0,,,Teaching Jobs,"Job Title: Senior Admission Counsellor - Study Abroad Location: Mumbai Working Days: 6 (Monday – Saturday) Timings: 10:30 AM – 7:30 PM About upGrad Founded in 2015, upGrad is Asia’s largest integrated Learning, Skilling, Workforce Development, and Placement company. Its offerings include online and hybrid degrees, study abroad programs, certifications, bootcamps, and doctorates for working professionals. Through its B2B arm, upGrad also provides enterprise training, recruitment, and staffing se…",2026-08-02T17:36:56Z,https://www.adzuna.in/land/ad/5825675144?se=-jFCKoec8RG8E4DRVfRH-g&utm_medium=api&utm_source=10d03a1b&v=2FCEACA1F075D8BB436B37A5FF5F5B024858E628,Healthcare,doctor
Adzuna,5845682849,Business Development Manager | BU : GSP,upGrad GSP,"Hyderabad, Telangana","['India', 'Telangana', 'Hyderabad']",Hyderabad,17.40275,78.50806,,,0,,,Sales Jobs,"Job Title: Business Development Manager (International Student Recruitment) – upGrad GSP Location: Hyderabad (Remote) Business Unit: upGrad GSP Designation: Business Development Manager (BDM) CTC: ₹11–12 LPA Working Days: 5 Days a Week About upGrad Founded in 2015, upGrad is Asia's leading integrated Learning, Skilling, and Workforce Development company. We empower working professionals through industry-relevant programs in collaboration with top Indian and global universities. Our offerings in…",2026-08-18T05:07:53Z,https://www.adzuna.in/land/ad/5845682849?se=-jFCKoec8RG8E4DRVfRH-g&utm_medium=api&utm_source=10d03a1b&v=CBDB9390174125798E40F437C655FE764DC7D6E3,Healthcare,doctor
Adzuna,5841130428,Clinic Doctor,Jiva Ayurveda,"Hyderabad, Telangana","['India', 'Telangana', 'Hyderabad']",Hyderabad,17.40275,78.50806,,,0,,,Healthcare & Nursing Jobs,"Clinic Doctor This role at JIVA AYURVEDA, the world's leading Ayurvedic treatment organization, is for a Clinic Doctor with expertise in Ayurveda practice. You will be a vital part of Dr. Partap Chauhan's core senior technical team, gaining exposure to national and international patients and participating in new learning sessions and Ayurvedic conferences. Key Responsibilities Handling general OPDs & IPDs. Handling video & tele consultations. Handling non-relief cases to increase relief. Ensuri…",2026-08-14T07:34:35Z,https://www.adzuna.in/details/5841130428?utm_medium=api&utm_source=10d03a1b,Healthcare,doctor
Adzuna,4686703695,MBBS Doctor,,"Hyderabad, Telangana","['India', 'Telangana', 'Hyderabad']",Hyderabad,17.40275,78.50806,,,0,,,Healthcare & Nursing Jobs,"Patient Home Visits. Prescribe or administer treatment, therapy, medication, vaccination, and other specialized medical care to treat or prevent illness, disease or injury. Collect, record, and maintain patient information.",2024-05-10T07:38:41Z,https://www.adzuna.in/details/4686703695?utm_medium=api&utm_source=10d03a1b,Healthcare,doctor
Adzuna,5822233009,Key Account Manager,Trikona Pharmaceuticals,"Hyderabad, Telangana","['India', 'Telangana', 'Hyderabad']",Hyderabad,17.40275,78.50806,,,0,contract,full_time,Sales Jobs,"Job Description: Institutional Sales cum KAM Manager – Corporate Hospitals Position Overview Department: Sales & Marketing / Institutional Business Report To: Head of Marketing Location: Corporate Head Office Position Type: Full-Time The Institutional Sales cum KAM Manager will be responsible for managing the on field KAMs, building, maintaining, and expanding strategic relationships with major corporate hospital chains, private medical groups, and buying hubs. Operating from the Head Office, t…",2026-07-31T15:27:49Z,https://www.adzuna.in/land/ad/5822233009?se=-jFCKoec8RG8E4DRVfRH-g&utm_medium=api&utm_source=10d03a1b&v=C5243305A272B9A8FB9B90E10E9C0DF666563864,Healthcare,doctor
Adzuna,4686704811,Cosmetologist,,"Hyderabad, Telangana","['India', 'Telangana', 'Hyderabad']",Hyderabad,17.40275,78.50806,,,0,,,Creative & Design Jobs,"Looking for Doctors with cosmetology experience, positions hiring for: Cosmetology Doctors. Cosmetology Doctor assistants / Skin therapist. (with good knowledge on skin and hair) MD Dermat / MBBS, PG-Diploma in Dermatology Skills Candidates with good skills in cosmetology (Skin/Hair) Doctors with cosmetology experience (Skin/Hair) Any cosmetology certifications (Skin/Hair) Skin Therapists with good cosmetology training skills. Contact Details: Interested candidates can forward your resumes to r…",2024-05-10T07:38:50Z,https://www.adzuna.in/details/4686704811?utm_medium=api&utm_source=10d03a1b,Healthcare,doctor
Adzuna,5782684518,SCM Executive,Teamlease Digital Private Limited,"Hyderabad, Telangana","['India', 'Telangana', 'Hyderabad']",Hyderabad,17.40275,78.50806,,,0,,,Accounting & Finance Jobs,"Job Description Oracle SCM, Sales & distribution module, communication, ' Oracle SCM, Sales & distribution module, communication, Oracle SCM, Sales & distribution module, communication, Oracle SCM, Sales & distribution module, communication, Skills: Inventory Management, Data Analysis, Demand Forecasting, Sap Software, Supply Chain, Vendor Management, Process Improvement Experience: 0.00-1.00 Years Education: Master in Landscape Architecture, MBBS, Doctor of Public Health (DrPH), Doctor of Phys…",2026-07-01T07:14:06Z,https://www.adzuna.in/details/5782684518?utm_medium=api&utm_source=10d03a1b,Healthcare,doctor
Adzuna,5779647817,BusinessDeveloperManagers,Burgeon It Services Private Limited,"Hyderabad, Telangana","['India', 'Telangana', 'Hyderabad']",Hyderabad,17.40275,78.50806,,,0,,,Accounting & Finance Jobs,"We're Hiring! Burgeon IT Services is expanding our Business Development team! OpenPositions : Business Development Managers Business Development Executives Business Development Trainees Send your resume to [HIDDEN TEXT] Join a fast-growing global company specializing in IT Staffing, Recruitment, and Staff Augmentation across the USA, Canada, UK, Australia, India, and Vietnam. If you're passionate about sales, client acquisition, and business growth, we'd love to hear from you. Skills: It Staffi…",2026-06-28T07:28:49Z,https://www.adzuna.in/details/5779647817?utm_medium=api&utm_source=10d03a1b,Healthcare,doctor
Adzuna,5786227770,Us Payroll,Hucon Solutions India Private Limited,"Hyderabad, Telangana","['India', 'Telangana', 'Hyderabad']",Hyderabad,17.40275,78.50806,,,0,,,Accounting & Finance Jobs,We're Hiring | US Payroll Executive (Voice Process) Job Title: US Payroll Executive (Voice) Location: Hyderabad Work Mode: Work from Office Shift: US Shifts CTC: Up to 5 LPA Eligibility : - Graduates only: B.Com / M.Com / MBA (Finance/HR) (preferably) - Minimum 1 year of end-to-end US Payroll experience - Candidates with no absconding history Required Skills: - Hands-on experience with any of the following payroll tools: - ADP - SAP - Workday - Oracle (Preferred) - ServiceNow (SNow) - Excellent…,2026-07-03T07:20:01Z,https://www.adzuna.in/details/5786227770?utm_medium=api&utm_source=10d03a1b,Healthcare,doctor
Adzuna,5811726457,Exciting Trainee Software Engineer,Kairos Technologies Private Limited,"Hyderabad, Telangana","['India', 'Telangana', 'Hyderabad']",Hyderabad,17.40275,78.50806,,,0,,,Other/General Jobs,"Job description Excellent verbal and written communication skills. Should be good at problem solving and logical thinking. Should have Good analytical skills. Must have good knowledge in Manual & Automation Testing. Knowledge on API Presentation Skills. Self-Driven. Exp : 0-1 Year Role: Manual Test Engineer Industry Type: IT Services & Consulting Department: Engineering - Software & QA Employment Type: Full Time, Permanent Role Category: Quality Assurance and Testing Education UG: Any Graduate …",2026-07-23T07:21:06Z,https://www.adzuna.in/details/5811726457?utm_medium=api&utm_source=10d03a1b,Healthcare,doctor
Adzuna,5829888658,Hr Recruiter,Vaakruthi Software Solutions Private Limited,"Hyderabad, Telangana","['India', 'Telangana', 'Hyderabad']",Hyderabad,17.40275,78.50806,,,0,,,Healthcare & Nursing Jobs,"We are Hiring IT Recruiters Freshers with basic knowledge of HR recruitment and experienced IT Recruiters with 1–5 years of experience are welcome to apply. Any Graduates OR Under Graduates can apply Work-from-office Mandatory offering a competitive salary along with unlimited incentives. Walk-in for an interview on Thursday, 6 August 2026 , from 9:30 AM to 1:00 PM - Only Vaakruthi Software Solutions Pvt. Ltd., Aditya Trade Centre, 3rd Floor, Office No. 302, Ameerpet, Hyderabad . For more infor…",2026-08-06T07:32:48Z,https://www.adzuna.in/details/5829888658?utm_medium=api&utm_source=10d03a1b,Healthcare,doctor
Adzuna,5811726456,Dotnet Developer,Kairos Technologies Private Limited,"Hyderabad, Telangana","['India', 'Telangana', 'Hyderabad']",Hyderabad,17.40275,78.50806,,,0,,,IT Jobs,Job description Strong knowledge and proven working experience as an ASP .NET/ASP.NET Core developer. Hands-on experience in developing ASP.NET Core/ ASP .NET MVC applications. Well-versed with Microsoft s .NET framework and tech stack Proficient in and VB.NET programming languages and extensive working knowledge of .NET languages. Strong understanding of object-oriented programming concepts and methods Familiar with entire software development lifecycle and development approaches Hands-on expe…,2026-07-23T07:21:06Z,https://www.adzuna.in/details/5811726456?utm_medium=api&utm_source=10d03a1b,Healthcare,doctor
Adzuna,5811726461,Software Engineer ( SDET ),Kairos Technologies Private Limited,"Hyderabad, Telangana","['India', 'Telangana', 'Hyderabad']",Hyderabad,17.40275,78.50806,,,0,,,IT Jobs,Job description Very good with Integrations skills Build the core testing automation Self-serve/reusable/secure testing automation framework. implement best practise for Test automation team. Test automation code Review MuleSoft API Testing/Collect Postman and automate them thru GitLab pipeline. Design and develop CI/CD along with DevOps team for continuous integration testing of development code development stack. Evaluate Unit Testing Reports Design and develop automation reporting and Dashbo…,2026-07-23T07:21:06Z,https://www.adzuna.in/details/5811726461?utm_medium=api&utm_source=10d03a1b,Healthcare,doctor
Adzuna,5800533988,Marketing Expert (Rehab/Diagnostics/Hospital),Regul Solutions,"Hyderabad, Telangana","['India', 'Telangana', 'Hyderabad']",Hyderabad,17.40275,78.50806,400000.0,600000.0,0,permanent,full_time,Healthcare & Nursing Jobs,"About the Opportunity A reputed rehabilitation center in Hyderabad, specializing in neuro, orthopedic, pediatric, and post-operative rehabilitation services, is seeking a dynamic Hospital Marketing professional to strengthen relationships with corporate hospitals, doctors, and healthcare partners. This role focuses on expanding referral networks, increasing patient admissions, and building the organization's presence among leading healthcare institutions across Hyderabad. Role & Responsibilitie…",2026-07-15T06:30:55Z,https://www.adzuna.in/details/5800533988?utm_medium=api&utm_source=10d03a1b,Healthcare,doctor
Adzuna,5782684493,Senior Instructional Designer,Teamlease Digital Private Limited,"Hyderabad, Telangana","['India', 'Telangana', 'Hyderabad']",Hyderabad,17.40275,78.50806,,,0,,,Teaching Jobs,"Job Description Job description – The candidate is expected to design, develop, and enhance engaging learning experiences. The candidate will leverage instructional design principles, adult learning theories, and technology to create high-quality e-learning solutions. Key responsibilities: Design and develop instructional materials, including online courses, job aids, and assessments, as per instructional design standards. Collaborate with internal team members, subject matter experts (SMEs), a…",2026-07-01T07:14:06Z,https://www.adzuna.in/details/5782684493?utm_medium=api&utm_source=10d03a1b,Healthcare,doctor
Adzuna,5782684506,Automation Test Engineer,Teamlease Digital Private Limited,"Hyderabad, Telangana","['India', 'Telangana', 'Hyderabad']",Hyderabad,17.40275,78.50806,,,0,,,IT Jobs,"Job Description Description: Experience with scripting languages (Selenium, RTF, QTP VB Script, and Java Script) is necessary. Actively participate in Reviews and interprets all documentation including business requirements, functional and design specification with team leads.Expectation is resource should be working independently and should be able tcommunicate the status tthe project spoc effectively. Capability tread and understand & analyze application architecture/design documents. Excelle…",2026-07-01T07:14:06Z,https://www.adzuna.in/details/5782684506?utm_medium=api&utm_source=10d03a1b,Healthcare,doctor
Adzuna,5811726442,Exciting Junior Motion Graphics Designer,Kairos Technologies Private Limited,"Hyderabad, Telangana","['India', 'Telangana', 'Hyderabad']",Hyderabad,17.40275,78.50806,,,0,,,Creative & Design Jobs,"Job description We are seeking a talented and motivated Graphic Designer with skills in Adobe After Effects to join our creative team. In this position, you are required to have a passion for design, a keen eye for detail, and a strong desire to learn and grow in a fast-paced environment. Key Responsibilities : Design and produce high-quality graphics for various digital and print media, including social media posts, website banners, marketing materials, and presentations. Utilize Adobe After E…",2026-07-23T07:21:06Z,https://www.adzuna.in/details/5811726442?utm_medium=api&utm_source=10d03a1b,Healthcare,doctor
Adzuna,5811726462,React Developer - Kairos technolgies,Kairos Technologies Private Limited,"Hyderabad, Telangana","['India', 'Telangana', 'Hyderabad']",Hyderabad,17.40275,78.50806,,,0,,,IT Jobs,"Job description We are looking for a great JavaScript developer who is proficient with React.js. Your primary focus will be on developing user interface components and implementing them following well-known React.js workflows (such as Flux or Redux). You will ensure that these components and the overall application are robust and easy to maintain. You will coordinate with the rest of the team working on different layers of the infrastructure. Therefore, a commitment to collaborative problem sol…",2026-07-23T07:21:06Z,https://www.adzuna.in/details/5811726462?utm_medium=api&utm_source=10d03a1b,Healthcare,doctor
Adzuna,5849141854,Hiring for Non Voice,Livec Staffing Services Private Limited,"Hyderabad, Telangana","['India', 'Telangana', 'Hyderabad']",Hyderabad,17.40275,78.50806,,,0,,,Accounting & Finance Jobs,Greetings from Live Connections! We are hiring Freshers for the position of Mapping Associate in Hyderabad. This is a great opportunity for graduates looking to kick-start their career with a reputed organization. Job Details · Role: Mapping Associate · Experience: Freshers Only · Qualification: Any Graduate · Pass-out Years: 2021–2026 · Location: Hyderabad · Work Mode: Work From Office (WFO) · Working Days: 5 Days · Shifts: Rotational Shifts · 2-Way Cab Facility: Available · Walk-In Date: 20th…,2026-08-20T07:33:36Z,https://www.adzuna.in/details/5849141854?utm_medium=api&utm_source=10d03a1b,Healthcare,doctor
Adzuna,5811726460,Java Technical Lead,Kairos Technologies Private Limited,"Hyderabad, Telangana","['India', 'Telangana', 'Hyderabad']",Hyderabad,17.40275,78.50806,,,0,,,IT Jobs,"Job description 8 years of experience in Java development, Technical Architecture & Design, and experience in development projects for larger enterprises Professional experience in all phases of SDLC with various Client/Server and web-based Applications using Java/J2EE technologies. Proven expertise with Java, Java Core, Spring, Hibernate, spring boot, microservices and understanding of UML (Unified Modelling Language) Strong web development experience with JavaScript frameworks (Angular, Node.…",2026-07-23T07:21:06Z,https://www.adzuna.in/details/5811726460?utm_medium=api&utm_source=10d03a1b,Healthcare,doctor
Adzuna,5811726458,QA Practice Head,Kairos Technologies Private Limited,"Hyderabad, Telangana","['India', 'Telangana', 'Hyderabad']",Hyderabad,17.40275,78.50806,,,0,,,Consultancy Jobs,"Job description The Practice Director of QA is a strategic and thought leadership role within Kairos R&D. Will play a crucial role in Kairos Digital Quality Engineering, QE platforms and QE consulting services. Responsible for owning quality engineering strategy & automation roadmap and supporting growth of the portfolio Should have extensive experience in preparing and delivering RFP responses, workshops, and track record of winning large deals. Must possess self-motivated and consultative in …",2026-07-23T07:21:06Z,https://www.adzuna.in/details/5811726458?utm_medium=api&utm_source=10d03a1b,Healthcare,doctor
Adzuna,5811726463,Marketing Manager,Kairos Technologies Private Limited,"Hyderabad, Telangana","['India', 'Telangana', 'Hyderabad']",Hyderabad,17.40275,78.50806,,,0,,,"PR, Advertising & Marketing Jobs","Job description We are looking for a highly creative marketing professional to lead our marketing function. In this position, you will be responsible for managing all aspects of marketing and communications. The person will be responsible for growing our brand, increasing brand loyalty and awareness. Primary Roles and Responsibilities: Experience: 10 years of marketing experience Minimum of 6-7 years of digital experience in planning, implementing, monitoring, and optimizing all digital marketi…",2026-07-23T07:21:06Z,https://www.adzuna.in/details/5811726463?utm_medium=api&utm_source=10d03a1b,Healthcare,doctor
Adzuna,5841133107,Process Associate (Chat Support),Artech Infosystems Private Limited,"Hyderabad, Telangana","['India', 'Telangana', 'Hyderabad']",Hyderabad,17.40275,78.50806,,,0,,,Customer Services Jobs,"Walk-in Details: Dates: 13th Aug '2026- 14th Aug'2026 Time: 10:00 AM to 4:00 PM Venue: Artech Infosystems Plot No. 118/1/14/C, Unit No. 332, 3rd Floor, DLF VC Silicon Towers, Kondapur, Hyderabad, Telangana – 500032 Fresher and Experience both can apply . Only graduate candidate What we are looking for: - We are looking for a customer-focused Customer Service Representative (Chat Support) to deliver high-quality support through digital chat platforms This role requires strong written communicati…",2026-08-14T07:36:01Z,https://www.adzuna.in/details/5841133107?utm_medium=api&utm_source=10d03a1b,Healthcare,doctor
Adzuna,4686702927,Pharmacist,,"Hyderabad, Telangana","['India', 'Telangana', 'Hyderabad']",Hyderabad,17.40275,78.50806,,,0,,,Healthcare & Nursing Jobs,"Customer friendly and good communication skills To attend the doctor’s prescription at the sales counter and advise the dosage of medicines to the patients Dispense drugs pursuant to a prescription issued by the doctor. In case the prescribed medicines not available, arrange the same from the in-house pharmacies for the honor of 100% prescription. Substitution of medicines is to be consulted with the doctor Cross check the issuing medicines with bill with regard to patient name, items name, qua…",2024-05-10T07:38:36Z,https://www.adzuna.in/details/4686702927?utm_medium=api&utm_source=10d03a1b,Healthcare,doctor
Adzuna,5836268464,Customer Support Executive,Artech Infosystems Private Limited,"Hyderabad, Telangana","['India', 'Telangana', 'Hyderabad']",Hyderabad,17.40275,78.50806,,,0,,,Scientific & QA Jobs,"Fresher to 2 years of candidates is welcome Need to have Excellent English communication and writing skills Need to have minimum 30 words typing speed per minute Educational Background Eligibility: B.Sc., B.Com., B.A., MBA Not eligible candidates with: B.Tech, M.Tech, MCA, or BCA qualifications . Degree perusing candidates are not eligible Immediate Joiner Only Educational Documents Required are (10th Marksheet/ 12th Marksheet/ Degree Consolidated Marksheet /Provisional Certificate ) all these …",2026-08-11T07:31:46Z,https://www.adzuna.in/details/5836268464?utm_medium=api&utm_source=10d03a1b,Healthcare,doctor
Adzuna,5826269146,Territory Business manager,Monster - xshruthix,"Hyderabad, Telangana","['India', 'Telangana', 'Hyderabad']",Hyderabad,17.40275,78.50806,,,0,,,Sales Jobs,"Job Summary We are seeking an experienced and dynamic individual for the position of 'Territory Business Manger' to drive sales of pharmaceutical products in your assigned territory. You will gather market intelligence, conduct prescription audits, and implement sales strategies to achieve sales targets. Additionally, you will manage queries from doctors, maintain customer relationships, and ensure accurate territory data management. Roles & Responsibilities . You will be responsible for unders…",2026-08-03T07:48:27Z,https://www.adzuna.in/details/5826269146?utm_medium=api&utm_source=10d03a1b,Healthcare,doctor
Adzuna,5787401034,Hospital Marketing and Sales Executive,Cion Cancer Clinics,"Hyderabad, Telangana","['India', 'Telangana', 'Hyderabad']",Hyderabad,17.40275,78.50806,,,0,,,Healthcare & Nursing Jobs,"Job description for field marketing and sales Develop network throughout hospitals, clinics, polyclinics, and other healthcare providers in their allotted work locations. Regular follow up with specialist and hospital doctors etc. Arranging appointments with doctors which may include pre-arranged appointments or regular calling. Organise/facilitating medical conferences. Developing growth strategies and plans for increasing opportunities. Identify and develop new and existing referral sources t…",2026-07-04T06:09:22Z,https://www.adzuna.in/details/5787401034?utm_medium=api&utm_source=10d03a1b,Healthcare,doctor
Adzuna,4686704698,Marketing representative,,"Hyderabad, Telangana","['India', 'Telangana', 'Hyderabad']",Hyderabad,17.40275,78.50806,,,0,,,Healthcare & Nursing Jobs,"Looking for Marketing Representatives- Male or female. who are exp in Ortho & Gynic . EXCLUSIVE EXPERIENCE IN PHARMACEUTICALSA medical representative's job is to promote and sell their company's products, whether that's pharmaceutical drugs or medical equipment. Customers can include doctors, nurses and pharmacists. The medical representative will increase product awareness, answer queries, provide advice and introduce new products.Responsibilities and DutiesMedical Representative Responsibilit…",2024-05-10T07:38:49Z,https://www.adzuna.in/details/4686704698?utm_medium=api&utm_source=10d03a1b,Healthcare,doctor
Adzuna,5839222027,PHARMACIST / SR. PHARMACIST,Apollo Pharmacy,"Hyderabad, Telangana","['India', 'Telangana', 'Hyderabad']",Hyderabad,17.40275,78.50806,,,0,,,Healthcare & Nursing Jobs,"Job Responsibilities Prescription Filling To attend the doctor s prescription at the sales counter and advise the dosage of medicines to the patients Dispense drugs pursuant to a prescription issued by the doctor. In case the prescribed medicines not available, arrange the same from the in-house pharmacies for the honor of 100% prescription. Substitution of medicines is to be consulted with the doctor Cross-check the issuing medicines with bill with regard to patient name, items name, quantity,…",2026-08-13T07:32:22Z,https://www.adzuna.in/details/5839222027?utm_medium=api&utm_source=10d03a1b,Healthcare,doctor
Adzuna,5782689800,Trainer - Web Development,NareshIT,"Hyderabad, Telangana","['India', 'Telangana', 'Hyderabad']",Hyderabad,17.40275,78.50806,,,0,,,IT Jobs,"Hiring for an experienced trainer for Web Development . Should be strong in HTML, CSS, JavaScript, React JS, Node JS, Angular JS, MERN Stack & Should have rich experience in giving classroom training. Upto date knowledge of IT skills & Softwares. Mandatory to have training experience. Education UG: B.Tech/B.E. in Any Specialization PG: Any Postgraduate Doctorate: Doctorate Not Required Skills: React Js, Javascript, Angular Js, Mern Stack, Css, Node Js Experience: 5.00-10.00 Years",2026-07-01T07:17:36Z,https://www.adzuna.in/details/5782689800?utm_medium=api&utm_source=10d03a1b,Healthcare,doctor
Adzuna,5831406333,Business Development Manager-Hyderabad,HighPoints Technologies India Private Limited,"Hyderabad, Telangana","['India', 'Telangana', 'Hyderabad']",Hyderabad,17.40275,78.50806,,,0,,,Accounting & Finance Jobs,"Description Hiring for BDM in the Hyderabad region primarily to handle Govt. accounts in the region. Required Skills 1. Software Sales 2. Handled Govt. accounts such as DRDO Labs in the Hyderabad region 3. At least 2 to 3 years' experience in software sales. Sales experience in Aerospace & Defence accounts (Govt. accounts) 4. Ability to prepare and deliver customer presentations and demonstrations of the software, articulately and confidently 5. Coordinating responses to RFPs and RFQs for tende…",2026-08-07T07:36:38Z,https://www.adzuna.in/details/5831406333?utm_medium=api&utm_source=10d03a1b,Healthcare,doctor
Adzuna,5206865319,Territory Sales Associate,amIT Global solution,"Hyderabad, Telangana","['India', 'Telangana', 'Hyderabad']",Hyderabad,17.40275,78.50806,100000.0,200000.0,0,,full_time,Sales Jobs,"Role Summary: We are seeking a motivated TERRITORY SALES ASSOCIATE to engage with healthcare professionals, primarily doctors, and schedule software demonstration appointments. The role requires an understanding of our software solutions and the ability to effectively communicate the benefits to healthcare providers. Key Responsibilities: Conduct field visits to healthcare professionals, clinics, and hospitals to introduce MocDoc's software solutions. Schedule and manage appointments with docto…",2025-05-20T06:49:42Z,https://www.adzuna.in/details/5206865319?utm_medium=api&utm_source=10d03a1b,Healthcare,doctor
Adzuna,5796415328,Business Development Manager,Impact Guru,"Hyderabad, Telangana","['India', 'Telangana', 'Hyderabad']",Hyderabad,17.40275,78.50806,,,0,,,Sales Jobs,Play an active role to support the business development function to ensure the growth of the start-up Deal with Doctors and Hospital management to help them to create campaigns and identify attractive programs for fundraising Set up partnerships for online and offline events Participate in efforts to increase the number of campaign creators Organize and attend meetings with doctors or concern person from the Hospitals to provide guidance and relevant details to create the campaign and to make t…,2026-07-11T07:20:53Z,https://www.adzuna.in/details/5796415328?utm_medium=api&utm_source=10d03a1b,Healthcare,doctor
Adzuna,5833577707,Scientific Sales Executive,Sanofi Consumer Healthcare India Limited,"Hyderabad, Telangana","['India', 'Telangana', 'Hyderabad']",Hyderabad,17.40275,78.50806,,,0,,full_time,Sales Jobs,"Job title : Scientific Sales Executive Location : Bangalore Opella is the self-care challenger with the purest and third-largest portfolio in the Over-The-Counter (OTC) & Vitamins, Minerals & Supplements (VMS) market globally . Our mission is to bring health in people’s hands by making self-care as simple as it should be . For half a billion consumers worldwide – and counting. At the core of this mission is our 100 loved brands , our 11,000-strong global team, our 13 best-in-class manufacturing…",2026-08-08T20:37:49Z,https://www.adzuna.in/details/5833577707?utm_medium=api&utm_source=10d03a1b,Healthcare,doctor
Adzuna,4686703692,Nurse Staff,,"Hyderabad, Telangana","['India', 'Telangana', 'Hyderabad']",Hyderabad,17.40275,78.50806,,,0,,,Healthcare & Nursing Jobs,1. Looking after clinic 2. Assisting Doctors during treatments and medical procedures 3. Looking after appointments and patients flow.,2024-05-10T07:38:41Z,https://www.adzuna.in/details/4686703692?utm_medium=api&utm_source=10d03a1b,Healthcare,doctor
Adzuna,4686701313,Dental Assistant,,"Hyderabad, Telangana","['India', 'Telangana', 'Hyderabad']",Hyderabad,17.40275,78.50806,,,0,,,Healthcare & Nursing Jobs,"need to assist doctor during treatment, need to clean the instruments and strelise them, need to maintain clean work area, and able to make calls to the patients.",2024-05-10T07:38:25Z,https://www.adzuna.in/details/4686701313?utm_medium=api&utm_source=10d03a1b,Healthcare,doctor
Adzuna,5839222029,Business Development Executive,Apollo Pharmacy,"Hyderabad, Telangana","['India', 'Telangana', 'Hyderabad']",Hyderabad,17.40275,78.50806,,,0,,,Sales Jobs,"Position Summary: As a Business Development Manager for Apollo tez, you will be responsible for identifying, onboarding, and managing Doctor Chambers, Resident Welfare Associations (RWAs), and Corporates to set up the Apollo tez kisok. You will lead growth efforts in your region while ensuring an excellent experience for all stakeholders. Minimum Requirements: 2 to 4 years of experience in Business Development (Healthcare experience preferred) Proficiency in the local language is mandatory Stro…",2026-08-13T07:32:22Z,https://www.adzuna.in/details/5839222029?utm_medium=api&utm_source=10d03a1b,Healthcare,doctor
Adzuna,5848347000,Scientific Sales Executive,Sanofi Consumer Healthcare India Limited,"Hyderabad, Telangana","['India', 'Telangana', 'Hyderabad']",Hyderabad,17.40275,78.50806,,,0,,full_time,Sales Jobs,"Opella is the self-care challenger with the purest and third-largest portfolio in the Over-The-Counter (OTC) & Vitamins, Minerals & Supplements (VMS) market globally. Our mission is to bring health in people’s hands by making self-care as simple as it should be. For half a billion consumers worldwide – and counting. At the core of this mission is our 100 loved brands, our 11,000-strong global team, our 13 best-in-class manufacturing sites and 4 specialized science and innovation development cen…",2026-08-19T20:42:41Z,https://www.adzuna.in/details/5848347000?utm_medium=api&utm_source=10d03a1b,Healthcare,doctor
Adzuna,2458411598,Business Development Executive,Unnati,"Hyderabad, Telangana","['India', 'Telangana', 'Hyderabad']",Hyderabad,17.40275,78.50806,300000.0,500000.0,0,,full_time,Sales Jobs,"Our client is India’s first Genomic Medicine Clinic. Their treatment is based on an emerging medical discipline that involves using genomic information such as DNA to diagnose and develop a holistic wellness program. Their innovative DNA-based treatment has proven highly useful in treating hereditary disease such as diabetes, high Blood Pressure, heart conditions, premature ageing, cognitive decline, and hormonal imbalances including thyroid disorders, fibromyalgia. Founded in 2019 by a doctor …",2021-09-15T01:31:44Z,https://www.adzuna.in/details/2458411598?utm_medium=api&utm_source=10d03a1b,Healthcare,doctor
Adzuna,5491761931,"Account Manager, Field Sales ( Ophthal )",Amneal,"Hyderabad, Telangana","['India', 'Telangana', 'Hyderabad']",Hyderabad,17.40275,78.50806,,,0,,full_time,Sales Jobs,"Description Essential Functions: Promote and sell the ophthalmology segment portfolio to HCPs including institutions, hospitals, and private practitioners. Achieve monthly, quarterly, and annual sales targets within the assigned territory. Drive new business development by securing entries in new hospitals. Identify and engage institutional Key Opinion Leaders (KOLs) through effective customer profiling. Maintain and develop strong relationships with targeted customers and stakeholders. Analyze…",2025-11-12T16:22:18Z,https://www.adzuna.in/details/5491761931?utm_medium=api&utm_source=10d03a1b,Healthcare,doctor
Adzuna,4801628056,Graduate Trainee Fresher Jobs,Hireviajobs,"Hyderabad, Telangana","['India', 'Telangana', 'Hyderabad']",Hyderabad,17.40275,78.50806,,,0,,full_time,Graduate Jobs,"Hiring For Hiring For Graduate Fresher . No. of opening 29 Share your updated resume on Whats-App 914274O895 Management Group (A) HR Executive/HR Manager/Asst Manager/Admin Executive/Admin Manager/ Project Manager, Management Trainee, Business Executive, Management Executive, Management Trainee (MBA’s , Hotel Management & Admin), Team Leader, Supervisor. Finance Group (F) Finance /Accountant/ Account Assistant/Accounts Manager / Tax and Cost Executive/CA Intermediate /Charted Accountant/Cost & …",2024-07-31T03:19:50Z,https://www.adzuna.in/details/4801628056?utm_medium=api&utm_source=10d03a1b,Healthcare,doctor
Adzuna,5623721274,Territory Sales Manager - ITERO Sales,People First Consultants,"Hyderabad, Telangana","['India', 'Telangana', 'Hyderabad']",Hyderabad,17.40275,78.50806,,,0,,,Sales Jobs,"In this role, you will… Essential duties include but are not limited to the following: • Deliver Results • Consultative approach to sell the benefits of the digital workflow, being able to engage doctors and accelerate the usage of scanner for orthodontic and restorative digital workflow within every practice. • Achievement of Monthly, Quarterly and Annual Sales Targets, Operational Plan and Profitability Plan for respective region. • Responsible for the working with assigned accounts and team …",2026-02-11T08:13:42Z,https://www.adzuna.in/details/5623721274?utm_medium=api&utm_source=10d03a1b,Healthcare,doctor
Adzuna,5750934061,RCM AR Analyst,Modernizing Medicine,"Hyderabad, Telangana","['India', 'Telangana', 'Hyderabad']",Hyderabad,17.40275,78.50806,,,0,contract,full_time,Accounting & Finance Jobs,"Join the Team Modernizing Medicine At ModMed , we’re not just building software—we’re reimagining the healthcare experience. Founded in 2010 by a practicing physician and a successful tech entrepreneur, we took a radically different approach: we hired doctors and taught them how to code. This ""for doctors, by doctors"" philosophy has allowed us to create an AI-enabled, specialty-specific cloud platform that places patients at the center of care. A Culture of Excellence When you join ModMed, you’…",2026-06-04T02:13:08Z,https://www.adzuna.in/details/5750934061?utm_medium=api&utm_source=10d03a1b,Healthcare,doctor
Adzuna,5849141847,DevOps / QA Application Support Engineer,HighPoints Technologies India Private Limited,"Hyderabad, Telangana","['India', 'Telangana', 'Hyderabad']",Hyderabad,17.40275,78.50806,,,0,,,IT Jobs,"Key Responsibilities Build, maintain, and optimize CI/CD pipelines using Jenkins or Tekton. Manage containerized application deployments using Docker and OpenShift . Configure and maintain Nginx for application routing, security, and traffic management. Manage application artifacts and dependencies using JFrog Artifactory . Support source control, branching, and release workflows using Git / Bitbucket . Perform QA validation, regression testing, and release verification . Provide production sup…",2026-08-20T07:33:36Z,https://www.adzuna.in/details/5849141847?utm_medium=api&utm_source=10d03a1b,Healthcare,doctor
Adzuna,5750992611,RCM Coding Specialist,Modernizing Medicine,"Hyderabad, Telangana","['India', 'Telangana', 'Hyderabad']",Hyderabad,17.40275,78.50806,,,0,contract,full_time,IT Jobs,"Join the Team Modernizing Medicine At ModMed , we’re not just building software—we’re reimagining the healthcare experience. Founded in 2010 by a practicing physician and a successful tech entrepreneur, we took a radically different approach: we hired doctors and taught them how to code. This ""for doctors, by doctors"" philosophy has allowed us to create an AI-enabled, specialty-specific cloud platform that places patients at the center of care. A Culture of Excellence When you join ModMed, you’…",2026-06-04T02:20:13Z,https://www.adzuna.in/details/5750992611?utm_medium=api&utm_source=10d03a1b,Healthcare,doctor
Adzuna,5753515897,Senior Software Engineer 2,Modernizing Medicine,"Hyderabad, Telangana","['India', 'Telangana', 'Hyderabad']",Hyderabad,17.40275,78.50806,,,0,contract,full_time,Accounting & Finance Jobs,"Join the Team Modernizing Medicine At ModMed , we’re not just building software—we’re reimagining the healthcare experience. Founded in 2010 by a practicing physician and a successful tech entrepreneur, we took a radically different approach: we hired doctors and taught them how to code. This ""for doctors, by doctors"" philosophy has allowed us to create an AI-enabled, specialty-specific cloud platform that places patients at the center of care. A Culture of Excellence When you join ModMed, you’…",2026-06-06T02:15:49Z,https://www.adzuna.in/details/5753515897?utm_medium=api&utm_source=10d03a1b,Healthcare,doctor
Adzuna,5570261853,Medical Officer,Magzest Consultancy Services,"Hyderabad, Telangana","['India', 'Telangana', 'Hyderabad']",Hyderabad,17.40275,78.50806,,,0,,full_time,Healthcare & Nursing Jobs,"Job Description: Occupational Health Physician Summary: We are seeking a dedicated and experienced Occupational Health Physician to provide high-quality medical care to our client's employees. The ideal candidate will deliver episodic, preventive, and acute health care services while demonstrating expertise in occupational health practices and ensuring compliance with relevant regulations. Essential Functions: Provide comprehensive episodic, preventive, and acute health care services to patient…",2026-01-07T00:33:38Z,https://www.adzuna.in/details/5570261853?utm_medium=api&utm_source=10d03a1b,Healthcare,medical officer
Adzuna,5839221466,Medical Officer,MD India Health Insurance TPA Pvt Ltd,"Hyderabad, Telangana","['India', 'Telangana', 'Hyderabad']",Hyderabad,17.40275,78.50806,,,0,,,IT Jobs,"Role & responsibilities Job Description: (FAC) 1. Acts as an interface between the TPA, Insurance Company and the hospital. 2. Responsible for investigation of suspicious claims. 3. Effective usage of Fraud control measures. 4. Act as a backend support to the TPA. 5. Responsible for data mining and analytics related to Fraud and Investigation (IFD) 6. MIS reporting related to fraud control and all stakeholders. 7. Should should be completely fine with doing field work (for Investigations) . Ski…",2026-08-13T07:32:04Z,https://www.adzuna.in/details/5839221466?utm_medium=api&utm_source=10d03a1b,Healthcare,medical officer
Adzuna,5516741122,Centre Head - Medical Officer (CHMO),DISHHA STAFFING SERVICES PRIVATE LIMITED,"Hyderabad, Telangana","['India', 'Telangana', 'Hyderabad']",Hyderabad,17.40275,78.50806,,,0,,full_time,HR & Recruitment Jobs,"Description DISHHA STAFFING SERVICES PRIVATE LIMITED is looking for a Centre Head - Medical Officer (CHMO) to join our dedicated team in Hyderabad. This full-time, on-site position presents an incredible opportunity for an entry-level professional to make a significant impact in the staffing and recruiting industry, specifically within the healthcare sector. As the Centre Head - Medical Officer, you will oversee the operations of our medical staffing services, ensuring that we provide exception…",2025-11-28T01:03:55Z,https://www.adzuna.in/details/5516741122?utm_medium=api&utm_source=10d03a1b,Healthcare,medical officer
Adzuna,5828880457,Industrial Staff Nurse,Happiest Resume,"Hyderabad, Telangana","['India', 'Telangana', 'Hyderabad']",Hyderabad,17.40275,78.50806,10000.0,100000.0,0,,full_time,Healthcare & Nursing Jobs,"We are seeking an experienced Industrial Staff Nurse & FMO/Medical Officer to join our team. The successful candidate will be responsible for providing first aid, conducting health assessments, and implementing health awareness and wellness programs. The role requires strong clinical and nursing skills, excellent communication and interpersonal abilities, and the ability to handle emergencies efficiently. The ideal candidate will have a B.Sc Nursing / GNM / ANM qualification and a valid registr…",2026-08-05T14:47:54Z,https://www.adzuna.in/details/5828880457?utm_medium=api&utm_source=10d03a1b,Healthcare,medical officer
Adzuna,5677292899,"Senior Manager, R&D Learning Enablement",Amgen,"Hyderabad, Telangana","['India', 'Telangana', 'Hyderabad']",Hyderabad,17.40275,78.50806,,,0,,full_time,HR & Recruitment Jobs,"Career Category Research Job Description What you will do Let’s do this. Let’s change the world. Part of Amgen's R&D Strategy & Operations organization, the R&D Knowledge & Learning team serves staff across R&D and the Office of the Chief Medical Officer, transforming how we learn and grow together. We are reimagining learning as an integrated, longitudinal journey — inclusive of but not limited to traditional training — by deeply understanding roles, personas, and the competencies needed to de…",2026-03-25T01:46:49Z,https://www.adzuna.in/details/5677292899?utm_medium=api&utm_source=10d03a1b,Healthcare,medical officer
Adzuna,5836841220,Project Specialist - Contract Management,Sanofi,"Hyderabad, Telangana","['India', 'Telangana', 'Hyderabad']",Hyderabad,17.40275,78.50806,,,0,contract,full_time,IT Jobs,Job Title : Project Specialist - Contract Management Location : Hyderabad About the job : Sanofi Business Operations (SBO) is designed to centralize processes and activities to support global medical business units and medical office. The Sanofi Business Operations is built to reduce reliance on external services providers and facilitate the development of internal expertise. The Sanofi Business Operations will leverage untapped combination of talent pool. Main responsibilities: The overall pur…,2026-08-11T20:54:35Z,https://www.adzuna.in/details/5836841220?utm_medium=api&utm_source=10d03a1b,Healthcare,medical officer
Adzuna,5084813368,Senior Associate Finance-R&D,Amgen,"Hyderabad, Telangana","['India', 'Telangana', 'Hyderabad']",Hyderabad,17.40275,78.50806,,,0,,full_time,Accounting & Finance Jobs,"Career Category Finance Job Description Join Amgen’s Mission of Serving Patients At Amgen, if you feel like you’re part of something bigger, it’s because you are. Our shared mission—to serve patients living with serious illnesses—drives all that we do. Since 1980, we’ve helped pioneer the world of biotech in our fight against the world’s toughest diseases. With our focus on four therapeutic areas –Oncology, Inflammation, General Medicine, and Rare Disease– we reach millions of patients each yea…",2025-03-10T16:48:28Z,https://www.adzuna.in/details/5084813368?utm_medium=api&utm_source=10d03a1b,Healthcare,medical officer
Adzuna,5837804277,Project Specialist - Contract Management,Sanofi Group,"Hyderabad, Telangana","['India', 'Telangana', 'Hyderabad']",Hyderabad,17.40275,78.50806,,,0,,,IT Jobs,Hyderabad Full time R2867870 Job Title : Project Specialist - Contract Management Location : Hyderabad About the job : Sanofi Business Operations (SBO) is designed to centralize processes and activities to support global medical business units and medical office. The Sanofi Business Operations is built to reduce reliance on external services providers and facilitate the development of internal expertise. The Sanofi Business Operations will leverage untapped combination of talent pool. Main res…,2026-08-12T10:59:29Z,https://www.adzuna.in/details/5837804277?utm_medium=api&utm_source=10d03a1b,Healthcare,medical officer
Adzuna,5815850303,"Junior Associate - Evidence Synthesis, Clinical Outcome assessments (COA)",Sanofi,"Hyderabad, Telangana","['India', 'Telangana', 'Hyderabad']",Hyderabad,17.40275,78.50806,,,0,permanent,full_time,Scientific & QA Jobs,"Job title : Junior Associate – Evidence Synthesis: Clinical Outcome Assessment (COA) Hiring Manager: Head/Group Lead//Team Lead/Manager Location: Hyderabad % of travel expected: Travel required as per business need Job type: Permanent and Full time About the job About Sanofi: We’re an R&D-driven, AI-powered biopharma company committed to improving people’s lives and delivering compelling growth. Our deep understanding of the immune system – and innovative pipeline – enables us to invent medicin…",2026-07-26T03:35:41Z,https://www.adzuna.in/details/5815850303?utm_medium=api&utm_source=10d03a1b,Healthcare,medical officer
Adzuna,5804446825,"Junior Associate - Evidence Synthesis, Clinical Outcome assessments (COA)",Sanofi Group,"Hyderabad, Telangana","['India', 'Telangana', 'Hyderabad']",Hyderabad,17.40275,78.50806,,,0,,,Scientific & QA Jobs,"Hyderabad Full time R2863350 Job title : _Junior Associate - Evidence Synthesis: Clinical Outcome Assessment (COA)_ _Hiring Manager: Head/Group Lead//Team Lead/Manager_ _Location: Hyderabad_ _% of travel expected: Travel required as per business need_ _Job type: Permanent and Full time_ About the job About Sanofi: _We're an R&D-driven, AI-powered biopharma company committed to improving people's lives and delivering compelling growth. Our deep understanding of the immune system - and innova…",2026-07-17T10:45:33Z,https://www.adzuna.in/details/5804446825?utm_medium=api&utm_source=10d03a1b,Healthcare,medical officer
Adzuna,5811833035,Quality Analyst – Non Voice,Harmony United Psychiatric Care,"Hyderabad, Telangana","['India', 'Telangana', 'Hyderabad']",Hyderabad,17.40275,78.50806,,,0,,,Admin Jobs,"Job Title: Quality Analyst – Non Voice Location: Hyderabad, Telangana Company: Harmony United Medsolutions Pvt. Ltd. About Us Harmony United Medsolutions Pvt. Ltd. (HUMS) is a dynamic and innovative healthcare management company dedicated to transforming the healthcare industry. With over nine years of experience, HUMS has established itself as a trusted partner in delivering end-to-end healthcare support services, including medical billing, accounts receivable management, medical records, pati…",2026-07-23T10:21:58Z,https://www.adzuna.in/details/5811833035?utm_medium=api&utm_source=10d03a1b,Healthcare,medical officer
Adzuna,5836375681,"Territory Manager, Vascular",Cook Group,"Hyderabad, Telangana","['India', 'Telangana', 'Hyderabad']",Hyderabad,17.40275,78.50806,,,0,,full_time,Sales Jobs,"The Territory Manager, Vascular, is responsible for achieving/exceeding the sales targets for nominated accounts within a designated territory, in alignment with the Division’s mission, vision and purpose, Division program priorities and overall company priorities. • Perform all tasks in accordance with the Quality Management System to a competent standard • Effectively and efficiently sell and support devices to allocated Tier 1 accounts within designated territory and as per the needs of the …",2026-08-11T10:52:50Z,https://www.adzuna.in/details/5836375681?utm_medium=api&utm_source=10d03a1b,Healthcare,medical officer
Adzuna,5815763610,Senior Manager - Claims (Hyderabad ),Financial Services,"Hyderabad, Telangana","['India', 'Telangana', 'Hyderabad']",Hyderabad,17.40275,78.50806,700000.0,950000.0,0,,,Accounting & Finance Jobs,"Job Purpose To role is required to manage Claims Payments of Indemnity & Fixed Benefit Claims; within specified TAT & as per IDRA Guidelines Job Context & Major Challenges Job Context / Job Challenges: While the current market sees more than 15 non-life players in the private space and 5 exclusive private players in the health insurance space trying to capture a sizable market share, the nationalized service provider (6) remains a strong competitor. In addition to this the business dynamics are…",2026-07-26T03:17:28Z,https://www.adzuna.in/details/5815763610?utm_medium=api&utm_source=10d03a1b,Healthcare,medical officer
Adzuna,5814997234,Electrical Engineer III,ThermoFisher Scientific,"Hyderabad, Telangana","['India', 'Telangana', 'Hyderabad']",Hyderabad,17.40275,78.50806,,,0,,,Engineering Jobs,"Work Schedule Standard (Mon-Fri) Environmental Conditions Office Job Description regularly the As part of the Thermo Fisher Scientific team, you'll discover meaningful work that makes a positive impact on a global scale. Join our colleagues in bringing our Mission to life every single day to enable our customers to make the world healthier, cleaner and safer. We provide our global teams with the resources needed to achieve individual career goals while helping to take science a step beyond by d…",2026-07-25T10:49:08Z,https://www.adzuna.in/details/5814997234?utm_medium=api&utm_source=10d03a1b,Healthcare,medical officer
Adzuna,5828030641,"Specialist, Global Labeling",Bristol Myers Squibb EU Policy,"Hyderabad, Telangana","['India', 'Telangana', 'Hyderabad']",Hyderabad,17.40275,78.50806,,,0,permanent,full_time,Scientific & QA Jobs,"Working with Us Challenging. Meaningful. Life-changing. Those aren’t words that are usually associated with a job. But working at Bristol Myers Squibb is anything but usual. Here, uniquely interesting work happens every day, in every department. From optimizing a production line to the latest breakthroughs in cell therapy, this is work that transforms the lives of patients, and the careers of those who do it. You’ll get the chance to grow and thrive through opportunities uncommon in scale and s…",2026-08-04T21:36:41Z,https://www.adzuna.in/details/5828030641?utm_medium=api&utm_source=10d03a1b,Healthcare,medical officer
Adzuna,5834188779,Consultant General Physician (OPD),Medico Hub,"Hyderabad, Telangana","['India', 'Telangana', 'Hyderabad']",Hyderabad,17.40275,78.50806,600000.0,1200000.0,0,,part_time,Healthcare & Nursing Jobs,"Contact Mr Nishant 91050 24073 Urgent Hiring – Consultant General Physician (OPD) Location: Quthubullapur & Suchitra, Hyderabad, Telangana Hospital Type: Multi-Speciality Hospitals Position Consultant General Physician (Evening OPD) Qualification • MD General Medicine OR • DNB General Medicine Registration • Valid NMC / State Medical Council Registration Experience • Experienced candidates preferred • Candidates should be capable of independently managing General Medicine OPD Working Hours…",2026-08-09T06:54:57Z,https://www.adzuna.in/details/5834188779?utm_medium=api&utm_source=10d03a1b,Healthcare,general physician
Adzuna,4686702626,Medical Representative,,"Hyderabad, Telangana","['India', 'Telangana', 'Hyderabad']",Hyderabad,17.40275,78.50806,,,0,,,Healthcare & Nursing Jobs,"We have below opening in Pharmaceutical Company Designation: Medical Representative Location: Central Hyderabad Gender: Male Education: D. Pharm., B. Pharm., B.Sc Chemistry., B.Com., Experience: Minimum 2 years as Medical Representative in top 200 Pharma companies only. Specialization in Doctors of General Physician ( MBBS ) , Gynecologist and orthopedics Communication Skills: Candidate should have good communication in English Language Salary: Negotiable from current CTC, but for good potentia…",2024-05-10T07:38:33Z,https://www.adzuna.in/details/4686702626?utm_medium=api&utm_source=10d03a1b,Healthcare,general physician
Adzuna,5830417171,Medical Coder,Infinx,"Hyderabad, Telangana","['India', 'Telangana', 'Hyderabad']",Hyderabad,17.40275,78.50806,,,0,,,Healthcare & Nursing Jobs,"Dear Applicants, Greetings from Infinx! We at Infinx are hiring for Medical Coding specialties. Job Title: Medical Coder/Senior Medical Coder Specialization: Neurology Job Summary: A Neurology Medical Coder is responsible for reviewing medical records related to neurological disorders and procedures and assigning accurate ICD-10-CM, CPT, HCPCS, and modifier codes for billing, reimbursement, and compliance purposes. The coder ensures that all coding is completed according to healthcare regulatio…",2026-08-06T17:51:05Z,https://www.adzuna.in/land/ad/5830417171?se=rGN7MIec8RGwBe63zKMEtw&utm_medium=api&utm_source=10d03a1b&v=25F1ED3BC56B6E051B5F26A4ABB80A41887F1421,Healthcare,physician
Adzuna,5822232518,Medical Scribe,Orci Care Inc.,"Hyderabad, Telangana","['India', 'Telangana', 'Hyderabad']",Hyderabad,17.40275,78.50806,,,0,,,Healthcare & Nursing Jobs,"At AccuChart.AI (an Orci Care Inc company), we rely on a dynamic team of engineers to solve the many challenges and puzzles of our rapidly evolving technical stack. We seek to simplify healthcare across consumers, providers, payers and pharmacies by exchanging information seamlessly and improving the overall quality of the care. Our mission is to improve healthcare experience for consumers, providers, payers, and pharmacies by providing digital tools to manage and share healthcare information. …",2026-07-31T15:27:15Z,https://www.adzuna.in/land/ad/5822232518?se=rGN7MIec8RGwBe63zKMEtw&utm_medium=api&utm_source=10d03a1b&v=C13640348299B2DE2A86266A505AE06FCC62638A,Healthcare,physician
Adzuna,5848121459,Appeal Writer - DRG Coding,PrimEra Medical Technologies,"Hyderabad, Telangana","['India', 'Telangana', 'Hyderabad']",Hyderabad,17.40275,78.50806,,,0,contract,full_time,Healthcare & Nursing Jobs,"Job Description Position Title Appeal Writer - DRG Coding (Fresher) Department DRG Coding & Clinical Appeals Job Summary We are seeking highly motivated MBBS,MD graduates with strong clinical knowledge to join our DRG Coding and Appeals team as an Appeal Writer . The role involves reviewing inpatient medical records, understanding clinical documentation, analyzing payer denials, and drafting evidence-based appeal letters to support appropriate DRG assignments and reimbursement. This is an excel…",2026-08-19T17:15:44Z,https://www.adzuna.in/land/ad/5848121459?se=rGN7MIec8RGwBe63zKMEtw&utm_medium=api&utm_source=10d03a1b&v=2B1F47782BAF2FD86F000C4BD3C47AEA276847B2,Healthcare,physician
Adzuna,5842123230,"MBBS,MD MPH / MHA - Appeals",PrimEra Medical Technologies,"Hyderabad, Telangana","['India', 'Telangana', 'Hyderabad']",Hyderabad,17.40275,78.50806,,,0,,,Healthcare & Nursing Jobs,"Job Description Ø Clinical audit of a patient’s Electronic Hospital Records (EHR) Ø Focusing on evaluation, assessment, treatment, and monitoring of existing or missing clinical conditions in EHR Ø Query the physician on missing documentation for final diagnosis, leading to strengthening of documentation on medical records Ø Clinical interpretation of medical diagnosis and assigning of the ICD-10 (International Classification of Diseases) codes based on the available clinical documentation for …",2026-08-15T00:26:10Z,https://www.adzuna.in/land/ad/5842123230?se=rGN7MIec8RGwBe63zKMEtw&utm_medium=api&utm_source=10d03a1b&v=963350E02DC141E4270F947D9543FD8F1059464B,Healthcare,physician
Adzuna,5804417869,AR Caller – Hospital Billing (HB) / Physician Billing (PB),Boolean Staffing Recruitment Solutions Pvt Ltd,"Hyderabad, Telangana","['India', 'Telangana', 'Hyderabad']",Hyderabad,17.40275,78.50806,25000.0,43000.0,0,,,Accounting & Finance Jobs,"AR Caller – Hospital Billing (HB) / Physician Billing (PB) Location: Hyderabad (Work from Office) About the Role Experienced AR Callers with expertise in Hospital Billing (HB) or Physician Billing (PB) to support the US Healthcare Revenue Cycle Management (RCM) process. If you have strong denial management skills and are passionate about resolving claims efficiently, this opportunity is for you. Key Responsibilities Manage Accounts Receivable (AR) follow-up for US Healthcare providers. Handle H…",2026-07-17T10:28:59Z,https://www.adzuna.in/details/5804417869?utm_medium=api&utm_source=10d03a1b,Healthcare,physician
Adzuna,4686707611,Pharmacist,,"Hyderabad, Telangana","['India', 'Telangana', 'Hyderabad']",Hyderabad,17.40275,78.50806,,,0,,,Healthcare & Nursing Jobs,We are looking for a qualified Pharmacist to assist customers by interpreting symptoms and providing immediate treatment or to successfully refer customers to a suitable physician. You will also prepare pharmaceuticals by reviewing and interpreting physicians’ directives and detect any therapeutic incompatibilities.,2024-05-10T07:39:10Z,https://www.adzuna.in/details/4686707611?utm_medium=api&utm_source=10d03a1b,Healthcare,physician
Adzuna,5828603280,Senior Staff Nurse,Kamineni Hospitals Private Limited,"Hyderabad, Telangana","['India', 'Telangana', 'Hyderabad']",Hyderabad,17.40275,78.50806,,,0,,,Healthcare & Nursing Jobs,"Job description : Provide prompt and comprehensive care to patients in the Emergency Department, including assessment, triage, and implementation of appropriate interventions. Maintain accurate and detailed patient records, documenting observations, medical histories, and treatment plans. Monitor patient vital signs and responses to treatments, promptly reporting any changes or concerns to the medical team. Collaborate with physicians and other healthcare professionals to ensure efficient and e…",2026-08-05T07:25:15Z,https://www.adzuna.in/details/5828603280?utm_medium=api&utm_source=10d03a1b,Healthcare,physician
Adzuna,4686706236,Tr. Health Information Analyst,,"Hyderabad, Telangana","['India', 'Telangana', 'Hyderabad']",Hyderabad,17.40275,78.50806,,,0,,,Healthcare & Nursing Jobs,Scribes act as personal assistants to physicians and help them to deliver the best patient care possible.,2024-05-10T07:39:00Z,https://www.adzuna.in/details/4686706236?utm_medium=api&utm_source=10d03a1b,Healthcare,physician
Adzuna,5778437769,Radiologist,Quadrangle,"Hyderabad, Telangana","['India', 'Telangana', 'Hyderabad']",Hyderabad,17.40275,78.50806,,,0,,,Healthcare & Nursing Jobs,"We are seeking a qualified and detail-oriented Radiologist to perform and interpret various diagnostic imaging procedures. The role requires clinical expertise in analyzing imaging results, collaborating with physicians, and contributing to accurate diagnoses and treatment planning. Key Responsibilities: Conduct and interpret diagnostic imaging exams such as X-rays, CT scans, MRIs, ultrasounds, mammograms, and PET scans Provide accurate and timely radiology reports for referring physicians Revi…",2026-06-27T07:26:33Z,https://www.adzuna.in/details/5778437769?utm_medium=api&utm_source=10d03a1b,Healthcare,physician
Adzuna,5309649435,Pediatric Nurse,2coms,"Hussainialam, Hyderabad","['India', 'Telangana', 'Hyderabad', 'Hussainialam']",Hyderabad,17.38848,78.4717,700000.0,1200000.0,0,permanent,full_time,Healthcare & Nursing Jobs,"Title: Pediatric Nurse Location: Qatar (Candidate must be willing to relocate to Qatar) Job Type: Full-Time Industry: Healthcare Key Responsibilities: · Develop and assess nursing care plans · Monitor vital signs and assess holistic patient needs · Collaborate with physicians, staff nurses, and healthcare team members · Administer oral and subcutaneous medications while ensuring safety · Document nursing care, medications, and procedures using the company's Nurses Buddy application · Conduct cl…",2025-07-18T12:50:47Z,https://www.adzuna.in/details/5309649435?utm_medium=api&utm_source=10d03a1b,Healthcare,physician
Adzuna,5828603286,Senior OT Staff,Kamineni Hospitals Private Limited,"Hyderabad, Telangana","['India', 'Telangana', 'Hyderabad']",Hyderabad,17.40275,78.50806,,,0,,,Healthcare & Nursing Jobs,"Job description : Observing and recording patients behaviour. Implement lab orders Assisting doctors during procedures. Interacting with the healthcare teams for maintaining harmonious relationships. Educating patients families about the disease and its treatment. Discussing treatment with pharmacists and physicians in the critical cases. Maintaining hygienic and safe working environment in compliance with the healthcare procedures. Adhering with the protocols, norms, rules and regulations in o…",2026-08-05T07:25:15Z,https://www.adzuna.in/details/5828603286?utm_medium=api&utm_source=10d03a1b,Healthcare,physician
Adzuna,5822992922,Medical Consultant,MassMutual India,"Hyderabad, Telangana","['India', 'Telangana', 'Hyderabad']",Hyderabad,17.40275,78.50806,,,0,permanent,full_time,Healthcare & Nursing Jobs,Required Qualification MBBS from a recognized medical college. Preferred Experience Minimum 5 years of post-MBBS clinical experience preferred. Senior physicians and specialists with 15 years of clinical practice experience are strongly encouraged to apply. Clinical experience in one or more of the following specialties is preferred: Internal Medicine Critical Care / ICU Emergency Medicine Cardiology Pulmonology Oncology Nephrology Neurology Endocrinology General Medicine Family Medicine with s…,2026-08-01T05:33:42Z,https://www.adzuna.in/details/5822992922?utm_medium=api&utm_source=10d03a1b,Healthcare,physician
Adzuna,5844919992,"Supervisor, Coding Denials","Ventra Health, Inc.","Kyasaram, Hyderabad","['India', 'Telangana', 'Hyderabad', 'Kyasaram']",Hyderabad,17.38256,78.51234,,,0,,full_time,IT Jobs,"Ventra is a leading business solutions provider for facility-based physicians practicing anesthesia, emergency medicine, hospital medicine, pathology, and radiology. Focused on Revenue Cycle Management, Ventra partners with private practices, hospitals, health systems, and ambulatory surgery centers to deliver transparent and data-driven solutions that solve the most complex revenue and reimbursement issues, enabling clinicians to focus on providing outstanding care to their patients and commun…",2026-08-17T11:08:49Z,https://www.adzuna.in/details/5844919992?utm_medium=api&utm_source=10d03a1b,Healthcare,physician
Adzuna,5828603283,Chief Dietitian,Kamineni Hospitals Private Limited,"Hyderabad, Telangana","['India', 'Telangana', 'Hyderabad']",Hyderabad,17.40275,78.50806,,,0,,,Healthcare & Nursing Jobs,"Key Responsibilities: Leadership & Team Management: Lead, supervise, and mentor a team of dietitians and nutrition professionals, ensuring effective teamwork and professional development. Manage and oversee the day-to-day operations of the nutrition department, ensuring efficient workflow and high-quality service delivery. Provide guidance and support to dietetic staff, offering advice on complex clinical cases and nutrition-related concerns. Foster a culture of continuous learning and improvem…",2026-08-05T07:25:15Z,https://www.adzuna.in/details/5828603283?utm_medium=api&utm_source=10d03a1b,Healthcare,physician
Adzuna,5813407277,Coding Denials Specialist,"Ventra Health, Inc.","Kyasaram, Hyderabad","['India', 'Telangana', 'Hyderabad', 'Kyasaram']",Hyderabad,17.38256,78.51234,,,0,contract,full_time,IT Jobs,"Ventra is a leading business solutions provider for facility-based physicians practicing anesthesia, emergency medicine, hospital medicine, pathology, and radiology. Focused on Revenue Cycle Management, Ventra partners with private practices, hospitals, health systems, and ambulatory surgery centers to deliver transparent and data-driven solutions that solve the most complex revenue and reimbursement issues, enabling clinicians to focus on providing outstanding care to their patients and commun…",2026-07-24T10:48:18Z,https://www.adzuna.in/details/5813407277?utm_medium=api&utm_source=10d03a1b,Healthcare,physician
Adzuna,5828603288,Gastroenterology Consultant,Kamineni Hospitals Private Limited,"Hyderabad, Telangana","['India', 'Telangana', 'Hyderabad']",Hyderabad,17.40275,78.50806,,,0,,,Healthcare & Nursing Jobs,"Key Responsibilities: Diagnose and treat various gastrointestinal conditions such as liver diseases, inflammatory bowel diseases, gastrointestinal cancers, and digestive disorders. Consult with patients to assess their symptoms and medical history, performing physical examinations when required. Conduct and interpret diagnostic tests such as endoscopies, colonoscopies, and biopsies to evaluate the gastrointestinal system. Provide patients with a clear explanation of their condition and treatmen…",2026-08-05T07:25:15Z,https://www.adzuna.in/details/5828603288?utm_medium=api&utm_source=10d03a1b,Healthcare,physician
Adzuna,5732606350,Medical Coding - IP,R1,"Hyderabad, Telangana","['India', 'Telangana', 'Hyderabad']",Hyderabad,17.40275,78.50806,,,0,,full_time,IT Jobs,"About US: R1 is the leading provider of technology-driven solutions that transform the patient experience and financial performance of hospitals, health systems and medical groups. We are the one company that combines the deep expertise of a global workforce of revenue cycle professionals with the industry’s most advanced technology platform, encompassing sophisticated analytics, AI, intelligent automation and workflow orchestration. With over 30,000 employees globally and a robust presence in …",2026-05-18T02:19:42Z,https://www.adzuna.in/details/5732606350?utm_medium=api&utm_source=10d03a1b,Healthcare,physician
Adzuna,5777074417,Speech Therapist,Vbeyond Corporation,"Hyderabad, Telangana","['India', 'Telangana', 'Hyderabad']",Hyderabad,17.40275,78.50806,,,0,,,Healthcare & Nursing Jobs,"Job Summary: Responsible for helping patients develop, recover, and improve the skills needed for daily living and working. Focused on providing personalized therapeutic interventions to enhance independence and quality of life. Work closely with multidisciplinary teams to deliver high-quality, patient-centered care. Key Responsibilities: Assessment & Planning: Assess patients' physical, emotional, and developmental conditions. Develop individualized treatment plans tailored to patients needs a…",2026-06-26T07:29:53Z,https://www.adzuna.in/details/5777074417?utm_medium=api&utm_source=10d03a1b,Healthcare,physician
Adzuna,5784691600,us health care AR caller,CONVERSE PLACEMENT SERVICES INDIA PRIVATE LIMITED,"Hyderabad, Telangana","['India', 'Telangana', 'Hyderabad']",Hyderabad,17.40275,78.50806,,,0,,,Healthcare & Nursing Jobs,Job Title AR Caller US Healthcare Provider Side SPE SME Location Hyderabad Shift Night Shift Experience Minimum 2 Years CTC Up to 8 LPA Mandatory Requirement Minimum 2 years of experience in US Healthcare AR Calling Provider Side Candidates with Hospital Billing HB or Physician Billing PB experience are eligible Experience in Providerside AR is mandatory Perks Benefits Bothside Cab Facility Night Shift Allowance Attractive Performance Incentives 5 Days Working Roles Responsibilities Manage endt…,2026-07-02T06:24:31Z,https://www.adzuna.in/details/5784691600?utm_medium=api&utm_source=10d03a1b,Healthcare,physician
Adzuna,5828603279,Intensivists,Kamineni Hospitals Private Limited,"Hyderabad, Telangana","['India', 'Telangana', 'Hyderabad']",Hyderabad,17.40275,78.50806,,,0,,,Healthcare & Nursing Jobs,"Job Summary: An Intensivist is a specialized physician who focuses on the care of critically ill patients, typically in an ICU (Intensive Care Unit). This role involves making life-saving decisions, managing complex conditions, and collaborating with a multidisciplinary team to provide comprehensive care to critically ill patients. Key Responsibilities: Provide medical care to critically ill patients, including those with respiratory failure, organ dysfunction, or severe trauma. Monitor and man…",2026-08-05T07:25:15Z,https://www.adzuna.in/details/5828603279?utm_medium=api&utm_source=10d03a1b,Healthcare,physician
Adzuna,5710514867,Operations Manager,R1,"Hyderabad, Telangana","['India', 'Telangana', 'Hyderabad']",Hyderabad,17.40275,78.50806,,,0,,full_time,IT Jobs,"R1 is the leading provider of technology-driven solutions that transform the patient experience and financial performance of hospitals, health systems and medical groups. We are the one company that combines the deep expertise of a global workforce of revenue cycle professionals with the industry’s most advanced technology platform, encompassing sophisticated analytics, AI, intelligent automation and workflow orchestration. With over 30,000 employees globally and a robust presence in India, com…",2026-04-26T02:04:53Z,https://www.adzuna.in/details/5710514867?utm_medium=api&utm_source=10d03a1b,Healthcare,physician
Adzuna,5828603281,Consultant - Intensivise Care,Kamineni Hospitals Private Limited,"Hyderabad, Telangana","['India', 'Telangana', 'Hyderabad']",Hyderabad,17.40275,78.50806,,,0,,,Healthcare & Nursing Jobs,"Job description : We are looking for Intensive care doctors for our Multi specalty hospitals location in Hyderabad. Below are the requirements: Designation : Consultant / Junior consultant Department : ICU / Anesthesiology Education : MBBS and MD / DNB in Anesthesiology or Critical care Salary : 1 lakh to 2 lakhs per month. Job Description: Administer sedation or anesthesia during medical procedures, whether local, intravenous, caudal or spinal. Monitor and assess patients vital signs before, d…",2026-08-05T07:25:15Z,https://www.adzuna.in/details/5828603281?utm_medium=api&utm_source=10d03a1b,Healthcare,physician
Adzuna,5761726725,Assistant Operations Manager,R1,"Hyderabad, Telangana","['India', 'Telangana', 'Hyderabad']",Hyderabad,17.40275,78.50806,,,0,,full_time,IT Jobs,"R1 is the leading provider of technology-driven solutions that transform the patient experience and financial performance of hospitals, health systems and medical groups. We are the one company that combines the deep expertise of a global workforce of revenue cycle professionals with the industry’s most advanced technology platform, encompassing sophisticated analytics, AI, intelligent automation and workflow orchestration. With over 30,000 employees globally and a robust presence in India, com…",2026-06-13T02:23:18Z,https://www.adzuna.in/details/5761726725?utm_medium=api&utm_source=10d03a1b,Healthcare,physician
Adzuna,5572997378,Medical Coding - IP,R1 RCM,"Hyderabad, Telangana","['India', 'Telangana', 'Hyderabad']",Hyderabad,17.40275,78.50806,,,0,,,Healthcare & Nursing Jobs,"About US: R1 is the leading provider of technology-driven solutions that transform the patient experience and financial performance of hospitals, health systems and medical groups. We are the one company that combines the deep expertise of a global workforce of revenue cycle professionals with the industry's most advanced technology platform, encompassing sophisticated analytics, AI, intelligent automation and workflow orchestration. With over 30,000 employees globally and a robust presence in …",2026-01-08T08:34:36Z,https://www.adzuna.in/details/5572997378?utm_medium=api&utm_source=10d03a1b,Healthcare,physician
Adzuna,5757715625,Senior Program Manager - HR,R1,"Hyderabad, Telangana","['India', 'Telangana', 'Hyderabad']",Hyderabad,17.40275,78.50806,,,0,,full_time,IT Jobs,"R1 RCM India is proud to be recognized amongst India's Top 50 Best Companies to Work For TM 2023 by Great Place To Work® Institute. We are committed to transform the healthcare industry with our innovative revenue cycle management services. Our goal is to ‘make healthcare simpler’ and enable efficiency for healthcare systems, hospitals, and physician practices. With over 30,000 employees globally, we are about 14,000 strong in India with offices in Delhi NCR, Hyderabad, Bangalore, and Chennai. …",2026-06-10T03:04:02Z,https://www.adzuna.in/details/5757715625?utm_medium=api&utm_source=10d03a1b,Healthcare,physician
Adzuna,5820794369,Collections Representative,UnitedHealth Group,"Hyderabad, Telangana","['India', 'Telangana', 'Hyderabad']",Hyderabad,17.40275,78.50806,,,0,,,Accounting & Finance Jobs,"Requisition number: 2378233 Job category: Billing Optum is a global organization that delivers care, aided by technology to help millions of people live healthier lives. The work you do with our team will directly improve health outcomes by connecting people with the care, pharmacy benefits, data and resources they need to feel their best. Here, you will find a culture guided by inclusion, talented peers, comprehensive benefits and career development opportunities. Come make an impact on the co…",2026-07-30T10:55:21Z,https://www.adzuna.in/details/5820794369?utm_medium=api&utm_source=10d03a1b,Healthcare,physician
Adzuna,5778438150,HOD radiology,Quadrangle,"Hyderabad, Telangana","['India', 'Telangana', 'Hyderabad']",Hyderabad,17.40275,78.50806,,,0,,,IT Jobs,We are looking for HOD Radiology. Please find the JD for the same. Need someone with strong clinical and administrative experience. Work Location : Hyderabad Additional responsibilities under Administration are as below. Performance Monitoring & Optimization Consistently monitor radiologist productivity metrics to drive efficiency and maintain high-performance standards across the department. Track and manage report turnaround times (TAT) to ensure timely service delivery and adherence to the b…,2026-06-27T07:26:35Z,https://www.adzuna.in/details/5778438150?utm_medium=api&utm_source=10d03a1b,Healthcare,physician
Adzuna,4946579731,Medical Coding : IP-DRG,R1,"Hyderabad, Telangana","['India', 'Telangana', 'Hyderabad']",Hyderabad,17.40275,78.50806,,,0,,full_time,IT Jobs,"About R1RCM R1 is a leading provider of technology-driven solutions that help hospitals and health systems to manage their financial systems and improve patients’ experience. We are the one company that combines the deep expertise of a global workforce of revenue cycle professionals with the industry's most advanced technology platform, encompassing sophisticated analytics, Al, intelligent automation and workflow orchestration. R1 is a place where we think boldly to create opportunities for eve…",2024-11-21T17:14:10Z,https://www.adzuna.in/details/4946579731?utm_medium=api&utm_source=10d03a1b,Healthcare,physician
Adzuna,5710023795,Operations Manager,R1 RCM,"Hyderabad, Telangana","['India', 'Telangana', 'Hyderabad']",Hyderabad,17.40275,78.50806,,,0,,,Healthcare & Nursing Jobs,"R1 is the leading provider of technology-driven solutions that transform the patient experience and financial performance of hospitals, health systems and medical groups. We are the one company that combines the deep expertise of a global workforce of revenue cycle professionals with the industry's most advanced technology platform, encompassing sophisticated analytics, AI, intelligent automation and workflow orchestration. With over 30,000 employees globally and a robust presence in India, com…",2026-04-25T09:50:05Z,https://www.adzuna.in/details/5710023795?utm_medium=api&utm_source=10d03a1b,Healthcare,physician
Adzuna,5760990303,Assistant Operations Manager,R1 RCM,"Hyderabad, Telangana","['India', 'Telangana', 'Hyderabad']",Hyderabad,17.40275,78.50806,,,0,,,Healthcare & Nursing Jobs,"R1 is the leading provider of technology-driven solutions that transform the patient experience and financial performance of hospitals, health systems and medical groups. We are the one company that combines the deep expertise of a global workforce of revenue cycle professionals with the industry's most advanced technology platform, encompassing sophisticated analytics, AI, intelligent automation and workflow orchestration. With over 30,000 employees globally and a robust presence in India, com…",2026-06-12T10:30:39Z,https://www.adzuna.in/details/5760990303?utm_medium=api&utm_source=10d03a1b,Healthcare,physician
Adzuna,5464941858,Medical Coding : IP-DRG,R1 RCM,"Hyderabad, Telangana","['India', 'Telangana', 'Hyderabad']",Hyderabad,17.40275,78.50806,,,0,,,Healthcare & Nursing Jobs,"About R1RCM R1 is a leading provider of technology-driven solutions that help hospitals and health systems to manage their financial systems and improve patients' experience. We are the one company that combines the deep expertise of a global workforce of revenue cycle professionals with the industry's most advanced technology platform, encompassing sophisticated analytics, Al, intelligent automation and workflow orchestration. R1 is a place where we think boldly to create opportunities for eve…",2025-10-26T11:06:53Z,https://www.adzuna.in/details/5464941858?utm_medium=api&utm_source=10d03a1b,Healthcare,physician
Adzuna,5464941861,Medical Coding - IP,R1 RCM,"Hyderabad, Telangana","['India', 'Telangana', 'Hyderabad']",Hyderabad,17.40275,78.50806,,,0,,,Healthcare & Nursing Jobs,"About US: R1 is a leading provider of technology-driven solutions that help hospitals and health systems to manage their financial systems and improve patients' experience. We are the one company that combines the deep expertise of a global workforce of revenue cycle professionals with the industry's most advanced technology platform, encompassing sophisticated analytics, Al, intelligent automation and workflow orchestration. R1 is a place where we think boldly to create opportunities for every…",2025-10-26T11:06:53Z,https://www.adzuna.in/details/5464941861?utm_medium=api&utm_source=10d03a1b,Healthcare,physician
Adzuna,5464941873,Senior Program Manager - HR,R1 RCM,"Hyderabad, Telangana","['India', 'Telangana', 'Hyderabad']",Hyderabad,17.40275,78.50806,,,0,,,IT Jobs,"R1 RCM India is proud to be recognized amongst India's Top 50 Best Companies to Work For TM 2023 by Great Place To Work® Institute. We are committed to transform the healthcare industry with our innovative revenue cycle management services. Our goal is to 'make healthcare simpler' and enable efficiency for healthcare systems, hospitals, and physician practices. With over 30,000 employees globally, we are about 14,000 strong in India with offices in Delhi NCR, Hyderabad, Bangalore, and Chennai. …",2025-10-26T11:06:53Z,https://www.adzuna.in/details/5464941873?utm_medium=api&utm_source=10d03a1b,Healthcare,physician
Adzuna,5423551512,Medical Transcriptionist - DU,R1,"Hyderabad, Telangana","['India', 'Telangana', 'Hyderabad']",Hyderabad,17.40275,78.50806,,,0,,full_time,Healthcare & Nursing Jobs,"R1 RCM India is proud to be a Great Place To Work® Certified™ organization. We are committed to transform the healthcare industry with our innovative revenue cycle management services. Our goal is to ‘make healthcare simpler’ and enable efficiency for healthcare systems, hospitals, and physician practices. With over 30,000 employees globally, we are about 14,000 strong in India with offices in Delhi NCR, Hyderabad, Bangalore, and Chennai. Our inclusive culture ensures that every employee feels …",2025-10-01T15:03:27Z,https://www.adzuna.in/details/5423551512?utm_medium=api&utm_source=10d03a1b,Healthcare,physician
Adzuna,5191301149,Billing,R1,"Hyderabad, Telangana","['India', 'Telangana', 'Hyderabad']",Hyderabad,17.40275,78.50806,,,0,,full_time,Healthcare & Nursing Jobs,"R1 RCM India is proud to be recognized amongst India's Top 50 Best Companies to Work For™ 2023 by Great Place To Work® Institute. We are committed to transform the healthcare industry with our innovative revenue cycle management services. Our goal is to ‘make healthcare simpler’ and enable efficiency for healthcare systems, hospitals, and physician practices. With over 30,000 employees globally, we are about 14,000 strong in India with offices in Delhi NCR, Hyderabad, Bangalore, and Chennai. Ou…",2025-05-10T01:50:23Z,https://www.adzuna.in/details/5191301149?utm_medium=api&utm_source=10d03a1b,Healthcare,physician
Adzuna,5695961908,Senior Analyst,R1,"Hyderabad, Telangana","['India', 'Telangana', 'Hyderabad']",Hyderabad,17.40275,78.50806,,,0,,full_time,Healthcare & Nursing Jobs,"R1 RCM India is proud to be recognized amongst India's Top 50 Best Companies to Work For™ 2023 by Great Place To Work® Institute. We are committed to transform the healthcare industry with our innovative revenue cycle management services. Our goal is to ‘make healthcare simpler’ and enable efficiency for healthcare systems, hospitals, and physician practices. With over 30,000 employees globally, we are about 14,000 strong in India with offices in Delhi NCR, Hyderabad, Bangalore, and Chennai. Ou…",2026-04-11T02:02:26Z,https://www.adzuna.in/details/5695961908?utm_medium=api&utm_source=10d03a1b,Healthcare,physician
Adzuna,5845461359,HR Recruiter,Multiplier AI Limited,"Kyasaram, Hyderabad","['India', 'Telangana', 'Hyderabad', 'Kyasaram']",Hyderabad,17.38256,78.51234,,,0,permanent,,HR & Recruitment Jobs,"Job Title: HR Recruiter Experience: 1 to 2 year Location: 5th Floor, RS Silicon Park, Madhapur, Hyderabad, Telangana 500081 Work Mode: Onsite (Work from Office) Google Form - https://forms.gle/nTUkJqup7Ubi3M5b7 This is very good opportunity as company is approved for IPO this year and will be expanding. This is day time role. About the Company Multiplier AI is India's 1 rated company for AI in Lifesciences , working with an elite roster of top-tier global clients including GSK, Abbott, Galderma…",2026-08-18T03:25:56Z,https://www.adzuna.in/details/5845461359?utm_medium=api&utm_source=10d03a1b,Healthcare,physician
Adzuna,5570210138,Medical Transcription,R1,"Hyderabad, Telangana","['India', 'Telangana', 'Hyderabad']",Hyderabad,17.40275,78.50806,,,0,,full_time,Healthcare & Nursing Jobs,"R1 RCM India is proud to be recognized amongst India's Top 50 Best Companies to Work For™ 2023 by Great Place To Work® Institute. We are committed to transform the healthcare industry with our innovative revenue cycle management services. Our goal is to ‘make healthcare simpler’ and enable efficiency for healthcare systems, hospitals, and physician practices. With over 30,000 employees globally, we are about 14,000 strong in India with offices in Delhi NCR, Hyderabad, Bangalore, and Chennai. Ou…",2026-01-07T00:30:17Z,https://www.adzuna.in/details/5570210138?utm_medium=api&utm_source=10d03a1b,Healthcare,physician
Adzuna,5771399198,Senior Clinical Informatics Analyst,UnitedHealth Group,"Hyderabad, Telangana","['India', 'Telangana', 'Hyderabad']",Hyderabad,17.40275,78.50806,,,0,,,Healthcare & Nursing Jobs,"Requisition number: 2367878 Job category: Medical & Clinical Operations Optum is a global organization that delivers care, aided by technology to help millions of people live healthier lives. The work you do with our team will directly improve health outcomes by connecting people with the care, pharmacy benefits, data and resources they need to feel their best. Here, you will find a culture guided by inclusion, talented peers, comprehensive benefits and career development opportunities. Come ma…",2026-06-21T10:34:38Z,https://www.adzuna.in/details/5771399198?utm_medium=api&utm_source=10d03a1b,Healthcare,physician
Adzuna,5191802112,"Manager, Clinical Integration & Enablement, Budget Management",Bristol Myers Squibb,"Hyderabad, Telangana","['India', 'Telangana', 'Hyderabad']",Hyderabad,17.40275,78.50806,,,0,,,Healthcare & Nursing Jobs,"Position Summary: The Manager, Clinical Integration & Enablement Budget Manager will serve as a vital member of the clinical supply chain team, ensuring compliance with financial regulations and optimizing clinical site reimbursements. This individual will collaborate across cross-functional teams to support reporting obligations, troubleshoot operational issues in SAP systems, and execute critical clinical supply functions. Key Responsibilities: Financial Audits, Reporting, and Compliance: Ass…",2025-05-10T11:51:11Z,https://www.adzuna.in/details/5191802112?utm_medium=api&utm_source=10d03a1b,Healthcare,physician
Adzuna,5722091135,Advisory Manager - Healthcare Consulting,EisnerAmper,"Hyderabad, Telangana","['India', 'Telangana', 'Hyderabad']",Hyderabad,17.40275,78.50806,,,0,,full_time,Consultancy Jobs,"Job Description At EisnerAmper, we look for individuals who welcome new ideas, encourage innovation, and are eager to make an impact. Whether you’re starting out in your career or taking your next step as a seasoned professional, the EisnerAmper experience is one-of-a-kind. You can design a career you’ll love from top to bottom – we give you the tools you need to succeed and the autonomy to reach your goals. EisnerAmper is seeking a Manager for our Health Care Consulting Group . In this role, y…",2026-05-08T02:15:06Z,https://www.adzuna.in/details/5722091135?utm_medium=api&utm_source=10d03a1b,Healthcare,physician
Adzuna,5722081608,Advisory Senior - Healthcare Consulting,EisnerAmper,"Hyderabad, Telangana","['India', 'Telangana', 'Hyderabad']",Hyderabad,17.40275,78.50806,,,0,,full_time,Consultancy Jobs,"Job Description At EisnerAmper, we look for individuals who welcome new ideas, encourage innovation, and are eager to make an impact. Whether you’re starting out in your career or taking your next step as a seasoned professional, the EisnerAmper experience is one-of-a-kind. You can design a career you’ll love from top to bottom – we give you the tools you need to succeed and the autonomy to reach your goals. EisnerAmper is seeking a Senior Consultant for our Health Care Consulting Group . In th…",2026-05-08T02:13:50Z,https://www.adzuna.in/details/5722081608?utm_medium=api&utm_source=10d03a1b,Healthcare,physician
Adzuna,5706474755,Accounts Receivable Executive – US Healthcare Voice Process,Harmony United Psychiatric Care,"Golconda, Hyderabad","['India', 'Telangana', 'Hyderabad', 'Golconda']",Hyderabad,17.40032,78.40585,,,0,,,Accounting & Finance Jobs,"Job Title: Accounts Receivable Executive – US Healthcare Voice Process Location: Hyderabad, Telangana Company: Harmony United Medsolutions Pvt. Ltd. About Us: Harmony United Medsolutions Pvt. Ltd. [HUMS] is a dynamic and innovative company dedicated to revolutionizing the Healthcare Industry. We at HUMS take pride in being a reliable partner as a Healthcare Management Company. With nine years of experience, we have perfected our end-to-end services in medical billing, A.R. management, and other…",2026-04-22T02:01:28Z,https://www.adzuna.in/details/5706474755?utm_medium=api&utm_source=10d03a1b,Healthcare,physician
Adzuna,5743727191,AR Caller - International Voice,Harmony United Psychiatric Care,"Golconda, Hyderabad","['India', 'Telangana', 'Hyderabad', 'Golconda']",Hyderabad,17.40032,78.40585,,,0,,,Accounting & Finance Jobs,"Job Title: Accounts Receivable Executive – US Healthcare Voice Process Location: Hyderabad, Telangana Company: Harmony United Medsolutions Pvt. Ltd. About Us: Harmony United Medsolutions Pvt. Ltd. [HUMS] is a dynamic and innovative company dedicated to revolutionizing the Healthcare Industry. We at HUMS take pride in being a reliable partner as a Healthcare Management Company. With nine years of experience, we have perfected our end-to-end services in medical billing, A.R. management, and other…",2026-05-29T01:56:05Z,https://www.adzuna.in/details/5743727191?utm_medium=api&utm_source=10d03a1b,Healthcare,physician
Adzuna,5772863042,Lead Analyst/Assistant Operations Manager,R1,"Hyderabad, Telangana","['India', 'Telangana', 'Hyderabad']",Hyderabad,17.40275,78.50806,,,0,,full_time,Healthcare & Nursing Jobs,"Who we are: R1 is the leading provider of technology-driven solutions that transform the patient experience and financial performance of hospitals, health systems and medical groups. We are the one company that combines the deep expertise of a global workforce of revenue cycle professionals with the industry’s most advanced technology platform, encompassing sophisticated analytics, AI, intelligent automation and workflow orchestration. With over 30,000 employees globally and a robust presence i…",2026-06-23T02:23:47Z,https://www.adzuna.in/details/5772863042?utm_medium=api&utm_source=10d03a1b,Healthcare,physician
Adzuna,5695269746,Senior Analyst,R1 RCM,"Hyderabad, Telangana","['India', 'Telangana', 'Hyderabad']",Hyderabad,17.40275,78.50806,,,0,,,Healthcare & Nursing Jobs,"R1 RCM India is proud to be recognized amongst India's Top 50 Best Companies to Work For 2023 by Great Place To Work® Institute. We are committed to transform the healthcare industry with our innovative revenue cycle management services. Our goal is to 'make healthcare simpler' and enable efficiency for healthcare systems, hospitals, and physician practices. With over 30,000 employees globally, we are about 14,000 strong in India with offices in Delhi NCR, Hyderabad, Bangalore, and Chennai. Our…",2026-04-10T09:42:10Z,https://www.adzuna.in/details/5695269746?utm_medium=api&utm_source=10d03a1b,Healthcare,physician
Adzuna,5825920244,Homeopathic Consultant-KAKINADA,Dr Care Homeopathy,"Hyderabad, Telangana","['India', 'Telangana', 'Hyderabad']",Hyderabad,17.40275,78.50806,,,0,,full_time,Healthcare & Nursing Jobs,"Job description Dr. Care Homeopathy Group, founded by Dr. A.M. Reddy in 2005, comprises a chain of Homeopathy and Dental clinics across India. Recognized as one of the leading homeopaths in India, Dr. A.M. Reddy has significantly contributed to the development and awareness of Homeopathy nationwide. With a high success rate in treatments, Dr. Care Homeopathy Group is now considered one of the top clinic chains in India. Kindly find the below job description and interested candidates can send yo…",2026-08-03T01:36:56Z,https://www.adzuna.in/land/ad/5825920244?se=1HGvNIec8RGhArhxtbtVlg&utm_medium=api&utm_source=10d03a1b&v=ED4553D2320FA30C2DD0F384B6FF6229904BCDC8,Healthcare,clinical
Adzuna,5848119729,Imaging Project Manager,Imaging Endpoints,"Hyderabad, Telangana","['India', 'Telangana', 'Hyderabad']",Hyderabad,17.40275,78.50806,,,0,,,Healthcare & Nursing Jobs,"Imaging Endpoints (IE) is an Imaging Technology and Imaging Clinical Research Organization (iCRO). We are passionately focused on our vision to Connect Imaging to the CureTM . Everything we do is aligned with this singular purpose. We work every day excited to advance imaging science, technology, and services to bring curative technologies to humankind. We have supported many of the most impactful new drug approvals in oncology, and we are seeking the most talented individuals globally that are…",2026-08-19T17:13:14Z,https://www.adzuna.in/land/ad/5848119729?se=1HGvNIec8RGhArhxtbtVlg&utm_medium=api&utm_source=10d03a1b&v=B108C97770236704D78C4B7B02FEEA9E8F0E81DF,Healthcare,clinical
Adzuna,5818524582,Consultant Radiologist,Devika Multispeciality Hospital & Diagnostics Pvt. Ltd,"Hyderabad, Telangana","['India', 'Telangana', 'Hyderabad']",Hyderabad,17.40275,78.50806,,,0,,full_time,Healthcare & Nursing Jobs,"Company Description Devika Multispeciality Hospital & Diagnostics Pvt. Ltd. is expanding its diagnostic services into Hyderabad with a new advanced imaging centre at SR Nagar . The centre will provide comprehensive diagnostic services including 1.5T MRI, advanced 128 slice Cardiac CT imaging, ultrasound, Doppler, digital X-ray and laboratory services . Our objective is to build a clinically strong, quality-driven radiology department with standardized imaging protocols, timely reporting and clo…",2026-07-28T21:18:41Z,https://www.adzuna.in/land/ad/5818524582?se=1HGvNIec8RGhArhxtbtVlg&utm_medium=api&utm_source=10d03a1b&v=0B313151FCD5434AD10DAF42E8C5125B359728CC,Healthcare,clinical
Adzuna,5848119809,Area Sales Manager - Misso Robotics,Meril,"Hyderabad, Telangana","['India', 'Telangana', 'Hyderabad']",Hyderabad,17.40275,78.50806,,,0,,,Sales Jobs,"Area Sales Manager – Ortho Robotics (MISSO) Department: Sales | Location: Hyderabad & Bangalore Join Meril and help transform minimally invasive orthopaedic care through next-generation robotic technology. Key Responsibilities Drive capital sales of orthopaedic robotic systems across hospitals, ASCs, and clinics. Build and manage a strong sales pipeline and long-cycle capital deals. Develop relationships with orthopaedic surgeons and hospital C-suite stakeholders. Lead negotiations for purchase…",2026-08-19T17:13:22Z,https://www.adzuna.in/land/ad/5848119809?se=1HGvNIec8RGhArhxtbtVlg&utm_medium=api&utm_source=10d03a1b&v=2D4583D206769F39E7A1C217A197E5B48369E356,Healthcare,clinical
Adzuna,5840224734,HCC Medical Coder - 1-3 Years Experience,Agilys Nxt,"Hyderabad, Telangana","['India', 'Telangana', 'Hyderabad']",Hyderabad,17.40275,78.50806,,,0,,,IT Jobs,"Job Title: HCC Medical Coder (Risk Adjustment) – Hyderabad Experience: 1–3 years Work Model: On-site Location: Hyderabad, India About the Role We are seeking a detail-oriented HCC Medical Coder with 1–3 years of hands-on experience in risk adjustment coding to join our growing team in Hyderabad. In this role, you will review clinical documentation, assign accurate ICD-10-CM codes, and ensure strict adherence to HCC guidelines, HIPAA, and payer-specific compliance standards for Medicare Advantag…",2026-08-13T16:19:05Z,https://www.adzuna.in/land/ad/5840224734?se=1HGvNIec8RGhArhxtbtVlg&utm_medium=api&utm_source=10d03a1b&v=06C9F7F3C722E690F2BCD9BE4D24A654F4C73749,Healthcare,clinical
Adzuna,5833435217,Regional Operations Manager,Ridhira Group - Building World's largest Wellness Communities,"Hyderabad, Telangana","['India', 'Telangana', 'Hyderabad']",Hyderabad,17.40275,78.50806,,,0,,,Retail Jobs,"Regional Operations Manager – Multi-Unit Retail & Services Operations Hyderabad (Pan-India Travel) · Ode by Ridhira (Ridhira Group) About Ode by Ridhira Ode is one of India's fastest-growing premium consumer-services brands and the wellness arm of the Ridhira Group — 40 outlets across airports, luxury hotels, premium malls and high-street flagships, with a large and growing membership base. We run our centres like *high-performance retail businesses*: tight unit economics, strong SOPs, and a …",2026-08-08T18:04:13Z,https://www.adzuna.in/land/ad/5833435217?se=1HGvNIec8RGhArhxtbtVlg&utm_medium=api&utm_source=10d03a1b&v=874097324087E22043CA87002131ADFF498EE7F1,Healthcare,clinical
Adzuna,5840225369,Customer Support Executive,Todays Dental Services,"Hyderabad, Telangana","['India', 'Telangana', 'Hyderabad']",Hyderabad,17.40275,78.50806,,,0,,full_time,Customer Services Jobs,"Company Description Todays Dental Services focuses on delivering affordable, high-quality dental care while improving operational efficiency and building long-term relationships. The organization measures performance across Marketing, Finance, HR, Operations, and IT to support consistent, data-driven decision-making. Guided by the golden principle and strong relationships with patients, partners, and the community, the organization strives for excellence in every interaction. Its structure incl…",2026-08-13T16:19:43Z,https://www.adzuna.in/land/ad/5840225369?se=1HGvNIec8RGhArhxtbtVlg&utm_medium=api&utm_source=10d03a1b&v=E503EB3FCB3F744EA36E0BE33460AEEBF24775D3,Healthcare,clinical
Adzuna,5819622145,Business Development Executive - Life Sciences,vueverse.,"Hyderabad, Telangana","['India', 'Telangana', 'Hyderabad']",Hyderabad,17.40275,78.50806,,,0,,,Sales Jobs,"About the Role We are seeking a motivated Business Development Manager (Life Sciences) to drive new business opportunities, build strong client relationships, and manage the sales lifecycle. Candidate should possess a strong understanding of pharmaceutical outsourcing services, particularly Pharmacovigilance, Regulatory Affairs, Medical Writing, Clinical Research, Medical Information, Quality Assurance, and Drug Safety. Key Responsibilities Manage the complete sales cycle, including lead genera…",2026-07-29T15:20:11Z,https://www.adzuna.in/land/ad/5819622145?se=1HGvNIec8RGhArhxtbtVlg&utm_medium=api&utm_source=10d03a1b&v=2E5479DFFCE25547911C0757648B90B382080E87,Healthcare,clinical
Adzuna,5812352207,US Accounting Senior - Life Science(Healthcare/Pharma),Citrin Cooperman India LLP,"Hyderabad, Telangana","['India', 'Telangana', 'Hyderabad']",Hyderabad,17.40275,78.50806,,,0,contract,,Accounting & Finance Jobs,"Key Responsibilities/Job Description for Advisory (BPO) Senior About the firm: Citrin Cooperman is one of the largest accounting and consulting firms in the United States, and 4th among mid-Atlantic firms, with over 2,500 employees in 22 U.S. and International offices. This year, we were rated one of the Top 50 Best Companies to work for according to Vault.com. We are always looking for new team members who bring a fresh perspective, technical expertise, and a passion for solving problems. At C…",2026-07-23T18:56:14Z,https://www.adzuna.in/land/ad/5812352207?se=1HGvNIec8RGhArhxtbtVlg&utm_medium=api&utm_source=10d03a1b&v=A55AF77B896EFABE98E4A3CC492E79D6FF708271,Healthcare,clinical
Adzuna,5818746401,Healthcare Interoperability Lead,enGen Global,"Hyderabad, Telangana","['India', 'Telangana', 'Hyderabad']",Hyderabad,17.40275,78.50806,,,0,,,IT Jobs,"Role : Healthcare Interoperability Capability Lead Location : Chennai or Hyderabad Requirements : We are seeking an accomplished, visionary leader to establish and drive our Healthcare Interoperability Capability within our Organization. This is a pivotal role responsible for supporting and shaping our enterprise-wide capabilities, and delivering innovative, standard-driven interoperability solutions. The ideal candidate must possess deep, verifiable Subject Matter Expertise (SME) in healthcare…",2026-07-29T01:22:02Z,https://www.adzuna.in/land/ad/5818746401?se=1HGvNIec8RGhArhxtbtVlg&utm_medium=api&utm_source=10d03a1b&v=537B0DBC92BA3FF30675D2091C1351E5AEEE006C,Healthcare,clinical
Adzuna,5845682860,Speech Language Pathologist,Teach and Learn Child Development Center,"Hyderabad, Telangana","['India', 'Telangana', 'Hyderabad']",Hyderabad,17.40275,78.50806,,,0,,full_time,Healthcare & Nursing Jobs,"Company Description Teach and Learn Child Development Center is dedicated to helping individuals reach their full developmental potential through evidence-based, family-centered care. The center offers a comprehensive range of services including Speech Therapy, Occupational Therapy, Behavioral Therapy, School Readiness programs, and Psychology services. Interdisciplinary collaboration is central to the approach, ensuring that each child receives a tailored plan that addresses communication, beh…",2026-08-18T05:07:56Z,https://www.adzuna.in/land/ad/5845682860?se=1HGvNIec8RGhArhxtbtVlg&utm_medium=api&utm_source=10d03a1b&v=4E4C9A2FAAD25F918BC5D8B1C8F5A19708787C3D,Healthcare,clinical
Adzuna,5801403224,Medical Sales Representative,Lyndermacorp,"Hyderabad, Telangana","['India', 'Telangana', 'Hyderabad']",Hyderabad,17.40275,78.50806,,,0,,full_time,Sales Jobs,"Company Description Lynderma is a growing organization focused on providing quality medical and pharmaceutical products to healthcare professionals and institutions. The company is committed to supporting better patient outcomes through reliable product offerings and strong relationships with medical providers. Lynderma values integrity, customer focus, and professional excellence in all business interactions. Team members are encouraged to contribute ideas, build long-term partnerships, and he…",2026-07-15T22:28:00Z,https://www.adzuna.in/land/ad/5801403224?se=1HGvNIec8RGhArhxtbtVlg&utm_medium=api&utm_source=10d03a1b&v=C681817CC50BEF22C3FDB34E68BF28FF5643B794,Healthcare,clinical
Adzuna,5840225112,Executive Assistant,Continental Hospitals,"Hyderabad, Telangana","['India', 'Telangana', 'Hyderabad']",Hyderabad,17.40275,78.50806,,,0,,,Admin Jobs,"We’re Hiring | Executive Assistant / Business Assistant to the Founder & Chairperson Location: Hyderabad | Open to Travel About Continental Hospitals Continental Hospitals is one of Hyderabad’s leading tertiary care institutions, built on international standards of healthcare, patient safety, clinical excellence, and evidence-based medicine. With 800 beds, 60 specialties , and a JCI-accredited tertiary care facility spread across 1.3 million sq. ft., Continental Hospitals continues to redefin…",2026-08-13T16:19:30Z,https://www.adzuna.in/land/ad/5840225112?se=1HGvNIec8RGhArhxtbtVlg&utm_medium=api&utm_source=10d03a1b&v=1C2201DA50EEE809FE00BAA1007B9D3372E1855D,Healthcare,clinical
Adzuna,5841755307,General Manager Quality,AGS Health,"Hyderabad, Telangana","['India', 'Telangana', 'Hyderabad']",Hyderabad,17.40275,78.50806,,,0,,,IT Jobs,"About AGS Health AGS Health is a leading strategic growth partner to healthcare providers across the U.S. Working alongside each client as one team, we improve revenue cycle performance by orchestrating data, AI, automation, and human expertise across every workflow. Our proven model complements customers' existing teams, technology, and processes, deploying the right capabilities to improve efficiency, strengthen financial performance, and enhance the patient financial experience. Supported by…",2026-08-14T16:34:27Z,https://www.adzuna.in/land/ad/5841755307?se=1HGvNIec8RGhArhxtbtVlg&utm_medium=api&utm_source=10d03a1b&v=1004708B303132B1427415ED40890D9F0AC9559A,Healthcare,clinical
Adzuna,5818524524,Assistant Sales Manager,WhiteCoats,"Hyderabad, Telangana","['India', 'Telangana', 'Hyderabad']",Hyderabad,17.40275,78.50806,,,0,,,Sales Jobs,"About the Team: WhiteCoats(A Business Unit of ValueMomentum) , India's only 360° solution to help medical practices thrivein today's dynamic healthcare environment. WhiteCoats combines advancedtechnology with a patient centric approach to offer solutions that address every aspect of clinical practice. From enhancing online visibility to acquiring and retaining patients, WhiteCoats partners with medical practices to unlock their potential and drive patient growth.WhiteCoats is a business unit of…",2026-07-28T21:18:40Z,https://www.adzuna.in/land/ad/5818524524?se=1HGvNIec8RGhArhxtbtVlg&utm_medium=api&utm_source=10d03a1b&v=16F2A988ED327DAB7F2BF38DA99E9C45FE5DAFF7,Healthcare,clinical
Adzuna,5845683094,Technical Project Manager-Healthcare Process,SRS Consulting Inc,"Hyderabad, Telangana","['India', 'Telangana', 'Hyderabad']",Hyderabad,17.40275,78.50806,,,0,,,IT Jobs,"Hello, We are hiring for ""Technical Project manager-Healthcare process"" for Hyderabad location . Ex p: 6Years Work Locati on: Hyderabad Work Mod e: 5 Days work from office Notice Period : Immediate joiners(notice period served or serving candidate) NOTE: We are looking for Immediate joiners(notice period served or serving candidate) Apply only If you are Immediate joiners(notice period served or serving candidate Apply only if you are having 6Years of relevant experience as per the JD. Job Desc…",2026-08-18T05:08:20Z,https://www.adzuna.in/land/ad/5845683094?se=1HGvNIec8RGhArhxtbtVlg&utm_medium=api&utm_source=10d03a1b&v=7AA9892D3965ECFA1666B6CE05A893E1625A30CA,Healthcare,clinical
Adzuna,5823897261,US Audit Senior -NFP,SENTIENT - An Ascend Company,"Hyderabad, Telangana","['India', 'Telangana', 'Hyderabad']",Hyderabad,17.40275,78.50806,,,0,,full_time,Accounting & Finance Jobs,"Job Title: US Audit Senior Department: Audit (US) Location: Hyderabad(Hybrid) About Us: Sentient an Ascend Company is a fast-growing accounting outsourcing firm serving a diverse portfolio of clients across the United States. With a highly skilled team based in both the U.S. and India, we specialize in delivering fully customized accounting solutions tailored to meet the unique needs of CPA firms. Leveraging the power of AI, process automation, and a scalable suite of services, Sentient empower…",2026-08-01T17:31:14Z,https://www.adzuna.in/land/ad/5823897261?se=1HGvNIec8RGhArhxtbtVlg&utm_medium=api&utm_source=10d03a1b&v=AD5E78FBDDACAD522EEEAF1834744BCDEA25570D,Healthcare,clinical
Adzuna,5818523874,Inside Sales Manager,WhiteCoats,"Hyderabad, Telangana","['India', 'Telangana', 'Hyderabad']",Hyderabad,17.40275,78.50806,,,0,,,Sales Jobs,"About the Team: WhiteCoats(A Business Unit of ValueMomentum) , India's only 360° solution to help medical practices thrivein today's dynamic healthcare environment. WhiteCoats combines advancedtechnology with a patient centric approach to offer solutions that address every aspect of clinical practice. From enhancing online visibility to acquiring and retaining patients, WhiteCoats partners with medical practices to unlock their potential and drive patient growth.WhiteCoats is a business unit of…",2026-07-28T21:18:11Z,https://www.adzuna.in/land/ad/5818523874?se=1HGvNIec8RGhArhxtbtVlg&utm_medium=api&utm_source=10d03a1b&v=10DAEAD3A652305BBF224938211BC18BACA17EB2,Healthcare,clinical
Adzuna,5828954355,Clinical Research Associate – Clinical Trials,Jeevan Scientific Technology Limited,"Hyderabad, Telangana","['India', 'Telangana', 'Hyderabad']",Hyderabad,17.40275,78.50806,,,0,,full_time,Accounting & Finance Jobs,"No. Of Positions – 1 Qualification: M.Pharm (Pharmacology) Experience: 2-5 years’ relevant experience Job Description Preferred CT operational exposure in Biosimilars, small molecules, from Sponsor/CRO platform. Female is preferred.",2026-08-05T15:58:37Z,https://www.adzuna.in/details/5828954355?utm_medium=api&utm_source=10d03a1b,Healthcare,clinical
Adzuna,5842612795,Clinical Audiologist,Hearing Solutions,"Hyderabad, Telangana","['India', 'Telangana', 'Hyderabad']",Hyderabad,17.40275,78.50806,,,0,,,Healthcare & Nursing Jobs,"Clinical Audiologist Hearing Solutions is looking for a dedicated Clinical Audiologist to join our team in Hyderabad . If you're a compassionate professional with expertise in audiological evaluations and a commitment to helping individuals achieve better hearing, we welcome your application, whether you're a fresher or an experienced practitioner. Role & Responsibilities As a Clinical Audiologist, you will: Conduct comprehensive diagnostic audiologic evaluations for both adults and children. P…",2026-08-15T08:51:46Z,https://www.adzuna.in/details/5842612795?utm_medium=api&utm_source=10d03a1b,Healthcare,clinical
Adzuna,5724498006,Clinical Terminologist,Truveta,"Hyderabad, Telangana","['India', 'Telangana', 'Hyderabad']",Hyderabad,17.40275,78.50806,,,0,contract,full_time,IT Jobs,"Truveta is the world’s first health provider led data platform with a vision of Saving Lives with Data. Our mission is to enable researchers to find cures faster, empower every clinician to be an expert, and help families make the most informed decisions about their care. Achieving Truveta’ s ambitious vision requires an incredible team of talented and inspired people with a special combination of health, software and big data experience who share our company values. Truveta was born in the Pac…",2026-05-10T02:21:30Z,https://www.adzuna.in/details/5724498006?utm_medium=api&utm_source=10d03a1b,Healthcare,clinical
Adzuna,5823897815,US Audit Senior -Government,SENTIENT - An Ascend Company,"Hyderabad, Telangana","['India', 'Telangana', 'Hyderabad']",Hyderabad,17.40275,78.50806,,,0,,full_time,Accounting & Finance Jobs,"Job Title: US Audit Senior Department: Audit (US) Location: Hyderabad(Hybrid) About Us: Sentient an Ascend Company is a fast-growing accounting outsourcing firm serving a diverse portfolio of clients across the United States. With a highly skilled team based in both the U.S. and India, we specialize in delivering fully customized accounting solutions tailored to meet the unique needs of CPA firms. Leveraging the power of AI, process automation, and a scalable suite of services, Sentient empower…",2026-08-01T17:32:28Z,https://www.adzuna.in/land/ad/5823897815?se=1HGvNIec8RGhArhxtbtVlg&utm_medium=api&utm_source=10d03a1b&v=B7B2D30301DC36A834AAFCEA3FE87E6CB4C15C55,Healthcare,clinical
Adzuna,5573170837,"DLS Clinical Consultant (Cli), DLS Clinical Team",ADCI - HYD 15 SEZ,"Hyderabad, Telangana","['India', 'Telangana', 'Hyderabad']",Hyderabad,17.40275,78.50806,,,0,,full_time,Healthcare & Nursing Jobs,"At Amazon we believe that every day is still day 1. We are looking for highly motivated individuals to work as Clinical Consultants for our Disability and Leave Service (DLS) organization. This is an in-office job located in Hyderabad, India. Join Amazon's Disability Leave Services (DLS) team in building a world-class program delivering leave of absence, disability, and accommodation services globally. The “DLS Clinical Consultant”, serves as a clinical resource assisting the case managers, pro…",2026-01-08T10:33:30Z,https://www.adzuna.in/details/5573170837?utm_medium=api&utm_source=10d03a1b,Healthcare,clinical
Adzuna,5575163406,"DLS Clinical Consultant (Cli), DLS Clinical Team",Amazon,"Hyderabad, Telangana","['India', 'Telangana', 'Hyderabad']",Hyderabad,17.40275,78.50806,,,0,,,Healthcare & Nursing Jobs,"Description At Amazon we believe that every day is still day 1. We are looking for highly motivated individuals to work as Clinical Consultants for our Disability and Leave Service (DLS) organization. This is an in-office job located in Hyderabad, India. Join Amazon's Disability Leave Services (DLS) team in building a world-class program delivering leave of absence, disability, and accommodation services globally. The ""DLS Clinical Consultant"", serves as a clinical resource assisting the case m…",2026-01-09T08:17:48Z,https://www.adzuna.in/details/5575163406?utm_medium=api&utm_source=10d03a1b,Healthcare,clinical
Adzuna,5842617023,Clinical Research Associate,Monster - xshruthix,"Hyderabad, Telangana","['India', 'Telangana', 'Hyderabad']",Hyderabad,17.40275,78.50806,,,0,,,Healthcare & Nursing Jobs,"Job Summary We are seeking a dynamic independent and experienced Research Associate in Clinical Management for processing, reviewing and receiving clinical data and records and from therapeutic groups as well as internal and outside investigators. Ensuring accurate, timely, and consistent data reaches the clinical teams and other groups. Roles & Responsibilities Responsibilities Facilitate Study Start up activities at Clinical Investigational Site Conduct Feasibility & assess the data Conduct s…",2026-08-15T08:56:09Z,https://www.adzuna.in/details/5842617023?utm_medium=api&utm_source=10d03a1b,Healthcare,clinical
Adzuna,5839230846,Clinical Research Associate,Monster - xshruthix,"Hyderabad, Telangana","['India', 'Telangana', 'Hyderabad']",Hyderabad,17.40275,78.50806,,,0,,,Scientific & QA Jobs,"Job Summary We are seeking a dynamic independent and experienced Research Associate in Clinical Management for processing, reviewing and receiving clinical data and records and from therapeutic groups as well as internal and outside investigators. Ensuring accurate, timely, and consistent data reaches the clinical teams and other groups. Roles & Responsibilities Responsibilities Facilitate Study Start up activities at Clinical Investigational Site Conduct Feasibility & assess the data Conduct s…",2026-08-13T07:34:47Z,https://www.adzuna.in/details/5839230846?utm_medium=api&utm_source=10d03a1b,Healthcare,clinical
Adzuna,5842617012,Clinical Research Associate,Monster - xshruthix,"Hyderabad, Telangana","['India', 'Telangana', 'Hyderabad']",Hyderabad,17.40275,78.50806,,,0,,,Scientific & QA Jobs,"Job Summary We are seeking a dynamic independent and experienced Research Associate in Clinical Management for processing, reviewing and receiving clinical data and records and from therapeutic groups as well as internal and outside investigators. Ensuring accurate, timely, and consistent data reaches the clinical teams and other groups. Roles & Responsibilities Responsibilities Facilitate Study Start up activities at Clinical Investigational Site Conduct Feasibility & assess the data Conduct s…",2026-08-15T08:56:09Z,https://www.adzuna.in/details/5842617012?utm_medium=api&utm_source=10d03a1b,Healthcare,clinical
Adzuna,5826343957,Clinical Sales Specialist,Danaher Corporation,"Hyderabad, Telangana","['India', 'Telangana', 'Hyderabad']",Hyderabad,17.40275,78.50806,,,0,,,Healthcare & Nursing Jobs,"Bring more to life. Are you ready to accelerate your potential and make a real difference within life sciences, diagnostics and biotechnology? At Leica Microsystems, one of Danaher's (https://danaher.com/our-businesses) 15 operating companies, our work saves lives-and we're all united by a shared commitment to innovate for tangible impact. You'll thrive in a culture of belonging where you and your unique viewpoint matter. And by harnessing Danaher's system of continuous improvement, you help tu…",2026-08-03T11:02:39Z,https://www.adzuna.in/details/5826343957?utm_medium=api&utm_source=10d03a1b,Healthcare,clinical
Adzuna,5675801606,Clinical SAS Programmer,,"Hyderabad, Telangana","['India', 'Telangana', 'Hyderabad']",Hyderabad,17.40275,78.50806,,,0,,,IT Jobs,"Knowledge, Skills and Abilities:-Skills: Base SAS, CDISC, SDTM,ADAM, TLFProficient in one or more programming languages.Ability to train and mentor others.Understanding of relational database structure and experience working with complex data systems.Demonstrated strong attention to detail.Excellent problem solving and innovative skills.Good written and verbal communication skills.Ability to independently and effectively organize and manage multiple assignments with challenging timelines.Abilit…",2026-03-23T11:35:58Z,https://www.adzuna.in/details/5675801606?utm_medium=api&utm_source=10d03a1b,Healthcare,clinical
Adzuna,5845682637,"Regional Capability Development & Training Manager, South",Danone,"Hyderabad, Telangana","['India', 'Telangana', 'Hyderabad']",Hyderabad,17.40275,78.50806,,,0,,,HR & Recruitment Jobs,"Job Location: Hyderabad/Bangalore/Chennai About Danone Group Mission: ‘Bringing Health through Food to as Many people as Possible’ Danone is a global leader in food and beverages, focusing on Essential Dairy and Plant-based products, Waters, and Specialized Nutrition. Our mission is to bring health through food to as many people as possible by creating nutritious products, raising awareness about healthy eating and drinking habits, and conducting our business sustainably. Danone’s dual focus on…",2026-08-18T05:07:29Z,https://www.adzuna.in/land/ad/5845682637?se=1HGvNIec8RGhArhxtbtVlg&utm_medium=api&utm_source=10d03a1b&v=74BA4E24C11999C13B6FDB59A9F37773A4D704F4,Healthcare,clinical
Adzuna,5834364535,Senior Associate - Clinical Pharmacology,Amgen,"Hyderabad, Telangana","['India', 'Telangana', 'Hyderabad']",Hyderabad,17.40275,78.50806,,,0,,,Healthcare & Nursing Jobs,"The department of Clinical Pharmacology, Modeling and Simulation (CPMS) within Amgen is dedicated to the development of novel, effective, and safe medicines. We are seeking a highly experienced Senior Associate to join the CPMS group. The successful candidate will contribute to Amgen's multimodality development portfolio by conducting formal clinical pharmacology data analyses, summarizing pharmacokinetic/pharmacodynamic (PK/PD) data and results in clinical study report documents, performing qu…",2026-08-09T11:04:23Z,https://www.adzuna.in/details/5834364535?utm_medium=api&utm_source=10d03a1b,Healthcare,clinical
Adzuna,5840369440,Senior Clinical Data Analyst,Parexel,"Hyderabad, Telangana","['India', 'Telangana', 'Hyderabad']",Hyderabad,17.40275,78.50806,,,0,,,Scientific & QA Jobs,"When our values align, there's no limit to what we can achieve. At Parexel, we all share the same goal - to improve the world's health. From clinical trials to regulatory, consulting, and market access, every clinical development solution we provide is underpinned by something special - a deep conviction in what we do. Each of us, no matter what we do at Parexel, contributes to the development of a therapy that ultimately will benefit a patient. We take our work personally, we do it with empath…",2026-08-13T20:38:08Z,https://www.adzuna.in/details/5840369440?utm_medium=api&utm_source=10d03a1b,Healthcare,clinical
Adzuna,5841440298,Senior Clinical Data Analyst,Parexel,"Hyderabad, Telangana","['India', 'Telangana', 'Hyderabad']",Hyderabad,17.40275,78.50806,,,0,,,Scientific & QA Jobs,"Job Summary The Clinical Data Management Associate will support the Data Management Lead (DML) in the planning, setup, execution, monitoring, and closeout of clinical studies. The role is responsible for database build activities, data review, vendor oversight, study documentation, quality management, and ensuring high-quality clinical data delivery in compliance with regulatory requirements, SOPs, and study timelines. Key Skills & Experience 6 years of End-to-end Clinical Data Management expe…",2026-08-14T11:22:46Z,https://www.adzuna.in/details/5841440298?utm_medium=api&utm_source=10d03a1b,Healthcare,clinical
Adzuna,5738415630,Manager Clinical Data Reporting,Regeneron Pharmaceuticals,"Hyderabad, Telangana","['India', 'Telangana', 'Hyderabad']",Hyderabad,17.40275,78.50806,,,0,,,IT Jobs,"About Regeneron Regeneron is founded on the belief that the right idea, combined with the right team, can lead to significant transformations. Our growing global network is dedicated to inventing, developing, and commercializing medicines that change lives for those with serious diseases. In doing so, we are pioneering innovative approaches to science, manufacturing, and commercialization, as well as redefining our understanding of health. As a Manager, Clinical Data Management Reporting, you w…",2026-05-23T10:17:25Z,https://www.adzuna.in/details/5738415630?utm_medium=api&utm_source=10d03a1b,Healthcare,clinical
Adzuna,5778173198,"Specialist, Clinical Data Reporting",Regeneron Pharmaceuticals,"Hyderabad, Telangana","['India', 'Telangana', 'Hyderabad']",Hyderabad,17.40275,78.50806,,,0,,full_time,IT Jobs,"Build our future together Regeneron is founded on the belief that the right idea, combined with the right team, can lead to significant transformations. Our growing global network is dedicated to inventing, developing, and commercializing medicines that change lives for those with serious diseases. In doing so, we are pioneering innovative approaches to science, manufacturing, and commercialization, as well as redefining our understanding of health. At Regeneron, we use science and innovation t…",2026-06-27T02:32:32Z,https://www.adzuna.in/details/5778173198?utm_medium=api&utm_source=10d03a1b,Healthcare,clinical
Adzuna,5796413653,Product Support Engineer Clinical,Veeva Systems,"Hyderabad, Telangana","['India', 'Telangana', 'Hyderabad']",Hyderabad,17.40275,78.50806,,,0,,,IT Jobs,"Join a young and exciting company, a market leader in the SaaS space with our Industry Cloud for Life Sciences. As a member of the Product Support team, you will be responsible for supporting our customers, as well as internal stakeholders like our Services and Solution Consulting teams. You will work closely with Development and QA teams to diagnose, troubleshoot, and resolve complex issues. The successful candidate will need to learn and adapt quickly, be persistent, and demonstrate 'out of t…",2026-07-11T07:20:19Z,https://www.adzuna.in/details/5796413653?utm_medium=api&utm_source=10d03a1b,Healthcare,clinical
Adzuna,5796413768,Product Support Engineer - Clinical,Veeva Systems,"Hyderabad, Telangana","['India', 'Telangana', 'Hyderabad']",Hyderabad,17.40275,78.50806,,,0,,,IT Jobs,"The Role We are currently seeking a talented Product Support Engineer in India, to join our Development Cloud Product Support Team. You will be part of a young and exciting company that is recognized as a market leader in the SaaS space with our Industry Cloud for Life Sciences. As a member of the Product Support team you will be charged with supporting our customers, as well as internal stakeholders, such as our Services and Solution Consulting teams. You will work closely with Development and…",2026-07-11T07:20:20Z,https://www.adzuna.in/details/5796413768?utm_medium=api&utm_source=10d03a1b,Healthcare,clinical
Adzuna,5755107915,Senior Associate Clinical Supply Chain - Global Clinical Customer Service (GCCS),Amgen,"Hyderabad, Telangana","['India', 'Telangana', 'Hyderabad']",Hyderabad,17.40275,78.50806,,,0,,,Logistics & Warehouse Jobs,"Role Description Reporting to the Manager, Development Supply Chain, you will support the global distribution of investigational products used in clinical trials. Clinical Supply Chain plays a critical role in ensuring investigational products are delivered to clinical trial sites safely, compliantly, and on time to support patients participating in clinical studies. As part of the Global Clinical Customer Service (GCCS) team, you will operate as a central coordination point across clinical tri…",2026-06-07T10:17:07Z,https://www.adzuna.in/details/5755107915?utm_medium=api&utm_source=10d03a1b,Healthcare,clinical
Adzuna,5191802247,"Associate Director, Clinical Integration & Enablement, Clinical Supply Chain Business Capabilities",Bristol Myers Squibb,"Hyderabad, Telangana","['India', 'Telangana', 'Hyderabad']",Hyderabad,17.40275,78.50806,,,0,,,Healthcare & Nursing Jobs,"Position Overview: The Associate Director of CSC Business Capabilities plays a pivotal role in overseeing and optimizing the functions within the Clinical Supply Chain (CSC). The Associate Director leads a team that provides Clinical Supply Chain (CSC) representation for Interactive Response Technology (IRT), Clinical Supply Chain Logistics (CSCL) and Business Operational activities related to CSC budget (IRT, CSCL, and Comparator), contract administration and financial metrics. This position r…",2025-05-10T11:51:17Z,https://www.adzuna.in/details/5191802247?utm_medium=api&utm_source=10d03a1b,Healthcare,clinical
Adzuna,5125632002,Process Architect Clinical Supply Chain Planning Clinical Supply Chain Support Systems,Bristol Myers Squibb,"Hyderabad, Telangana","['India', 'Telangana', 'Hyderabad']",Hyderabad,17.40275,78.50806,,,0,,,IT Jobs,"About Bristol Myers Squibb: At Bristol Myers Squibb, we are inspired by a single vision transforming patients lives through science. In oncology, hematology, immunology, and cardiovascular disease and one of the most diverse and promising pipelines in the industry each of our passionate colleagues contribute to innovations that drive meaningful change. We bring a human touch to every treatment we pioneer. Join us and make a difference. Job Description: Process Architect Clinical Supply Chain Pl…",2025-04-03T07:12:53Z,https://www.adzuna.in/details/5125632002?utm_medium=api&utm_source=10d03a1b,Healthcare,clinical
Adzuna,5841947581,Initiation Clinical Research Associate II,Parexel,"Hyderabad, Telangana","['India', 'Telangana', 'Hyderabad']",Hyderabad,17.40275,78.50806,,,0,,full_time,Scientific & QA Jobs,"When our values align, there's no limit to what we can achieve. At Parexel, we all share the same goal - to improve the world's health. From clinical trials to regulatory, consulting, and market access, every clinical development solution we provide is underpinned by something special - a deep conviction in what we do. Each of us, no matter what we do at Parexel, contributes to the development of a therapy that ultimately will benefit a patient. We take our work personally, we do it with empath…",2026-08-14T21:02:47Z,https://www.adzuna.in/details/5841947581?utm_medium=api&utm_source=10d03a1b,Healthcare,clinical
Adzuna,5817169476,Initiation Clinical Research Associate II,Parexel,"Hyderabad, Telangana","['India', 'Telangana', 'Hyderabad']",Hyderabad,17.40275,78.50806,,,0,,,Scientific & QA Jobs,"About Parexel Parexel is a leading global clinical development partner delivering insights-driven clinical and consulting solutions to the life sciences industry. With 22,000 employees worldwide, we partner with biopharmaceutical companies and research sites to design and deliver patient-focused clinical trials that broaden access and make research a care option for anyone, anywhere. We work with focus, agility, and shared purpose. Moving with urgency to address patient needs and accelerate the…",2026-07-27T10:48:57Z,https://www.adzuna.in/details/5817169476?utm_medium=api&utm_source=10d03a1b,Healthcare,clinical
Adzuna,5829374231,US Healthcare RCM,Career Guideline,"Hyderabad, Telangana","['India', 'Telangana', 'Hyderabad']",Hyderabad,17.40275,78.50806,,,0,permanent,,Accounting & Finance Jobs,"Hiring Now | Senior Process Executive (AR Caller – Denial Management) | US Healthcare RCM Locations: Chennai | Bangalore | Hyderabad Mode: Work from Office (WFO) Shift: US Shift (5:30 PM IST – 3:30 AM IST) Role: Senior Process Executive (SPE) – AR Caller (Denial Management) Experience Required ✅ 1.6 to 4 Years(no 1yr experince profile) Compensation Up to ₹5.58 LPA (Including ₹18,000 Variable Pay) ⏳ Notice Period ✅ Immediate Joiners Preferred ✅ Up to 30 Days Notice Period ❌ 60 Days Notic…",2026-08-05T23:52:40Z,https://www.adzuna.in/land/ad/5829374231?se=fkQhN4ec8RGwBe63zKMEtw&utm_medium=api&utm_source=10d03a1b&v=4CC46EE2AB52AC72F718465BFB4BC403A8AC2DAE,Healthcare,healthcare
Adzuna,5840224597,Director - Healthcare Account Delivery,Providence India,"Hyderabad, Telangana","['India', 'Telangana', 'Hyderabad']",Hyderabad,17.40275,78.50806,,,0,,,IT Jobs,The account delivery leadership role is responsible for understanding the growth story and offerings and leveraging those to driving customer growth conversations and managing both current and future account needs. This includes ensuring excellence in delivery and people management in a global context. The primary focus of this role is to build a strong partnership with client sponsors and internal Providence delivery teams. The account leader will dedicate time to understanding the client’s ke…,2026-08-13T16:19:01Z,https://www.adzuna.in/land/ad/5840224597?se=fkQhN4ec8RGwBe63zKMEtw&utm_medium=api&utm_source=10d03a1b&v=E32A667CAFE2D25CA276DCE4226479622672709B,Healthcare,healthcare
Adzuna,5848119879,Presales Consultant,WaferWire Cloud Technologies,"Hyderabad, Telangana","['India', 'Telangana', 'Hyderabad']",Hyderabad,17.40275,78.50806,,,0,,,IT Jobs,"Job Title: Healthcare SME – Presales (US Healthcare Domain) Job Location: Hyderabad, Telangana Worksite: Onsite (100%) About WCT : WaferWire Technology Solutions (WCT) specializes in delivering comprehensive Cloud, Data and AI solutions through Microsoft's technology stack. Our services include Strategic Consulting, Data/AI Estate Modernization, and Cloud Adoption Strategy. We excel in Solution Design encompassing Application, Data, and AI Modernization, as well as Infrastructure Planning and M…",2026-08-19T17:13:30Z,https://www.adzuna.in/land/ad/5848119879?se=fkQhN4ec8RGwBe63zKMEtw&utm_medium=api&utm_source=10d03a1b&v=88FAA2E57B240756AE4B03356BC13AFA0450A1BE,Healthcare,healthcare
Adzuna,5831965532,Business Development Executive - Hyderabad & Bangalore,Nilkamal EDGE,"Hyderabad, Telangana","['India', 'Telangana', 'Hyderabad']",Hyderabad,17.40275,78.50806,,,0,,,Sales Jobs,"Job Title: Business Development Executive – Medical Furniture Location: Hyderabad & Bangalore Experience Required: 1 to 2 years Reports To: Regional Sales Manager / AVP – Healthcare Vertical Industry: Healthcare / Medical Equipment / Hospital Furniture Educational Qualifications: Bachelor’s degree in Healthcare Management, Biomedical Engineering, Life Sciences, or a related field. Fresh graduates or candidates with up to 1 year of experience in business development or healthcare marketing are w…",2026-08-07T17:54:56Z,https://www.adzuna.in/land/ad/5831965532?se=fkQhN4ec8RGwBe63zKMEtw&utm_medium=api&utm_source=10d03a1b&v=4D2882C454D4CC38374A1D023970B2F0900109F8,Healthcare,healthcare
Adzuna,5846664834,Medical Biller,Orci Care Inc.,"Hyderabad, Telangana","['India', 'Telangana', 'Hyderabad']",Hyderabad,17.40275,78.50806,,,0,,,Accounting & Finance Jobs,"At AccuChart.AI (an Orci Care Inc company), we rely on a dynamic team of engineers to solve the many challenges and puzzles of our rapidly evolving technical stack. We seek to simplify healthcare across consumers, providers, payers and pharmacies by exchanging information seamlessly and improving the overall quality of the care. Our mission is to improve healthcare experience for consumers, providers, payers, and pharmacies by providing digital tools to manage and share healthcare information. …",2026-08-18T17:11:18Z,https://www.adzuna.in/land/ad/5846664834?se=fkQhN4ec8RGwBe63zKMEtw&utm_medium=api&utm_source=10d03a1b&v=273AAA9CC0B28EB19D738D2EC2CA8A7A15652FD8,Healthcare,healthcare
Adzuna,5707162359,Medical Coder,Jyesvana IT Solutions Pvt. Ltd.,"Hyderabad, Telangana","['India', 'Telangana', 'Hyderabad']",Hyderabad,17.40275,78.50806,,,0,,full_time,Admin Jobs,"Company Description At Jyesvana IT Solutions, we are dedicated to delivering comprehensive end-to-end Revenue Cycle Management (RCM), medical billing, and medical coding services tailored to meet the unique needs of healthcare providers. Our experienced team leverages cutting-edge technology and industry expertise to ensure that every aspect of the revenue cycle is optimized for efficiency and accuracy. By streamlining processes and minimizing errors, we help our clients focus on what they do b…",2026-04-22T17:41:58Z,https://www.adzuna.in/land/ad/5707162359?se=fkQhN4ec8RGwBe63zKMEtw&utm_medium=api&utm_source=10d03a1b&v=7B78B6E4FBCDD5EA98DDD5AED3B67103E56FD431,Healthcare,healthcare
Adzuna,5840224655,Sales Leader - Critical Care - Hyderabad Based,Romsons Group,"Hyderabad, Telangana","['India', 'Telangana', 'Hyderabad']",Hyderabad,17.40275,78.50806,,,0,,,Sales Jobs,"' | – ( ) - Location: Hyderabad (Handling Entire Telangana) Romsons Group of Industries is looking for an experienced Sales Leader – FFL to drive business growth across Telangana. If you have a strong track record in medical device sales, team leadership, and market expansion, we'd love to connect with you. • Lead and manage the sales team across Telangana. • Drive revenue growth and achieve business objectives. • Develop key hospital and channel partnerships. • Build and mentor high…",2026-08-13T16:19:03Z,https://www.adzuna.in/land/ad/5840224655?se=fkQhN4ec8RGwBe63zKMEtw&utm_medium=api&utm_source=10d03a1b&v=63ADA15A543130B9415D6757CF51125326FE952B,Healthcare,healthcare
Adzuna,5820962790,Revenue Accountant,Health Catalyst,"Hyderabad, Telangana","['India', 'Telangana', 'Hyderabad']",Hyderabad,17.40275,78.50806,,,0,,,Accounting & Finance Jobs,"About Us: The healthcare industry is the next great frontier of opportunity for software development, and Health Catalyst is one of the most dynamic and influential companies in this space. We are working on solving national-level healthcare problems, and this is your chance to improve the lives of millions of people, including your family and friends. Health Catalyst is a fast-growing company that values smart, hardworking, and humble individuals. Each product team is a small, mission-critical…",2026-07-30T15:24:07Z,https://www.adzuna.in/land/ad/5820962790?se=fkQhN4ec8RGwBe63zKMEtw&utm_medium=api&utm_source=10d03a1b&v=4684DB91EB6ACE1AF1C542FC4C4DB15E999FDF0D,Healthcare,healthcare
Adzuna,5848121146,Art Director,TeKreant,"Hyderabad, Telangana","['India', 'Telangana', 'Hyderabad']",Hyderabad,17.40275,78.50806,,,0,,,Creative & Design Jobs,"Job Title: Art Director Location: Hyderabad, Telangana (On-site) Department: Digital Marketing Reporting to: Creative Director About the Role: We are building a highly specialized, in-house media and marketing engine to transform how healthcare communicates. We need a crucial, visionary Art Director to take the helm of our design department and elevate our visual identity to international standards. This role requires a rare hybrid mindset: the sharp, structured professionalism of a corporate e…",2026-08-19T17:15:39Z,https://www.adzuna.in/land/ad/5848121146?se=fkQhN4ec8RGwBe63zKMEtw&utm_medium=api&utm_source=10d03a1b&v=315F145C2794C21698AA8FD94896E5EB4A76F44A,Healthcare,healthcare
Adzuna,5841755183,German Teacher,Eurocas,"Hyderabad, Telangana","['India', 'Telangana', 'Hyderabad']",Hyderabad,17.40275,78.50806,,,0,,,Teaching Jobs,"About EUROCAS EUROCAS supports nurses, physiotherapists, occupational therapists, and students in preparing for education and career opportunities in Germany , including German language training and career preparation. Position: German Language Trainer Location: Hyderabad Work Mode: Offline Vacancies: 2 Key Responsibilities: Teach German from A1–B2 levels. Prepare candidates for German language examinations. Improve speaking, grammar, vocabulary, and professional communication. Train healthc…",2026-08-14T16:34:24Z,https://www.adzuna.in/land/ad/5841755183?se=fkQhN4ec8RGwBe63zKMEtw&utm_medium=api&utm_source=10d03a1b&v=2C8A011584E7A6BFFF0E7261F5576FBFDD0898B8,Healthcare,healthcare
Adzuna,5840224642,Director – Delivery Operations – Medical Coding,Etenico Technologies,"Hyderabad, Telangana","['India', 'Telangana', 'Hyderabad']",Hyderabad,17.40275,78.50806,,,0,,,IT Jobs,Position: Director – Delivery Operations – Medical Coding Location: India Experience: 18 years of strong Medical Coding leadership experience Joining: Immediate / Candidates serving very short notice preferred Key Requirements 18 years of overall experience with strong expertise in Medical Coding operations . Proven leadership experience managing large-scale Medical Coding delivery operations 500 FTE's . Strong understanding of US Healthcare / RCM and Medical Coding processes . Experience manag…,2026-08-13T16:19:02Z,https://www.adzuna.in/land/ad/5840224642?se=fkQhN4ec8RGwBe63zKMEtw&utm_medium=api&utm_source=10d03a1b&v=1704F71DB5B8ABBB3BE91FC5B4DB402DC3EDFCE8,Healthcare,healthcare
Adzuna,5825070062,Medical Coding (Denial Coding),Career Guideline,"Hyderabad, Telangana","['India', 'Telangana', 'Hyderabad']",Hyderabad,17.40275,78.50806,,,0,,,Logistics & Warehouse Jobs,We're Hiring: SME / QA – Medical Coding (Denial Coding) Location: Hyderabad (Gopanapalli) Work Mode: Work From Office Salary: Up to ₹7.36 LPA Shift: Evening / Night Shift Benefits: Two-Way Cab Facility ⚡ Joining: Immediate Joiners Preferred ✅ Eligibility Criteria Minimum 2 years of experience in Multi-Speciality Denial Coding Strong knowledge of denial analysis and coding guidelines Excellent understanding of medical coding processes Mandatory Certification (Any One) ✔ CPC ✔ CPC-A ✔ C…,2026-08-02T07:32:26Z,https://www.adzuna.in/land/ad/5825070062?se=fkQhN4ec8RGwBe63zKMEtw&utm_medium=api&utm_source=10d03a1b&v=CB8F42704668B67C1ADD999430ACF8FDE5CD9045,Healthcare,healthcare
Adzuna,5820963272,IT Business Development Executive,Ekshvaku Tech Innovations,"Hyderabad, Telangana","['India', 'Telangana', 'Hyderabad']",Hyderabad,17.40275,78.50806,,,0,,,Sales Jobs,"Business Development Executive (BDE) – IT Services & AI Solutions Experience: 1–3 Years Location: Hyderabad (On-site) About Ekshvaku Tech Innovations (ETI) Ekshvaku Tech Innovations (ETI) is a fast-growing technology consulting company delivering AI, Cloud, Data Engineering, Digital Engineering, ERP, Cybersecurity, Marketing Automation, and Enterprise Application solutions to clients across the US, Europe, the Middle East, and APAC. We work with startups, healthcare organisations, and enterpris…",2026-07-30T15:24:37Z,https://www.adzuna.in/land/ad/5820963272?se=fkQhN4ec8RGwBe63zKMEtw&utm_medium=api&utm_source=10d03a1b&v=602B4BBAA50995482BEBBE1D7E2267253F9ACF4F,Healthcare,healthcare
Adzuna,5845682907,Director – Health Information Management & Coding,Mancer Consulting Services,"Hyderabad, Telangana","['India', 'Telangana', 'Hyderabad']",Hyderabad,17.40275,78.50806,,,0,,,IT Jobs,"We are looking for an experienced HIM & Coding leader to lead large-scale coding operations, ensure coding quality and compliance, and drive operational excellence across Health Information Management. Key Responsibilities Lead end-to-end HIM coding operations , including coding quality, productivity, accuracy, compliance and SLAs. Manage and develop large coding teams and coding leadership. Drive process improvement, operational efficiency and transformation initiatives. Oversee coding backlog…",2026-08-18T05:08:01Z,https://www.adzuna.in/land/ad/5845682907?se=fkQhN4ec8RGwBe63zKMEtw&utm_medium=api&utm_source=10d03a1b&v=3DF5510FAD29B202AA2B5AF0875866EA0E2850F7,Healthcare,healthcare
Adzuna,5841755044,Customer Support Specialist,Artech Infosystem Private Limited,"Hyderabad, Telangana","['India', 'Telangana', 'Hyderabad']",Hyderabad,17.40275,78.50806,,,0,,,Customer Services Jobs,"Customer Service Representative (Chat Support) | 0–2 Years Walk-In Drive – Hyderabad Position: Customer Service Representative (Chat Support) Experience: 0–2 Years Work Location: Hyderabad Shift: Night Shift Work Mode: 100% Work from Office Share your resume: Aditya.Kishan@artechinfo.in Walk-In Details Dates: 12 th August – 30th August (Including Saturday & Sunday) Time: 10:00 AM – 1:00 PM Hyderabad Venue: Artech Infosystems, DLF, VC Silicon Towers, 3rd Floor, Kondapur, Hyderabad – 500032 IMPPO…",2026-08-14T16:34:09Z,https://www.adzuna.in/land/ad/5841755044?se=fkQhN4ec8RGwBe63zKMEtw&utm_medium=api&utm_source=10d03a1b&v=DB178EC576A567800D970F184EFEC474B323562E,Healthcare,healthcare
Adzuna,5840225399,Customer Support Specialist,Artech Infosystem Private Limited,"Hyderabad, Telangana","['India', 'Telangana', 'Hyderabad']",Hyderabad,17.40275,78.50806,,,0,,,Customer Services Jobs,"Customer Service Representative (Chat Support) | 0–2 Years Walk-In Drive – Hyderabad Position: Customer Service Representative (Chat Support) Experience: 0–2 Years Work Location: Hyderabad Shift: Night Shift Work Mode: 100% Work from Office Share your resume: Tejpal.rawat@artech.com Walk-In Details Dates: 30th July –20th August (Including Saturday & Sunday) Time: 10:00 AM – 3:00 PM Hyderabad Venue: Artech Infosystems, DLF, VC Silicon Towers, 3rd Floor, Kondapur, Hyderabad – 500032 IMPPORTANT: P…",2026-08-13T16:19:44Z,https://www.adzuna.in/land/ad/5840225399?se=fkQhN4ec8RGwBe63zKMEtw&utm_medium=api&utm_source=10d03a1b&v=94B37BFE9E77A80C9546B88EDE5540C8EAB75AA9,Healthcare,healthcare
Adzuna,5845683188,Graphic Design Intern,CitrusCopy,"Hyderabad, Telangana","['India', 'Telangana', 'Hyderabad']",Hyderabad,17.40275,78.50806,,,0,contract,,Creative & Design Jobs,"About US: CitrusCopy is a Hyderabad-based digital growth studio working with 30 brands across D2C, healthcare, F&B, real estate, EdTech, and more. We don't just make content, we build growth engines. Fast-moving, founder-led, and obsessed with output quality. About the Role: We're looking for a creative and enthusiastic Graphic Design Intern to join our growing digital marketing agency. This internship offers an excellent opportunity to gain hands-on experience in branding, visual identity, dig…",2026-08-18T05:08:29Z,https://www.adzuna.in/land/ad/5845683188?se=fkQhN4ec8RGwBe63zKMEtw&utm_medium=api&utm_source=10d03a1b&v=386563D308B34E07F83982783FDBAF063631DD06,Healthcare,healthcare
Adzuna,5830417550,EDI Project Coordinator,ValueLabs,"Hyderabad, Telangana","['India', 'Telangana', 'Hyderabad']",Hyderabad,17.40275,78.50806,,,0,,,IT Jobs,"Job Description : We are seeking a highly organized and customer-focused EDI Project Coordinator to support the successful execution and day-to-day management of electronic data interchange (EDI) operations. This role acts as the primary coordination point between the internal EDI team, clients, carriers, and business stakeholders to ensure EDI files are transmitted, tracked, monitored, and resolved in a timely and accurate manner. The EDI Project Coordinator will oversee transaction monitoring…",2026-08-06T17:51:55Z,https://www.adzuna.in/land/ad/5830417550?se=fkQhN4ec8RGwBe63zKMEtw&utm_medium=api&utm_source=10d03a1b&v=EF3B852DA019229F932B0F5F01C0FDF1DA817A49,Healthcare,healthcare
Adzuna,5842102253,Healthcare Recruiter,Centstone HC,"Rajbolaram, Hyderabad","['India', 'Telangana', 'Hyderabad', 'Rajbolaram']",Hyderabad,17.45465,78.4585,,,0,,,HR & Recruitment Jobs,"Healthcare Recruiter US Healthcare Staffing Location: Begumpet, Hyderabad Onsite Experience: Minimum 2 years Position Type: Full-Time Responsibilities Source and recruit healthcare professionals for US staffing requirements. Screen candidates based on job requirements, experience, and qualifications. Manage candidate pipelines through ATS and recruitment platforms. Conduct initial candidate screening and coordinate interviews. Maintain accurate candidate records and recruitment documentation. W…",2026-08-14T23:46:24Z,https://www.adzuna.in/details/5842102253?utm_medium=api&utm_source=10d03a1b,Healthcare,healthcare
Adzuna,5829060774,Field Sales Executive,Curefit,"Hyderabad, Telangana","['India', 'Telangana', 'Hyderabad']",Hyderabad,17.40275,78.50806,,,0,,,Sales Jobs,"Curefit Healthcare Pvt Ltd, founded in 2016, is India’s largest fitness company and wellness platform. Cult, from the house of Curefit, was established with a mission to make fitness easy, fun and accessible to everyone, and has emerged as a community celebrating the joy of fitness. The brand today offers a range of fitness services ranging from group workouts, gyms and personalized fitness solutions, as well as an expansive selection of quality fitness products for the everyday athlete. The co…",2026-08-05T17:46:03Z,https://www.adzuna.in/land/ad/5829060774?se=fkQhN4ec8RGwBe63zKMEtw&utm_medium=api&utm_source=10d03a1b&v=1E61B376FF35557D2CABF1AFC0BFC80943391AAF,Healthcare,healthcare
Adzuna,5825920346,GCC Sales,LTM,"Hyderabad, Telangana","['India', 'Telangana', 'Hyderabad']",Hyderabad,17.40275,78.50806,,,0,,,Sales Jobs,"Role Overview: We are looking for a high-performing Account Manager with a strong hunter mindset to drive new business acquisition and expand strategic accounts. The role demands deep expertise in professional staffing and IT solutions sales, coupled with the ability to build and scale long-term client relationships. Key Responsibilities: Knack of identifying, engaging with leaders and opening new GCC accounts Drive new logo acquisition and revenue growth through proactive prospecting and consu…",2026-08-03T01:37:16Z,https://www.adzuna.in/land/ad/5825920346?se=fkQhN4ec8RGwBe63zKMEtw&utm_medium=api&utm_source=10d03a1b&v=D04063D3800ADB9DF56986663C166CA2D3DC6295,Healthcare,healthcare
Adzuna,4469563041,Healthcare Recruiter,Denken Solutions,"Hyderabad, Telangana","['India', 'Telangana', 'Hyderabad']",Hyderabad,17.40275,78.50806,350000.0,1100000.0,0,,full_time,HR & Recruitment Jobs,"Company Description Denken Solutions Inc. provides Staffing Services (IT, Engineering, and Healthcare), SAP Solutions, and Digital Transformation Services. The company is located in Hyderabad. Role Description This is a full-time on-site role for a Healthcare Recruiter. The Healthcare Recruiter will be responsible for staffing healthcare professionals, conducting interviews, building relationships with clients, and providing excellent customer service. Location: Hyderabad/ Noida Timing: 8:30 pm…",2023-12-08T15:10:43Z,https://www.adzuna.in/details/4469563041?utm_medium=api&utm_source=10d03a1b,Healthcare,healthcare
Adzuna,5845682754,Senior Graphic Designer,OwlSure,"Hyderabad, Telangana","['India', 'Telangana', 'Hyderabad']",Hyderabad,17.40275,78.50806,,,0,,,"PR, Advertising & Marketing Jobs","About OwlSure : OwlSure (A Business unit of ValueMomentum) enables Financial Services, Healthcare, and Life Insurance organizations to achieve value for their budgets, accelerate speed-to-market, and scale operations. Through thoughtfully designed solutions and highly automated managed services, we deliver reliable outcomes backed by deep technical expertise and a continuously optimized delivery platform. Key Responsibilities : Creative Development: Design marketing collateral including corpora…",2026-08-18T05:07:43Z,https://www.adzuna.in/land/ad/5845682754?se=fkQhN4ec8RGwBe63zKMEtw&utm_medium=api&utm_source=10d03a1b&v=969E461B3BFC101B5E61B91A53454EE7F9F0BD60,Healthcare,healthcare
Adzuna,5825674675,Program Manager,Curefit,"Hyderabad, Telangana","['India', 'Telangana', 'Hyderabad']",Hyderabad,17.40275,78.50806,,,0,,,"PR, Advertising & Marketing Jobs","About Cult : Curefit Healthcare Pvt Ltd, founded in 2016, is India’s largest fitness company and wellness platform. Cult, from the house of Curefit, was established with a mission to make fitness easy, fun and accessible to everyone, and has emerged as a community celebrating the joy of fitness. The brand today offers a range of fitness services ranging from group workouts, gyms and personalized fitness solutions, as well as an expansive selection of quality fitness products for the everyday at…",2026-08-02T17:34:21Z,https://www.adzuna.in/land/ad/5825674675?se=fkQhN4ec8RGwBe63zKMEtw&utm_medium=api&utm_source=10d03a1b&v=BA3800B2E7B5F089E37BD8E541BD6FCE724338CD,Healthcare,healthcare
Adzuna,5846664242,Customer Service Representative,Optum,"Hyderabad, Telangana","['India', 'Telangana', 'Hyderabad']",Hyderabad,17.40275,78.50806,,,0,contract,,Customer Services Jobs,"Client: OPTUM Joining Locations: Hyderabad Interview Process: In-person Walk-in Typing Test CAT Assessment Domain Round Drive Dates : Daily Walkin @ Artech Hyd Drive Timing : 10:00 AM to 1:00 PM Office Addresses : Hyderabad Office: Artech Infosystems Plot No. 118/1/14/C, Unit No. 332, 3rd Floor, DLF VC Silicon Towers, Kondapur, Hyderabad, Telangana – 500032 We are looking for a customer-focused Customer Service Representative (Chat Support) to deliver high-quality support through digital cha…",2026-08-18T17:11:01Z,https://www.adzuna.in/land/ad/5846664242?se=fkQhN4ec8RGwBe63zKMEtw&utm_medium=api&utm_source=10d03a1b&v=A7D5B5C425147529B1DEB0752738D4264989E0C7,Healthcare,healthcare
Adzuna,5831966409,Customer Service Representative,Artech L.L.C.,"Hyderabad, Telangana","['India', 'Telangana', 'Hyderabad']",Hyderabad,17.40275,78.50806,,,0,contract,,Customer Services Jobs,"Client: OPTUM Joining Locations: Hyderabad Interview Process: In-person Walk-in Typing Test CAT Assessment Domain Round Drive Dates : Daily Walkin @ Artech Hyd Drive Timing : 10:00 AM to 1:00 PM Office Addresses : Hyderabad Office: Artech Infosystems Plot No. 118/1/14/C, Unit No. 332, 3rd Floor, DLF VC Silicon Towers, Kondapur, Hyderabad, Telangana – 500032 We are looking for a customer-focused Customer Service Representative (Chat Support) to deliver high-quality support through digital cha…",2026-08-07T17:56:31Z,https://www.adzuna.in/land/ad/5831966409?se=fkQhN4ec8RGwBe63zKMEtw&utm_medium=api&utm_source=10d03a1b&v=C5D1A7D84FD055630F619023F7560AF4A6EAFADB,Healthcare,healthcare
Adzuna,5848120076,Business Development Manager(Event Management),Zigsaw,"Hyderabad, Telangana","['India', 'Telangana', 'Hyderabad']",Hyderabad,17.40275,78.50806,,,0,,,Sales Jobs,"Location: Hyderabad Department: Business Development & Client Servicing Industry: Event Management | Experiential Marketing | Corporate Events About the Role We are looking for a dynamic and result-oriented Business Development professional to drive new business opportunities and expand our corporate client base. The ideal candidate should have a passion for events, strong networking skills, and the ability to build long-term client relationships while achieving revenue targets. Key Responsibil…",2026-08-19T17:14:01Z,https://www.adzuna.in/land/ad/5848120076?se=fkQhN4ec8RGwBe63zKMEtw&utm_medium=api&utm_source=10d03a1b&v=64DC9AD549448AAB5BC1CDB0DAD0EEB88333BC24,Healthcare,healthcare
Adzuna,5812353434,Accordion India - Associate - Graphic Designer,Accordion India,"Hyderabad, Telangana","['India', 'Telangana', 'Hyderabad']",Hyderabad,17.40275,78.50806,,,0,,,"PR, Advertising & Marketing Jobs","Job description Company overview Accordion is a global financial consulting and technology firm helping CFOs and their teams drive value creation. Rooted in private equity rigor and powered by data, analytics, and AI, we partner with companies across industries to turn insight into impact. Accordion works at the intersection of Private Equity sponsors and portfolio companies’ management teams across every stage of the investment lifecycle. We provide hands-on, execution-oriented support, drivin…",2026-07-23T18:57:41Z,https://www.adzuna.in/land/ad/5812353434?se=fkQhN4ec8RGwBe63zKMEtw&utm_medium=api&utm_source=10d03a1b&v=CE11EB213D5CD81F9D8D95D9136720D2116E6ECE,Healthcare,healthcare
Adzuna,5803531133,US Healthcare Recruiter,Harmony United Psychiatric Care,"Golconda, Hyderabad","['India', 'Telangana', 'Hyderabad', 'Golconda']",Hyderabad,17.40032,78.40585,,,0,,,HR & Recruitment Jobs,"Job Title: US Healthcare Recruiter Location: Hyderabad, Telangana Company: Harmony United Medsolutions Pvt. Ltd. About Us Harmony United Medsolutions Pvt. Ltd. (HUMS) is a dynamic and innovative company dedicated to transforming the healthcare industry. As a trusted healthcare management partner with over nine years of experience, we specialize in end-to-end healthcare support services, including provider recruitment, medical billing, A/R management, credentialing, and healthcare operations. We…",2026-07-17T00:39:49Z,https://www.adzuna.in/details/5803531133?utm_medium=api&utm_source=10d03a1b,Healthcare,healthcare
Adzuna,5806510532,US Healthcare Recruiter,Harmony United Psychiatric Care,"Hyderabad, Telangana","['India', 'Telangana', 'Hyderabad']",Hyderabad,17.40275,78.50806,,,0,,full_time,HR & Recruitment Jobs,"Job Title: US Healthcare Recruiter Location: Hyderabad, Telangana Company: Harmony United Medsolutions Pvt. Ltd. About Us Harmony United Medsolutions Pvt. Ltd. (HUMS) is a dynamic and innovative company dedicated to transforming the healthcare industry. As a trusted healthcare management partner with over nine years of experience, we specialize in end-to-end healthcare support services, including provider recruitment, medical billing, A/R management, credentialing, and healthcare operations. We…",2026-07-19T03:20:59Z,https://www.adzuna.in/details/5806510532?utm_medium=api&utm_source=10d03a1b,Healthcare,healthcare
Adzuna,5834649821,Assessment Developer - English Language Specialist,Firstsource,"Hyderabad, Telangana","['India', 'Telangana', 'Hyderabad']",Hyderabad,17.40275,78.50806,,,0,,,IT Jobs,"About Company: RP Goenka Group is a diversified conglomerate with interests in sectors such as retail, Edtech IT, and infrastructure. The Group was established in its current form in 2011, but the Group has foundations of the Goenka family’s two centuries of illustrious history in Indian business. With a US $7 billion asset base and US $4.3 billion revenue, it is one of India’s fastest-growing conglomerates with a significant global presence . For more details, please visit the website - https:…",2026-08-09T18:11:19Z,https://www.adzuna.in/land/ad/5834649821?se=fkQhN4ec8RGwBe63zKMEtw&utm_medium=api&utm_source=10d03a1b&v=F1C9F87FCF87A15C953955955E6C984F9C370403,Healthcare,healthcare
Adzuna,5845682580,Team Lead,Firstsource,"Hyderabad, Telangana","['India', 'Telangana', 'Hyderabad']",Hyderabad,17.40275,78.50806,,,0,,,Customer Services Jobs,"Company Profile Firstsource Solutions Limited, an RP-Sanjiv Goenka Group company is a global leader providing business process solutions and services spanning the customer lifecycle across Healthcare, Banking and Financial Services, Communications, Media and Technology, Retail, and other diverse industries. With a global footprint across US, UK, India, Philippines, Mexico, Romania, Turkey, Trinidad & Tobago, South Africa, and Australia, they ‘make it happen’ for their clients, solving their big…",2026-08-18T05:07:22Z,https://www.adzuna.in/land/ad/5845682580?se=fkQhN4ec8RGwBe63zKMEtw&utm_medium=api&utm_source=10d03a1b&v=AC97FCF855DDFC9289F4CD33A7C12F7070EABDEB,Healthcare,healthcare
Adzuna,5812352075,Accordion India -Assistant Manager - Content Writer,Accordion India,"Hyderabad, Telangana","['India', 'Telangana', 'Hyderabad']",Hyderabad,17.40275,78.50806,,,0,,,"PR, Advertising & Marketing Jobs","Job description Company overview Accordion is a global financial consulting and technology firm helping CFOs and their teams drive value creation. Rooted in private equity rigor and powered by data, analytics, and AI, we partner with companies across industries to turn insight into impact. Accordion works at the intersection of Private Equity sponsors and portfolio companies’ management teams across every stage of the investment lifecycle. We provide hands-on, execution-oriented support, drivin…",2026-07-23T18:56:09Z,https://www.adzuna.in/land/ad/5812352075?se=fkQhN4ec8RGwBe63zKMEtw&utm_medium=api&utm_source=10d03a1b&v=224AA5C966B2F1F4F309DC5F018F9A5FA3F8F485,Healthcare,healthcare
Adzuna,5812350963,Integrated Media Planner (2-4 Years),Omnicom Global Solutions,"Hyderabad, Telangana","['India', 'Telangana', 'Hyderabad']",Hyderabad,17.40275,78.50806,,,0,,full_time,"PR, Advertising & Marketing Jobs","About Omnicom Global Solutions Omnicom Global Solutions (OGS) is an integral part of Omnicom Group, a leading global marketing and corporate communications company. Omnicom’s branded networks and specialty firms deliver advertising, strategic media planning and buying, digital and interactive marketing, direct and promotional marketing, public relations, and other specialized communication solutions to over 5,000 clients across more than 70 countries. OGS India serves as a key global capability…",2026-07-23T18:55:29Z,https://www.adzuna.in/land/ad/5812350963?se=fkQhN4ec8RGwBe63zKMEtw&utm_medium=api&utm_source=10d03a1b&v=3B8180B0742C20A5E87ED3EAB04B3CBDE532FB5C,Healthcare,healthcare
Adzuna,5300412842,Medical representative,VERTO BIZSERV,"Hyderabad, Telangana","['India', 'Telangana', 'Hyderabad']",Hyderabad,17.40275,78.50806,250000.0,300000.0,0,,full_time,Sales Jobs,"HIRING NOW TRAINEE MEDICAL REPRESENTATIVES (TMR) PAN India | Training in Gurgaon (Mandatory) Eligibility: ✔️ B.Sc. / B.Pharma graduates ✔️ Age: Freshers ✔️ Min. 3 months pharma sales exp. (preferred) Only 1 pharma company experience allowed Only male candidates eligible Responsibilities: Promote pharma brands to doctors Generate prescriptions & maintain rapport Salary: ₹25,000 per month Training Stipend: ₹175/day for 27 Days Travel expenses for training covered Benefits: ✔️ Medclaim – …",2025-07-13T07:48:48Z,https://www.adzuna.in/details/5300412842?utm_medium=api&utm_source=10d03a1b,Healthcare,medical representative
Adzuna,5744026656,Medical Devices Sales Representative,ABABIL HEALTHCARE,"Hyderabad, Telangana","['India', 'Telangana', 'Hyderabad']",Hyderabad,17.40275,78.50806,,,0,,,Sales Jobs,"We are Hiring Medical Devices Sales Representative Contact :Akash (HR) 7824848607 Greetings from Ababil Healthcare Pvt Ltd We are currently hiringSales Engineersfor our Medical Equipment & Devices division. If you have a background in medical device sales or are a recent Biomedical graduate eager to begin a career in this exciting field, we encourage you to apply. Available Position:- Sales Engineer:- Medical Devices Sales Representative Location:- Hyderabad Eligibility & Requirements: Key Resp…",2026-05-29T05:57:00Z,https://www.adzuna.in/details/5744026656?utm_medium=api&utm_source=10d03a1b,Healthcare,medical representative
Adzuna,5840506367,Field Sales Executive,Andromeda Sales & Distribution Pvt Ltd,"Hyderabad, Telangana","['India', 'Telangana', 'Hyderabad']",Hyderabad,17.40275,78.50806,,,0,permanent,full_time,Sales Jobs,"This job is provided by apna.co Candidate must have Field sales experience in Finance, Insurance, Real Estate, Distributors Need to source the Loan Files from the Market. Can promote All Loan products Like Home Loan, Mortgage Loan, Business Loan, As well as Insurance and Mutual Funds. Already Have experience in B2B sales and services and good relationship, Banking, Fintech, payment services preferable Phone Pay , G pay, Paytm Sales Person are first priority FMCG & Pharma Distributor sales Perso…",2026-08-13T21:49:21Z,https://www.adzuna.in/details/5840506367?utm_medium=api&utm_source=10d03a1b,Healthcare,medical representative
Adzuna,5848053731,Therapy Business Manager,Bayer,"Hyderabad, Telangana","['India', 'Telangana', 'Hyderabad']",Hyderabad,17.40275,78.50806,,,0,,full_time,Sales Jobs,"At Bayer we’re visionaries, driven to solve the world’s toughest challenges and striving for a world where ,Health for all, Hunger for none’ is no longer a dream, but a real possibility. We’re doing it with energy, curiosity and sheer dedication, always learning from unique perspectives of those around us, expanding our thinking, growing our capabilities and redefining ‘impossible’. There are so many reasons to join us. If you’re hungry to build a varied and meaningful career in a community of …",2026-08-19T16:03:19Z,https://www.adzuna.in/details/5848053731?utm_medium=api&utm_source=10d03a1b,Healthcare,medical representative
Adzuna,5756587449,Associate Director Program Data Delivery,Amgen,"Hyderabad, Telangana","['India', 'Telangana', 'Hyderabad']",Hyderabad,17.40275,78.50806,,,0,,full_time,Scientific & QA Jobs,"Career Category Clinical Development Job Description ABOUT AMGEN Amgen harnesses the best of biology and technology to fight the world’s toughest diseases, and make people’s lives easier, fuller and longer. We discover, develop, manufacture and deliver innovative medicines to help millions of patients. Amgen helped establish the biotechnology industry more than 40 years ago and remains on the cutting-edge of innovation, using technology and human genetic data to push beyond what’s known today. …",2026-06-09T02:13:07Z,https://www.adzuna.in/details/5756587449?utm_medium=api&utm_source=10d03a1b,Healthcare,medical representative
Adzuna,5756915645,Associate Director Program Data Delivery,Amgen,"Hyderabad, Telangana","['India', 'Telangana', 'Hyderabad']",Hyderabad,17.40275,78.50806,,,0,,,Scientific & QA Jobs,"ABOUT AMGEN Amgen harnesses the best of biology and technology to fight the world's toughest diseases, and make people's lives easier, fuller and longer. We discover, develop, manufacture and deliver innovative medicines to help millions of patients. Amgen helped establish the biotechnology industry more than 40 years ago and remains on the cutting-edge of innovation, using technology and human genetic data to push beyond what's known today. ABOUT THE ROLE Role Description: The Associate Direct…",2026-06-09T10:18:04Z,https://www.adzuna.in/details/5756915645?utm_medium=api&utm_source=10d03a1b,Healthcare,medical representative
Adzuna,5828603284,Head,Kamineni Hospitals Private Limited,"Hyderabad, Telangana","['India', 'Telangana', 'Hyderabad']",Hyderabad,17.40275,78.50806,,,0,,,Healthcare & Nursing Jobs,"Leadership and Strategy: Lead the medical department, providing strategic direction for clinical operations, patient care, and medical services. Collaborate with senior leadership to define and implement the organization's medical and clinical strategy. Align medical practices with the organization's mission, vision, and goals. Policy Development and Compliance: Develop and implement medical policies, procedures, and protocols to ensure compliance with regulatory standards and organizational go…",2026-08-05T07:25:15Z,https://www.adzuna.in/details/5828603284?utm_medium=api&utm_source=10d03a1b,Healthcare,medical representative
Adzuna,5805828986,Senior Manager - Commercial Forecasting,Amgen,"Hyderabad, Telangana","['India', 'Telangana', 'Hyderabad']",Hyderabad,17.40275,78.50806,,,0,,,Sales Jobs,"Senior Manager - Commercial Forecasting & Analytics, BAI Role Name: Sr Manager of Forecasting & Analytics, BAI Department Name: Business Analytics and Insights (BAI) Role GCF: 6 ABOUT AMGEN Amgen is committed to unlocking the potential of biology for patients suffering from serious illnesses by discovering, developing, manufacturing, and delivering innovative human therapeutics. This approach begins by using tools like advanced human genetics to unravel the complexities of disease and understan…",2026-07-18T10:43:33Z,https://www.adzuna.in/details/5805828986?utm_medium=api&utm_source=10d03a1b,Healthcare,medical representative
Adzuna,5803792991,Senior Manager - Commercial Forecasting,Amgen,"Hyderabad, Telangana","['India', 'Telangana', 'Hyderabad']",Hyderabad,17.40275,78.50806,,,0,,full_time,Sales Jobs,"Career Category Sales & Marketing Operations Job Description Senior Manager – Commercial Forecasting & Analytics, BAI Role Name: Sr Manager of Forecasting & Analytics, BAI Department Name: Business Analytics and Insights (BAI) Role GCF: 6 ABOUT AMGEN Amgen is committed to unlocking the potential of biology for patients suffering from serious illnesses by discovering, developing, manufacturing, and delivering innovative human therapeutics. This approach begins by using tools like advanced human …",2026-07-17T03:17:36Z,https://www.adzuna.in/details/5803792991?utm_medium=api&utm_source=10d03a1b,Healthcare,medical representative
Adzuna,5700261392,Medical Coder,Harmony United Psychiatric Care,"Golconda, Hyderabad","['India', 'Telangana', 'Hyderabad', 'Golconda']",Hyderabad,17.40032,78.40585,,,0,,,IT Jobs,"Job Title: Medical Coder Location: Hyderabad, Telangana Company: Harmony United Medsolutions Pvt. Ltd. About Us: Harmony United Medsolutions Pvt. Ltd. [HUMS] is a dynamic and innovative company dedicated to revolutionizing the Healthcare Industry. We at HUMS take pride in being a reliable partner as a Healthcare Management Company. With nine years of experience, we have perfected our end-to-end services in medical billing, A.R. management, and other essential healthcare facets. We provide our s…",2026-04-15T19:30:53Z,https://www.adzuna.in/details/5700261392?utm_medium=api&utm_source=10d03a1b,Healthcare,medical coder
Adzuna,5672756177,Medical Coder,Harmony United Psychiatric Care,"Golconda, Hyderabad","['India', 'Telangana', 'Hyderabad', 'Golconda']",Hyderabad,17.40032,78.40585,,,0,,,IT Jobs,"Job Title: Medical Coder Location: Hyderabad, Telangana Company: Harmony United Medsolutions Pvt. Ltd. About Us: Harmony United Medsolutions Pvt. Ltd. [HUMS] is a dynamic and innovative company dedicated to revolutionizing the Healthcare Industry. We at HUMS take pride in being a reliable partner as a Healthcare Management Company. With nine years of experience, we have perfected our end-to-end services in medical billing, A.R. management, and other essential healthcare facets. We provide our s…",2026-03-20T09:55:04Z,https://www.adzuna.in/details/5672756177?utm_medium=api&utm_source=10d03a1b,Healthcare,medical coder
Adzuna,5737156859,Medical Coder,Harmony United Psychiatric Care,"Golconda, Hyderabad","['India', 'Telangana', 'Hyderabad', 'Golconda']",Hyderabad,17.40032,78.40585,,,0,,,IT Jobs,"Job Title: Medical Coder Location: Hyderabad, Telangana Company: Harmony United Medsolutions Pvt. Ltd. About Us: Harmony United Medsolutions Pvt. Ltd. [HUMS] is a dynamic and innovative company dedicated to revolutionizing the Healthcare Industry. We at HUMS take pride in being a reliable partner as a Healthcare Management Company. With nine years of experience, we have perfected our end-to-end services in medical billing, A.R. management, and other essential healthcare facets. We provide our s…",2026-05-22T07:27:05Z,https://www.adzuna.in/details/5737156859?utm_medium=api&utm_source=10d03a1b,Healthcare,medical coder
Adzuna,5703944202,Medical Coder,Harmony United Psychiatric Care,"Hyderabad, Telangana","['India', 'Telangana', 'Hyderabad']",Hyderabad,17.40275,78.50806,,,0,,full_time,IT Jobs,"Job Title: Medical Coder Location: Hyderabad, Telangana Company: Harmony United Medsolutions Pvt. Ltd. About Us: Harmony United Medsolutions Pvt. Ltd. [HUMS] is a dynamic and innovative company dedicated to revolutionizing the Healthcare Industry. We at HUMS take pride in being a reliable partner as a Healthcare Management Company. With nine years of experience, we have perfected our end-to-end services in medical billing, A.R. management, and other essential healthcare facets. We provide our s…",2026-04-19T02:05:02Z,https://www.adzuna.in/details/5703944202?utm_medium=api&utm_source=10d03a1b,Healthcare,medical coder
Adzuna,5674449457,Medical Coder,Harmony United Psychiatric Care,"Hyderabad, Telangana","['India', 'Telangana', 'Hyderabad']",Hyderabad,17.40275,78.50806,,,0,,full_time,IT Jobs,"Job Title: Medical Coder Location: Hyderabad, Telangana Company: Harmony United Medsolutions Pvt. Ltd. About Us: Harmony United Medsolutions Pvt. Ltd. [HUMS] is a dynamic and innovative company dedicated to revolutionizing the Healthcare Industry. We at HUMS take pride in being a reliable partner as a Healthcare Management Company. With nine years of experience, we have perfected our end-to-end services in medical billing, A.R. management, and other essential healthcare facets. We provide our s…",2026-03-22T01:35:18Z,https://www.adzuna.in/details/5674449457?utm_medium=api&utm_source=10d03a1b,Healthcare,medical coder
Adzuna,5782688563,Medical Coder,CorroHealth,"Hyderabad, Telangana","['India', 'Telangana', 'Hyderabad']",Hyderabad,17.40275,78.50806,,,0,,,Healthcare & Nursing Jobs,"Minimum 1 years of Medical Coding Experience. Strong Knowledge on coding appropriate ICDs, CPTs and HCPC Codes. Strong Knowledge to ensure in assign codes based on coding and customer guidelines. Hands – on Knowledge in CCI edits, LCD, NCD coverage determination etc. Strong Knowledge in Medical terminology, Human Anatomy and Physiology Knowledge of coding all CPT's related to Simple Procedures - Both Pro/ Fac Laceration repair Incision and Drainage Foreign body removal Splint Fracture reduction…",2026-07-01T07:16:40Z,https://www.adzuna.in/details/5782688563?utm_medium=api&utm_source=10d03a1b,Healthcare,medical coder
Adzuna,5738419004,Medical Coder - Multispecialty,UnitedHealth Group,"Hyderabad, Telangana","['India', 'Telangana', 'Hyderabad']",Hyderabad,17.40275,78.50806,,,0,,,Healthcare & Nursing Jobs,"Requisition number: 2365799 Job category: Medical & Clinical Operations Optum is a global organization that delivers care, aided by technology to help millions of people live healthier lives. The work you do with our team will directly improve health outcomes by connecting people with the care, pharmacy benefits, data and resources they need to feel their best. Here, you will find a culture guided by inclusion, talented peers, comprehensive benefits and career development opportunities. Come ma…",2026-05-23T10:17:48Z,https://www.adzuna.in/details/5738419004?utm_medium=api&utm_source=10d03a1b,Healthcare,medical coder
Adzuna,5822060916,Senior Medical Coder - ED & E/M,UnitedHealth Group,"Hyderabad, Telangana","['India', 'Telangana', 'Hyderabad']",Hyderabad,17.40275,78.50806,,,0,,,IT Jobs,"Requisition number: 2378314 Job category: Medical & Clinical Operations Optum is a global organization that delivers care, aided by technology to help millions of people live healthier lives. The work you do with our team will directly improve health outcomes by connecting people with the care, pharmacy benefits, data and resources they need to feel their best. Here, you will find a culture guided by inclusion, talented peers, comprehensive benefits and career development opportunities. Come ma…",2026-07-31T10:55:59Z,https://www.adzuna.in/details/5822060916?utm_medium=api&utm_source=10d03a1b,Healthcare,medical coder
Adzuna,5798558281,SPE-Medical Coding HC,Cognizant,"Hyderabad, Telangana","['India', 'Telangana', 'Hyderabad']",Hyderabad,17.40275,78.50806,,,0,,,Accounting & Finance Jobs,Job Summary Seeking a medical coder who is able to process back-end coding claim edits. Responsibilities Review and troubleshoot problematic/denied claims errors- investigate and correct/rebill claims electronically Research claim/account and medical documentation to determine claim and billing errors Must adhere to production and quality standards Extensive knowledge of CPT HCPCS procedure code and ICD-10 coding methodologies Knowledge of hospital billing requirements including UB04 revenue co…,2026-07-13T10:42:01Z,https://www.adzuna.in/details/5798558281?utm_medium=api&utm_source=10d03a1b,Healthcare,medical coder
Adzuna,5576173490,Medical Coding - Certified Freshers (IP & OP),R1,"Hyderabad, Telangana","['India', 'Telangana', 'Hyderabad']",Hyderabad,17.40275,78.50806,,,0,,full_time,Healthcare & Nursing Jobs,"Who we are: R1 is the leading provider of technology-driven solutions that transform the patient experience and financial performance of hospitals, health systems and medical groups. We are the one company that combines the deep expertise of a global workforce of revenue cycle professionals with the industry’s most advanced technology platform, encompassing sophisticated analytics, AI, intelligent automation and workflow orchestration. With over 30,000 employees globally and a robust presence i…",2026-01-10T00:09:54Z,https://www.adzuna.in/details/5576173490?utm_medium=api&utm_source=10d03a1b,Healthcare,medical coder
Adzuna,5782688488,ED Facility Coders,CorroHealth,"Hyderabad, Telangana","['India', 'Telangana', 'Hyderabad']",Hyderabad,17.40275,78.50806,,,0,,,Scientific & QA Jobs,"Description We are seeking an experienced ED Facility Coder to join our team in Bangalore. The ideal candidate will have a strong background in medical coding, specifically within the emergency department, and will be responsible for ensuring accurate coding of medical records. Responsibilities Review and analyze emergency department medical records for accurate coding. Assign appropriate ICD-10, CPT, and HCPCS codes to diagnoses and procedures. Ensure compliance with coding guidelines and regu…",2026-07-01T07:16:33Z,https://www.adzuna.in/details/5782688488?utm_medium=api&utm_source=10d03a1b,Healthcare,medical coder
Adzuna,5572997377,Medical Coding - Certified Freshers (IP & OP),R1 RCM,"Hyderabad, Telangana","['India', 'Telangana', 'Hyderabad']",Hyderabad,17.40275,78.50806,,,0,,,Healthcare & Nursing Jobs,"Who we are: R1 is the leading provider of technology-driven solutions that transform the patient experience and financial performance of hospitals, health systems and medical groups. We are the one company that combines the deep expertise of a global workforce of revenue cycle professionals with the industry's most advanced technology platform, encompassing sophisticated analytics, AI, intelligent automation and workflow orchestration. With over 30,000 employees globally and a robust presence i…",2026-01-08T08:34:36Z,https://www.adzuna.in/details/5572997377?utm_medium=api&utm_source=10d03a1b,Healthcare,medical coder
Adzuna,5735404430,Medical Coding - OP,R1,"Hyderabad, Telangana","['India', 'Telangana', 'Hyderabad']",Hyderabad,17.40275,78.50806,,,0,,full_time,Healthcare & Nursing Jobs,"R1 RCM India is proud to be recognized amongst India's Top 50 Best Companies to Work For™ 2023 by Great Place To Work® Institute. We are committed to transforming the healthcare industry with our innovative revenue cycle management services. Our goal is to ‘make healthcare simpler’ and enable efficiency for healthcare systems, hospitals, and physician practices. With over 30,000 employees globally, we are about 14,000 strong in India with offices in Delhi NCR, Hyderabad, Bangalore, and Chennai.…",2026-05-21T02:03:22Z,https://www.adzuna.in/details/5735404430?utm_medium=api&utm_source=10d03a1b,Healthcare,medical coder
Adzuna,5566751978,Medical Coding - OP,R1 RCM,"Hyderabad, Telangana","['India', 'Telangana', 'Hyderabad']",Hyderabad,17.40275,78.50806,,,0,,,Healthcare & Nursing Jobs,"R1 RCM India is proud to be recognized amongst India's Top 50 Best Companies to Work For 2023 by Great Place To Work® Institute. We are committed to transforming the healthcare industry with our innovative revenue cycle management services. Our goal is to 'make healthcare simpler' and enable efficiency for healthcare systems, hospitals, and physician practices. With over 30,000 employees globally, we are about 14,000 strong in India with offices in Delhi NCR, Hyderabad, Bangalore, and Chennai. …",2026-01-04T09:07:37Z,https://www.adzuna.in/details/5566751978?utm_medium=api&utm_source=10d03a1b,Healthcare,medical coder
Adzuna,5163042151,Medical Coding OP - HYD,R1,"Hyderabad, Telangana","['India', 'Telangana', 'Hyderabad']",Hyderabad,17.40275,78.50806,,,0,,full_time,Healthcare & Nursing Jobs,"About R1 RCM: R1 is a leading provider of technology-driven solutions that help hospitals and health systems to manage their financial systems and improve patients’ experience. We are the one company that combines the deep expertise of a global workforce of revenue cycle professionals with the industry's most advanced technology platform, encompassing sophisticated analytics, Al, intelligent automation and workflow orchestration. R1 is a place where we think boldly to create opportunities for e…",2025-04-26T02:00:39Z,https://www.adzuna.in/details/5163042151?utm_medium=api&utm_source=10d03a1b,Healthcare,medical coder
Adzuna,5400411036,Medical Coding - OP,R1,"Hyderabad, Telangana","['India', 'Telangana', 'Hyderabad']",Hyderabad,17.40275,78.50806,,,0,,full_time,Healthcare & Nursing Jobs,"About US: R1 is a leading provider of technology-driven solutions that help hospitals and health systems to manage their financial systems and improve patients’ experience. We are the one company that combines the deep expertise of a global workforce of revenue cycle professionals with the industry's most advanced technology platform, encompassing sophisticated analytics, Al, intelligent automation and workflow orchestration. R1 is a place where we think boldly to create opportunities for every…",2025-09-15T23:27:37Z,https://www.adzuna.in/details/5400411036?utm_medium=api&utm_source=10d03a1b,Healthcare,medical coder
Adzuna,5464941867,Medical Coding - OP,R1 RCM,"Hyderabad, Telangana","['India', 'Telangana', 'Hyderabad']",Hyderabad,17.40275,78.50806,,,0,,,Healthcare & Nursing Jobs,"About US: R1 is a leading provider of technology-driven solutions that help hospitals and health systems to manage their financial systems and improve patients' experience. We are the one company that combines the deep expertise of a global workforce of revenue cycle professionals with the industry's most advanced technology platform, encompassing sophisticated analytics, Al, intelligent automation and workflow orchestration. R1 is a place where we think boldly to create opportunities for every…",2025-10-26T11:06:53Z,https://www.adzuna.in/details/5464941867?utm_medium=api&utm_source=10d03a1b,Healthcare,medical coder
Adzuna,5464941863,Medical Coding OP - HYD,R1 RCM,"Hyderabad, Telangana","['India', 'Telangana', 'Hyderabad']",Hyderabad,17.40275,78.50806,,,0,,,Healthcare & Nursing Jobs,"About R1 RCM: R1 is a leading provider of technology-driven solutions that help hospitals and health systems to manage their financial systems and improve patients' experience. We are the one company that combines the deep expertise of a global workforce of revenue cycle professionals with the industry's most advanced technology platform, encompassing sophisticated analytics, Al, intelligent automation and workflow orchestration. R1 is a place where we think boldly to create opportunities for e…",2025-10-26T11:06:53Z,https://www.adzuna.in/details/5464941863?utm_medium=api&utm_source=10d03a1b,Healthcare,medical coder
Adzuna,5798558291,SPE-Medical Coding HC,Cognizant,"Hyderabad, Telangana","['India', 'Telangana', 'Hyderabad']",Hyderabad,17.40275,78.50806,,,0,,,IT Jobs,Job Summary This hybrid role is for a skilled medical coding specialist who supports high quality healthcare products through accurate clinical data translation and validation. The specialist applies medical coding expertise to maintain coding integrity improve claims efficiency and enhance patient centric solutions while collaborating with cross functional teams in a structured day shift environment without travel. Responsibilities Review medical records from diverse healthcare products to as…,2026-07-13T10:42:01Z,https://www.adzuna.in/details/5798558291?utm_medium=api&utm_source=10d03a1b,Healthcare,medical coder
Adzuna,5828880817,Doctor,Happiest Resume,"Kochi, Ernakulam","['India', 'Kerala', 'Ernakulam', 'Kochi']",Kochi,9.98011,76.24637,100000.0,300000.0,0,,full_time,Healthcare & Nursing Jobs,"Key Responsibilities Examine patients, assess medical conditions, and diagnose illnesses accurately Prescribe and administer appropriate medications and treatments Provide emergency and routine medical care as required Maintain detailed and accurate patient medical records Educate patients and families on health conditions, treatment plans, and preventive care Collaborate with nurses, specialists, and healthcare staff for patient care",2026-08-05T14:48:05Z,https://www.adzuna.in/details/5828880817?utm_medium=api&utm_source=10d03a1b,Healthcare,doctor
Adzuna,5758413508,Physiotherapist,2coms,"Kochi, Ernakulam","['India', 'Kerala', 'Ernakulam', 'Kochi']",Kochi,9.96683,76.2508,,,0,permanent,full_time,Healthcare & Nursing Jobs,"Job Title: Physiotherapist Experience Required: Minimum 2 years of experience as a Physiotherapist. Key Responsibilities Assess patients’ physical condition, mobility limitations, and functional abilities Develop and implement individualized treatment plans tailored to patient needs Perform therapeutic exercises, manual therapy, electrotherapy, and other physiotherapy techniques Monitor patient progress and adjust treatment plans as needed Educate patients and caregivers on home exercise routin…",2026-06-10T17:03:17Z,https://www.adzuna.in/details/5758413508?utm_medium=api&utm_source=10d03a1b,Healthcare,doctor
Adzuna,5839541079,Digital Marketing Manager,Hirestar job Bank,"Kochi, Ernakulam","['India', 'Kerala', 'Ernakulam', 'Kochi']",Kochi,9.98011,76.24637,800000.0,900000.0,0,,,"PR, Advertising & Marketing Jobs","Position: Digital Marketing Manager Department: Sales & Marketing Reporting To: General Manager / Top Management Location: Central Office (Managing Multi-Branch Operations) Compensation: Competitive Base Salary Performance-Based Incentives Role Summary We are seeking a high-energy, performance-driven Digital Marketing Manager to oversee and unify our end-to-end marketing, lead generation, and patient acquisition strategy across all hospital branches. This hybrid role bridges corporate brand-bu…",2026-08-13T10:54:35Z,https://www.adzuna.in/details/5839541079?utm_medium=api&utm_source=10d03a1b,Healthcare,doctor
Adzuna,5828880639,Industrial Staff Nurse & FMO / Medical Officer,Happiest Resume,"Kochi, Ernakulam","['India', 'Kerala', 'Ernakulam', 'Kochi']",Kochi,9.98011,76.24637,20000.0,100000.0,0,,full_time,Healthcare & Nursing Jobs,"We are seeking an experienced Industrial Staff Nurse & FMO / Medical Officer to join our team. The successful candidate will be responsible for providing medical care and support to employees, conducting health assessments, and implementing wellness programs. The ideal candidate will have strong clinical skills, excellent communication, and emergency response capabilities. This is a full-time position that requires immediate joiners. The Industrial Staff Nurse & FMO / Medical Officer will be re…",2026-08-05T14:47:59Z,https://www.adzuna.in/details/5828880639?utm_medium=api&utm_source=10d03a1b,Healthcare,medical officer
Adzuna,5828880718,Industrial Staff Nurse,Happiest Resume,"Kochi, Ernakulam","['India', 'Kerala', 'Ernakulam', 'Kochi']",Kochi,9.98011,76.24637,30000.0,100000.0,0,,full_time,Healthcare & Nursing Jobs,"We are seeking an experienced Industrial Staff Nurse & FMO/Medical Officer to join our team. The successful candidate will be responsible for providing first aid, conducting health assessments, and implementing health awareness and wellness programs. The role requires strong clinical and nursing skills, excellent communication and interpersonal abilities, and the ability to handle emergencies efficiently. The ideal candidate will have a B.Sc Nursing / GNM / ANM qualification and a valid registr…",2026-08-05T14:48:01Z,https://www.adzuna.in/details/5828880718?utm_medium=api&utm_source=10d03a1b,Healthcare,medical officer
Adzuna,5828880435,nursing,Happiest Resume,"Kochi, Ernakulam","['India', 'Kerala', 'Ernakulam', 'Kochi']",Kochi,9.98011,76.24637,10000.0,100000.0,0,,full_time,Healthcare & Nursing Jobs,"Position - Industrial Staff Nurse Exp -1yrs Qualification-Bsc Nursing/GNM/ANM Immediate joiners Required Must have Registration Certificate Key Responsibilities: Medical Care: Provide first aid, CPR, and manage medical emergencies. Health Monitoring: Conduct health assessments and maintain medical records. Health Promotion: Implement wellness programs and educate employees on health practices. Safety Collaboration: Work with the Health and Safety team to identify and mitigate workplace hazards.…",2026-08-05T14:47:53Z,https://www.adzuna.in/details/5828880435?utm_medium=api&utm_source=10d03a1b,Healthcare,medical officer
Adzuna,5505311553,3838888-Assistant Manager,EXL,"Kochi, Ernakulam","['India', 'Kerala', 'Ernakulam', 'Kochi']",Kochi,9.98011,76.24637,,,0,,full_time,Healthcare & Nursing Jobs,"Description Physicians reviewers - AM Overview: Physician with minimum 1 year of clinical experience and skillset, to review the clinical information/medical record and summarize relevant clinical information based on set of guidelines/criteria. Qualifications: MBBS in India or MD (foreign medical graduates) MCI license – preferred, not mandatory Prior experience with US health care preferred (not mandatory) Computer literate (MS Word, Excel, PPT) Experience: Clinical experience: Minimum 1 year…",2025-11-20T22:23:58Z,https://www.adzuna.in/details/5505311553?utm_medium=api&utm_source=10d03a1b,Healthcare,physician
Adzuna,5806556423,Lead Assistant Manager-Training & Quality,EXL,"Kochi, Ernakulam","['India', 'Kerala', 'Ernakulam', 'Kochi']",Kochi,9.98011,76.24637,,,0,,full_time,IT Jobs,"Description Training Program Management: Design, develop, and implement training strategies and programs tailored to surgery coding and coding audit teams. Conduct strategic needs analyses to identify skill gaps and develop training plans that address these gaps effectively. Develop comprehensive training modules, presentations, and learning materials based on current procedural terminology (CPT), ICD-10-CM, and HCPCS coding guidelines. Ensure training materials and processes reflect the latest…",2026-07-19T03:33:22Z,https://www.adzuna.in/details/5806556423?utm_medium=api&utm_source=10d03a1b,Healthcare,physician
Adzuna,5822021261,Genetic Counselor,Hirestar job Bank,"Kochi, Ernakulam","['India', 'Kerala', 'Ernakulam', 'Kochi']",Kochi,9.98011,76.24637,300000.0,600000.0,0,,,Healthcare & Nursing Jobs,"Job Description – Genetic Counselor Field Details Position Title Genetic Counselor Department Clinical Genetics / Genetic Counseling Services Reporting To Head of Department – Genetics / Medical Director / Consultant Clinical Geneticist Employment Type Fulltime Job Summary The Genetic Counselor is responsible for providing comprehensive pre and post test genetic counseling services to patients and families by collecting, analyzing, and interpreting detailed personal, medical, and family histori…",2026-07-31T10:43:22Z,https://www.adzuna.in/details/5822021261?utm_medium=api&utm_source=10d03a1b,Healthcare,physician
Adzuna,5680961222,Manager Clinical Data Management,IQVIA India,"Kochi, Ernakulam","['India', 'Kerala', 'Ernakulam', 'Kochi']",Kochi,9.98011,76.24637,,,0,,,Scientific & QA Jobs,"Title : Manager, CDM Location: Kochi,Kerala (office based) Experience: 12–15 years in Clinical Data Management Leadership: Minimum 3 years managing teams of 10–15 professionals Job Overview Manage and support team of Data Management professionals to efficiently produce databases that meet customer requirements. Essential Functions • Provide expert review and guidance for production of Data Management deliverables including CRF/e-CRF, database design and set-up, validation definition and progra…",2026-03-28T09:45:57Z,https://www.adzuna.in/land/ad/5680961222?se=Ml2bQIec8RGgd9X26G9YQA&utm_medium=api&utm_source=10d03a1b&v=90AF69E7C93FCFEFABF3C70C9FF4DB636CF03C80,Healthcare,clinical
Adzuna,5848119757,Malayali Psychologist,ElloMind,"Kochi, Ernakulam","['India', 'Kerala', 'Ernakulam', 'Kochi']",Kochi,9.98011,76.24637,,,0,,full_time,Healthcare & Nursing Jobs,"We're hiring: Psychologist (Malayalam & English) (Full-Time, On-Site – Kochi) About ElloMind ElloMind is a people-first mental health platform offering accessible, high-quality therapy services for individuals and families. Rooted in cultural sensitivity and clinical excellence, we provide therapy in Malayalam and English through a trusted team of qualified psychologists. Our mission is to normalize mental health conversations, reduce stigma, and offer compassionate, evidence-based care for con…",2026-08-19T17:13:16Z,https://www.adzuna.in/land/ad/5848119757?se=Ml2bQIec8RGgd9X26G9YQA&utm_medium=api&utm_source=10d03a1b&v=BFD018AADFCB10AFE4595D4B54DA421743BF6934,Healthcare,clinical
Adzuna,5794280089,Speech Therapist,Unfold Learning Studio,"Kochi, Ernakulam","['India', 'Kerala', 'Ernakulam', 'Kochi']",Kochi,9.98011,76.24637,,,0,,,Teaching Jobs,"At Unfold, we don't try to fix how a child communicates. We learn alongside them, and we're building a team that believes the same. We are a new, neurodiversity-affirming learning centre based in Kochi, supporting students from LKG to Grade 12 with learning disabilities, ADHD, autism, and speech & language differences. We are growing — and we're looking for someone who wants to grow with us. This isn't just a clinical role. It's a chance to be part of something being built with intention — wher…",2026-07-09T22:16:35Z,https://www.adzuna.in/land/ad/5794280089?se=Ml2bQIec8RGgd9X26G9YQA&utm_medium=api&utm_source=10d03a1b&v=EB3B606CA884A43690E0C136036242020E41412B,Healthcare,clinical
Adzuna,5822021219,Clinical Trial Coordinator,Hirestar job Bank,"Kochi, Ernakulam","['India', 'Kerala', 'Ernakulam', 'Kochi']",Kochi,9.98011,76.24637,300000.0,600000.0,0,,,Scientific & QA Jobs,"Clinical Trial Coordinator - Job Description Particulars Details Job Title Clinical Trial Coordinator Department Clinical Research / Academic & Research Department Reporting To Principal Investigator / Head of Research / Medical Director Location Hospital / Research Centre Employment Type Full-Time Qualification Masters in Clinical Trial Management/Clinical research Job Purpose Coordinate and manage pharma-company-based clinical trials while supporting DNB, Fellowship and postgraduate thesis ac…",2026-07-31T10:43:20Z,https://www.adzuna.in/details/5822021219?utm_medium=api&utm_source=10d03a1b,Healthcare,clinical
Adzuna,5793787258,Clinical Data Management,IQVIA,"Kochi, Ernakulam","['India', 'Kerala', 'Ernakulam', 'Kochi']",Kochi,9.98011,76.24637,,,0,,,Scientific & QA Jobs,"Job Overview Manage end-to-end delivery of data management services for single/multi-service projects with minimal guidance, ensuring quality deliverables on time and within budget, to customer satisfaction. Provide comprehensive data management expertise to Data Management (DM) team to provide high quality data management products that meet customer needs. Provide leadership to the team in the areas of project planning, execution, and close-out; Overview of financial management for data manage…",2026-07-09T10:42:07Z,https://www.adzuna.in/details/5793787258?utm_medium=api&utm_source=10d03a1b,Healthcare,clinical
Adzuna,5841440359,Clinical DB Designer,IQVIA,"Kochi, Ernakulam","['India', 'Kerala', 'Ernakulam', 'Kochi']",Kochi,9.98011,76.24637,,,0,,,Healthcare & Nursing Jobs,"Kochi, India Bangalore, India Full time R1556108 Job Overview Responsible for study design, edit specifications and system configurations. The Clinical database designer is accountable for associated quality and timely delivery of assigned study design components in collaboration with other project stakeholders. Essential Functions - Interprets the study protocol. - Design and update the eCRF. - Create and update Edit Specification Document. - Generate specifications for EDC build components (e…",2026-08-14T11:22:49Z,https://www.adzuna.in/details/5841440359?utm_medium=api&utm_source=10d03a1b,Healthcare,clinical
Adzuna,5840378455,Senior Clinical Programmer - India,Worldwide Clinical Trials,"Kochi, Ernakulam","['India', 'Kerala', 'Ernakulam', 'Kochi']",Kochi,9.98011,76.24637,,,0,,full_time,IT Jobs,"Who we are We’re a global, midsize CRO that pushes boundaries, innovates and invents because the path to a cure for the world’s most persistent diseases is not paved by those who play it safe. It is built by those who take pioneering, creative approaches and implement them with quality and excellence. We are Worldwide Clinical Trials, and we are a global team of over 3,500 experts, bright thinkers, dreamers and doers and, together, we are changing the way the world experiences CROs – in the bes…",2026-08-13T20:46:26Z,https://www.adzuna.in/details/5840378455?utm_medium=api&utm_source=10d03a1b,Healthcare,clinical
Adzuna,5802319243,Clinical DB Validation Analyst,IQVIA,"Kochi, Ernakulam","['India', 'Kerala', 'Ernakulam', 'Kochi']",Kochi,9.98011,76.24637,,,0,,,Healthcare & Nursing Jobs,"Job Overview Conduct testing activities and provide comprehensive testing expertise to produce efficient, quality database that meets customer requirements. Provide support in creation of Test Plan and handling of validation projects. May act as Validation Team Lead. May undertake selected team leadership activities under supervision of Manager. Essential Functions - Independently conduct testing activities to validate Edit Checks, other components, SAS listings, Transfer program and custom rep…",2026-07-16T10:44:20Z,https://www.adzuna.in/details/5802319243?utm_medium=api&utm_source=10d03a1b,Healthcare,clinical
Adzuna,5801712386,Clinical DB Validation Analyst,IQVIA,"Kochi, Ernakulam","['India', 'Kerala', 'Ernakulam', 'Kochi']",Kochi,9.98011,76.24637,,,0,contract,full_time,IT Jobs,"Job Overview Conduct testing activities and provide comprehensive testing expertise to produce efficient, quality database that meets customer requirements. Provide support in creation of Test Plan and handling of validation projects. May act as Validation Team Lead. May undertake selected team leadership activities under supervision of Manager. Essential Functions • Independently conduct testing activities to validate Edit Checks, other components, SAS listings, Transfer program and custom rep…",2026-07-16T03:16:48Z,https://www.adzuna.in/details/5801712386?utm_medium=api&utm_source=10d03a1b,Healthcare,clinical
Adzuna,5843892014,Senior/Principal Scientist/Assoc. Director Clinical Research Group,Feathersoft,"Kochi, Ernakulam","['India', 'Kerala', 'Ernakulam', 'Kochi']",Kochi,10.0046,76.3372,,,0,permanent,full_time,Scientific & QA Jobs,"Clinical Research and regulatory documentation Domain Expertise Regulatory submission expertise across CTD/eCTD formats — deep familiarity with the Common Technical Document structure (Modules 1–5) and how CMC (Module 3), nonclinical/toxicology (Module 4), and clinical (Module 5) sections fit together. Experience preparing submissions for FDA (NDA/BLA/ANDA), EMA, and other ICH-aligned agencies. Hands-on experience drafting or reviewing CMC sections (drug substance/ product specs, stability, man…",2026-08-16T08:54:54Z,https://www.adzuna.in/details/5843892014?utm_medium=api&utm_source=10d03a1b,Healthcare,clinical
Adzuna,5453618143,3642309-Executives,EXL,"Kochi, Ernakulam","['India', 'Kerala', 'Ernakulam', 'Kochi']",Kochi,9.98011,76.24637,,,0,,full_time,Healthcare & Nursing Jobs,"Description Nurse Level 1/2A Job Group Healthcare Family Name Complaints, Grievance and Appeals Job Title Nurse Level 1/2A Functional Title Coding Reconsideration – Nurse Consultant Exemption Status Non-Exempt Family Summary/Mission Provide comprehensive clinical review of complaints and appeals filed by providers with the use of appropriate resources and guidelines to ensure cost effective delivery of health service Position Summary/Mission Supports identification and review of appropriate cas…",2025-10-18T14:56:44Z,https://www.adzuna.in/details/5453618143?utm_medium=api&utm_source=10d03a1b,Healthcare,clinical
Adzuna,5827927300,USRN Requests for Kochi Expansion,EXL,"Kochi, Ernakulam","['India', 'Kerala', 'Ernakulam', 'Kochi']",Kochi,9.98011,76.24637,,,0,,full_time,Healthcare & Nursing Jobs,"Description Essential Functions: Clinician : Works collaboratively with Regional Medical Directors to make sound, evidence based clinical decisions regarding the requested cases (treatments and procedures), performs pre-service (DME only) and retrospective clinical reviews utilizing criteria set forth by the client and Medicare (CMS-Centers for Medicare and Medicare Services) and does provider outreach via call or fax to request for clinical information or to coordinate peer to peer review if d…",2026-08-04T20:47:34Z,https://www.adzuna.in/details/5827927300?utm_medium=api&utm_source=10d03a1b,Healthcare,clinical
Adzuna,5840371229,Senior Data Coding Specialist - India,Worldwide Clinical Trials,"Kochi, Ernakulam","['India', 'Kerala', 'Ernakulam', 'Kochi']",Kochi,9.98011,76.24637,,,0,,full_time,Admin Jobs,"Who we are We’re a global, midsize CRO that pushes boundaries, innovates and invents because the path to a cure for the world’s most persistent diseases is not paved by those who play it safe. It is built by those who take pioneering, creative approaches and implement them with quality and excellence. We are Worldwide Clinical Trials, and we are a global team of over 3,500 experts, bright thinkers, dreamers and doers and, together, we are changing the way the world experiences CROs – in the bes…",2026-08-13T20:40:42Z,https://www.adzuna.in/details/5840371229?utm_medium=api&utm_source=10d03a1b,Healthcare,clinical
Adzuna,5843993544,ADTL/DTL,IQVIA,"Kochi, Ernakulam","['India', 'Kerala', 'Ernakulam', 'Kochi']",Kochi,9.98011,76.24637,,,0,,,Scientific & QA Jobs,"Job Overview Manage end-to-end delivery of data management services for single/multi-service projects with minimal guidance, ensuring quality deliverables on time and within budget, to customer satisfaction. Provide comprehensive data management expertise to Data Management (DM) team to provide high quality data management products that meet customer needs. Provide leadership to the team in the areas of project planning, execution, and close-out; Overview of financial management for data manage…",2026-08-16T11:25:29Z,https://www.adzuna.in/details/5843993544?utm_medium=api&utm_source=10d03a1b,Healthcare,clinical
Adzuna,5847852936,Clin DB Validation,IQVIA,"Kochi, Ernakulam","['India', 'Kerala', 'Ernakulam', 'Kochi']",Kochi,9.98011,76.24637,,,0,,,Healthcare & Nursing Jobs,"Job Overview Conduct testing activities in CDMS environment and provide comprehensive testing expertise to the team to produce efficient, quality database that meets customer requirements. Essential Functions - Independently conduct testing activities to validate edit checks, system settings, SAS listings, Transfer Programming and custom reports in platforms including, InForm, RAVE, OCRDC. - Solid understanding of database structure. - Ensure validation processes and best practice guidelines ar…",2026-08-19T11:11:45Z,https://www.adzuna.in/details/5847852936?utm_medium=api&utm_source=10d03a1b,Healthcare,clinical
Adzuna,5848392311,Clin DB Validation,IQVIA,"Kochi, Ernakulam","['India', 'Kerala', 'Ernakulam', 'Kochi']",Kochi,9.98011,76.24637,,,0,contract,full_time,Healthcare & Nursing Jobs,"Job Overview Conduct testing activities in CDMS environment and provide comprehensive testing expertise to the team to produce efficient, quality database that meets customer requirements. Essential Functions • Independently conduct testing activities to validate edit checks, system settings, SAS listings, Transfer Programming and custom reports in platforms including, InForm, RAVE, OCRDC. • Solid understanding of database structure. • Ensure validation processes and best practice guidelines ar…",2026-08-19T20:56:41Z,https://www.adzuna.in/details/5848392311?utm_medium=api&utm_source=10d03a1b,Healthcare,clinical
Adzuna,5849327406,Rave Programmer,IQVIA,"Kochi, Ernakulam","['India', 'Kerala', 'Ernakulam', 'Kochi']",Kochi,9.98011,76.24637,,,0,,,IT Jobs,"Kochi, India Bangalore, India Full time R1556123 Job Overview Under broad guidance, designs or modifies database designs to solve database processing problems considering computer equipment capacity and limitations, operating time and form of desired results. Essential Functions - Designs or modifies database designs to solve database processing problems considering computer equipment capacity and limitations, operating time and form of desired results. - Performs database analysis and database…",2026-08-20T11:18:45Z,https://www.adzuna.in/details/5849327406?utm_medium=api&utm_source=10d03a1b,Healthcare,clinical
Adzuna,5844946522,Software Developer,IQVIA,"Kochi, Ernakulam","['India', 'Kerala', 'Ernakulam', 'Kochi']",Kochi,9.98011,76.24637,,,0,,,IT Jobs,"Bangalore, India Kochi, India Full time R1550386 Job Overview Designs/develops software solutions requiring general domain knowledge and developing business experience. Analyzes user requirements/needs and makes decisions within limited parameters under regular supervision. Essential Functions - Designs/develops software solutions requiring general domain knowledge and developing business experience. - Works at all layers of the application stack including front-end user interface and backend d…",2026-08-17T11:20:40Z,https://www.adzuna.in/details/5844946522?utm_medium=api&utm_source=10d03a1b,Healthcare,clinical
Adzuna,5845819911,ASSISTANT OPERATIONS MANAGER,Karunya Hrudayalaya,"Kochi, Ernakulam","['India', 'Kerala', 'Ernakulam', 'Kochi']",Kochi,9.98011,76.24637,,,0,,,Admin Jobs,Assistant Operations Manager Key Responsibilities Oversee and coordinate daytoday operational activitiesManage and coordinate internal teams to ensure smooth workflowMonitor operational performance targets and KPIsCoordinate with clinical administrative marketing and other teamsIdentify operational challenges and implement effective solutionsSupport process improvement and develop efficient workflowsPrepare and monitor MIS reports and operational updatesEnsure adherence to company policies SOPs…,2026-08-18T07:15:41Z,https://www.adzuna.in/details/5845819911?utm_medium=api&utm_source=10d03a1b,Healthcare,clinical
Adzuna,5819379314,TL-Claims HC,Cognizant,"Kochi, Ernakulam","['India', 'Kerala', 'Ernakulam', 'Kochi']",Kochi,9.98011,76.24637,,,0,,,Accounting & Finance Jobs,Job Summary Serve as a claims health care team lead in a hybrid night shift role overseeing end to end claims adjudication and compliance with HIPAA guidelines for provider and payer operations while mentoring claims analysts improving accuracy and turnaround time and supporting continuous process enhancement for clients in a global MNC environment. Responsibilities Lead daily claims adjudication activities for health care clients by monitoring work queues to ensure timely and accurate process…,2026-07-29T10:56:41Z,https://www.adzuna.in/details/5819379314?utm_medium=api&utm_source=10d03a1b,Healthcare,clinical
Adzuna,5845683048,Sales Leader - Critical Care - Kochi Based,Romsons Group,"Kochi, Ernakulam","['India', 'Kerala', 'Ernakulam', 'Kochi']",Kochi,9.98011,76.24637,,,0,,,Sales Jobs,"' | – ( ) - Location: Kochi (Handling Entire Kerala) Romsons Group of Industries is looking for an experienced Sales Leader – FFL to drive business growth across Kerala. If you have a strong track record in medical device sales, team leadership, and market expansion, we'd love to connect with you. • Lead and manage the sales team across Kerala. • Drive revenue growth and achieve business objectives. • Develop key hospital and channel partnerships. • Build and mentor high-performing s…",2026-08-18T05:08:14Z,https://www.adzuna.in/land/ad/5845683048?se=dK3uQYec8RGwBe63zKMEtw&utm_medium=api&utm_source=10d03a1b&v=3473176630119E5D824A6133C2BD06B576FF49FF,Healthcare,healthcare
Adzuna,5845682585,Finance Controller – GCC operations,I Know A Guy,"Kochi, Ernakulam","['India', 'Kerala', 'Ernakulam', 'Kochi']",Kochi,9.98011,76.24637,,,0,,full_time,Accounting & Finance Jobs,"Location: Kochi, Kerala, India Employment Type: Full-Time Experience: 10 Years overall, including minimum 5 years as a Finance Controller Industry: Pharmaceuticals / Healthcare Reports To: Management About the Employer Our client is a growing pharmaceutical company operating across multiple business units and markets . With an expanding portfolio and increasingly complex operations, the organization is strengthening its finance function to establish robust financial systems, improve financial d…",2026-08-18T05:07:23Z,https://www.adzuna.in/land/ad/5845682585?se=dK3uQYec8RGwBe63zKMEtw&utm_medium=api&utm_source=10d03a1b&v=8CF13165FC73E67FCBF62391F86E3DDFEF9F2093,Healthcare,healthcare
Adzuna,5840225866,German Language Trainer,Care Gates,"Kochi, Ernakulam","['India', 'Kerala', 'Ernakulam', 'Kochi']",Kochi,9.98011,76.24637,,,0,,full_time,Teaching Jobs,"Company Description Care Gates GmbH is a specialized partner for the sustainable recruitment and integration of qualified nursing professionals from India into the German healthcare system. The company manages the entire process, from careful selection and nursing-specific language and qualification programs to professional recognition and integration into everyday work. Care Gates follows an approach that goes beyond traditional staffing, combining ethical recruitment standards certified by th…",2026-08-13T16:20:03Z,https://www.adzuna.in/land/ad/5840225866?se=dK3uQYec8RGwBe63zKMEtw&utm_medium=api&utm_source=10d03a1b&v=E3A21C790D2732D0C3220106DD0F072E3BCEC8EE,Healthcare,healthcare
Adzuna,5628250141,Healthcare Life Sciences - Lead Assistant Manager - F&A Kochi,EXL,"Kochi, Ernakulam","['India', 'Kerala', 'Ernakulam', 'Kochi']",Kochi,9.98011,76.24637,,,0,,full_time,Accounting & Finance Jobs,"Description Assist in preparation of critical documentation like Operations Standard Document (OSD), BISRA (Business Information Security Risk Assessment) etc. for assigned business/operations area. Implement controls in operational areas as defined by OSD, contractual requirements and other policies. Liaise with other corporate functions for implementation of EXL policies and procedures. Perform and design compliance/audit reviews for assigned business/operations area. Monitor risks & controls…",2026-02-14T01:18:35Z,https://www.adzuna.in/details/5628250141?utm_medium=api&utm_source=10d03a1b,Healthcare,healthcare
Adzuna,4686704757,Medical Coder,,"Kochi, Ernakulam","['India', 'Kerala', 'Ernakulam', 'Kochi']",Kochi,9.98011,76.24637,,,0,,,Admin Jobs,"Medical Coding is the process of converting Verbal Descriptions into numeric or alpha numeric by using ICD 10-CM, CPT && HCPCS. As per HIPAA rules healthcare providers need efficient Medical CodersRequirement:knowledge in Anatomy and PhysiologyGood communication and interpersonal skillsBasic Computer SkillsContact:CHINJU CHANDRAN HR Executive Email : chinju.skylinegmail.com",2024-05-10T07:38:50Z,https://www.adzuna.in/details/4686704757?utm_medium=api&utm_source=10d03a1b,Healthcare,healthcare
Adzuna,5748717090,Customer Retention Manager,Hirestar job Bank,"Kochi, Ernakulam","['India', 'Kerala', 'Ernakulam', 'Kochi']",Kochi,9.98011,76.24637,50000.0,60000.0,0,,,Customer Services Jobs,"Urgent Hiring In Automobile Company Position : Customer Retention Manager (F) Location: Cochin Salary: Up to 7.2 LPA Experience: 15 years in Customer Retention, Customer Experience, CRM, Customer Success, Relationship Management, or Service Excellence. Role Overview We are seeking an experienced Customer Retention Manager to drive customer loyalty, retention, and satisfaction through effective CRM, customer engagement, and relationship management strategies. Key Responsibilities * Develop and …",2026-06-02T09:39:34Z,https://www.adzuna.in/details/5748717090?utm_medium=api&utm_source=10d03a1b,Healthcare,healthcare
Adzuna,5453608350,4400294-Senior Manager,EXL,"Kochi, Ernakulam","['India', 'Kerala', 'Ernakulam', 'Kochi']",Kochi,9.98011,76.24637,,,0,contract,full_time,Accounting & Finance Jobs,"Description Brief Job Description: Responsible for day to day Operations management Ability to develop and maintain client relationship and coordinate with other stakeholders Providing coaching and feedback to team members to enable them to improve their performance Periodic client reporting and conducting quality audits Should have strong knowledge of General Accounting, Accounts Payable and Accounts receivable processes Ability to identify inefficient/ineffective processes and develops recomm…",2025-10-18T14:49:08Z,https://www.adzuna.in/details/5453608350?utm_medium=api&utm_source=10d03a1b,Healthcare,healthcare
Adzuna,5835895792,Recruiter (International Recruitment Consultant),Finovest Group,"Kochi, Ernakulam","['India', 'Kerala', 'Ernakulam', 'Kochi']",Kochi,9.92592,76.3532,,,0,permanent,,HR & Recruitment Jobs,"Recruiter (International Recruitment Consultant) Role Purpose Source, screen, and place candidates for overseas job orders across assigned verticals (e.g., Engineering, Healthcare, IT, Hospitality). Key Responsibilities - Source candidates via job portals (Naukri, Indeed, LinkedIn), databases, and referrals for international roles. - Screen resumes, conduct telephonic/video interviews, and assess technical and behavioural fit. - Prepare candidate profiles, shortlists, and submission reports for…",2026-08-11T00:54:58Z,https://www.adzuna.in/details/5835895792?utm_medium=api&utm_source=10d03a1b,Healthcare,healthcare
Adzuna,5453643636,3806812-Executives,EXL,"Kochi, Ernakulam","['India', 'Kerala', 'Ernakulam', 'Kochi']",Kochi,9.98011,76.24637,,,0,permanent,full_time,Customer Services Jobs,"Description Job Description Position Title, Responsibility Level Associate Function Healthcare Reports to Assistant Manager Permanent/ Temporary Permanent Span of Control Individual Contributor Location Kochi, India Basic Function Work Type - Back office with outbound calls to providers office as needed validate all fields in the application against uploaded faxes/documents to complete requisite for valid appeal When Missing data/field is found, associate needs to call provider's office and gat…",2025-10-18T15:10:32Z,https://www.adzuna.in/details/5453643636?utm_medium=api&utm_source=10d03a1b,Healthcare,healthcare
Adzuna,5835895788,Business Development Manager,Finovest Group,"Kochi, Ernakulam","['India', 'Kerala', 'Ernakulam', 'Kochi']",Kochi,9.92592,76.3532,,,0,permanent,,Sales Jobs,"Business Development Manager (BDM) – Overseas Recruitment Role Purpose Drive client acquisition and revenue growth by securing overseas job orders (GCC, Europe, Asia) for white-collar and blue-collar recruitment services. Key Responsibilities - Identify and onboard international clients (EPC, Oil &amp; Gas, Manufacturing, Hospitality, IT, Healthcare, Construction) via cold outreach, LinkedIn, job portals, and industry networks. - Prepare and present business proposals, service agreements, and r…",2026-08-11T00:54:58Z,https://www.adzuna.in/details/5835895788?utm_medium=api&utm_source=10d03a1b,Healthcare,healthcare
Adzuna,5835895793,Recruitment Head,Finovest Group,"Kochi, Ernakulam","['India', 'Kerala', 'Ernakulam', 'Kochi']",Kochi,9.92592,76.3532,,,0,permanent,,HR & Recruitment Jobs,"Recruitment Head (Head of Talent Acquisition) Role Purpose Lead the firm’s recruitment strategy, team management, and delivery excellence for international assignments across multiple verticals. Key Responsibilities - Design and implement recruitment strategies aligned with client needs and market benchmarks (GCC, Europe, Asia). - Manage and mentor a team of recruiters: set targets, conduct performance reviews, and ensure SLA adherence. - Collaborate with BDM and clients to understand role requ…",2026-08-11T00:54:58Z,https://www.adzuna.in/details/5835895793?utm_medium=api&utm_source=10d03a1b,Healthcare,healthcare
Adzuna,5802288924,Delivery Manager,Hirestar job Bank,"Kochi, Ernakulam","['India', 'Kerala', 'Ernakulam', 'Kochi']",Kochi,9.98011,76.24637,500000.0,800000.0,0,,,IT Jobs,"Key Responsibilities Client Communication Serve as the single point of contact for the client’s IT Director on all delivery and project-related matters. Conduct weekly alignment and status calls with stakeholders. Translate business requirements into clear technical briefs for the development team. Ensure continuity of communication so leadership never has to repeat the same context twice. Maintain proactive communication with stakeholders regarding progress, risks, and dependencies.Delivery Ma…",2026-07-16T10:29:20Z,https://www.adzuna.in/details/5802288924?utm_medium=api&utm_source=10d03a1b,Healthcare,healthcare
Adzuna,5784691385,Procurement Manager Textile Kochi India,Careon Healthcare Solutions,"Kochi, Ernakulam","['India', 'Kerala', 'Ernakulam', 'Kochi']",Kochi,9.98011,76.24637,,,0,,,Logistics & Warehouse Jobs,Procurement Manager Company Careon Healthcare Solution We are hiring a Material Manager to oversee procurement operations inventory planning and material management activities The candidate will be responsible for ensuring timely procurement maintaining optimal stock levels and coordinating with suppliers and internal departments to support smooth production and operational requirements Salary 50 000 110 000 per month Key Responsibilities Prepare purchase orders based on stock movement and prod…,2026-07-02T06:24:30Z,https://www.adzuna.in/details/5784691385?utm_medium=api&utm_source=10d03a1b,Healthcare,healthcare
Adzuna,5818782076,Assistant Manager / Manager – Project Sales,2coms,"Kochi, Ernakulam","['India', 'Kerala', 'Ernakulam', 'Kochi']",Kochi,9.96683,76.2508,,,0,permanent,,Sales Jobs,"Job Description – Assistant Manager / Manager – Project Sales Job Title: Assistant Manager / Manager – Project Sales Location: Kochi, Kerala Experience - 7 years Salary - Up to 18 LPA Job Summary We are looking for an experienced Project Sales professional to drive business growth by developing project opportunities across commercial, hospitality, healthcare, institutional, and infrastructure segments. The ideal candidate should have strong expertise in specification selling and relationship ma…",2026-07-29T02:45:55Z,https://www.adzuna.in/details/5818782076?utm_medium=api&utm_source=10d03a1b,Healthcare,healthcare
Adzuna,5657952297,"PHP: Senior Project Managers, and leads. ( Symfony, Codeigniter, Yii, Drupal, Vtiger)",PHP-MySQL and Big Data recruitments at Fingent,"Kochi, Ernakulam","['India', 'Kerala', 'Ernakulam', 'Kochi']",Kochi,9.98011,76.24637,,,0,contract,,IT Jobs,"Fingent is looking to employ senior technical project managers and talented developers to join our team in Kochi. Fingent provides a good work environment, and technically challenging projects. Developers: We use both core PHP and a variety of PHP/MySQL frameworks for our projects. Knowledge of MVC, Jquery and CSS is a must. Applicants who have worked with scalable web applications, will be preferred. Experience with relevant Open Source tools ( like Drupal and Vtiger) will be considered only i…",2026-03-08T01:46:26Z,https://www.adzuna.in/details/5657952297?utm_medium=api&utm_source=10d03a1b,Healthcare,healthcare
Adzuna,5453631680,4976094-Assistant Manager,EXL,"Kochi, Ernakulam","['India', 'Kerala', 'Ernakulam', 'Kochi']",Kochi,9.98011,76.24637,,,0,,full_time,HR & Recruitment Jobs,"Description Job Description ;Position Title, Responsibility LevelAssistant ManagerFunctionHealthcareReports to ;Manager / Sr. ManagerPermanent/ TemporaryPermanentSpan of Control25 – 30Location ;Kochi, India ;Basic FunctionOversee and manage day-to-day operations to ensure all SLA metrics are metImplement company policies in all areas of the operations establish goals for each team and monitor each team’s performance and compared against Key Performance Indicators. ;Recommend measures that will …",2025-10-18T15:03:14Z,https://www.adzuna.in/details/5453631680?utm_medium=api&utm_source=10d03a1b,Healthcare,healthcare
Adzuna,5322590943,Enterprise Architecture,NeoGenCode Technologies Pvt Ltd,"Kochi, Ernakulam","['India', 'Kerala', 'Ernakulam', 'Kochi']",Kochi,9.98011,76.24637,2000000.0,3000000.0,0,,full_time,IT Jobs,"Required Skills and Qualifications Technical Expertise • Proficiency in enterprise architecture frameworks (e.g., TOGAF, Zachman) and modelling tools. • In-depth knowledge of cloud computing, distributed systems, data management, application development, and network architecture. • Familiarity with programming languages and development methodologies. Business Acumen • Strong analytical skills to translate business needs into technical solutions. • Comprehensive understanding of business process…",2025-07-26T05:56:53Z,https://www.adzuna.in/details/5322590943?utm_medium=api&utm_source=10d03a1b,Healthcare,healthcare
Adzuna,5453620700,4399928-Senior Executive,EXL,"Kochi, Ernakulam","['India', 'Kerala', 'Ernakulam', 'Kochi']",Kochi,9.98011,76.24637,,,0,,full_time,Accounting & Finance Jobs,Description Brief Job Description: Processing invoices and recording payment for goods and services and related expenses in the General Ledger Setting up vendor accounts and reconciling statements Work with client contacts/vendors for timely resolution of pricing and quantity discrepancies on invoices and invoice exceptions Respond to AP inquiries and requests (from either vendors and/or business associates). Periodically perform reconciliation of vendor accounts and request for missing invoice…,2025-10-18T14:58:43Z,https://www.adzuna.in/details/5453620700?utm_medium=api&utm_source=10d03a1b,Healthcare,healthcare
Adzuna,5453636219,4399655-Manager,EXL,"Kochi, Ernakulam","['India', 'Kerala', 'Ernakulam', 'Kochi']",Kochi,9.98011,76.24637,,,0,,full_time,Accounting & Finance Jobs,"Description CA/CPA/Post-Graduate/Graduate in Finance with 4-6 years of experience in US corporate tax Capable of working under tight deadlines and lead closure of reporting timelines Understanding & experience of federal/state income tax/Sales & Use tax/property tax/Partnerships etc. & preparation of forms 990, 1120, 1120 PC, 926, 8865 etc. Understanding on operating model of tax exempt entities and partnership K1s Understanding of fixed asset workpapers and depreciation concept Experience with…",2025-10-18T15:06:27Z,https://www.adzuna.in/details/5453636219?utm_medium=api&utm_source=10d03a1b,Healthcare,healthcare
Adzuna,5823128065,Medical Transcriptionist,B and B MEMORIAL HOSPITAL,"Kochi, Ernakulam","['India', 'Kerala', 'Ernakulam', 'Kochi']",Kochi,9.98011,76.24637,,,0,,,Admin Jobs,Job Description Medical Transcriptionist Radiology Position Medical Transcriptionist Radiology Department Job Summary The Medical Transcriptionist is responsible for accurately transcribing formatting and preparing radiology reports dictated by radiologists and sonologists The role requires excellent typing skills attention to detail and knowledge of medical terminology to ensure timely and errorfree report generation Key Responsibilities Transcribe radiology ultrasound CT Xray and other diagno…,2026-08-01T06:46:38Z,https://www.adzuna.in/details/5823128065?utm_medium=api&utm_source=10d03a1b,Healthcare,healthcare
Adzuna,5787618487,TL-Enrollment & Billing,Cognizant,"Kochi, Ernakulam","['India', 'Kerala', 'Ernakulam', 'Kochi']",Kochi,9.98011,76.24637,,,0,,,Accounting & Finance Jobs,Job Summary Serve as a team level specialist for enrollment and billing operations in a hybrid night shift role ensuring accurate benefits open enrollment processing and adherence to HIPAA standards for payer and provider clients. Collaborate with cross functional stakeholders to resolve member issues prevent billing discrepancies and support continuous improvement in core healthcare administration services. Responsibilities Manage day to day enrollment and billing activities for payer and pro…,2026-07-04T11:48:36Z,https://www.adzuna.in/details/5787618487?utm_medium=api&utm_source=10d03a1b,Healthcare,healthcare
Adzuna,5508059606,4399928-Senior Executive,EXL,"Kochi, Ernakulam","['India', 'Kerala', 'Ernakulam', 'Kochi']",Kochi,9.98011,76.24637,,,0,,full_time,Accounting & Finance Jobs,Description Brief Job Description: Processing invoices and recording payment for goods and services and related expenses in the General Ledger Verifying and processing of expense claims Setting up vendor accounts and reconciling statements Work with client contacts/vendors for timely resolution of pricing and quantity discrepancies on invoices and invoice exceptions Respond to AP inquiries and requests (from either vendors and/or business associates). Periodically perform reconciliation of vend…,2025-11-21T23:02:54Z,https://www.adzuna.in/details/5508059606?utm_medium=api&utm_source=10d03a1b,Healthcare,healthcare
Adzuna,5672320377,4399928-Senior Executive,EXL,"Kochi, Ernakulam","['India', 'Kerala', 'Ernakulam', 'Kochi']",Kochi,9.98011,76.24637,,,0,,full_time,Accounting & Finance Jobs,Description Processing invoices and recording payment for goods and services and related expenses in the General Ledger Verifying and processing of expense claims Setting up vendor accounts and reconciling statements Work with client contacts/vendors for timely resolution of pricing and quantity discrepancies on invoices and invoice exceptions Respond to AP inquiries and requests (from either vendors and/or business associates). Periodically perform reconciliation of vendor accounts and request…,2026-03-20T01:57:16Z,https://www.adzuna.in/details/5672320377?utm_medium=api&utm_source=10d03a1b,Healthcare,healthcare
Adzuna,5482999870,Senior Backend Developer,evoqins,"Kochi, Ernakulam","['India', 'Kerala', 'Ernakulam', 'Kochi']",Kochi,9.98011,76.24637,300000.0,700000.0,0,,full_time,IT Jobs,"Company Description Evoqins is an end-to-end digital product development team focused on maximizing the scalability and reliability of global businesses. We specialize in a wide range of domains including fintech, banking, e-commerce, supply chain, enterprises, logistics, healthcare, and hospitality. With ISO 9001 certification and a 4.9-star Google rating, we are proud to have 120 satisfied customers and an 87% customer retention rate. Our services include UX/UI design, mobile app development,…",2025-11-06T06:26:36Z,https://www.adzuna.in/details/5482999870?utm_medium=api&utm_source=10d03a1b,Healthcare,healthcare
Adzuna,5453607732,4399706-Lead Assistant Manager,EXL,"Kochi, Ernakulam","['India', 'Kerala', 'Ernakulam', 'Kochi']",Kochi,9.98011,76.24637,,,0,contract,full_time,Accounting & Finance Jobs,"Description Brief Job Description: Manage and lead team in the performance of daily, monthly, quarterly and annual accounting processes Handle complex processes activities Work with the CLIENT team to resolve per escalation procedures approved by CLIENT. Monitor Aged accounts Payable activities Manage and resolve customer enquiries Prepare month end reports Ensure adherence to the SLA Ensure accurate and timely month end close processing Ensure all the activities are completed within due dates …",2025-10-18T14:48:45Z,https://www.adzuna.in/details/5453607732?utm_medium=api&utm_source=10d03a1b,Healthcare,healthcare
Adzuna,5453644537,4400294-Executives,EXL,"Kochi, Ernakulam","['India', 'Kerala', 'Ernakulam', 'Kochi']",Kochi,9.98011,76.24637,,,0,,full_time,Admin Jobs,"Description Job Description ;Position Title, Responsibility LevelAssociateFunctionHealthcareReports to ;Assistant ManagerPermanent/ TemporaryPermanentSpan of ControlIndividual ContributorLocation ;Kochi, India ; ;Basic Function ;Work Type - Back office with outbound calls to providers office as needed ;validate all fields in the application against uploaded faxes/documents to complete requisite for valid appealWhen Missing data/field is found, associate needs to call provider's office and gathe…",2025-10-18T15:11:04Z,https://www.adzuna.in/details/5453644537?utm_medium=api&utm_source=10d03a1b,Healthcare,healthcare
Adzuna,5848373351,IT Testing Engineer I,Conduent,"Kochi, Ernakulam","['India', 'Kerala', 'Ernakulam', 'Kochi']",Kochi,9.98011,76.24637,,,0,,,IT Jobs,"Description Job Description- IT Test Engineer I : We are currently seeking highly skilled software testers to join our team. In this position, you will create and execute scenarios based on business requirements and validate the product works as per business requirements and customer needs. Duties & Responsibilities: • Analyzes requirements, coordinates with BA’s / Subject Matter Experts. • Identifies test conditions and / or creates test cases. • Conducts and/or participates in peer reviews of…",2026-08-19T20:51:49Z,https://www.adzuna.in/details/5848373351?utm_medium=api&utm_source=10d03a1b,Healthcare,healthcare
Adzuna,5830595409,Assistant Manager-Finance Accounting & Auditing -Accounting Support,EXL,"Kochi, Ernakulam","['India', 'Kerala', 'Ernakulam', 'Kochi']",Kochi,9.98011,76.24637,,,0,contract,full_time,Accounting & Finance Jobs,"Description Manage and lead team in the performance of daily, monthly, quarterly and annual accounting processes Handle complex processes activities Work with the client team to resolve per escalation procedures approved by client Understanding of Accounts Payable, Ledger teams and Research and Foundation groups Focus on utilization of tools and solutions for process improvement Facilitate between interfaces for different sub ledgers Provide system administrative support and general ledger main…",2026-08-06T20:38:13Z,https://www.adzuna.in/details/5830595409?utm_medium=api&utm_source=10d03a1b,Healthcare,healthcare
Adzuna,5749713168,business analyst,ZH healthcare,"Kochi, Ernakulam","['India', 'Kerala', 'Ernakulam', 'Kochi']",Kochi,9.98011,76.24637,,,0,,full_time,IT Jobs,Responsibilities and Duties Responsible for leading/facilitating business requirements gathering and determining Functional impacts Understand the goals and business needs of an organization and recommending potential solutions and analyse the impact of change across the Product Feature Set Lead cross-functional meetings to elicit requirements from subject matter experts to determine potential conflicts/other requirements that may exist in other areas. Document business analysis artefacts using…,2026-06-03T02:42:14Z,https://www.adzuna.in/details/5749713168?utm_medium=api&utm_source=10d03a1b,Healthcare,healthcare
Adzuna,3248723958,Senior Project Manager / Project Manager - Digital Technology,"Fingent, a Great Place to Work Certified company","Kochi, Ernakulam","['India', 'Kerala', 'Ernakulam', 'Kochi']",Kochi,9.98011,76.24637,,,0,,,IT Jobs,"At Fingent, we believe that what we build touches lives around us. We nurture thought leaders and encourage them to be the seeds of change through smart software development and consulting services - ultimately laying the foundation for a better and smarter future. Our culture of openness, honesty, and trust fosters an environment of learning and growth. We value – the desire to be the best at what you do, the ability to support your peers, and most of all, the desire to be a good human being. …",2022-06-22T06:15:53Z,https://www.adzuna.in/details/3248723958?utm_medium=api&utm_source=10d03a1b,Healthcare,healthcare
Adzuna,5845221591,IT Testing Engineer I,Conduent Business Services India LLP,"Kochi, Ernakulam","['India', 'Kerala', 'Ernakulam', 'Kochi']",Kochi,9.98011,76.24637,,,0,,full_time,IT Jobs,"Through our dedicated associates, Conduent delivers mission-critical services and solutions on behalf of Fortune 100 companies and over 500 governments - creating exceptional outcomes for our clients and the millions of people who count on them. You have an opportunity to personally thrive, make a difference and be part of a culture where individuality is noticed and valued every day. Job Description- IT Test Engineer I : We are currently seeking highly skilled software testers to join our team…",2026-08-17T19:43:34Z,https://www.adzuna.in/details/5845221591?utm_medium=api&utm_source=10d03a1b,Healthcare,healthcare
Adzuna,5833589841,Regional Project Manager - Global Marine & Navy,Johnson Controls,"Kochi, Ernakulam","['India', 'Kerala', 'Ernakulam', 'Kochi']",Kochi,9.98011,76.24637,,,0,contract,full_time,Engineering Jobs,"Who we are? About Johnson Controls Johnson Controls, a global leader in thermal management, mission-critical building systems, energy efficiency, and decarbonization, helps customers use energy more productively, reduce carbon emissions, and operate with the precision and resilience required in rapidly expanding industries such as data centers, healthcare, pharmaceuticals, advanced manufacturing, and higher education. For more than 140 years, Johnson Controls has delivered performance where it …",2026-08-08T20:49:12Z,https://www.adzuna.in/details/5833589841?utm_medium=api&utm_source=10d03a1b,Healthcare,healthcare
Adzuna,5843180598,Assistant Manager for Kochi (Humana Ramp),EXL,"Kochi, Ernakulam","['India', 'Kerala', 'Ernakulam', 'Kochi']",Kochi,9.98011,76.24637,,,0,,full_time,HR & Recruitment Jobs,"Description Essential Functions • Manage day-to-day operations to ensure achievement of service level agreements (SLAs), key performance indicators (KPIs), quality standards, and productivity targets. • Monitor team performance, identify operational gaps, and implement action plans to improve efficiency, quality, and customer satisfaction. • Lead, coach, and develop supervisors and associates to drive performance, accountability, and employee engagement. • Ensure compliance with client requirem…",2026-08-15T21:04:12Z,https://www.adzuna.in/details/5843180598?utm_medium=api&utm_source=10d03a1b,Healthcare,healthcare
Adzuna,5822232532,Medical Sales Representative,Pfizer,"Trivandrum, Thiruvananthapuram","['India', 'Kerala', 'Thiruvananthapuram', 'Trivandrum']",Thiruvananthapuram,8.49239,76.93365,,,0,,,Sales Jobs,"Pfizer is Hiring – Health Care Executive ( Trivandrum ) We are looking for an experienced Pharma Sales Professiona l. We are looking for an experienced Pharma Sales Professional with strong Cardio & Diabetic therapy exposure Qualificati on: B SC/ B.Pharm / Life Science s Experie nce: 2–10 years in Pharma Sales If you have solid Cardio & Diabetic doctor cov erage and a passion for scientific customer engagement, we’d love to connec t Appl y Now: Tejaswini.Desai@pfizer. com Co ntact: 9821593…",2026-07-31T15:27:15Z,https://www.adzuna.in/land/ad/5822232532?se=AFB7RYec8RGhArhxtbtVlg&utm_medium=api&utm_source=10d03a1b&v=B0BC1E4FB63B7C5877E41C4E8AB1EC8E638EAFB2,Healthcare,doctor
Adzuna,4545324283,Clinical Quality Analyst (Doctors - BAMS/BDS/BHMS),Ecorgy Solutions Pvt Ltd,"Trivandrum, Thiruvananthapuram","['India', 'Kerala', 'Thiruvananthapuram', 'Trivandrum']",Thiruvananthapuram,8.49239,76.93365,240000.0,400000.0,0,,full_time,Healthcare & Nursing Jobs,"Role Overview: As our Clinical Quality Analyst, you will play a pivotal role in enhancing clinical processes and maintaining regulatory compliance. You will spearhead quality improvement initiatives and ensure adherence to established clinical standards. The role demands a meticulous approach and a commitment to clinical excellence. Responsibilities: Clinical Process Enhancement: Evaluate clinical procedures and documentation to identify areas for improvement, ensuring adherence to industry sta…",2024-01-26T15:34:34Z,https://www.adzuna.in/details/4545324283?utm_medium=api&utm_source=10d03a1b,Healthcare,doctor
Adzuna,5821863600,Architect Machine Learning,Talent Hired-the Job Store Private Limited,"Thiruvananthapuram, Kerala","['India', 'Kerala', 'Thiruvananthapuram']",Thiruvananthapuram,8.38159,77.0037,,,0,,,IT Jobs,"Architect- Machine Learning The role is for Architect Machine Learning Engineer emphasizes: 7 years of hands-on experience building ML solutions on AWS . Strong expertise in Amazon SageMaker (training, inference, processing jobs). NLP and deep learning: Transformers BERT Attention mechanisms Hugging Face, spaCy, NLTK Agentic AI : LangChain Amazon Bedrock Agents MCP (Model Context Protocol) Multi-agent architectures LLMs & Generative AI : Fine-tuning LLMs (especially Llama 2 ) Prompt engineering…",2026-07-31T07:31:31Z,https://www.adzuna.in/details/5821863600?utm_medium=api&utm_source=10d03a1b,Healthcare,doctor
Adzuna,5739278047,Clinical Sales Specialist - Neuro Rehabilitation,Genrobotic Innovations Private Limited,"Thiruvananthapuram, Kerala","['India', 'Kerala', 'Thiruvananthapuram']",Thiruvananthapuram,8.38159,77.0037,420000.0,840000.0,0,permanent,full_time,Healthcare & Nursing Jobs,"Join a pioneering team transforming healthcare through advanced medical robotics, rehabilitation technologies, and mobility solutions. We are seeking a passionate and clinically driven Clinical Sales Specialist to promote innovative healthcare products and build strong partnerships with hospitals, rehabilitation centers, healthcare institutions, and government organizations. Key Responsibilities: Promote and drive sales of medical robotics, rehabilitation devices, assistive technologies, and mo…",2026-05-24T06:06:56Z,https://www.adzuna.in/details/5739278047?utm_medium=api&utm_source=10d03a1b,Healthcare,doctor
Adzuna,5843171336,"Staff Nurse, Sabine Hospital and Research Centre",Sabine Hospitals,"Trivandrum, Thiruvananthapuram","['India', 'Kerala', 'Thiruvananthapuram', 'Trivandrum']",Thiruvananthapuram,8.49239,76.91455,,,0,,full_time,Healthcare & Nursing Jobs,"Staff Nurse – Labour Room / NICU / OT / Ward – Sabine Hospital and Research Centre Pvt Ltd Location Trivandrum, Kerala, India Job Summary Sabine Hospital and Research Centre Pvt Ltd is hiring dedicated and compassionate Staff Nurses for Labour Room, NICU, OT, and Ward operations. The role involves delivering quality patient care, supporting medical teams, and ensuring adherence to hospital protocols and safety standards. Key Responsibilities Provide high-quality nursing care to patients in a…",2026-08-15T21:00:33Z,https://www.adzuna.in/details/5843171336?utm_medium=api&utm_source=10d03a1b,Healthcare,doctor
Adzuna,5843020427,Corporate Legal Counsel,Nisje,"Thiruvananthapuram, Kerala","['India', 'Kerala', 'Thiruvananthapuram']",Thiruvananthapuram,8.38159,77.0037,,,0,,full_time,Legal Jobs,"Corporate Legal Counsel Location: Trivandrum (Onsite) Engagement Type: Full-time The Opportunity You will serve as the company's principal legal advisor, partnering closely with executive leadership to provide commercially pragmatic legal guidance across multiple jurisdictions. Your work will span corporate governance, commercial contracts, regulatory compliance, employment/labour matters, Mergers & Acquisition, legal risk management and litigation. This role is suited to legal practitioners wh…",2026-08-15T16:04:18Z,https://www.adzuna.in/details/5843020427?utm_medium=api&utm_source=10d03a1b,Healthcare,doctor
Adzuna,5828880497,Industrial Staff Nurse,Happiest Resume,"Thiruvananthapuram, Kerala","['India', 'Kerala', 'Thiruvananthapuram']",Thiruvananthapuram,8.38159,77.0037,30000.0,100000.0,0,,full_time,Healthcare & Nursing Jobs,"We are seeking an experienced Industrial Staff Nurse & FMO/Medical Officer to join our team. The successful candidate will be responsible for providing first aid, conducting health assessments, and implementing health awareness and wellness programs. The role requires strong clinical and nursing skills, excellent communication and interpersonal abilities, and the ability to handle emergencies efficiently. The ideal candidate will have a B.Sc Nursing / GNM / ANM qualification and a valid registr…",2026-08-05T14:47:55Z,https://www.adzuna.in/details/5828880497?utm_medium=api&utm_source=10d03a1b,Healthcare,medical officer
Adzuna,5680460348,Homecare Nurse,2coms,"Trivandrum, Thiruvananthapuram","['India', 'Kerala', 'Thiruvananthapuram', 'Trivandrum']",Thiruvananthapuram,8.46721,76.94,400000.0,600000.0,0,permanent,full_time,Healthcare & Nursing Jobs,"Title: Homecare Nurse Job Type: Full-Time Industry: Healthcare/ Medical Key Responsibilities: · Develop and assess nursing care plans · Monitor vital signs and assess holistic patient needs · Collaborate with physicians, staff nurses, and healthcare team members · Administer oral and subcutaneous medications while ensuring safety · Document nursing care, medications, and procedures using the company's Nurses Buddy application · Conduct client assessment and reassessment using approved tools Req…",2026-03-28T01:16:12Z,https://www.adzuna.in/details/5680460348?utm_medium=api&utm_source=10d03a1b,Healthcare,physician
Adzuna,5446778881,Homecare Nurse,2coms,"Trivandrum, Thiruvananthapuram","['India', 'Kerala', 'Thiruvananthapuram', 'Trivandrum']",Thiruvananthapuram,8.46721,76.94,700000.0,1200000.0,0,permanent,full_time,Healthcare & Nursing Jobs,"Title: Homecare Nurse Location: Qatar (Candidate must be willing to relocate to Qatar) Job Type: Full-Time Industry: Healthcare/ Medical Key Responsibilities: · Develop and assess nursing care plans · Monitor vital signs and assess holistic patient needs · Collaborate with physicians, staff nurses, and healthcare team members · Administer oral and subcutaneous medications while ensuring safety · Document nursing care, medications, and procedures using the company's Nurses Buddy application · Co…",2025-10-14T15:28:34Z,https://www.adzuna.in/details/5446778881?utm_medium=api&utm_source=10d03a1b,Healthcare,physician
Adzuna,5839593720,Territory Sales Manager - Trade,Abbott,"Thiruvananthapuram, Kerala","['India', 'Kerala', 'Thiruvananthapuram']",Thiruvananthapuram,8.38159,77.0037,,,0,,,Sales Jobs,"MAIN PURPOSE OF ROLE Individual contributor that works under limited supervision. Applies subject matter knowledge. Requires capacity to understand specific needs or requirements to apply skills/knowledge. MAIN RESPONSIBILITIES Responsible for promoting and/or selling the organization's products across multiple or non-specified channels in a designated territory by contacting specialists, physicians, pharmacies and/or distributors. QUALIFICATIONS Associates Degree (± 13 years) Experience/B…",2026-08-13T11:03:58Z,https://www.adzuna.in/details/5839593720?utm_medium=api&utm_source=10d03a1b,Healthcare,physician
Adzuna,5829374085,QA Engineer,Terveys Technology Solutions Pvt Ltd,"Trivandrum, Thiruvananthapuram","['India', 'Kerala', 'Thiruvananthapuram', 'Trivandrum']",Thiruvananthapuram,8.49239,76.93365,,,0,,,IT Jobs,"QA Engineer – Healthcare Technology Location: Trivandrum, Hybrid Key Responsibilities Design, develop, and maintain automated test suites for healthcare applications using Java with Selenium or Playwright. Validate integration workflows across clinical systems such as HIS, EMR/EHR, RIS, PACS, and VNA. Test and validate healthcare interoperability standards including DICOM, HL7, and FHIR across integrated systems. Build and maintain automated API and integration test suites for REST APIs and mic…",2026-08-05T23:51:18Z,https://www.adzuna.in/land/ad/5829374085?se=ei0FS4ec8RGhArhxtbtVlg&utm_medium=api&utm_source=10d03a1b&v=82688D181989D6EBB671766EAC99693A6346FB8A,Healthcare,clinical
Adzuna,5840373470,Clinical Programmer - India,Worldwide Clinical Trials,"Trivandrum, Thiruvananthapuram","['India', 'Kerala', 'Thiruvananthapuram', 'Trivandrum']",Thiruvananthapuram,8.49239,76.93365,,,0,,full_time,IT Jobs,"Who we are We’re a global, midsize CRO that pushes boundaries, innovates and invents because the path to a cure for the world’s most persistent diseases is not paved by those who play it safe. It is built by those who take pioneering, creative approaches and implement them with quality and excellence. We are Worldwide Clinical Trials, and we are a global team of over 3,500 experts, bright thinkers, dreamers and doers and, together, we are changing the way the world experiences CROs – in the bes…",2026-08-13T20:42:58Z,https://www.adzuna.in/details/5840373470?utm_medium=api&utm_source=10d03a1b,Healthcare,clinical
Adzuna,5840378738,"Manager, Clinical Programming - India",Worldwide Clinical Trials,"Trivandrum, Thiruvananthapuram","['India', 'Kerala', 'Thiruvananthapuram', 'Trivandrum']",Thiruvananthapuram,8.49239,76.93365,,,0,,full_time,IT Jobs,"Who we are We’re a global, midsize CRO that pushes boundaries, innovates and invents because the path to a cure for the world’s most persistent diseases is not paved by those who play it safe. It is built by those who take pioneering, creative approaches and implement them with quality and excellence. We are Worldwide Clinical Trials, and we are a global team of over 3,500 experts, bright thinkers, dreamers and doers and, together, we are changing the way the world experiences CROs – in the bes…",2026-08-13T20:46:36Z,https://www.adzuna.in/details/5840378738?utm_medium=api&utm_source=10d03a1b,Healthcare,clinical
Adzuna,5840371753,Senior Clinical Programmer - India,Worldwide Clinical Trials,"Trivandrum, Thiruvananthapuram","['India', 'Kerala', 'Thiruvananthapuram', 'Trivandrum']",Thiruvananthapuram,8.49239,76.93365,,,0,,full_time,IT Jobs,"Who we are We’re a global, midsize CRO that pushes boundaries, innovates and invents because the path to a cure for the world’s most persistent diseases is not paved by those who play it safe. It is built by those who take pioneering, creative approaches and implement them with quality and excellence. We are Worldwide Clinical Trials, and we are a global team of over 3,500 experts, bright thinkers, dreamers and doers and, together, we are changing the way the world experiences CROs – in the bes…",2026-08-13T20:41:23Z,https://www.adzuna.in/details/5840371753?utm_medium=api&utm_source=10d03a1b,Healthcare,clinical
Adzuna,5812852939,Clinical Data Coordinator - Senior,IRE,"Trivandrum, Thiruvananthapuram","['India', 'Kerala', 'Thiruvananthapuram', 'Trivandrum']",Thiruvananthapuram,8.49239,76.93365,,,0,,full_time,Scientific & QA Jobs,"Technical Analyst- Chennai/ Trivandrum- Office based ICON is a global healthcare intelligence and clinical research organisation united by a mission to bring new medicines and treatments to patients faster. As a values-driven organisation, integrity, collaboration, agility, and inclusion are at the heart of how we work and interact with each other, customers, patients and suppliers. As a Senior CDC at ICON, you will design and analyse clinical trials, interpreting complex medical data, and cont…",2026-07-24T03:26:23Z,https://www.adzuna.in/details/5812852939?utm_medium=api&utm_source=10d03a1b,Healthcare,clinical
Adzuna,5739965134,Senior Clinical Data Science Programmer,IRE,"Trivandrum, Thiruvananthapuram","['India', 'Kerala', 'Thiruvananthapuram', 'Trivandrum']",Thiruvananthapuram,8.49239,76.93365,,,0,,full_time,IT Jobs,"Clinical Data Science Programmer- Office based- Bengaluru/ Chennai/ Trivandrum ICON is a global healthcare intelligence and clinical research organisation united by a mission to bring new medicines and treatments to patients faster. As a values-driven organisation, integrity, collaboration, agility, and inclusion are at the heart of how we work and interact with each other, customers, patients and suppliers. We are currently seeking a Clinical Data Science Programmer to join our diverse and dyn…",2026-05-25T02:07:20Z,https://www.adzuna.in/details/5739965134?utm_medium=api&utm_source=10d03a1b,Healthcare,clinical
Adzuna,5603776364,Recruiter,Catalyst Clinical Research,"Thiruvananthapuram, Kerala","['India', 'Kerala', 'Thiruvananthapuram']",Thiruvananthapuram,8.38159,77.0037,,,0,,full_time,HR & Recruitment Jobs,"As a recruiter you will be a key member of the People & Culture Team. You will be responsible for recruitment and placement of CRO roles (inclusive of clinical, biometric, and administrative). Key tasks include sourcing, connecting with talent, assessing performance and culture fit for the company, and facilitating interviews and offers. Source for all CRO roles (inclusive of clinical, biometric, and administrative). Utilize tools such as LinkedIn. Develop strategies to attract qualified candid…",2026-01-29T00:50:56Z,https://www.adzuna.in/details/5603776364?utm_medium=api&utm_source=10d03a1b,Healthcare,clinical
Adzuna,5708589643,Senior CDC/CDC II,IRE,"Trivandrum, Thiruvananthapuram","['India', 'Kerala', 'Thiruvananthapuram', 'Trivandrum']",Thiruvananthapuram,8.49239,76.93365,,,0,,full_time,Scientific & QA Jobs,"Senior CDC/CDC II _ Office Based ICON is a global healthcare intelligence and clinical research organisation united by a mission to bring new medicines and treatments to patients faster. As a values-driven organisation, integrity, collaboration, agility, and inclusion are at the heart of how we work and interact with each other, customers, patients and suppliers. We are currently seeking a Senior Clinical Data Coordinator to join our diverse and dynamic team. As a Clinical Data Coordinator at I…",2026-04-24T02:02:54Z,https://www.adzuna.in/details/5708589643?utm_medium=api&utm_source=10d03a1b,Healthcare,clinical
Adzuna,5771927907,External Data Services Manager,IRE,"Trivandrum, Thiruvananthapuram","['India', 'Kerala', 'Thiruvananthapuram', 'Trivandrum']",Thiruvananthapuram,8.49239,76.93365,,,0,,full_time,Scientific & QA Jobs,"Senior Lead Clinical Data Science Programmer ICON is a global healthcare intelligence and clinical research organisation united by a mission to bring new medicines and treatments to patients faster. As a values-driven organisation, integrity, collaboration, agility, and inclusion are at the heart of how we work and interact with each other, customers, patients and suppliers. As an External Data Services Manager, you will be instrumental in leading the development and implementation of advanced …",2026-06-22T02:27:09Z,https://www.adzuna.in/details/5771927907?utm_medium=api&utm_source=10d03a1b,Healthcare,clinical
Adzuna,5702918256,"Manager, Statistical Programming",IRE,"Trivandrum, Thiruvananthapuram","['India', 'Kerala', 'Thiruvananthapuram', 'Trivandrum']",Thiruvananthapuram,8.49239,76.93365,,,0,,full_time,Scientific & QA Jobs,"Manager, Statistical Programming ICON plc is a world-leading healthcare intelligence and clinical research organization. We’re proud to foster an inclusive environment driving innovation and excellence, and we welcome you to join us on our mission to shape the future of clinical development As a Manager, Statistical Programming at ICON, you will lead a team of statistical programmers in the development and validation of statistical analysis and reporting solutions for clinical trials. What You …",2026-04-18T02:07:31Z,https://www.adzuna.in/details/5702918256?utm_medium=api&utm_source=10d03a1b,Healthcare,clinical
Adzuna,5724490306,Senior Biostatistician,IRE,"Trivandrum, Thiruvananthapuram","['India', 'Kerala', 'Thiruvananthapuram', 'Trivandrum']",Thiruvananthapuram,8.49239,76.93365,,,0,,full_time,Scientific & QA Jobs,"Senior Biostatistician I / II - India - Office or Home ICON is a global healthcare intelligence and clinical research organisation united by a mission to bring new medicines and treatments to patients faster. As a values-driven organisation, integrity, collaboration, agility, and inclusion are at the heart of how we work and interact with each other, customers, patients and suppliers. We are currently seeking a Senior Biostatistician to join our diverse and dynamic team. As a Senior Biostatisti…",2026-05-10T02:19:51Z,https://www.adzuna.in/details/5724490306?utm_medium=api&utm_source=10d03a1b,Healthcare,clinical
Adzuna,5822422000,"(Sr) Project Manager, Feasibility Site Activation",IRE,"Trivandrum, Thiruvananthapuram","['India', 'Kerala', 'Thiruvananthapuram', 'Trivandrum']",Thiruvananthapuram,8.49239,76.93365,,,0,,full_time,Scientific & QA Jobs,"Project Manager FSA - India ICON is a global healthcare intelligence and clinical research organisation united by a mission to bring new medicines and treatments to patients faster. As a values-driven organisation, integrity, collaboration, agility, and inclusion are at the heart of how we work and interact with each other, customers, patients and suppliers. At ICON plc , we are committed to improving and saving lives through clinical research. As a Project Manager – Feasibility & Site Activati…",2026-07-31T20:41:44Z,https://www.adzuna.in/details/5822422000?utm_medium=api&utm_source=10d03a1b,Healthcare,clinical
Adzuna,5840370949,Senior Data Coding Specialist - India,Worldwide Clinical Trials,"Trivandrum, Thiruvananthapuram","['India', 'Kerala', 'Thiruvananthapuram', 'Trivandrum']",Thiruvananthapuram,8.49239,76.93365,,,0,,full_time,Admin Jobs,"Who we are We’re a global, midsize CRO that pushes boundaries, innovates and invents because the path to a cure for the world’s most persistent diseases is not paved by those who play it safe. It is built by those who take pioneering, creative approaches and implement them with quality and excellence. We are Worldwide Clinical Trials, and we are a global team of over 3,500 experts, bright thinkers, dreamers and doers and, together, we are changing the way the world experiences CROs – in the bes…",2026-08-13T20:40:22Z,https://www.adzuna.in/details/5840370949?utm_medium=api&utm_source=10d03a1b,Healthcare,clinical
Adzuna,5784273243,Senior Software Engineer,IRE,"Trivandrum, Thiruvananthapuram","['India', 'Kerala', 'Thiruvananthapuram', 'Trivandrum']",Thiruvananthapuram,8.49239,76.93365,,,0,,full_time,IT Jobs,"Senior Software Engineer - India, Chennai -Hybrid, Office-Based ICON is a global healthcare intelligence and clinical research organisation united by a mission to bring new medicines and treatments to patients faster. As a values-driven organisation, integrity, collaboration, agility, and inclusion are at the heart of how we work and interact with each other, customers, patients and suppliers. We are currently seeking a Senior Software Engineer to join our diverse and dynamic team. As a Senior …",2026-07-02T02:34:37Z,https://www.adzuna.in/details/5784273243?utm_medium=api&utm_source=10d03a1b,Healthcare,clinical
Adzuna,5786024622,"Director, Business Development",IRE,"Trivandrum, Thiruvananthapuram","['India', 'Kerala', 'Thiruvananthapuram', 'Trivandrum']",Thiruvananthapuram,8.49239,76.93365,,,0,,full_time,Sales Jobs,"Director, Business Development - India, Homebased ICON is a global healthcare intelligence and clinical research organisation united by a mission to bring new medicines and treatments to patients faster. As a values-driven organisation, integrity, collaboration, agility, and inclusion are at the heart of how we work and interact with each other, customers, patients and suppliers. We are currently seeking a Director to join our successful Business Development team. As a Director, Business Develo…",2026-07-03T02:52:10Z,https://www.adzuna.in/details/5786024622?utm_medium=api&utm_source=10d03a1b,Healthcare,clinical
Adzuna,5828880454,Industrial Staff Nurse,Happiest Resume,"Thiruvananthapuram, Kerala","['India', 'Kerala', 'Thiruvananthapuram']",Thiruvananthapuram,8.38159,77.0037,10000.0,100000.0,0,,full_time,Healthcare & Nursing Jobs,"We are seeking a qualified and compassionate Industrial Staff Nurse to provide primary healthcare services, emergency medical support, employee wellness guidance, and occupational health assistance at the workplace. The ideal candidate will have strong clinical and nursing skills, excellent communication and interpersonal abilities, and the ability to handle emergencies effectively. The role requires a high level of professionalism, confidentiality, and attention to detail. The successful candi…",2026-08-05T14:47:54Z,https://www.adzuna.in/details/5828880454?utm_medium=api&utm_source=10d03a1b,Healthcare,clinical
Adzuna,5841947085,Business Analyst - India,Worldwide Clinical Trials,"Trivandrum, Thiruvananthapuram","['India', 'Kerala', 'Thiruvananthapuram', 'Trivandrum']",Thiruvananthapuram,8.49239,76.93365,,,0,,full_time,IT Jobs,"Who we are We’re a global, midsize CRO that pushes boundaries, innovates and invents because the path to a cure for the world’s most persistent diseases is not paved by those who play it safe. It is built by those who take pioneering, creative approaches and implement them with quality and excellence. We are Worldwide Clinical Trials, and we are a global team of over 3,500 experts, bright thinkers, dreamers and doers and, together, we are changing the way the world experiences CROs – in the bes…",2026-08-14T21:02:25Z,https://www.adzuna.in/details/5841947085?utm_medium=api&utm_source=10d03a1b,Healthcare,clinical
Adzuna,5824127304,Principal Biostatistician,IRE,"Trivandrum, Thiruvananthapuram","['India', 'Kerala', 'Thiruvananthapuram', 'Trivandrum']",Thiruvananthapuram,8.49239,76.93365,,,0,,full_time,Healthcare & Nursing Jobs,"Principal Biostatistician - India, Office or Home ICON is a global healthcare intelligence and clinical research organisation united by a mission to bring new medicines and treatments to patients faster. As a values-driven organisation, integrity, collaboration, agility, and inclusion are at the heart of how we work and interact with each other, customers, patients and suppliers. As a Principal Biostatistician, you will lead the statistical strategy and delivery for Phase I–III oncology trials.…",2026-08-01T20:49:05Z,https://www.adzuna.in/details/5824127304?utm_medium=api&utm_source=10d03a1b,Healthcare,clinical
Adzuna,5840390748,"Business Analyst, Data Intelligence - India",Worldwide Clinical Trials,"Trivandrum, Thiruvananthapuram","['India', 'Kerala', 'Thiruvananthapuram', 'Trivandrum']",Thiruvananthapuram,8.49239,76.93365,,,0,,full_time,IT Jobs,"Who we are We’re a global, midsize CRO that pushes boundaries, innovates and invents because the path to a cure for the world’s most persistent diseases is not paved by those who play it safe. It is built by those who take pioneering, creative approaches and implement them with quality and excellence. We are Worldwide Clinical Trials, and we are a global team of over 3,500 experts, bright thinkers, dreamers and doers and, together, we are changing the way the world experiences CROs – in the bes…",2026-08-13T20:56:08Z,https://www.adzuna.in/details/5840390748?utm_medium=api&utm_source=10d03a1b,Healthcare,clinical
Adzuna,5809896106,Senior Data Scientist,IRE,"Trivandrum, Thiruvananthapuram","['India', 'Kerala', 'Thiruvananthapuram', 'Trivandrum']",Thiruvananthapuram,8.49239,76.93365,,,0,,full_time,IT Jobs,"Senior Data Scientist ICON is a global healthcare intelligence and clinical research organisation united by a mission to bring new medicines and treatments to patients faster. As a values-driven organisation, integrity, collaboration, agility, and inclusion are at the heart of how we work and interact with each other, customers, patients and suppliers. As a Senior Data Scientist at ICON Plc, you will leverage advanced analytical techniques and machine learning models to derive actionable insigh…",2026-07-22T03:31:06Z,https://www.adzuna.in/details/5809896106?utm_medium=api&utm_source=10d03a1b,Healthcare,clinical
Adzuna,5062459179,Automation Test Engineer,ellowio,"Thiruvananthapuram, Kerala","['India', 'Kerala', 'Thiruvananthapuram']",Thiruvananthapuram,8.38159,77.0037,1000000.0,1300000.0,0,,full_time,IT Jobs,"3 to 7 years of Overall testing experience.  Test Automation Experience with the tool Selenium or Katalon.  Should have experience in Test Automation Framework like TestNG and Cucumber Framework.  Able to manage test activities in medium to large projects.  Demonstrates appropriate interpersonal skills required to establish effective working relationships with clients and/or business partners.  Should be familiar with the Software Testing tools, techniques and market trends.  Should revie…",2025-02-25T04:32:17Z,https://www.adzuna.in/details/5062459179?utm_medium=api&utm_source=10d03a1b,Healthcare,clinical
Adzuna,5814995957,Senior Analyst Engineer II,ICON Clinical Research,"Trivandrum, Thiruvananthapuram","['India', 'Kerala', 'Thiruvananthapuram', 'Trivandrum']",Thiruvananthapuram,8.49239,76.93365,,,0,,,IT Jobs,"Senior Analyst Engineer II ICON plc is a world-leading healthcare intelligence and clinical research organization. We're proud to foster an inclusive environment driving innovation and excellence, and we welcome you to join us on our mission to shape the future of clinical development. We are currently seeking a Senior Analyst Engineer II to join our diverse and dynamic team. As a Senior Analyst Engineer II at ICON, you will play a crucial role in analyzing and enhancing engineering processes a…",2026-07-25T10:47:25Z,https://www.adzuna.in/details/5814995957?utm_medium=api&utm_source=10d03a1b,Healthcare,clinical
Adzuna,5848339164,Graduate Pharmacovigilance Associate,IRE,"Trivandrum, Thiruvananthapuram","['India', 'Kerala', 'Thiruvananthapuram', 'Trivandrum']",Thiruvananthapuram,8.49239,76.93365,,,0,,full_time,Graduate Jobs,"Graduate Pharmacovigilance Associate ICON is a global healthcare intelligence and clinical research organisation united by a mission to bring new medicines and treatments to patients faster. As a values-driven organisation, integrity, collaboration, agility, and inclusion are at the heart of how we work and interact with each other, customers, patients and suppliers. As a Graduate Pharmacovigilance Associate at ICON, you will support the safety monitoring and reporting of pharmaceutical product…",2026-08-19T20:40:27Z,https://www.adzuna.in/details/5848339164?utm_medium=api&utm_source=10d03a1b,Healthcare,clinical
Adzuna,5816819427,Senior Analyst Engineer,IRE,"Trivandrum, Thiruvananthapuram","['India', 'Kerala', 'Thiruvananthapuram', 'Trivandrum']",Thiruvananthapuram,8.49239,76.93365,,,0,,full_time,IT Jobs,"Senior Analyst Engineer - India, Chennai/Trivandrum - Hybrid, Office-Based ICON is a global healthcare intelligence and clinical research organisation united by a mission to bring new medicines and treatments to patients faster. As a values-driven organisation, integrity, collaboration, agility, and inclusion are at the heart of how we work and interact with each other, customers, patients and suppliers. We are seeking a highly skilled and experienced Senior Full Stack Developer with a minimum …",2026-07-27T03:14:58Z,https://www.adzuna.in/details/5816819427?utm_medium=api&utm_source=10d03a1b,Healthcare,clinical
Adzuna,5836583498,Assistant Technical Service Manager,Terumo Blood and Cell Technologies,"Thiruvananthapuram, Kerala","['India', 'Kerala', 'Thiruvananthapuram']",Thiruvananthapuram,8.38159,77.0037,,,0,,full_time,Healthcare & Nursing Jobs,"Requisition ID: 35378 At Terumo Blood and Cell Technologies, our 8,000 global associates are proud to come to work each day, knowing that what we do impacts the lives of patients around the world. We make medical devices and related products that are used to collect, separate, manufacture and process various components of blood and cells. With our innovative technologies and service offerings, we touch a patient’s life every second of every day and are committed to continuing to increase the nu…",2026-08-11T16:00:20Z,https://www.adzuna.in/details/5836583498?utm_medium=api&utm_source=10d03a1b,Healthcare,clinical
Adzuna,4020540491,Dotnet Developer,CareStack,"Thiruvananthapuram, Kerala","['India', 'Kerala', 'Thiruvananthapuram']",Thiruvananthapuram,8.38159,77.0037,,,0,,full_time,IT Jobs,"Company Overview CareStack is a complete cloud-based dental software solution for scheduling, clinical, billing, patient engagement, and reporting needs of dental offices of any size - whether it's a single location or a large multi-site DSO with hundreds of locations. The company was founded in 2015 and the commercial launch was done in early 2018. Since then, more than 1000 offices have chosen CareStack as their single source of truth. This is the fastest growth till date in the dental practi…",2023-04-05T10:15:04Z,https://www.adzuna.in/details/4020540491?utm_medium=api&utm_source=10d03a1b,Healthcare,clinical
Adzuna,5815775718,Senior Analyst Engineer II,IRE,"Trivandrum, Thiruvananthapuram","['India', 'Kerala', 'Thiruvananthapuram', 'Trivandrum']",Thiruvananthapuram,8.49239,76.93365,,,0,,full_time,IT Jobs,"Senior Analyst Engineer II ICON is a global healthcare intelligence and clinical research organisation united by a mission to bring new medicines and treatments to patients faster. As a values-driven organisation, integrity, collaboration, agility, and inclusion are at the heart of how we work and interact with each other, customers, patients and suppliers. We are currently seeking a Senior Analyst Engineer II to join our diverse and dynamic team. As a Senior Analyst Engineer II at ICON, you wi…",2026-07-26T03:18:46Z,https://www.adzuna.in/details/5815775718?utm_medium=api&utm_source=10d03a1b,Healthcare,clinical
Adzuna,5846921734,Systems Administrator - India,Worldwide Clinical Trials,"Trivandrum, Thiruvananthapuram","['India', 'Kerala', 'Thiruvananthapuram', 'Trivandrum']",Thiruvananthapuram,8.49239,76.93365,,,0,,full_time,IT Jobs,"Who we are We’re a global, midsize CRO that pushes boundaries, innovates and invents because the path to a cure for the world’s most persistent diseases is not paved by those who play it safe. It is built by those who take pioneering, creative approaches and implement them with quality and excellence. We are Worldwide Clinical Trials, and we are a global team of over 3,500 experts, bright thinkers, dreamers and doers and, together, we are changing the way the world experiences CROs – in the bes…",2026-08-18T21:05:54Z,https://www.adzuna.in/details/5846921734?utm_medium=api&utm_source=10d03a1b,Healthcare,clinical
Adzuna,5840387843,AI Prompt Engineer (Finance) - India,Worldwide Clinical Trials,"Trivandrum, Thiruvananthapuram","['India', 'Kerala', 'Thiruvananthapuram', 'Trivandrum']",Thiruvananthapuram,8.49239,76.93365,,,0,,full_time,IT Jobs,"Who we are We’re a global, midsize CRO that pushes boundaries, innovates and invents because the path to a cure for the world’s most persistent diseases is not paved by those who play it safe. It is built by those who take pioneering, creative approaches and implement them with quality and excellence. We are Worldwide Clinical Trials, and we are a global team of over 3,500 experts, bright thinkers, dreamers and doers and, together, we are changing the way the world experiences CROs – in the bes…",2026-08-13T20:54:23Z,https://www.adzuna.in/details/5840387843?utm_medium=api&utm_source=10d03a1b,Healthcare,clinical
Adzuna,5846908770,Business Executive - Trivandrum,GSK,"Trivandrum, Thiruvananthapuram","['India', 'Kerala', 'Thiruvananthapuram', 'Trivandrum']",Thiruvananthapuram,8.49239,76.93365,,,0,,full_time,Healthcare & Nursing Jobs,"Business Introduction GSK remains committed to achieving bold commercial ambitions for the future. By 2031, we aim to deliver £40 billion in annual sales, leveraging our existing strong performance momentum to significantly increase our positive impact on the health of billions of patients globally. Our Ahead Together strategy is centred on early intervention to prevent and alter the course of disease, thereby protecting people and supporting healthcare systems. Our diverse portfolio consists o…",2026-08-18T20:40:59Z,https://www.adzuna.in/details/5846908770?utm_medium=api&utm_source=10d03a1b,Healthcare,clinical
Adzuna,5841755613,System Support Associate,Vensure Employer Solutions,"Thiruvananthapuram, Kerala","['India', 'Kerala', 'Thiruvananthapuram']",Thiruvananthapuram,8.38159,77.0037,,,0,,,IT Jobs,"Position Overview The System support Associate will be responsible for implementing and modifying EDI file feeds, utilizing programming languages like C#, Java, Python, and SQL. The candidate should have hands-on experience working within the US healthcare industry, understanding HIPAA compliance standards, and creating secure connections using SFTP (Secure File Transfer Protocol). As a member of our technical team, you will be responsible for integrating data feeds into our systems and ensurin…",2026-08-14T16:34:52Z,https://www.adzuna.in/land/ad/5841755613?se=pjTGTIec8RG8E4DRVfRH-g&utm_medium=api&utm_source=10d03a1b&v=E47455A362E2515F2EFA6CABFC39FDCE08CAE888,Healthcare,healthcare
Adzuna,5838134562,BPO-Associate(3 Months Contract),UST,"Thiruvananthapuram, Kerala","['India', 'Kerala', 'Thiruvananthapuram']",Thiruvananthapuram,8.38159,77.0037,,,0,contract,,IT Jobs,"BPM – Risk Adjustment HCC Coder We are seeking a BPM Risk Adjustment HCC Coder with experience in medical coding and risk adjustment projects. The candidate will review medical records, assign accurate ICD-10-CM codes, identify documentation gaps, and support CDI initiatives while ensuring compliance with HIPAA and coding guidelines. Knowledge of Medicare Advantage, ACA risk adjustment models, HCC coding, and chronic disease management is required. Candidates should have an active AAPC/AHIMA ce…",2026-08-12T16:17:14Z,https://www.adzuna.in/land/ad/5838134562?se=pjTGTIec8RG8E4DRVfRH-g&utm_medium=api&utm_source=10d03a1b&v=C27D61C16539C8016F80200F9B0496A53F1EDD3E,Healthcare,healthcare
Adzuna,5828030610,Lead AI Engineer,Top Gen AI Jobs,"Thiruvananthapuram, Kerala","['India', 'Kerala', 'Thiruvananthapuram']",Thiruvananthapuram,8.38159,77.0037,,,0,permanent,full_time,IT Jobs,Home/Jobs/Lead AI Engineer Lead AI Engineer Neuralcraft Private Limited Thiruvananthapuram / Technopark 5 years Today $36.1K–56.6K/yr Full-time Onsite Skills Required LLM Fine-tuning Agentic Systems Machine Learning Deep Learning AI Systems Evaluation Context Engineering Model Evaluation Drift Detection Observability Synthetic Data Weakly Supervised Learning Reasoning Pipelines AI Orchestration Description Neuralcraft builds intelligent systems that bring human understanding to AI-driven workfl…,2026-08-04T21:36:41Z,https://www.adzuna.in/details/5828030610?utm_medium=api&utm_source=10d03a1b,Healthcare,healthcare
Adzuna,5739278098,Business Development Executive / Manager ( Medical Device /Medical Equipment),Genrobotic Innovations Private Limited,"Thiruvananthapuram, Kerala","['India', 'Kerala', 'Thiruvananthapuram']",Thiruvananthapuram,8.38159,77.0037,480000.0,720000.0,0,permanent,full_time,Sales Jobs,"Join our Medical and Mobility team as a dynamic Business Development Executive (Medical Equipment / Device sales ) , leading the charge in bringing cutting-edge robotic physiotherapy equipment to hospitals, rehabilitation centers, and healthcare institutions. Be a key player in driving innovation, building impactful partnerships, and transforming patient care with state-of-the-art rehabilitation solutions. Job Location : Thiruvananathapuram Responsibilities Identify and prioritize target market…",2026-05-24T06:06:57Z,https://www.adzuna.in/details/5739278098?utm_medium=api&utm_source=10d03a1b,Healthcare,healthcare
Adzuna,5289459857,Enterprise Architect,NeoGenCode Technologies Pvt Ltd,"Trivandrum, Thiruvananthapuram","['India', 'Kerala', 'Thiruvananthapuram', 'Trivandrum']",Thiruvananthapuram,8.49239,76.93365,2000000.0,3500000.0,0,,full_time,IT Jobs,"Job Title : Enterprise Architect Experience : 10 Years Location : Trivandrum / Kochi Budget : Up to ₹35 LPA Notice Period : Immediate to 15 Days Job Overview : We’re seeking a seasoned Enterprise Architect with strong experience in the BFSI domain to lead enterprise-wide architecture design and technology strategy. The role involves aligning IT with business goals, designing scalable systems, and driving digital transformation across the organization. Mandatory Skills : Enterprise architecture …",2025-07-07T03:32:30Z,https://www.adzuna.in/details/5289459857?utm_medium=api&utm_source=10d03a1b,Healthcare,healthcare
Adzuna,5835734790,ABM_Motihari_Agency-Tied,Financial Services,"Trivandrum, Thiruvananthapuram","['India', 'Kerala', 'Thiruvananthapuram', 'Trivandrum']",Thiruvananthapuram,8.49239,76.93365,600000.0,875000.0,0,,,Sales Jobs,"Job Purpose The purpose of this job is ensure achievement of business targets and enhancement of profitability of the assigned area by providing effective leadership, planning resources, monitoring people performance & market changes & ensuring timely operations support to ensure smooth functioning. It also includes distribution building, retail development and recruitment of Agency Partner and Advisors. Job Context & Major Challenges Job Context \ Job Challenges: About the Health Insurance Ind…",2026-08-10T20:55:24Z,https://www.adzuna.in/details/5835734790?utm_medium=api&utm_source=10d03a1b,Healthcare,healthcare
Adzuna,5786195165,Senior HR Recruiter (3 - 6 Years),Genrobotic Innovations Private Limited,"Thiruvananthapuram, Kerala","['India', 'Kerala', 'Thiruvananthapuram']",Thiruvananthapuram,8.38159,77.0037,360000.0,540000.0,0,permanent,full_time,HR & Recruitment Jobs,"We are seeking an experienced and dynamic Senior HR Recruiter to lead end-to-end recruitment activities across various functions within the organization. The ideal candidate will be responsible for sourcing, screening, interviewing, and hiring top talent while ensuring an excellent candidate experience and timely closure of positions. The role also involves mentoring recruiters, stakeholder management, and driving recruitment process improvements. Key Responsibilities Recruitment & Talent Acqui…",2026-07-03T06:24:17Z,https://www.adzuna.in/details/5786195165?utm_medium=api&utm_source=10d03a1b,Healthcare,healthcare
Adzuna,5816436727,Territory Officer,Zoetis,"Thiruvananthapuram, Kerala","['India', 'Kerala', 'Thiruvananthapuram']",Thiruvananthapuram,8.38159,77.0037,,,0,,full_time,Sales Jobs,"Location: THIRUVANANTHAPURAM Role Description At Zoetis, our Core Beliefs form the foundation of our culture. Our Core Behaviors describe a common set of actions that demonstrate these Core Beliefs. Our Core Behaviors include: Our Colleagues Make the Difference Always Do the Right Thing Customer Obsessed Run It Like You Own It We Are One Zoetis This is a sales role with primary responsibility being to manage a territory and generate sales from assigned set of customers. Additionally, the candid…",2026-07-26T15:55:47Z,https://www.adzuna.in/details/5816436727?utm_medium=api&utm_source=10d03a1b,Healthcare,healthcare
Adzuna,5839230813,Area Sales Manager,Monster - xshruthix,"Thiruvananthapuram, Kerala","['India', 'Kerala', 'Thiruvananthapuram']",Thiruvananthapuram,8.38159,77.0037,,,0,,,Scientific & QA Jobs,"Roles & Responsibilities You will be responsible for submitting monthly, half-yearly, and annual environmental performance reports to the Andhra Pradesh Pollution Control Board (APPCB) in accordance with Consent For Operation (CFO) conditions. You will be responsible for submitting annual returns to the Department of Factories and ensuring timely compliance with statutory reporting requirements. You will be responsible for acquiring permit-to-work authorizations, responding to legal notices, an…",2026-08-13T07:34:47Z,https://www.adzuna.in/details/5839230813?utm_medium=api&utm_source=10d03a1b,Healthcare,healthcare
Adzuna,5040652524,Data QA Specialist,YipitData,"Thiruvananthapuram, Kerala","['India', 'Kerala', 'Thiruvananthapuram']",Thiruvananthapuram,8.38159,77.0037,,,0,,,Accounting & Finance Jobs,"About Us: YipitData is the market-leading data and analytics firm. We analyze billions of data points every day to provide accurate, detailed insights across industries, including consumer brands, technology, software, and healthcare. Our insights team uses proprietary technology to identify, license, clean, and analyze the data that many of the worlds largest investment funds and corporations depend on. We raised $475M from The Carlyle Group at a valuation over $1B, further accelerating our gr…",2025-02-07T11:21:47Z,https://www.adzuna.in/details/5040652524?utm_medium=api&utm_source=10d03a1b,Healthcare,healthcare
Adzuna,5782107375,MBBS Doctor,Al Amani Human Resources Consultancy,"Koyilandi, Kozhikode","['India', 'Kerala', 'Kozhikode', 'Koyilandi']",Kozhikode,11.2293,75.8395,,,0,permanent,full_time,Healthcare & Nursing Jobs,MBBS DOCTORS required for a reputed 5 Star Clinical Resort in Kerala: MBBS Degree with 3 years experience in hospitals / Clinics Valid Medical Council Registration Strong Diagnostic & patient care skills Comprehensive medical knowledge Empathetic communication Immediate joining preferred Benefits: Salary IRs. 1 Lakh/month based on experience Group health benefits and incentives Dynamic work environment Free Recruitment,2026-06-30T19:14:27Z,https://www.adzuna.in/details/5782107375?utm_medium=api&utm_source=10d03a1b,Healthcare,doctor
Adzuna,4801380584,Senior Specialist.Cardiology.MIMS Hospital Calicut,Aster DM Healthcare,"Kozhikode, Kerala","['India', 'Kerala', 'Kozhikode']",Kozhikode,,,,,0,permanent,full_time,Healthcare & Nursing Jobs,"Description Responsible for performing procedures like coronary and peripheral angiography and angioplasty, balloon valvotomy, permanent and temporary pacemaker implantation, cardiac synchronization therapy, aortic interventions. Conducting regular outpatient clinic Responsible for the organization of total patient management under care in a safe, compassionate and ethical manner and in compliance with Medical Ethics and Professional Conduct for Doctors.",2024-07-31T03:01:17Z,https://www.adzuna.in/details/4801380584?utm_medium=api&utm_source=10d03a1b,Healthcare,doctor
Adzuna,5015653229,Android Developer,Brainpan Innovations,"Kozhikode, Kerala","['India', 'Kerala', 'Kozhikode']",Kozhikode,11.16223,75.81366,,,0,,full_time,IT Jobs,"ABOUT: Brainpan Innovations brings together an interdisciplinary team of computational scientists, computer scientists, designers, engineers, mathematicians, and medical professionals; who are working to address various challenges in the healthcare industry for developing economies. There is a huge gap between Life Sciences and other research disciplines. We aim to bridge this gap with Big Data Analytics, High Performance Computing, Machine Learning and Mathematical Modeling. Moreover, we are a…",2025-01-18T17:40:50Z,https://www.adzuna.in/details/5015653229?utm_medium=api&utm_source=10d03a1b,Healthcare,doctor
Adzuna,5015663484,UI/UX Designer,Brainpan Innovations,"Kozhikode, Kerala","['India', 'Kerala', 'Kozhikode']",Kozhikode,11.16223,75.81366,,,0,,full_time,IT Jobs,"ABOUT: Brainpan Innovations brings together an interdisciplinary team of computational scientists, computer scientists, designers, engineers, mathematicians, and medical professionals; who are working to address various challenges in the healthcare industry for developing economies. There is a huge gap between Life Sciences and other research disciplines. We aim to bridge this gap with Big Data Analytics, High Performance Computing, Machine Learning and Mathematical Modeling. Moreover, we are a…",2025-01-18T17:51:26Z,https://www.adzuna.in/details/5015663484?utm_medium=api&utm_source=10d03a1b,Healthcare,doctor
Adzuna,5830417651,Registered Nurse,A-Class Marble India Pvt. Ltd.,"Kozhikode, Kerala","['India', 'Kerala', 'Kozhikode']",Kozhikode,11.16223,75.81366,,,0,,full_time,Healthcare & Nursing Jobs,"Company Description thegrade&co is a multidisciplinary team of designers, thinkers, strategists, and business professionals who blend creativity with practical problem-solving. The organization values originality, responsiveness, and adaptability, encouraging team members to explore new ideas and challenge conventional approaches. thegrade&co is dedicated to tackling complex challenges and delivering impactful work that makes a meaningful difference. Team members collaborate with some of the sh…",2026-08-06T17:51:57Z,https://www.adzuna.in/land/ad/5830417651?se=NO7SUoec8RGgd9X26G9YQA&utm_medium=api&utm_source=10d03a1b&v=72CF0E1CEE65CFC30DC348D65F8FDEB9DF5F4BAE,Healthcare,physician
Adzuna,5782688469,HCC Coder Certified,CorroHealth,"Kozhikode, Kerala","['India', 'Kerala', 'Kozhikode']",Kozhikode,11.16223,75.81366,,,0,,,IT Jobs,"Description We are seeking a skilled HCC Coder Certified professional to join our team in India. The ideal candidate will be responsible for accurately coding medical diagnoses and procedures in accordance with HCC guidelines, ensuring compliance and quality in our coding practices. This role requires a strong understanding of coding regulations and the ability to collaborate with healthcare providers to enhance documentation. Responsibilities Review and analyze medical records to ensure accura…",2026-07-01T07:16:32Z,https://www.adzuna.in/details/5782688469?utm_medium=api&utm_source=10d03a1b,Healthcare,clinical
Adzuna,5015647647,Senior Web Developer,Brainpan Innovations,"Kozhikode, Kerala","['India', 'Kerala', 'Kozhikode']",Kozhikode,11.16223,75.81366,,,0,,full_time,IT Jobs,"ABOUT: Brainpan Innovations brings together an interdisciplinary team of computational scientists, computer scientists, designers, engineers, mathematicians, and medical professionals; who are working to address various challenges in the healthcare industry for developing economies. There is a huge gap between Life Sciences and other research disciplines. We aim to bridge this gap with Big Data Analytics, High Performance Computing, Machine Learning and Mathematical Modeling. Moreover, we are a…",2025-01-18T17:36:21Z,https://www.adzuna.in/details/5015647647?utm_medium=api&utm_source=10d03a1b,Healthcare,healthcare
Adzuna,5812180076,"Key Account Manager, Field Sales",Amneal Pharmaceuticals,"Kozhikode, Kerala","['India', 'Kerala', 'Kozhikode']",Kozhikode,11.16223,75.81366,,,0,,full_time,Sales Jobs,"Job Description Description The Key Account Manager will be responsible for developing and executing account strategies for key corporate hospitals and institutions. The role involves driving business growth through value-based selling, strengthening relationships with key stakeholders, ensuring customer satisfaction, and delivering sales objectives while maintaining compliance with company policies and industry regulations. Essential Functions Develop and execute strategic account plans for as…",2026-07-23T15:54:16Z,https://www.adzuna.in/details/5812180076?utm_medium=api&utm_source=10d03a1b,Healthcare,healthcare
Adzuna,4686700219,Staff Nurse,,"Kollam, Kerala","['India', 'Kerala', 'Kollam']",Kollam,9.01303,76.6143,,,0,,,Healthcare & Nursing Jobs,"URGENT OPPORTUNITY FOR STAFF NURSES IN LEADING HEALTHCARE GROUP IN DUBAI. Opportunity for Staff Nurses in Leading healthcare group in DUBAI,UAE Qualification – BSc Nursing Experience – Min 2 Yrs Gender- Male/Female Facilities offering attractive Salary incentives and other benefits. Interested candidate kindly forward your updated CV as early as possible. Direct Interview with Hospital delegates.",2024-05-10T07:38:17Z,https://www.adzuna.in/details/4686700219?utm_medium=api&utm_source=10d03a1b,Healthcare,healthcare
