source,source_job_id,job_title,company,location,location_area,searched_location,latitude,longitude,salary_min,salary_max,salary_is_predicted,contract_type,contract_time,category,category_tag,description,created,redirect_url,company_address,location_display,coordinates_source,geocoded_display_name,location_status,distance_available
Adzuna,5825072254,"AVP/VP - Principal, Governance, Risk & Compliance (India based)",Spot Your Leaders & Consulting,"Bangalore, Karnataka","India, Karnataka, Bangalore",Bengaluru,12.9767936,77.590082,,,0,,,Sales Jobs,sales-jobs,"Job description Job Summary: Who are we looking for? A seasoned Solutions Professional with proven success of 20 years working with multi-disciplinary teams to provide comprehensive presales, solutions and analyst capabilities to the BFSI industry, focusing primarily on the USA and Europe. With the intent to design and deliver innovative Governance, Risk & Compliance (GRC) solutions with a strong awareness of solutioning with AI for leading banking and financial services clients. A change agent…",2026-08-02T07:33:40Z,https://www.adzuna.in/land/ad/5825072254?se=9FyUa3Sc8RGvGrvTGRxIcA&utm_medium=api&utm_source=10d03a1b&v=D7727D2B7B834A0A3CA83F3583D053E2F27807A1,"India, Karnataka, Bangalore","Bangalore, Karnataka",OpenStreetMap geocoding,"Bengaluru, Bangalore North, Bengaluru Urban, Karnataka, India",Coordinates geocoded from job location,True
Adzuna,5820963869,Account Executive,TrueFoundry,"Bangalore, Karnataka","India, Karnataka, Bangalore",Bengaluru,,,,,0,,,Sales Jobs,sales-jobs,"About TrueFoundry Every production AI system whether it's powering customer support, writing code, analyzing financial data, or diagnosing medical conditions needs the same foundational infrastructure.A way to route between models. A way to manage tools and integrate them securely. A way to orchestrate agents and enforce governance. A unified compute layer to run it all. That infrastructure layer is being built right now. We are looking for an Account Executive (Focus on Enterprise Sales) to jo…",2026-07-30T15:25:31Z,https://www.adzuna.in/land/ad/5820963869?se=9FyUa3Sc8RGvGrvTGRxIcA&utm_medium=api&utm_source=10d03a1b&v=3E07C0569E61517E30CC87B6A9224BD82AC99604,"India, Karnataka, Bangalore","Bangalore, Karnataka",,,Location available; coordinates unavailable,False
Adzuna,5831966402,Accounts Payable,MSI Services Pvt Ltd,"Bangalore, Karnataka","India, Karnataka, Bangalore",Bengaluru,,,,,0,,,Accounting & Finance Jobs,accounting-finance-jobs,Process Associate – Accounts Payable 1. Check all invoices for proper documentation and make an agreement prior to payment. 2. Classify and match invoices and check requests. 3. Set invoices up for payment. 4. Deal with check requests. 5. Prioritize invoices in accordance with the probability of cash discounts as well as other terms of payment. 6. Audit and deal with credit card bills. 7. Audit and deal with credit card bills. 8. Classify and match invoices and check requests. 9. Set invoices u…,2026-08-07T17:56:29Z,https://www.adzuna.in/land/ad/5831966402?se=9FyUa3Sc8RGvGrvTGRxIcA&utm_medium=api&utm_source=10d03a1b&v=C6E0B98A50C6AF0EAFAFBCA35EBF55422651EE35,"India, Karnataka, Bangalore","Bangalore, Karnataka",,,Location available; coordinates unavailable,False
Adzuna,5820906243,"Analyst II, HRBP",Kraft Heinz,"Bangalore, Karnataka","India, Karnataka, Bangalore",Bengaluru,12.95703,77.59837,,,0,,full_time,HR & Recruitment Jobs,hr-jobs,"This job is with Kraft Heinz, an inclusive employer and a member of myGwork – the largest global platform for the LGBTQ business community. Please do not contact the recruiter directly. Help develop, implement, support, and review all human resources department initiatives, policies, procedures, and systems, which could involve continued involvement in and refinement of the recruitment process, including generating job descriptions, posting advertisements, and managing the hiring process. Culti…",2026-07-30T13:53:20Z,https://www.adzuna.in/land/ad/5820906243?se=9FyUa3Sc8RGvGrvTGRxIcA&utm_medium=api&utm_source=10d03a1b&v=A6A9C8ADBACB7902D87F5DD714080FE206935060,"India, Karnataka, Bangalore","Bangalore, Karnataka",Adzuna,,Coordinates from Adzuna,True
Adzuna,5801403890,Business Development Executive,RAC IT Solutions,"Bangalore, Karnataka","India, Karnataka, Bangalore",Bengaluru,,,,,0,,,Sales Jobs,sales-jobs,"Hey, RAC IT Solutions is Hiring Job Title: Executive / Sr. Executive – Business Development Location: HSR Layout Salary: ₹5,00,000 – ₹8,00,000 CTC per annum The ideal candidate will lead initiatives to generate and engage with business partners to build new business for the company. This candidate will be focused and have strong communication skills. They should be able to think critically when making plans and have a demonstrated ability to execute a particular strategy. Responsibilities Ident…",2026-07-15T22:28:14Z,https://www.adzuna.in/land/ad/5801403890?se=9FyUa3Sc8RGvGrvTGRxIcA&utm_medium=api&utm_source=10d03a1b&v=4660E44292294C870C61917CD9528938FB66EF0B,"India, Karnataka, Bangalore","Bangalore, Karnataka",,,Location available; coordinates unavailable,False
Adzuna,5801400190,Business Development Executive .,Airtribe,"Bangalore, Karnataka","India, Karnataka, Bangalore",Bengaluru,,,,,0,,full_time,Sales Jobs,sales-jobs,"Business Development Executive Location: Bangalore (On-site) Type: Full-time ⸻ About Airtribe We’re building an AI-first upskilling platform for working professionals. From product managers to backend engineers, our programs are deeply integrated with AI tools, hands-on projects, and real-world use cases to prepare learners for the future of work. We don’t just teach AI—we embed it into every program. With live, workshop-style sessions led by experts from top companies like Microsoft, Meta, Raz…",2026-07-15T22:27:19Z,https://www.adzuna.in/land/ad/5801400190?se=9FyUa3Sc8RGvGrvTGRxIcA&utm_medium=api&utm_source=10d03a1b&v=AEF47F09CE360C0E82EA1EF6A3B931A4BF3CDB90,"India, Karnataka, Bangalore","Bangalore, Karnataka",,,Location available; coordinates unavailable,False
Adzuna,5818524649,Business Development Manager,"Acara Solutions India, An Aleron Company","Bangalore, Karnataka","India, Karnataka, Bangalore",Bengaluru,,,,,0,permanent,,HR & Recruitment Jobs,hr-jobs,"Hiring: Manager – Sales (Recruitment & Staffing) Location : Bangalore, Hyderabad Open Positions : 2 We are looking to onboard seasoned sales professionals with 3 to 5 years o f proven experience in Recruitment & Staffing services sal es in the Indian market. The positions are open a t Manage r an d Asst Manag er levels, depending on experience and proven capability. Key Requirements: Proven experience in selling recruitment and staffing services such as: Permanent staffing Contract staffing RPO…",2026-07-28T21:18:46Z,https://www.adzuna.in/land/ad/5818524649?se=9FyUa3Sc8RGvGrvTGRxIcA&utm_medium=api&utm_source=10d03a1b&v=0B7B952591945AC2EA128E0AFA143F7822B083CC,"India, Karnataka, Bangalore","Bangalore, Karnataka",,,Location available; coordinates unavailable,False
Adzuna,5813877969,Business Development Manager - US,illumine,"Bangalore, Karnataka","India, Karnataka, Bangalore",Bengaluru,,,,,0,,,Sales Jobs,sales-jobs,"Job Title: Business Development Representative (BDR) – USA Market About Us: We are a leading SaaS company revolutionizing the childcare software industry with our innovative solutions. Our software is used by preschools, childcare centers, and enterprise childcare chains worldwide. We are looking for a dynamic Business Development Representative (BDR) to expand our presence in the USA market. Key Responsibilities: Lead Generation & Outreach: Identify and engage with potential clients in the USA…",2026-07-24T19:01:10Z,https://www.adzuna.in/land/ad/5813877969?se=9FyUa3Sc8RGvGrvTGRxIcA&utm_medium=api&utm_source=10d03a1b&v=20503CDE36DD1401BFFDD8BF675B988610A77920,"India, Karnataka, Bangalore","Bangalore, Karnataka",,,Location available; coordinates unavailable,False
Adzuna,5785771868,Consultant Copywriter,WPP Production,"Bangalore, Karnataka","India, Karnataka, Bangalore",Bengaluru,12.95703,77.59837,,,0,,full_time,"PR, Advertising & Marketing Jobs",pr-advertising-marketing-jobs,"This job is with WPP Production, an inclusive employer and a member of myGwork – the largest global platform for the LGBTQ business community. Please do not contact the recruiter directly. About WPP Production We are WPP Production - the unified global production company that brings together all of WPP's content producers, studios and craft experts into one connected organisation. We combine world-class human craft with next generation technology to originate, design, and deliver multi-channel …",2026-07-03T00:54:20Z,https://www.adzuna.in/land/ad/5785771868?se=9FyUa3Sc8RGvGrvTGRxIcA&utm_medium=api&utm_source=10d03a1b&v=AD2CE66DE5CDBCDFEB8764F7C2EAE2B5F98BAD18,"India, Karnataka, Bangalore","Bangalore, Karnataka",Adzuna,,Coordinates from Adzuna,True
Adzuna,5823898096,Customer Service Representative,Alorica,"Bangalore, Karnataka","India, Karnataka, Bangalore",Bengaluru,,,,,0,,,Customer Services Jobs,customer-services-jobs,"Job Overview We are looking for enthusiastic and customer-focused professionals to join our Healthcare and Electronic Retail Customer Service team. The role involves assisting customers with product, service, policy, order, and claim-related queries while delivering an exceptional customer experience through voice. Location: Bellandur, Kengeri & Bhartiya City 5 Days Working & 2 Days Off (Rotational) Job Responsibilities Handle customer queries exclusively through voice calls. Provide accurate i…",2026-08-01T17:33:25Z,https://www.adzuna.in/land/ad/5823898096?se=9FyUa3Sc8RGvGrvTGRxIcA&utm_medium=api&utm_source=10d03a1b&v=A6046698E1897C774A3C61979CEA45CF5AD6AC85,"India, Karnataka, Bangalore","Bangalore, Karnataka",,,Location available; coordinates unavailable,False
Adzuna,5795463566,Customer Service Representative,Policybazaar.com,"Bangalore, Karnataka","India, Karnataka, Bangalore",Bengaluru,,,,,0,,,Customer Services Jobs,customer-services-jobs,"Job Title: Associate Consultant Services Department: Customer Support / Operations Location: Field-based (Customer Visits Required) BENGALURU,KARNATAKA Contact Person : Kashish Singh | 8448389795| kashishsingh@policybazaar.com Job Summary We are looking for an Associate Consultant Services to join the PolicyBazaar team and provide dedicated customer support for health insurance documentation and related queries. This role involves visiting customers at their location to assist with documentatio…",2026-07-10T15:27:46Z,https://www.adzuna.in/land/ad/5795463566?se=9FyUa3Sc8RGvGrvTGRxIcA&utm_medium=api&utm_source=10d03a1b&v=D1A644DA6C57767113B166D8205C994B50AF552B,"India, Karnataka, Bangalore","Bangalore, Karnataka",,,Location available; coordinates unavailable,False
Adzuna,5729067546,Customer Success Manager,Atomicwork,"Bangalore, Karnataka","India, Karnataka, Bangalore",Bengaluru,,,,,0,,,IT Jobs,it-jobs,"Atomicwork is on a mission to transform the digital workplace experience by uniting people, processes, and platforms through AI automation. Our team is building a modern service management platform that enables growing businesses to reduce operational complexity and drive business success. We’re seeking an experienced customer success manager to join our team and help us build our modern service management platform. This is a position based out of our Bangalore offices . We offer competitive pa…",2026-05-14T15:14:33Z,https://www.adzuna.in/land/ad/5729067546?se=9FyUa3Sc8RGvGrvTGRxIcA&utm_medium=api&utm_source=10d03a1b&v=98066A6D4F6CBA7F8FA837A2A70FFD30ABD83802,"India, Karnataka, Bangalore","Bangalore, Karnataka",,,Location available; coordinates unavailable,False
Adzuna,5785773081,Deal Team Analyst 2026,EQT Group,"Bangalore, Karnataka","India, Karnataka, Bangalore",Bengaluru,,,,,0,,full_time,Accounting & Finance Jobs,accounting-finance-jobs,"This job is with EQT Group, an inclusive employer and a member of myGwork – the largest global platform for the LGBTQ business community. Please do not contact the recruiter directly. As a Bengaluru Deal Team Analyst, you will work directly with deal teams in EMEA market, supporting the investment process from origination to execution. The role offers a significant opportunity to kick-start your career in Private Equity, with potential career progression to Associate roles in major hubs globall…",2026-07-03T00:54:32Z,https://www.adzuna.in/land/ad/5785773081?se=9FyUa3Sc8RGvGrvTGRxIcA&utm_medium=api&utm_source=10d03a1b&v=145BA59D10C0F8189F14BC6249717ECC603A7E4A,"India, Karnataka, Bangalore","Bangalore, Karnataka",,,Location available; coordinates unavailable,False
Adzuna,5822232661,Enterprise Sales Manager,Ratham,"Bangalore, Karnataka","India, Karnataka, Bangalore",Bengaluru,,,,,0,,,Sales Jobs,sales-jobs,"Role: Enterprise Sales Manager Location: Bangalore (Onsite) Department: Sales At Ratham , we're redefining corporate employee transportation through technology, operational excellence, and customer-centric mobility solutions. As we continue to expand, we're looking for high-performing Enterprise Sales Managers who have a proven track record of winning enterprise business and building strong relationships with Facilities, Administration, Procurement, HR, Workplace Services, and Transport leaders…",2026-07-31T15:27:21Z,https://www.adzuna.in/land/ad/5822232661?se=9FyUa3Sc8RGvGrvTGRxIcA&utm_medium=api&utm_source=10d03a1b&v=C7A7693A3BF52048036B3B0DC49ADCFC3FACF102,"India, Karnataka, Bangalore","Bangalore, Karnataka",,,Location available; coordinates unavailable,False
Adzuna,5819623234,Executive Assistant,Acuity Analytics,"Bangalore, Karnataka","India, Karnataka, Bangalore",Bengaluru,,,,,0,,,Admin Jobs,admin-jobs,"Executive Assistant (Sell Side Research & Operations) - Associate Job Location - Gurgaon & Bangalore Mode - Hybrid Shift Timing - 2 PM to 11 PM Job Purpose The Executive Assistant will provide high-level administrative, organizational, and strategic support to senior leadership, ensuring seamless execution of day-to-day business operations. This role requires exceptional planning, communication, stakeholder management, and problem-solving skills, with the ability to handle confidential informat…",2026-07-29T15:21:21Z,https://www.adzuna.in/land/ad/5819623234?se=9FyUa3Sc8RGvGrvTGRxIcA&utm_medium=api&utm_source=10d03a1b&v=BD8DBEF8428CA5552354FF4D576B2CFB835A72F9,"India, Karnataka, Bangalore","Bangalore, Karnataka",,,Location available; coordinates unavailable,False
Adzuna,5801148439,Executive – Retail & Cafeteria Operations,SmartQ,"Bangalore, Karnataka","India, Karnataka, Bangalore",Bengaluru,,,,,0,,,Retail Jobs,retail-jobs,"About SmartQ: SmartQ is redefining how the world experiences food. As a next-generation food-tech innovator, we solve real operational challenges through empathy-led insights and powerful technology. Our mission is clear: to elevate everyday dining into a seamless and meaningful experience. In the last decade, we’ve transformed cafeteria and food operations across industries with scalable, cutting-edge solutions. Operating in 14 countries and backed by Compass Group- a $60B global foodservice l…",2026-07-15T18:05:23Z,https://www.adzuna.in/land/ad/5801148439?se=9FyUa3Sc8RGvGrvTGRxIcA&utm_medium=api&utm_source=10d03a1b&v=CA6082634CC1AA15F87CAA950DD425D1708E2FA7,"India, Karnataka, Bangalore","Bangalore, Karnataka",,,Location available; coordinates unavailable,False
Adzuna,5806136368,Hedge Accounting Professional,Radiant Digital,"Bangalore, Karnataka","India, Karnataka, Bangalore",Bengaluru,,,,,0,,,Accounting & Finance Jobs,accounting-finance-jobs,"Title: Hedge Accounting Professional Experience: 5 to 10 years Location: India, with flexibility for major Client office locations We are seeking a Senior Hedge Accounting Analyst with strong experience in IFRS 9 Hedge Accounting, Treasury Accounting, and Derivative Financial Instruments to support global finance and treasury operations. Domain: Banking / Financial Services / Treasury Skills: Hedge Accounting, IFRS 9, Derivatives, Treasury Accounting, Financial Reporting Candidates with experie…",2026-07-18T18:07:35Z,https://www.adzuna.in/land/ad/5806136368?se=9FyUa3Sc8RGvGrvTGRxIcA&utm_medium=api&utm_source=10d03a1b&v=8520E4AF11130C88589DA76854C665A5ADA9764F,"India, Karnataka, Bangalore","Bangalore, Karnataka",,,Location available; coordinates unavailable,False
Adzuna,5793571642,"IT Infrastructure Architect - Cloud (Azure, GCP)",Colt Technology Services,"Bangalore, Karnataka","India, Karnataka, Bangalore",Bengaluru,12.95703,77.59837,,,0,permanent,full_time,IT Jobs,it-jobs,"This job is with Colt Technology Services, an inclusive employer and a member of myGwork – the largest global platform for the LGBTQ business community. Please do not contact the recruiter directly. Colt provides network, voice and data centre services to thousands of businesses around the world, allowing them to focus on delivering their business goals instead of the underlying infrastructure. Job ID - 36702 Job Type - Permanent Job Function - DIO Why we need this role Cloud, Workplace, Automa…",2026-07-09T07:31:31Z,https://www.adzuna.in/land/ad/5793571642?se=9FyUa3Sc8RGvGrvTGRxIcA&utm_medium=api&utm_source=10d03a1b&v=654C5B2261A8A68DDD8265F970776755E3E1B6D6,"India, Karnataka, Bangalore","Bangalore, Karnataka",Adzuna,,Coordinates from Adzuna,True
Adzuna,5785772754,IT Infrastructure Specialist (Linux),Colt Technology Services,"Bangalore, Karnataka","India, Karnataka, Bangalore",Bengaluru,12.95703,77.59837,,,0,,full_time,IT Jobs,it-jobs,"This job is with Colt Technology Services, an inclusive employer and a member of myGwork – the largest global platform for the LGBTQ business community. Please do not contact the recruiter directly. Colt provides network, voice and data centre services to thousands of businesses around the world, allowing them to focus on delivering their business goals instead of the underlying infrastructure. IT Infrastructure Specialist Job Level- S2 Core Function- DIO Location- Gurgaon/ Bangalore, India Emp…",2026-07-03T00:54:29Z,https://www.adzuna.in/land/ad/5785772754?se=9FyUa3Sc8RGvGrvTGRxIcA&utm_medium=api&utm_source=10d03a1b&v=838BF859DAD182AA280D5FF077CC6839C936AC06,"India, Karnataka, Bangalore","Bangalore, Karnataka",Adzuna,,Coordinates from Adzuna,True
Adzuna,5831966274,Inside Sales,Onsurity,"Bangalore, Karnataka","India, Karnataka, Bangalore",Bengaluru,,,,,0,,,Sales Jobs,sales-jobs,Who are we looking for? • Strong communication and interpersonal skills with aptitude in building relationships with professionals at all organizational levels. • Prior experience working in a B2B Saas/ CRM/ERP Sales background. • Highly energetic Individuals who are always willing to stretch their boundaries at Work • Target Driven folks who will not stop or settle for anything lesser than their assigned Targets • Ability in problem-solving and negotiation • Strong listening and presentation s…,2026-08-07T17:56:23Z,https://www.adzuna.in/land/ad/5831966274?se=9FyUa3Sc8RGvGrvTGRxIcA&utm_medium=api&utm_source=10d03a1b&v=D59B363E40542E99E20C0242600FA7D07F714517,"India, Karnataka, Bangalore","Bangalore, Karnataka",,,Location available; coordinates unavailable,False
Adzuna,5820963896,Inside Sales Executive - US Market,Creative Synergies Group,"Bangalore, Karnataka","India, Karnataka, Bangalore",Bengaluru,,,,,0,,,Sales Jobs,sales-jobs,"Job Description: Role Name: Inside Sales Executive for USA Market | Automotive Work Model: Hybrid Work Timings: US Hours (4 PM to 1 AM) Work Location: Whitefield, Bangalore Job Summary: We are seeking a proactive Inside Sales Executive to join our team. The role involves lead generation, client engagement, and coordination with sales and technical teams to provide customized engineering solutions. Ideal candidates will have a solid grasp of engineering concepts and a knack for building lasting …",2026-07-30T15:25:32Z,https://www.adzuna.in/land/ad/5820963896?se=9FyUa3Sc8RGvGrvTGRxIcA&utm_medium=api&utm_source=10d03a1b&v=91DAF4863ED716EE4694BB0A35330A7A72A7B2E5,"India, Karnataka, Bangalore","Bangalore, Karnataka",,,Location available; coordinates unavailable,False
Adzuna,5818524816,Inside Sales Executive – B2B Conferences (Delegate Sales),Exxocon Global,"Bangalore, Karnataka","India, Karnataka, Bangalore",Bengaluru,,,,,0,,,Sales Jobs,sales-jobs,"Company Description Exxocon Global designs and delivers industry-led events, including conferences, workshops, and certification courses, to help professionals and organizations build relevant, up-to-date skills. The company focuses on key sectors such as oil and gas, petrochemicals, utilities, banking, and energy, with a particular emphasis on markets in the Middle East, Africa, and Asia. Exxocon Global’s events provide a platform to present, discuss, and debate strategic topics aligned with m…",2026-07-28T21:19:03Z,https://www.adzuna.in/land/ad/5818524816?se=9FyUa3Sc8RGvGrvTGRxIcA&utm_medium=api&utm_source=10d03a1b&v=286C31D684547A5808B318780DE6D4532A2515D0,"India, Karnataka, Bangalore","Bangalore, Karnataka",,,Location available; coordinates unavailable,False
Adzuna,5812352039,Integrated Media Planner (2-4 Years),Omnicom Global Solutions,"Bangalore, Karnataka","India, Karnataka, Bangalore",Bengaluru,,,,,0,,full_time,"PR, Advertising & Marketing Jobs",pr-advertising-marketing-jobs,"About Omnicom Global Solutions Omnicom Global Solutions (OGS) is an integral part of Omnicom Group, a leading global marketing and corporate communications company. Omnicom’s branded networks and specialty firms deliver advertising, strategic media planning and buying, digital and interactive marketing, direct and promotional marketing, public relations, and other specialized communication solutions to over 5,000 clients across more than 70 countries. OGS India serves as a key global capability…",2026-07-23T18:56:06Z,https://www.adzuna.in/land/ad/5812352039?se=9FyUa3Sc8RGvGrvTGRxIcA&utm_medium=api&utm_source=10d03a1b&v=99BD18A6523F9E8602AF30BA084496F7ABF56468,"India, Karnataka, Bangalore","Bangalore, Karnataka",,,Location available; coordinates unavailable,False
Adzuna,5819622173,Intern - Inside Sales,greytHR,"Bangalore, Karnataka","India, Karnataka, Bangalore",Bengaluru,,,,,0,contract,,Sales Jobs,sales-jobs,"Job Summary: We are looking for a dynamic and enthusiastic Intern – Inside Sales to support our sales team in generating qualified leads and building client relationships. This role involves outbound calling, email campaigns, nurturing leads, and coordinating with the sales team to achieve business growth. The ideal candidate is proactive, target-driven, and eager to learn and grow in a high-paced sales environment. Key Responsibilities: Conduct outbound calls and emails to prospective clients …",2026-07-29T15:20:12Z,https://www.adzuna.in/land/ad/5819622173?se=9FyUa3Sc8RGvGrvTGRxIcA&utm_medium=api&utm_source=10d03a1b&v=D1814A3881EDF8A8E081E096B17F1A322FD36130,"India, Karnataka, Bangalore","Bangalore, Karnataka",,,Location available; coordinates unavailable,False
Adzuna,5830417644,Junior Graphic Designer,Sequel Logistics,"Bangalore, Karnataka","India, Karnataka, Bangalore",Bengaluru,,,,,0,,,"PR, Advertising & Marketing Jobs",pr-advertising-marketing-jobs,"ABOUT SEQUEL: Founded in 2004 and headquartered in Bengaluru, Sequel is India's leading Supply Chain Management company specialising in comprehensive solutions, services and products within the Secure Logistics segment. The company operates across two specialised verticals — Sequel Secure for high monetary value cargo such as gems, jewellery, bullion and other precious commodities, and Sequel Lifecare for time-critical, temperature-controlled life sciences logistics. WHAT YOU'LL DO: • Design so…",2026-08-06T17:51:57Z,https://www.adzuna.in/land/ad/5830417644?se=9FyUa3Sc8RGvGrvTGRxIcA&utm_medium=api&utm_source=10d03a1b&v=A5EC09082EF9F29D3C28E8BD31A2C0AEEA4285C6,"India, Karnataka, Bangalore","Bangalore, Karnataka",,,Location available; coordinates unavailable,False
Adzuna,5822233089,Key Account Manager (Ads Business),Navi,"Bangalore, Karnataka","India, Karnataka, Bangalore",Bengaluru,,,,,0,,,Customer Services Jobs,customer-services-jobs,"About the Team The Ads team at Navi is responsible for delivering personalised and contextually relevant advertisements to customers within the app. By leveraging user insights and data-driven targeting, the team ensures ads feel like a natural and helpful part of the customer journey, ultimately driving both user satisfaction and incremental revenue for the business. What We Expect From You Account Management: Work with the business head to manage partner relationships, and day to day operatio…",2026-07-31T15:28:01Z,https://www.adzuna.in/land/ad/5822233089?se=9FyUa3Sc8RGvGrvTGRxIcA&utm_medium=api&utm_source=10d03a1b&v=C2EFACBF9D58774418BEB6F3913F5A95FCCA7129,"India, Karnataka, Bangalore","Bangalore, Karnataka",,,Location available; coordinates unavailable,False
Adzuna,5801395184,Key Accounts Manager – Car Rental Operations | Bengaluru,Eminent Transit | Leading Corporate Travel Management Company,"Bangalore, Karnataka","India, Karnataka, Bangalore",Bengaluru,,,,,0,,,Accounting & Finance Jobs,accounting-finance-jobs,"Job Description: We are hiring a Key Accounts Manager to handle corporate client accounts and ensure seamless execution of car rental operations. Key Responsibilities: • Manage end-to-end operations of assigned corporate accounts • Act as SPOC for client coordination (HR/Admin/Travel Desk) • Ensure smooth execution of daily trips, airport transfers, and guest movements • Coordinate with operations, fleet, and vendors for service delivery • Monitor SLA adherence and service quality • Handle esca…",2026-07-15T22:26:24Z,https://www.adzuna.in/land/ad/5801395184?se=9FyUa3Sc8RGvGrvTGRxIcA&utm_medium=api&utm_source=10d03a1b&v=38438A8B27AEEDEB5A1236F65139E9C4A94C76E5,"India, Karnataka, Bangalore","Bangalore, Karnataka",,,Location available; coordinates unavailable,False
Adzuna,5822403362,"Manager, IT - Data Engineering",Kraft Heinz,"Bangalore, Karnataka","India, Karnataka, Bangalore",Bengaluru,12.95703,77.59837,,,0,,full_time,IT Jobs,it-jobs,"This job is with Kraft Heinz, an inclusive employer and a member of myGwork – the largest global platform for the LGBTQ business community. Please do not contact the recruiter directly. Job Description MANAGER, DATA ENGINEERING(b13) Job Description Role overview As a Manager - Data Engineering, you will lead a cross-functional delivery team in building and maintaining the framework and platform capabilities that drive our data pipelines and analytics solutions. You will take design ownership of…",2026-07-31T19:50:47Z,https://www.adzuna.in/land/ad/5822403362?se=9FyUa3Sc8RGvGrvTGRxIcA&utm_medium=api&utm_source=10d03a1b&v=25353A0612E96F750642694811844BA1E9BF3623,"India, Karnataka, Bangalore","Bangalore, Karnataka",Adzuna,,Coordinates from Adzuna,True
Adzuna,5777491190,Presales Executive - Showroom Specialist,Livspace,"Bangalore, Karnataka","India, Karnataka, Bangalore",Bengaluru,,,,,0,,,Creative & Design Jobs,creative-design-jobs,"Qualification- Graduate Language Required- Gujarati, Marathi, Kannada, Telugu CTC-5-6 Lac Work from home opportunity 6 days working JOB DESCRIPTION We are looking for a talented Presales Executive - Showroom Specialist to build connect with the customers, confirm basic details to connect to the right designer and send the customers to our experience centers. The PSE will also facilitate the customer through the funnel and drive conversions while working alongside the interior designers. If you …",2026-06-26T15:00:20Z,https://www.adzuna.in/land/ad/5777491190?se=9FyUa3Sc8RGvGrvTGRxIcA&utm_medium=api&utm_source=10d03a1b&v=E3E0DF219DB6F1904C63B2E20E1ED83185C6E1E0,"India, Karnataka, Bangalore","Bangalore, Karnataka",,,Location available; coordinates unavailable,False
Adzuna,5812612762,Product Support Analyst,SteelEye,"Bangalore, Karnataka","India, Karnataka, Bangalore",Bengaluru,,,,,0,,,IT Jobs,it-jobs,"Product Support Analyst SteelEye is a fast-moving B2B RegTech company helping financial institutions meet regulatory obligations through integrated trade and communications surveillance, reporting, and data-driven compliance tools. Our technology supports compliance, prevents market abuse, and builds trust in financial markets. We are committed to building a diverse, equitable, and inclusive workplace where different backgrounds, perspectives, and experiences are valued. As a Product Support An…",2026-07-24T00:59:08Z,https://www.adzuna.in/land/ad/5812612762?se=9FyUa3Sc8RGvGrvTGRxIcA&utm_medium=api&utm_source=10d03a1b&v=E6B0EEE87F2057EEDDF88CC8C08A1F53ED5168B1,"India, Karnataka, Bangalore","Bangalore, Karnataka",,,Location available; coordinates unavailable,False
Adzuna,5820158611,Programmatic Performance Specialist,Adprime,"Bangalore, Karnataka","India, Karnataka, Bangalore",Bengaluru,,,,,0,,,IT Jobs,it-jobs,"Role Overview We are seeking a results-driven Programmatic Performance Specialist focused on driving high converting CPA (Cost Per Action) and CPL (Cost Per Lead) campaigns. In this role, you will be responsible for end-to-end campaign execution, bid optimization, audience architecture, and performance scaling across Display & Video 360 (DV360) and Beeswax / Free Wheel. You will operate at the intersection of data, creative strategy, and ad tech to deliver measurable business outcomes and hit d…",2026-07-30T01:26:08Z,https://www.adzuna.in/land/ad/5820158611?se=9FyUa3Sc8RGvGrvTGRxIcA&utm_medium=api&utm_source=10d03a1b&v=C4DD0C14CAD15529F4128F8F70922F58473D4A27,"India, Karnataka, Bangalore","Bangalore, Karnataka",,,Location available; coordinates unavailable,False
Adzuna,5834572473,Project Manager,"MaxVal Group, Inc.","Bangalore, Karnataka","India, Karnataka, Bangalore",Bengaluru,,,,,0,,,IT Jobs,it-jobs,"Job Location - Bangalore, Coimbatore Experience : 12 -18 yrs (Minimum 10 yrs in E2E project management)  Work mode- Hybrid  Immediate Joiners will be preferred Must Have 1. Product / Software development experience - custom-based or enterprise software -managing software projects 2. Project Implementation 3. US /UK client interactions -customer-facing role 4. Hybrid - Agile & waterfall (good to have waterfall) 5. MS projects and good understanding on mpp tool ( Microsoft project plan tool) 6. S…",2026-08-09T16:09:35Z,https://www.adzuna.in/land/ad/5834572473?se=9FyUa3Sc8RGvGrvTGRxIcA&utm_medium=api&utm_source=10d03a1b&v=FB677266BD5DE13703A8AB253DC657522E7F59A3,"India, Karnataka, Bangalore","Bangalore, Karnataka",,,Location available; coordinates unavailable,False
Adzuna,5818524551,Regional Manager - Sales,ARK Infosolutions Pvt. Ltd.,"Bangalore, Karnataka","India, Karnataka, Bangalore",Bengaluru,,,,,0,,,Sales Jobs,sales-jobs,"We are looking for an experienced Regional Manager to drive sales growth, channel development, and key account management across the western region. The candidate will be responsible for managing regional sales operations, developing strategic partnerships, and achieving revenue targets for technology products such as 3D printers, scanners, and additive manufacturing solutions from brands like Formlabs . Key Responsibilities: Develop and execute a regional sales strategy for the Western region.…",2026-07-28T21:18:41Z,https://www.adzuna.in/land/ad/5818524551?se=9FyUa3Sc8RGvGrvTGRxIcA&utm_medium=api&utm_source=10d03a1b&v=29F11D8D07F7069922A520E9AD81136B8A3A89D3,"India, Karnataka, Bangalore","Bangalore, Karnataka",,,Location available; coordinates unavailable,False
Adzuna,5804796084,Regional Sales Manager,"IRISS, Inc.","Bangalore, Karnataka","India, Karnataka, Bangalore",Bengaluru,,,,,0,,full_time,Sales Jobs,sales-jobs,"IRISS is the global leader in industrial safety and condition-based monitoring technologies, trusted by power generation, data center, and critical infrastructure teams worldwide. We design and manufacture in our facility in Bradenton Florida (made in the USA) innovative solutions that make maintenance safer, smarter, and more connected — helping organizations prevent failure, reduce risk, and protect their people. IRISS has its headquarters in the U.S. with operations across LATAM, EMEA, APAC,…",2026-07-17T15:57:38Z,https://www.adzuna.in/land/ad/5804796084?se=9FyUa3Sc8RGvGrvTGRxIcA&utm_medium=api&utm_source=10d03a1b&v=0AF5788893EC9FD5B88641D030633371B86B0CE2,"India, Karnataka, Bangalore","Bangalore, Karnataka",,,Location available; coordinates unavailable,False
Adzuna,5785771300,SF Compensation Technical Consultant,Colt Technology Services,"Bangalore, Karnataka","India, Karnataka, Bangalore",Bengaluru,12.95703,77.59837,,,0,permanent,full_time,HR & Recruitment Jobs,hr-jobs,"This job is with Colt Technology Services, an inclusive employer and a member of myGwork – the largest global platform for the LGBTQ business community. Please do not contact the recruiter directly. Colt provides network, voice and data centre services to thousands of businesses around the world, allowing them to focus on delivering their business goals instead of the underlying infrastructure. SuccessFactors Compensation, Technical Consultant Job ID 36602 Job Level: S2 Job Location: Gurugram/ …",2026-07-03T00:54:14Z,https://www.adzuna.in/land/ad/5785771300?se=9FyUa3Sc8RGvGrvTGRxIcA&utm_medium=api&utm_source=10d03a1b&v=31A7CF20B57C3483499AE15EFEB5F82B3107E064,"India, Karnataka, Bangalore","Bangalore, Karnataka",Adzuna,,Coordinates from Adzuna,True
Adzuna,5785411099,Sales Agent (DMC Experiences Required),CÔNG TY TNHH VN BIKE TOUR,"Bangalore, Karnataka","India, Karnataka, Bangalore",Bengaluru,,,,,0,,full_time,Sales Jobs,sales-jobs,"VNBIKEtour LOOKING FOR TALLENTS IN DMC  About company VNBIKETOUR is an Vietnam-based travel company with branch in India. We specialize in developing strong partnerships with travel agencies, tour operators, and tourism businesses across India to grow the Vietnam travel market. We are currently seeking a dynamic and motivated Sales Executive to join our expanding team. This role focuses on building and maintaining B2B relationships, promoting Vietnam tour products, and supporting business growt…",2026-07-02T17:24:39Z,https://www.adzuna.in/land/ad/5785411099?se=9FyUa3Sc8RGvGrvTGRxIcA&utm_medium=api&utm_source=10d03a1b&v=39EA1AF122B5E3731A95BA8BB74A4C318289AFCC,"India, Karnataka, Bangalore","Bangalore, Karnataka",,,Location available; coordinates unavailable,False
Adzuna,5825674978,Senior Dam Design Engineer (Hydraulics),Dar,"Bangalore, Karnataka","India, Karnataka, Bangalore",Bengaluru,,,,,0,,,Engineering Jobs,engineering-jobs,"A Senior Dam Design Engineer (Hydraulics) leads the conceptualization, modeling, and detailed design of hydraulic structures for dams and reservoirs, such as spillways, intakes, and energy dissipators. This role demands expertise in advanced hydraulic modeling, and multidisciplinary coordination to ensure safe, efficient, and compliant water infrastructure. Key Responsibilities Hydraulic Modeling & Analysis: Conduct advanced 1D, 2D, and 3D hydraulic modeling (e.g., using HEC-RAS, Flow-3D, or AN…",2026-08-02T17:35:51Z,https://www.adzuna.in/land/ad/5825674978?se=9FyUa3Sc8RGvGrvTGRxIcA&utm_medium=api&utm_source=10d03a1b&v=5B444320DB3AF6E8492154D8C606A2B0E0F49436,"India, Karnataka, Bangalore","Bangalore, Karnataka",,,Location available; coordinates unavailable,False
Adzuna,5820158161,Senior Finance Associate,Pixis,"Bangalore, Karnataka","India, Karnataka, Bangalore",Bengaluru,,,,,0,,,Accounting & Finance Jobs,accounting-finance-jobs,"About us: Pixis is a US-based codeless technology company that develops accessible AI to empower brands to scale their performance marketing efforts and augment their decision-making seamlessly. Since its inception, Pixis has been on a mission to develop powerful AI infrastructure that equips marketers across countries with robust plug-and-play AI products, 200 proprietary, self-evolving AI models without having to write a single line of code. The company has raised a total funding of $209M acr…",2026-07-30T01:25:03Z,https://www.adzuna.in/land/ad/5820158161?se=9FyUa3Sc8RGvGrvTGRxIcA&utm_medium=api&utm_source=10d03a1b&v=05C4140F604146D2F3CBF332A2BFD009C5F3FBBB,"India, Karnataka, Bangalore","Bangalore, Karnataka",,,Location available; coordinates unavailable,False
Adzuna,5810846194,Senior Interior Designer,Livspace,"Bangalore, Karnataka","India, Karnataka, Bangalore",Bengaluru,,,,,0,,,Creative & Design Jobs,creative-design-jobs,"About Livspace : Livspace is building the world's first end-to-end interior design platform out of India. We’re India's top online home improvement & interior destination for consumers and the world's first design automation platform for designers. Profile: Senior Interior Designer Location: Bengaluru, JP Nagar Years of Experience: 3 -5 years About the Role As an Interior Designer, you should have excellent creative thinking skills and be able to create Modular designs based on conversations wi…",2026-07-22T16:54:07Z,https://www.adzuna.in/land/ad/5810846194?se=9FyUa3Sc8RGvGrvTGRxIcA&utm_medium=api&utm_source=10d03a1b&v=3877D3CC6F4EE5F8C02D0840F2914B508DFA3079,"India, Karnataka, Bangalore","Bangalore, Karnataka",,,Location available; coordinates unavailable,False
Adzuna,5818524931,Senior Lead - Operational Excellence,Page Industries Ltd,"Bangalore, Karnataka","India, Karnataka, Bangalore",Bengaluru,,,,,0,,,Manufacturing Jobs,manufacturing-jobs,"Lead enterprise-wide initiatives focused on productivity improvement, cost reduction, operational efficiency, quality enhancement, and culture building across our manufacturing units. Drive transformational change through Lean, TPM, Kaizen, WCM, and Continuous improvement practices. What you will drive: Lean Manufacturing & TPM implementation Kaizen culture and employee engagement Productivity & cost improvement initiatives 5S, Visual Management & Workplace Excellence Training, coaching, and me…",2026-07-28T21:19:07Z,https://www.adzuna.in/land/ad/5818524931?se=9FyUa3Sc8RGvGrvTGRxIcA&utm_medium=api&utm_source=10d03a1b&v=555E42703C13E740C5F0A3DA651EC056881E3787,"India, Karnataka, Bangalore","Bangalore, Karnataka",,,Location available; coordinates unavailable,False
Adzuna,5820906205,"Senior Manager, GBS Global Planning and Performance Management FP&A",Kraft Heinz,"Bangalore, Karnataka","India, Karnataka, Bangalore",Bengaluru,12.95703,77.59837,,,0,,full_time,Accounting & Finance Jobs,accounting-finance-jobs,"This job is with Kraft Heinz, an inclusive employer and a member of myGwork – the largest global platform for the LGBTQ business community. Please do not contact the recruiter directly. Job Description Senior Manager - GBS Finance Planning & Performance Management FP&A Location: Benguluru, Karnataka Executive Role Overview The Senior Manager will serve as the finance governance and performance lead for the broader GBS ecosystem, covering GCC India, GCC Mexico, all GBS zones and non-GCC componen…",2026-07-30T13:53:16Z,https://www.adzuna.in/land/ad/5820906205?se=9FyUa3Sc8RGvGrvTGRxIcA&utm_medium=api&utm_source=10d03a1b&v=4A7E34222EA2CC0DD4C8CB674F08CE1C69E29581,"India, Karnataka, Bangalore","Bangalore, Karnataka",Adzuna,,Coordinates from Adzuna,True
Adzuna,5785770938,Senior Quality Test Engineer II,Elsevier,"Bangalore, Karnataka","India, Karnataka, Bangalore",Bengaluru,,,,,0,,full_time,IT Jobs,it-jobs,"This job is with Elsevier, an inclusive employer and a member of myGwork – the largest global platform for the LGBTQ business community. Please do not contact the recruiter directly. Do you enjoy improving quality and driving automation strategies in complex technology environments? Would you like to collaborate with cross-functional teams to deliver high-quality software products and data solutions? About our Team: This is a position in the Research Data Platform team responsible for performin…",2026-07-03T00:54:12Z,https://www.adzuna.in/land/ad/5785770938?se=9FyUa3Sc8RGvGrvTGRxIcA&utm_medium=api&utm_source=10d03a1b&v=EA1DAE07601172858CF05BE67EFC9EC558A8EFC9,"India, Karnataka, Bangalore","Bangalore, Karnataka",,,Location available; coordinates unavailable,False
Adzuna,5784732003,Senior Sales Manager - Staff Augmentation,PeopleLogic,"Bangalore, Karnataka","India, Karnataka, Bangalore",Bengaluru,,,,,0,,,Sales Jobs,sales-jobs,"We are looking for a Senior Manager – Staff Augmentation Sales with 10–16 years of experience in the recruitment/staffing industry. The ideal candidate should have a strong background in domestic IT contract staffing sales and a proven track record of acquiring and managing enterprise clients. Key Responsibilities: Drive new business development for IT contract staffing (Staff Augmentation) across the domestic market. Identify, acquire, and manage enterprise clients while building long-term rel…",2026-07-02T07:24:13Z,https://www.adzuna.in/land/ad/5784732003?se=9FyUa3Sc8RGvGrvTGRxIcA&utm_medium=api&utm_source=10d03a1b&v=C335EA04F2BE92E561FE0E83EDC732F8E755B5F9,"India, Karnataka, Bangalore","Bangalore, Karnataka",,,Location available; coordinates unavailable,False
Adzuna,5369874016,Senior Verification Engineer,ACL Digital,"Bangalore, Karnataka","India, Karnataka, Bangalore",Bengaluru,,,,,0,,,IT Jobs,it-jobs,"IP/ SoC Verification Engineer Job Description: Must have good knowledge on the verification flows. Excellent hands-on debug skills and problem solving attitude Experience of working in complex test-bench/model in Verilog , System Verilog or SystemC Experience of working on Functional Verification, SoC Verification, Emulation. Good in programming : System Verilog , PLI/ DPI interface, C/C++, PERL/Shell script, assembly language. OVM / UVM Methodology knowledge and experience. Must have good comm…",2025-08-27T08:10:27Z,https://www.adzuna.in/land/ad/5369874016?se=9FyUa3Sc8RGvGrvTGRxIcA&utm_medium=api&utm_source=10d03a1b&v=AD0BD5326796283853A1E1D74F98CFEE1E326140,"India, Karnataka, Bangalore","Bangalore, Karnataka",,,Location available; coordinates unavailable,False
Adzuna,5785772971,Sr. OpenBMC Firmware Engineer,Jabil,"Bangalore, Karnataka","India, Karnataka, Bangalore",Bengaluru,12.95703,77.59837,,,0,,full_time,Engineering Jobs,engineering-jobs,"This job is with Jabil, an inclusive employer and a member of myGwork – the largest global platform for the LGBTQ business community. Please do not contact the recruiter directly. At Jabil (NYSE: JBL), we are proud to be a trusted partner for the world's top brands, offering comprehensive engineering, supply chain, and manufacturing solutions. With 60 years of experience across industries and a vast network of over 100 sites worldwide, Jabil combines global reach with local expertise to deliver…",2026-07-03T00:54:31Z,https://www.adzuna.in/land/ad/5785772971?se=9FyUa3Sc8RGvGrvTGRxIcA&utm_medium=api&utm_source=10d03a1b&v=280294F11A4E774C7DA07AB9713658AE47E093C1,"India, Karnataka, Bangalore","Bangalore, Karnataka",Adzuna,,Coordinates from Adzuna,True
Adzuna,5820964079,Strength And Conditioning Coach,Curefit,"Bangalore, Karnataka","India, Karnataka, Bangalore",Bengaluru,,,,,0,,,Hospitality & Catering Jobs,hospitality-catering-jobs,KEY RESPONSIBILITIES & ROLES • Provide expert guidance on proper exercise techniques and safety protocols to prevent injuries during training sessions. • Collaborate with other fitness professionals and health experts to create holistic wellness plans that incorporate nutrition and lifestyle changes . • Motivate and inspire clients to achieve their fitness goals through personalized coaching and support. • Stay updated with the latest sports science research and fitness trends to continuously i…,2026-07-30T15:25:53Z,https://www.adzuna.in/land/ad/5820964079?se=9FyUa3Sc8RGvGrvTGRxIcA&utm_medium=api&utm_source=10d03a1b&v=20038FD842B3A0E3313FD8DE5AA0C5E3DD53109D,"India, Karnataka, Bangalore","Bangalore, Karnataka",,,Location available; coordinates unavailable,False
Adzuna,5808332684,Subject Matter Expert - Clinical Team,Triomics,"Bangalore, Karnataka","India, Karnataka, Bangalore",Bengaluru,,,,,0,,,Scientific & QA Jobs,scientific-qa-jobs,"Subject Matter Expert - Liquid Focused About Triomics: Triomics helps oncology organizations scale clinical research and high-quality data creation without scaling headcount. Our AI platform - powered by OncoLLM™- automates the operational work behind trial screening, eligibility interpretation, and oncology data abstraction across Prism (trial matching), Harmony (registry  RWE curation), and Symphony (clinician copilot). Built for real-world hospital workflows, Triomics integrates with EHRs an…",2026-07-21T00:33:01Z,https://www.adzuna.in/land/ad/5808332684?se=9FyUa3Sc8RGvGrvTGRxIcA&utm_medium=api&utm_source=10d03a1b&v=073AF42037D056B4717AD35E1D9B6F8FC00F2A9C,"India, Karnataka, Bangalore","Bangalore, Karnataka",,,Location available; coordinates unavailable,False
Adzuna,5821438362,Subject Matter Expert - Motor Claims,Navi,"Bangalore, Karnataka","India, Karnataka, Bangalore",Bengaluru,,,,,0,,,Accounting & Finance Jobs,accounting-finance-jobs,"About the Team The Motor Claims team is a critical function within our Insurance Business team, dedicated to providing efficient and customer-centric claims services for all motor insurance policyholders. About the Role As a Subject Matter Expert, you will play a critical role in ensuring a smooth, fast, and fair claims experience for our customers. You will be responsible for the end-to-end management of motor own-damage (OD) claims, serving as the primary point of contact for customers and se…",2026-07-31T01:30:00Z,https://www.adzuna.in/land/ad/5821438362?se=9FyUa3Sc8RGvGrvTGRxIcA&utm_medium=api&utm_source=10d03a1b&v=D74BC6CFA3533175A34317F89C2CEE8245CBAFF2,"India, Karnataka, Bangalore","Bangalore, Karnataka",,,Location available; coordinates unavailable,False
Adzuna,5813878167,Team Lead,TP,"Bangalore, Karnataka","India, Karnataka, Bangalore",Bengaluru,,,,,0,,,Customer Services Jobs,customer-services-jobs,"Job Title: Team Leader – E-Commerce Process Location: Bangalore Salary: Up to ₹4.5 LPA Shift: Day Shift Working Days: 6 Days a Week Joining: Immediate Joiners Preferred Job Summary We are looking for an experienced Team Leader to manage and drive the performance of an E-Commerce customer service team. The ideal candidate should have a minimum of 1 year of experience as a Team Leader , with strong knowledge of KPI/KRI management, people management, and operational excellence . Key Responsibiliti…",2026-07-24T19:01:39Z,https://www.adzuna.in/land/ad/5813878167?se=9FyUa3Sc8RGvGrvTGRxIcA&utm_medium=api&utm_source=10d03a1b&v=4163F5EA7D04FF3FF4E3CCD49598FA1589DFE714,"India, Karnataka, Bangalore","Bangalore, Karnataka",,,Location available; coordinates unavailable,False
Adzuna,5810845527,Walk in Drive For Credit Analyst on 23rd July at Bangalore,Infosys BPM,"Bangalore, Karnataka","India, Karnataka, Bangalore",Bengaluru,,,,,0,,full_time,Accounting & Finance Jobs,accounting-finance-jobs,"Greetings from Infosys BPM Ltd., We are hiring for Walkin Drive for Credit Analyst Domain for Bangalore. Please walk-in for the interview on 23rd July 2026 in Bangalore. Note : Please carry copy of this email to the venue and make sure you register your application before attending the walk-in. Please mention Candidate ID on top of the Resume  Please use below link to apply and register your application. Process Specialist- 4 Yrs to 6 Yrs experience: https://career.infosys.com/jobdesc?jobRefere…",2026-07-22T16:53:07Z,https://www.adzuna.in/land/ad/5810845527?se=9FyUa3Sc8RGvGrvTGRxIcA&utm_medium=api&utm_source=10d03a1b&v=1B396CF40D970D586B9398806696DE5FDB676888,"India, Karnataka, Bangalore","Bangalore, Karnataka",,,Location available; coordinates unavailable,False
Adzuna,5806140349,Alliance Manager,TECEZE,"Chennai, Tamil Nadu","India, Tamil Nadu, Chennai",Chennai,13.06041,80.24963,,,0,,full_time,Sales Jobs,sales-jobs,"Alliance Manager – Cyber Security, Cloud, Data Center, Network & AI Company: Teceze Ltd Position: Alliance Manager – Partner Ecosystem & Distribution Practice Area: Strategic Alliances & Global Channels Location: Chennai, Bangalore & Pune /Mumbai Employment Type: Full-time About Teceze Teceze is a global technology partner focused on operational resilience, digital transformation, and scalable growth. We simplify architectural complexity and accelerate business velocity by uniting next-generati…",2026-07-18T18:10:05Z,https://www.adzuna.in/land/ad/5806140349?se=BHmyXXSc8RGQor-L2zKR7A&utm_medium=api&utm_source=10d03a1b&v=B033C500FAEEE7FB88AC812300F77CFAD67B6246,"India, Tamil Nadu, Chennai","Chennai, Tamil Nadu",Adzuna,,Coordinates from Adzuna,True
Adzuna,5833433926,"Associate Data Manager, Clinical Data Sciences",Pfizer,"Chennai, Tamil Nadu","India, Tamil Nadu, Chennai",Chennai,13.06041,80.24963,,,0,,full_time,Scientific & QA Jobs,scientific-qa-jobs,"This job is with Pfizer, an inclusive employer and a member of myGwork – the largest global platform for the LGBTQ business community. Please do not contact the recruiter directly. Use Your Power for Purpose At Pfizer, our Worldwide Medical and Safety colleagues are pivotal in bridging evidence-based medical decision support with stakeholders to enhance health and treatment outcomes. Whether you are developing frameworks to ensure our evidence is scientifically robust, offering unbiased and med…",2026-08-08T17:56:19Z,https://www.adzuna.in/land/ad/5833433926?se=BHmyXXSc8RGQor-L2zKR7A&utm_medium=api&utm_source=10d03a1b&v=3EC5E3EC6BC07AF1EB0B165CEE5682502F3BC78E,"India, Tamil Nadu, Chennai","Chennai, Tamil Nadu",Adzuna,,Coordinates from Adzuna,True
Adzuna,5785771513,Associate Manager - Indirect Taxation,Pfizer,"Chennai, Tamil Nadu","India, Tamil Nadu, Chennai",Chennai,13.06041,80.24963,,,0,,full_time,Accounting & Finance Jobs,accounting-finance-jobs,"This job is with Pfizer, an inclusive employer and a member of myGwork – the largest global platform for the LGBTQ business community. Please do not contact the recruiter directly. At Pfizer we make medicines and vaccines that change patients' lives with a global reach of over 780 million patients. The Sr. Associate - Indirect Taxation will be responsible for hands‑on management and execution of Indirect Tax matters in India , primarily covering GST, Customs, and EOU‑related compliances , for a…",2026-07-03T00:54:16Z,https://www.adzuna.in/land/ad/5785771513?se=BHmyXXSc8RGQor-L2zKR7A&utm_medium=api&utm_source=10d03a1b&v=AF6D47C5C5728C56587E554479580939AEEC9961,"India, Tamil Nadu, Chennai","Chennai, Tamil Nadu",Adzuna,,Coordinates from Adzuna,True
Adzuna,5829374248,Automotive Interior/Lighting Designer,Satyam Venture Engineering Services,"Chennai, Tamil Nadu","India, Tamil Nadu, Chennai",Chennai,13.06041,80.24963,,,0,,,Engineering Jobs,engineering-jobs,We’re Hiring – Sr. Designer / Specialist - Automotive Interior/Lighting Design(CATIA)   Location: Chennai  Experience: 5–10 Years ⏳ Notice Period: Immediate We are looking for skilled professionals with expertise in Plastic Design and hands-on experience in CATIA.  Key Requirements: ✅ Strong experience in Plastic Component Design ✅ Strong experience in surfacing ✅ Mandatory experience in Automotive Interior/Lighting Design ✅ Good hands-on experience in 2D Drawings ✅ Ability to work in a fast-p…,2026-08-05T23:52:56Z,https://www.adzuna.in/land/ad/5829374248?se=BHmyXXSc8RGQor-L2zKR7A&utm_medium=api&utm_source=10d03a1b&v=63F1551B929B4F9205E9A09DC91ADCAF0FA7CF69,"India, Tamil Nadu, Chennai","Chennai, Tamil Nadu",Adzuna,,Coordinates from Adzuna,True
Adzuna,5818523837,Channel Sales Executive,Hexnode,"Chennai, Tamil Nadu","India, Tamil Nadu, Chennai",Chennai,13.06041,80.24963,,,0,,,Sales Jobs,sales-jobs,"About Mitsogo | Hexnode: Mitsogo is a global organization that highly values the contributions of each employee. Our ability to attract top talent is a testament to our commitment to fostering a sense of belonging for everyone. We recognize the rapid evolution of technology and society that impacts our industry, and we prioritize equipping our employees with diverse opportunities and empowering them with a wide range of skills. Hexnode, the Enterprise software division of Mitsogo Inc., was foun…",2026-07-28T21:18:10Z,https://www.adzuna.in/land/ad/5818523837?se=BHmyXXSc8RGQor-L2zKR7A&utm_medium=api&utm_source=10d03a1b&v=FFF1D94577D9F1F937A2D3F10D00C3558FA2B12B,"India, Tamil Nadu, Chennai","Chennai, Tamil Nadu",Adzuna,,Coordinates from Adzuna,True
Adzuna,5836625247,Channel Sales Lead,Reliance Jio Infocomm Limited,"Chennai, Tamil Nadu","India, Tamil Nadu, Chennai",Chennai,13.06041,80.24963,,,0,,,Sales Jobs,sales-jobs,"Education required: Graduate in any discipline (MBA or equivalent preferred) Exp. Required - Graduate: 4 - 8 Years MBA: Min.2 - 6 Years Job Location : Chennai (TVK Nagar, Ambattur, Porur, Kilpauk) Job Description : 1. Responsible for sim activations at retail outlets as per targets 2. Drive Revenue Market Share by increasing retail width and product availability 3. Manage productivity of Channel partners & FSE 4. Train and ensure required FSE with distributors 5. Ensure distributors / retailers…",2026-08-11T16:13:17Z,https://www.adzuna.in/land/ad/5836625247?se=BHmyXXSc8RGQor-L2zKR7A&utm_medium=api&utm_source=10d03a1b&v=FE180B7A99A8993A4EE22971FB6A6E6CD1576AF9,"India, Tamil Nadu, Chennai","Chennai, Tamil Nadu",Adzuna,,Coordinates from Adzuna,True
Adzuna,5822232461,Commis I / II / III – Corporate Cafeteria Kitchen | Chennai,FOOD TECH COMPANY,"Chennai, Tamil Nadu","India, Tamil Nadu, Chennai",Chennai,13.06041,80.24963,,,0,,full_time,Hospitality & Catering Jobs,hospitality-catering-jobs,"Hiring: Commis Chefs (I / II / III) – Corporate Cafeteria Location: Chennai, Tamil Nadu (On-site) Employment Type: Full-time Sector: Food-Tech / Corporate Catering Qualifications: Hotel Management Diploma, Catering Certificate, or Practical Experience Brief: We are expanding our kitchen brigade! Whether you are a fresh college pass-out or an experienced hotel line chef looking for stable corporate shifts, we want you on our team. What We Offer (Benefits): Free Accommodation: Stay provided by th…",2026-07-31T15:27:13Z,https://www.adzuna.in/land/ad/5822232461?se=BHmyXXSc8RGQor-L2zKR7A&utm_medium=api&utm_source=10d03a1b&v=586C91985F218370902CA34A87DA525E41E62E80,"India, Tamil Nadu, Chennai","Chennai, Tamil Nadu",Adzuna,,Coordinates from Adzuna,True
Adzuna,5801462843,Creative Technologist,WPP Production,"Chennai, Tamil Nadu","India, Tamil Nadu, Chennai",Chennai,13.06041,80.24963,,,0,,full_time,IT Jobs,it-jobs,"This job is with WPP Production, an inclusive employer and a member of myGwork – the largest global platform for the LGBTQ business community. Please do not contact the recruiter directly. About WPP Production We are WPP Production - the unified global production company that brings together all of WPP's content producers, studios and craft experts into one connected organisation. We combine world-class human craft with next generation technology to originate, design, and deliver multi-channel …",2026-07-15T23:39:50Z,https://www.adzuna.in/land/ad/5801462843?se=BHmyXXSc8RGQor-L2zKR7A&utm_medium=api&utm_source=10d03a1b&v=3364D668480E304FD333DED2E34D0BB3BB1B55F5,"India, Tamil Nadu, Chennai","Chennai, Tamil Nadu",Adzuna,,Coordinates from Adzuna,True
Adzuna,5822403452,DCO Front End Developer,WPP Production,"Chennai, Tamil Nadu","India, Tamil Nadu, Chennai",Chennai,13.06041,80.24963,,,0,,full_time,IT Jobs,it-jobs,"This job is with WPP Production, an inclusive employer and a member of myGwork – the largest global platform for the LGBTQ business community. Please do not contact the recruiter directly. About WPP Production We are WPP Production - the unified global production company that brings together all of WPP's content producers, studios and craft experts into one connected organisation. We combine world-class human craft with next generation technology to originate, design, and deliver multi-channel …",2026-07-31T19:50:49Z,https://www.adzuna.in/land/ad/5822403452?se=BHmyXXSc8RGQor-L2zKR7A&utm_medium=api&utm_source=10d03a1b&v=CDEBFC029E6041E15B60F56174F5B6ABB580F4F2,"India, Tamil Nadu, Chennai","Chennai, Tamil Nadu",Adzuna,,Coordinates from Adzuna,True
Adzuna,5794151113,Dance Teacher,aLphabet internationaL schooL,"Chennai, Tamil Nadu","India, Tamil Nadu, Chennai",Chennai,13.06041,80.24963,,,0,,,Teaching Jobs,teaching-jobs,We are looking for a committed Dance Teacher to complement our qualified workforce of educators. You will be responsible for preparing and implementing a full educational teaching plan according to the school’s requirements. It will be fundamental to provide knowledge and instruction to students while also helping them develop their personalities and skills. The ideal candidate will be passionate for the job with an ability to reach out to students and create a relationship of mutual trust. The…,2026-07-09T17:55:06Z,https://www.adzuna.in/land/ad/5794151113?se=BHmyXXSc8RGQor-L2zKR7A&utm_medium=api&utm_source=10d03a1b&v=A1C365BEB7A501AD8C3A995639E110C49F3C8191,"India, Tamil Nadu, Chennai","Chennai, Tamil Nadu",Adzuna,,Coordinates from Adzuna,True
Adzuna,5820963602,Director of Marketing Operations,CBTS,"Chennai, Tamil Nadu","India, Tamil Nadu, Chennai",Chennai,13.06041,80.24963,,,0,,,"PR, Advertising & Marketing Jobs",pr-advertising-marketing-jobs,"mmediate Joiners Preferred Location - Chennai Exp - 12years Job description : Overview The Director of Marketing Operations & Digital is a strategic and operational leader responsible for transforming Marketing into a disciplined, data-driven growth engine. Reporting directly to the CMO, this role will architect and scale the systems, processes, analytics, and digital experiences that power demand generation, revenue acceleration, and measurable enterprise value creation. This leader will combi…",2026-07-30T15:25:13Z,https://www.adzuna.in/land/ad/5820963602?se=BHmyXXSc8RGQor-L2zKR7A&utm_medium=api&utm_source=10d03a1b&v=447744B5F428416FE9A8C7F3B1CCC4751472566C,"India, Tamil Nadu, Chennai","Chennai, Tamil Nadu",Adzuna,,Coordinates from Adzuna,True
Adzuna,5813878220,Enterprise Sales Manager,L&T EduTech,"Chennai, Tamil Nadu","India, Tamil Nadu, Chennai",Chennai,13.06041,80.24963,,,0,,,Sales Jobs,sales-jobs,"Roles & Responsibilities: Drive revenue growth by identifying, developing, and managing enterprise business opportunities across strategic accounts while contributing to overall business objectives. Build and nurture strategic relationships with CXOs, CHROs, CLOs, Business Heads, GCC leaders, and other key decision-makers to position L&T EduTech as a trusted workforce transformation partner. Drive business growth across priority industry segments, including Manufacturing, Engineering Services, …",2026-07-24T19:01:40Z,https://www.adzuna.in/land/ad/5813878220?se=BHmyXXSc8RGQor-L2zKR7A&utm_medium=api&utm_source=10d03a1b&v=439396431FB203A109ADFC49DF513C4584A78D0B,"India, Tamil Nadu, Chennai","Chennai, Tamil Nadu",Adzuna,,Coordinates from Adzuna,True
Adzuna,5830416670,Fashion Sales Executive,EDWAN by Rushab Khandelwal,"Chennai, Tamil Nadu","India, Tamil Nadu, Chennai",Chennai,13.06041,80.24963,,,0,,full_time,Retail Jobs,retail-jobs,"Company Description EDWAN by Rushab Khandelwal is a premium menswear label that blends the richness of Indian textiles with contemporary global design. The brand focuses on redefining ethnic wear by offering garments that reflect confidence, sophistication, and cultural pride. EDWAN creates pieces that move beyond fleeting trends, aiming for timeless elegance suitable for weddings, celebrations, and refined everyday wear. The label appeals to individuals who appreciate authenticity paired with …",2026-08-06T17:50:18Z,https://www.adzuna.in/land/ad/5830416670?se=BHmyXXSc8RGQor-L2zKR7A&utm_medium=api&utm_source=10d03a1b&v=90EB5FFC81540F9E9B27C60208C9C1EE24BCE445,"India, Tamil Nadu, Chennai","Chennai, Tamil Nadu",Adzuna,,Coordinates from Adzuna,True
Adzuna,5790410123,Finance Manager -Research Sales and Revenue,Elsevier,"Chennai, Tamil Nadu","India, Tamil Nadu, Chennai",Chennai,13.06041,80.24963,,,0,permanent,full_time,Accounting & Finance Jobs,accounting-finance-jobs,"This job is with Elsevier, an inclusive employer and a member of myGwork – the largest global platform for the LGBTQ business community. Please do not contact the recruiter directly. Are you a Finance Manager with global corporate experience who drives results? Do you have an eye for detail and financial acumen? About the Business A global leader in information and analytics, we help researchers and healthcare professionals advance science and improve health outcomes for the benefit of society.…",2026-07-07T05:28:17Z,https://www.adzuna.in/land/ad/5790410123?se=BHmyXXSc8RGQor-L2zKR7A&utm_medium=api&utm_source=10d03a1b&v=714EA7ECAEA80B67C2A1CB0863BC161E0B0385CF,"India, Tamil Nadu, Chennai","Chennai, Tamil Nadu",Adzuna,,Coordinates from Adzuna,True
Adzuna,5829141715,GL Planning & Information Architecture – Manager,Pfizer,"Chennai, Tamil Nadu","India, Tamil Nadu, Chennai",Chennai,13.06041,80.24963,,,0,,full_time,IT Jobs,it-jobs,"This job is with Pfizer, an inclusive employer and a member of myGwork – the largest global platform for the LGBTQ business community. Please do not contact the recruiter directly. The Manager - Data Architecture role is accountable for owning and delivering end‑to‑end data architecture solutions across complex Global Logistics domains . The role leads the design, evolution, and sustainment of backend data architectures that support the full system lifecycle- build, integrate, maintain, and exi…",2026-08-05T19:54:40Z,https://www.adzuna.in/land/ad/5829141715?se=BHmyXXSc8RGQor-L2zKR7A&utm_medium=api&utm_source=10d03a1b&v=4EFD1FDFDBC796483642D00446BF19B26A7C83B7,"India, Tamil Nadu, Chennai","Chennai, Tamil Nadu",Adzuna,,Coordinates from Adzuna,True
Adzuna,5825675568,Geographic Information System Developer,Kumaran Systems,"Chennai, Tamil Nadu","India, Tamil Nadu, Chennai",Chennai,13.06041,80.24963,,,0,,,IT Jobs,it-jobs,"We are hiring GIS Developers with strong expertise in ArcGIS Pro SDK and C# .NET to drive a critical migration initiative from legacy ArcGIS (ArcObjects/COM) to ArcGIS Pro CoreHost on .NET 8 . This is a hands-on technical role involving geospatial data processing, pipeline development, and headless application building. Job Description: Experience – 4 years to 12 years. Location – Chennai & Hyderabad (Gachibowli) Notice Period – 0 to 15 days. Number of positions – 6 What You'll Do Migrate legac…",2026-08-02T17:38:09Z,https://www.adzuna.in/land/ad/5825675568?se=BHmyXXSc8RGQor-L2zKR7A&utm_medium=api&utm_source=10d03a1b&v=A04F8F113FCAAFFBD4F85C11D8D524C41494D703,"India, Tamil Nadu, Chennai","Chennai, Tamil Nadu",Adzuna,,Coordinates from Adzuna,True
Adzuna,5830416841,Geographic Information Systems Analyst,Tata Consultancy Services,"Chennai, Tamil Nadu","India, Tamil Nadu, Chennai",Chennai,13.06041,80.24963,,,0,,,IT Jobs,it-jobs,"Role: GIS Data Analyst Required Technical Skill Set • Spatial Data Editing, Transformation and Analysis • ArcGIS Pro • GeoProcessing Tools/Tasks • Knowledge of Various GIS Data formats (FGDB, Shapefiles, CSV etc) • Esri GeoDatabase (PostgreSQL) • Spatial Queries on PostgreSQL • Hands on Experience on UNM Data Model • Python Development with strong ArcPy. Arcade skills for automation, data cleanup, and validation • Experience in spatial data transformation, ETL processes, and data migration tool…",2026-08-06T17:50:30Z,https://www.adzuna.in/land/ad/5830416841?se=BHmyXXSc8RGQor-L2zKR7A&utm_medium=api&utm_source=10d03a1b&v=FEC7D1EE1AA6A4B6A26ECD8DABAFA0FB15700B42,"India, Tamil Nadu, Chennai","Chennai, Tamil Nadu",Adzuna,,Coordinates from Adzuna,True
Adzuna,5822659424,Global Loan Operations - 1 yrs Loan IQ & Syndication loan,Mizuho,"Chennai, Tamil Nadu","India, Tamil Nadu, Chennai",Chennai,13.06041,80.24963,,,0,,,Accounting & Finance Jobs,accounting-finance-jobs,"Mizuho Global Services Pvt Ltd (MGS) is a subsidiary company of Mizuho Bank, Ltd, which is one of the largest banks or so called Mega Banks of Japan. MGS was established in the year 2020 as part of Mizuho long-term strategy of creating a captive global processing center for remotely handling banking and IT related operations of Mizuho Banks domestic and overseas offices and Mizuhos group companies across the globe. At Mizuho we are committed to a culture that is driven by ethical values and sup…",2026-08-01T01:28:28Z,https://www.adzuna.in/land/ad/5822659424?se=BHmyXXSc8RGQor-L2zKR7A&utm_medium=api&utm_source=10d03a1b&v=FF0417341BC910C95C8C1943C651913F14CF7A54,"India, Tamil Nadu, Chennai","Chennai, Tamil Nadu",Adzuna,,Coordinates from Adzuna,True
Adzuna,5822660115,HCLTech is hiring for International contact Center - Senior Process Associate and Analyst on 31st July 2026( Voice Process),HCLTech,"Chennai, Tamil Nadu","India, Tamil Nadu, Chennai",Chennai,13.06041,80.24963,,,0,,,Customer Services Jobs,customer-services-jobs,"HCLTech is hiring for International contact Center - Senior Process Associate and Analyst on 31st July 2026 ( Voice Process) Walk-in Drive Details:  Date: 31st July 2026, Friday  Location: HCL AMB-6 104-8, Sai Nagar, Ambattur Industrial Estate, Chennai, Tamil Nadu 600076. ⏰ Time: 10AM - 2:30PM HR Contact Name: Judith Please carry anyone Government ID proof. Job Description – International contact Center ( Voice Proces - Inbound calls) Location: Chennai, India Business Unit: Retail Banking – Mor…",2026-08-01T01:29:10Z,https://www.adzuna.in/land/ad/5822660115?se=BHmyXXSc8RGQor-L2zKR7A&utm_medium=api&utm_source=10d03a1b&v=67BCA356DABE3DBC7EEAA464EED03F0CF5B3D5A1,"India, Tamil Nadu, Chennai","Chennai, Tamil Nadu",Adzuna,,Coordinates from Adzuna,True
Adzuna,5822233011,Head of Sales,Cabot Sanmar Ltd.,"Chennai, Tamil Nadu","India, Tamil Nadu, Chennai",Chennai,13.06041,80.24963,,,0,,,Sales Jobs,sales-jobs,"Dear Candidate, Greetings from Sanmar! We have an opportunity for Head Of Sales role for our Cabot business based out of Chennai location. Details below, Role: Head Direct Sales Job location : Head Office, Chennai The Head of Direct Sales will lead the end-to-end sales strategy and execution for the fumed silica product line, focusing on direct customer engagement across industries such as pharmaceuticals, adhesives and sealants, coatings and construction,. This role demands a strong blend of t…",2026-07-31T15:27:49Z,https://www.adzuna.in/land/ad/5822233011?se=BHmyXXSc8RGQor-L2zKR7A&utm_medium=api&utm_source=10d03a1b&v=8A8EE25A8DA09D8E326EF4798D0C21CC1FD80EAB,"India, Tamil Nadu, Chennai","Chennai, Tamil Nadu",Adzuna,,Coordinates from Adzuna,True
Adzuna,5818523165,Hiring for US Healthcare Medical Billing Team Lead - Chennai,HCLTech,"Chennai, Tamil Nadu","India, Tamil Nadu, Chennai",Chennai,13.06041,80.24963,,,0,,,Healthcare & Nursing Jobs,healthcare-nursing-jobs,"Opening for US Healthcare AR Medical Billing Team Lead (Voice)- Chennai Location : Chennai Shift - US Shift Experience - 5 to 8 years Designation - Team Lead RESPONSIBILITIES : Responsible for the day-to-day management of 7 – 25 front level employees Adhering to agreed Key Performance Indicators, Service Level Agreements and quality standards to maximize customer satisfaction Minimize errors/feedback and increase first touch resolution through effective coaching, support, supplemental training …",2026-07-28T21:17:40Z,https://www.adzuna.in/land/ad/5818523165?se=BHmyXXSc8RGQor-L2zKR7A&utm_medium=api&utm_source=10d03a1b&v=2E51AF72786A50A98A9E194E78F90C4C6D812863,"India, Tamil Nadu, Chennai","Chennai, Tamil Nadu",Adzuna,,Coordinates from Adzuna,True
Adzuna,5834576806,Instructional Designer (Exp: 2 Years),Novac Technology Solutions,"Chennai, Tamil Nadu","India, Tamil Nadu, Chennai",Chennai,13.06041,80.24963,,,0,,full_time,IT Jobs,it-jobs,"Step into a future fueled by innovation, purpose, and growth— join Novac Technology Solutions Pvt. Ltd., one of India’s Top 100 Best Companies to Work For and a proud member of the renowned Shriram Group. We are a digital transformation and cloud solutions company with deep expertise in Financial Services, Insurance, Retail, and Learning domains—driving innovation and crafting tailored solutions to help organizations thrive in a rapidly evolving digital landscape. Instructional Designer Domain:…",2026-08-09T16:11:36Z,https://www.adzuna.in/land/ad/5834576806?se=BHmyXXSc8RGQor-L2zKR7A&utm_medium=api&utm_source=10d03a1b&v=11734FE1EBE2B93E370C5C4F9A441FF3B86E4F3D,"India, Tamil Nadu, Chennai","Chennai, Tamil Nadu",Adzuna,,Coordinates from Adzuna,True
Adzuna,5783570113,Key Account Director - IT services and consulting : BFSI clients,QualityKiosk Technologies,"Chennai, Tamil Nadu","India, Tamil Nadu, Chennai",Chennai,13.06041,80.24963,,,0,contract,,Sales Jobs,sales-jobs,"QualityKiosk is looking for a Boundary Pusher, Organized & Extremely detail oriented and a Passionate person as an Enterprise Account Director to manage large banking clients (domestic markets) Job Description: Position : Key Account Director for BFSI Domain ( Banking preferred) Reporting to : Banking Sales Head (India Markets)  Location: Chennai  Apply now: deepa.radhakrishnani@qualitykiosk.com About the Role Are you ready to lead strategic partnerships with some of India’s most innovative and…",2026-07-01T17:19:36Z,https://www.adzuna.in/land/ad/5783570113?se=BHmyXXSc8RGQor-L2zKR7A&utm_medium=api&utm_source=10d03a1b&v=BFA327C23F723C8E4C467EF8D5D6F1DC21F56424,"India, Tamil Nadu, Chennai","Chennai, Tamil Nadu",Adzuna,,Coordinates from Adzuna,True
Adzuna,5818523842,Key Account Sales Specialist,Soft Suave Technologies,"Chennai, Tamil Nadu","India, Tamil Nadu, Chennai",Chennai,13.06041,80.24963,,,0,,,Sales Jobs,sales-jobs,"We’re looking for a dynamic and customer-focused professional who thrives in a fast-paced B2B IT Service environment and enjoys managing strategic accounts across international markets. Experience: 4 years Work Mode: In-office Work Hours: 11:00 AM to 8:00 PM What are we looking for? Proven success in sales, account management, and client servicing, with a strong focus on B2B environments. Extensive hands-on experience in managing and expanding client accounts across the US, Europe, and India, e…",2026-07-28T21:18:10Z,https://www.adzuna.in/land/ad/5818523842?se=BHmyXXSc8RGQor-L2zKR7A&utm_medium=api&utm_source=10d03a1b&v=C734551B742274C416E04531BE9F040FD1A7D47C,"India, Tamil Nadu, Chennai","Chennai, Tamil Nadu",Adzuna,,Coordinates from Adzuna,True
Adzuna,5829060430,Management Trainee,Straive,"Chennai, Tamil Nadu","India, Tamil Nadu, Chennai",Chennai,13.06041,80.24963,,,0,,,IT Jobs,it-jobs,"As an Engineering Management Trainee, you will go through a structured learning and development program designed to give you hands-on experience across key operational, technical, and client management functions This role is ideal for recent graduates who are passionate about technology, problem-solving, and people management — and want to grow into future leaders within our business. Key Responsibilities: Acquire skill in client handling, project and people management , reporting & presentatio…",2026-08-05T17:45:07Z,https://www.adzuna.in/land/ad/5829060430?se=BHmyXXSc8RGQor-L2zKR7A&utm_medium=api&utm_source=10d03a1b&v=25119E3057D196174639E88E602CBF1BE33B2CFF,"India, Tamil Nadu, Chennai","Chennai, Tamil Nadu",Adzuna,,Coordinates from Adzuna,True
Adzuna,5803594699,Manager – Customer Relationship & Automation Services,BASE Automation,"Chennai, Tamil Nadu","India, Tamil Nadu, Chennai",Chennai,13.06041,80.24963,,,0,permanent,,Engineering Jobs,engineering-jobs,"Key Responsibilities: Lead the overall CRM-Service operations and ensure high levels of customer satisfaction across all assigned regions. Ensure timely resolution of customer complaints, breakdowns, and service requests within defined SLA timelines. Review customer feedback and implement continuous improvement initiatives to enhance service quality. Ensure scheduled AMC visits are completed as planned with proper documentation. Review service reports, RCA documents, and customer feedback for q…",2026-07-17T02:04:07Z,https://www.adzuna.in/land/ad/5803594699?se=BHmyXXSc8RGQor-L2zKR7A&utm_medium=api&utm_source=10d03a1b&v=4814C43621D35798F91A41035624328DCD3E8692,"India, Tamil Nadu, Chennai","Chennai, Tamil Nadu",Adzuna,,Coordinates from Adzuna,True
Adzuna,5830416758,Media Sales Manager,AdOnMo,"Chennai, Tamil Nadu","India, Tamil Nadu, Chennai",Chennai,13.06041,80.24963,,,0,,,Sales Jobs,sales-jobs,Job Description: · Drive sales to generate business through cold calling. · Planning and achieving Sales Growth for the assigned region in line with the company’s objectives. · Responsible for generating revenue through SMB and Enterprise accounts. · Ensuring growth of the category month on month. · Should be able to tap new segments to drive revenues · Should also keep an eye for Talented Resources for building the team later. · Ensuring proper updating and maintenance of various reporting for…,2026-08-06T17:50:22Z,https://www.adzuna.in/land/ad/5830416758?se=BHmyXXSc8RGQor-L2zKR7A&utm_medium=api&utm_source=10d03a1b&v=E3E444868C106574631799B2F003F9F82EAB73C3,"India, Tamil Nadu, Chennai","Chennai, Tamil Nadu",Adzuna,,Coordinates from Adzuna,True
Adzuna,5818747306,Medical Coding fresher Job-Dentist 2025/2026 Freshers Wanted,I Skills Solutions,"Chennai, Tamil Nadu","India, Tamil Nadu, Chennai",Chennai,13.06041,80.24963,,,0,,,Scientific & QA Jobs,scientific-qa-jobs,CT HR PADMA - 8608995522 (Whats App) Position: Medical Coder Job Description: Medical Coding is the process of conversion of text information related to healthcare services into numeric Diagnosis (Medical Problems) and Procedure (Treatments) Codes using ICD-10 CM and CPT code books. Requirement: Knowledge in Anatomy and Physiology Good communication and interpersonal skills Basic Computer Skills No of vacancy: 500 Eligibility: Nursing GNM/DGNM Life science graduates Pharmacy Physician assistant…,2026-07-29T01:24:16Z,https://www.adzuna.in/land/ad/5818747306?se=BHmyXXSc8RGQor-L2zKR7A&utm_medium=api&utm_source=10d03a1b&v=51CCA91C40F802D7628CC02DAE4ED62B8F617A15,"India, Tamil Nadu, Chennai","Chennai, Tamil Nadu",Adzuna,,Coordinates from Adzuna,True
Adzuna,5822232380,Modern Trade sales officer,Sundrop Brands Limited,"Chennai, Tamil Nadu","India, Tamil Nadu, Chennai",Chennai,13.06041,80.24963,,,0,,,Sales Jobs,sales-jobs,"Ensure achievement of primary and secondary targets, visibility and distribution expansion within the territory to achieve the business objectives. Implement secondary schemes in the DMT/IMT Stores Secondary tracking Product detailing to retailers Identify outlets based on off take performance. Brand and SKU availability in DMT /IMT Stores Merchandising of our products by self and through v-DECs Implement merchandising offers provided by company Implement activities, and Key accounts activities…",2026-07-31T15:27:06Z,https://www.adzuna.in/land/ad/5822232380?se=BHmyXXSc8RGQor-L2zKR7A&utm_medium=api&utm_source=10d03a1b&v=3659D4771246683B063536022A74FCA5C68906CA,"India, Tamil Nadu, Chennai","Chennai, Tamil Nadu",Adzuna,,Coordinates from Adzuna,True
Adzuna,5837139324,NFR Tester / Test Lead,Kyndryl,"Chennai, Tamil Nadu","India, Tamil Nadu, Chennai",Chennai,13.06041,80.24963,,,0,permanent,full_time,IT Jobs,it-jobs,"This job is with Kyndryl, an inclusive employer and a member of myGwork – the largest global platform for the LGBTQ business community. Please do not contact the recruiter directly. Who We Are At Kyndryl, we run and reimagine the mission-critical technology systems that drive advantage for the world's leading businesses. We are at the heart of progress; with proven expertise and a continuous flow of AI-powered insight, enabling smarter decisions, faster innovation, and a lasting competitive edg…",2026-08-12T01:59:32Z,https://www.adzuna.in/land/ad/5837139324?se=BHmyXXSc8RGQor-L2zKR7A&utm_medium=api&utm_source=10d03a1b&v=E7C8096B5B4E9A43D6C5029FE8C20F08F1569F3A,"India, Tamil Nadu, Chennai","Chennai, Tamil Nadu",Adzuna,,Coordinates from Adzuna,True
Adzuna,5818525114,Operations Manager- AML KYC,TP,"Chennai, Tamil Nadu","India, Tamil Nadu, Chennai",Chennai,13.06041,80.24963,,,0,,full_time,Accounting & Finance Jobs,accounting-finance-jobs,"Position: Operations Manager – AML/KYC International Process Location: Chennai Shift: Rotational Shifts (24/7 Operations) Employment Type: Full-Time Job Summary We are seeking an experienced Operations Manager to lead and manage AML/KYC operations for international banking and financial services clients. The ideal candidate will be responsible for driving operational excellence, ensuring regulatory compliance, managing stakeholder relationships, and leading high-performing teams within a fast-p…",2026-07-28T21:19:21Z,https://www.adzuna.in/land/ad/5818525114?se=BHmyXXSc8RGQor-L2zKR7A&utm_medium=api&utm_source=10d03a1b&v=092FE0C57E417D41041B5720116E8A0177FEECDC,"India, Tamil Nadu, Chennai","Chennai, Tamil Nadu",Adzuna,,Coordinates from Adzuna,True
Adzuna,5837139314,Performance Tester / Test Lead,Kyndryl,"Chennai, Tamil Nadu","India, Tamil Nadu, Chennai",Chennai,13.06041,80.24963,,,0,,full_time,IT Jobs,it-jobs,"This job is with Kyndryl, an inclusive employer and a member of myGwork – the largest global platform for the LGBTQ business community. Please do not contact the recruiter directly. Who We Are At Kyndryl, we run and reimagine the mission-critical technology systems that drive advantage for the world's leading businesses. We are at the heart of progress; with proven expertise and a continuous flow of AI-powered insight, enabling smarter decisions, faster innovation, and a lasting competitive edg…",2026-08-12T01:59:32Z,https://www.adzuna.in/land/ad/5837139314?se=BHmyXXSc8RGQor-L2zKR7A&utm_medium=api&utm_source=10d03a1b&v=9CEF39B16CE176CE3DF3886D731317BE23D7D5E2,"India, Tamil Nadu, Chennai","Chennai, Tamil Nadu",Adzuna,,Coordinates from Adzuna,True
Adzuna,5815106125,Principal Software Engineer,RX Global,"Chennai, Tamil Nadu","India, Tamil Nadu, Chennai",Chennai,13.06041,80.24963,,,0,permanent,full_time,IT Jobs,it-jobs,"This job is with RX Global, an inclusive employer and a member of myGwork – the largest global platform for the LGBTQ business community. Please do not contact the recruiter directly. About Team: RX Global aims to create unforgettable experiences for attendees and exhibitors through organizing events. Innovation, creativity, and collaboration drive the company to offer exceptional services to clients. About the role: The Principal Software Engineer is the senior-most hands-on technical leader f…",2026-07-25T14:12:46Z,https://www.adzuna.in/land/ad/5815106125?se=BHmyXXSc8RGQor-L2zKR7A&utm_medium=api&utm_source=10d03a1b&v=80F0F8FE9E1AFDA9090DFC486BEE2F062FFD8EFB,"India, Tamil Nadu, Chennai","Chennai, Tamil Nadu",Adzuna,,Coordinates from Adzuna,True
Adzuna,5835510668,Process Associate,HCLTech,"Chennai, Tamil Nadu","India, Tamil Nadu, Chennai",Chennai,13.06041,80.24963,,,0,,,Accounting & Finance Jobs,accounting-finance-jobs,"Mega Walkin Drive at HCL Tech for Voice Process - Fresher - Walk in interview 10th Aug 2026 - 11 AM to 1 PM ( Accounting and Finance)- Semi Voice process Designation: Process Associate: Overview of the Role: The Process Associate will play a crucial role in ensuring seamless customer operations within the Order-to-Cash domain. This position focuses on delivering exceptional customer service through email and chat channels, maintaining data accuracy, and driving process improvements. The role di…",2026-08-10T16:12:56Z,https://www.adzuna.in/land/ad/5835510668?se=BHmyXXSc8RGQor-L2zKR7A&utm_medium=api&utm_source=10d03a1b&v=540BB54E2E66F1A85DA0CDA92BF2B36C6EBD22FF,"India, Tamil Nadu, Chennai","Chennai, Tamil Nadu",Adzuna,,Coordinates from Adzuna,True
Adzuna,5818524385,Regional Operations Manager - Bharat,Aditya Birla Lifestyle Brands Limited,"Chennai, Tamil Nadu","India, Tamil Nadu, Chennai",Chennai,13.06041,80.24963,,,0,,,Retail Jobs,retail-jobs,"About the Company Aditya Birla Lifestyle Brands Limited (ABLBL), a part of the Aditya Birla Group, is a leading branded apparel company with a comprehensive portfolio of marquee lifestyle brands. As of March 31, 2025, the Company operates a retail footprint of over 4.6 million sq. ft., comprising 3,253 exclusive brand outlets, presence across 38,000 multi-brand outlets, and over 7,000 shop-in-shops in department stores across the country. The Company’s brand portfolio includes India’s most esta…",2026-07-28T21:18:32Z,https://www.adzuna.in/land/ad/5818524385?se=BHmyXXSc8RGQor-L2zKR7A&utm_medium=api&utm_source=10d03a1b&v=50E5F4868D1037F4B9813C9FAA933BC0A931C2EB,"India, Tamil Nadu, Chennai","Chennai, Tamil Nadu",Adzuna,,Coordinates from Adzuna,True
Adzuna,5823898220,Relationship Manager,Policybazaar.com,"Chennai, Tamil Nadu","India, Tamil Nadu, Chennai",Chennai,13.06041,80.24963,,,0,,,Sales Jobs,sales-jobs,"URGENT HIRING REQUIRED Contact Person : Kashish Singh | 8448389795 | kashishsingh@policybazaar.com We're Hiring : Relationship Manager (Direct Field Sales) Location : Chennai ,Tamil Nadu Language Required: Tamil Mandatory Experience: Fresher / Experienced * Experienced in Direct field sales is Plus point* Qualification: Graduate / Post-Graduate Salary Range: 3 LPA to 4.5 LPA (Fixed Salary  Unlimited Incentives) Job Description: As a Relationship manager , your responsibilities will include: Vis…",2026-08-01T17:33:37Z,https://www.adzuna.in/land/ad/5823898220?se=BHmyXXSc8RGQor-L2zKR7A&utm_medium=api&utm_source=10d03a1b&v=E562575B4B5D5A759D6C50BF123D2122B5B00475,"India, Tamil Nadu, Chennai","Chennai, Tamil Nadu",Adzuna,,Coordinates from Adzuna,True
Adzuna,5724227502,Sales Coordinator,NTL India Limited,"Chennai, Tamil Nadu","India, Tamil Nadu, Chennai",Chennai,13.06041,80.24963,,,0,,,IT Jobs,it-jobs,"NTL India Ltd. Founded in 1999, NTL India Ltd. is a leading transport solutions provider with over 25 years of experience, serving diverse industries including IT, Non-IT BPOs, manufacturing, pharmaceuticals, hospitals, telecommunications, and more. With operations across major cities such as Chennai, Bangalore, Hyderabad, Delhi, Mumbai, Pune, Gurgaon, and Kolkata, we also extend our services to Coimbatore, Goa, Ahmedabad, Agra, Jaipur, and Kochi. We’re Hiring! Position: Sales Coordinator Locat…",2026-05-09T18:31:55Z,https://www.adzuna.in/land/ad/5724227502?se=BHmyXXSc8RGQor-L2zKR7A&utm_medium=api&utm_source=10d03a1b&v=17EFC2E69D040124E879985E6463AB0053D8F50F,"India, Tamil Nadu, Chennai","Chennai, Tamil Nadu",Adzuna,,Coordinates from Adzuna,True
Adzuna,5829060878,Sales Manager,CRIF,"Chennai, Tamil Nadu","India, Tamil Nadu, Chennai",Chennai,13.06041,80.24963,,,0,,,Sales Jobs,sales-jobs,"About the Company CRIF is a global leader in credit bureau services, business information systems, and credit and risk management solutions to support banks and financial institutions, insurance companies, telecommunication, utilities and general businesses in every phase of the customer relationship cycle. From strategic planning to the final acquisition and management of the client's portfolio. CRIF also allows consumers to access their credit information and assists them in making more secur…",2026-08-05T17:46:07Z,https://www.adzuna.in/land/ad/5829060878?se=BHmyXXSc8RGQor-L2zKR7A&utm_medium=api&utm_source=10d03a1b&v=0A7587D91E36A517FA9AB08B8B058033B30AA9B1,"India, Tamil Nadu, Chennai","Chennai, Tamil Nadu",Adzuna,,Coordinates from Adzuna,True
Adzuna,5830532224,Senior Compliance Manager,Straive,"Chennai, Tamil Nadu","India, Tamil Nadu, Chennai",Chennai,13.06041,80.24963,,,0,,,IT Jobs,it-jobs,"Senior Manager –Enterprise Certifications and Client Audits Location : Chennai Position Overview: This critical leadership role directs, maintains, and scales the organization’s certification requirements and framework. This role owns the end-to-end lifecycle of enterprise certifications (including ISO, PCI-DSS, SOC, and CMMI), champions client audits, and participates in or manages the third-party risk assessment program. Reporting Structure & Group Dynamics Vertical Reporting Line: Directly R…",2026-08-06T19:51:04Z,https://www.adzuna.in/land/ad/5830532224?se=BHmyXXSc8RGQor-L2zKR7A&utm_medium=api&utm_source=10d03a1b&v=31274EF4F30BB1CD78EA33B3BB980B865B24544A,"India, Tamil Nadu, Chennai","Chennai, Tamil Nadu",Adzuna,,Coordinates from Adzuna,True
Adzuna,5785771123,Senior Software Engineer II,RX Global,"Chennai, Tamil Nadu","India, Tamil Nadu, Chennai",Chennai,13.06041,80.24963,,,0,permanent,full_time,IT Jobs,it-jobs,"This job is with RX Global, an inclusive employer and a member of myGwork – the largest global platform for the LGBTQ business community. Please do not contact the recruiter directly. About Team: RX Global aims to create unforgettable experiences for attendees and exhibitors through organizing events. Innovation, creativity, and collaboration drive the company to offer exceptional services to clients. About the role: The Senior Software Engineer II design s and deliver s high-impact, scalable s…",2026-07-03T00:54:13Z,https://www.adzuna.in/land/ad/5785771123?se=BHmyXXSc8RGQor-L2zKR7A&utm_medium=api&utm_source=10d03a1b&v=A7509E19AA9E1EFB1242D687D2987520929EE791,"India, Tamil Nadu, Chennai","Chennai, Tamil Nadu",Adzuna,,Coordinates from Adzuna,True
Adzuna,5833433942,Senior Statistical Data Scientist,Pfizer,"Chennai, Tamil Nadu","India, Tamil Nadu, Chennai",Chennai,13.06041,80.24963,,,0,,full_time,Scientific & QA Jobs,scientific-qa-jobs,"This job is with Pfizer, an inclusive employer and a member of myGwork – the largest global platform for the LGBTQ business community. Please do not contact the recruiter directly. Job Description A productive, hands on programmer who applies technical knowledge and practical experience to deliver statistical programming deliverables to support assets and study teams with limited supervision early in role and independently later in role.• Ensures excellence in the programming of analysis ready …",2026-08-08T17:56:27Z,https://www.adzuna.in/land/ad/5833433942?se=BHmyXXSc8RGQor-L2zKR7A&utm_medium=api&utm_source=10d03a1b&v=8BB1FFF1D47E9CCEE2B37D38387813F6BEE5AFCA,"India, Tamil Nadu, Chennai","Chennai, Tamil Nadu",Adzuna,,Coordinates from Adzuna,True
Adzuna,5825071444,Social Media Manager,Matrimony.com Limited,"Chennai, Tamil Nadu","India, Tamil Nadu, Chennai",Chennai,13.06041,80.24963,,,0,,,"PR, Advertising & Marketing Jobs",pr-advertising-marketing-jobs,"Location : Chennai (Work From Office) Role Overview We are looking for a creative and trend-driven Social Media Content Specialist to manage and grow the social media presence of our wedding service platforms. The role focuses on creating engaging content, driving audience engagement, and supporting brand growth, with limited responsibility for SEO content writing. Key Responsibilities Social Media Manage social media platforms including Instagram, Facebook, YouTube, Pinterest, LinkedIn, and X.…",2026-08-02T07:33:10Z,https://www.adzuna.in/land/ad/5825071444?se=BHmyXXSc8RGQor-L2zKR7A&utm_medium=api&utm_source=10d03a1b&v=3BEDEE86B436264E2D8862D46E35668BB5BF8760,"India, Tamil Nadu, Chennai","Chennai, Tamil Nadu",Adzuna,,Coordinates from Adzuna,True
Adzuna,5838134820,Team Lead,TP,"Chennai, Tamil Nadu","India, Tamil Nadu, Chennai",Chennai,13.06041,80.24963,,,0,,,Customer Services Jobs,customer-services-jobs,"Team Management & Leadership Lead, mentor, and motivate a team of Chat Support Executives to achieve performance targets. Conduct regular team huddles, coaching sessions, and performance reviews. Monitor attendance, productivity, and adherence to schedules. Identify training needs and facilitate skill development programs. Operations Management Ensure smooth day-to-day operations of the chat support process. Manage workflow allocation and resource planning to achieve service levels. Track key o…",2026-08-12T16:17:29Z,https://www.adzuna.in/land/ad/5838134820?se=BHmyXXSc8RGQor-L2zKR7A&utm_medium=api&utm_source=10d03a1b&v=C34BCFAE61C592D631166BBB828B5E586697F692,"India, Tamil Nadu, Chennai","Chennai, Tamil Nadu",Adzuna,,Coordinates from Adzuna,True
Adzuna,5837139316,Test Manager,Kyndryl,"Chennai, Tamil Nadu","India, Tamil Nadu, Chennai",Chennai,13.06041,80.24963,,,0,,full_time,IT Jobs,it-jobs,"This job is with Kyndryl, an inclusive employer and a member of myGwork – the largest global platform for the LGBTQ business community. Please do not contact the recruiter directly. Who We Are At Kyndryl, we run and reimagine the mission-critical technology systems that drive advantage for the world's leading businesses. We are at the heart of progress; with proven expertise and a continuous flow of AI-powered insight, enabling smarter decisions, faster innovation, and a lasting competitive edg…",2026-08-12T01:59:32Z,https://www.adzuna.in/land/ad/5837139316?se=BHmyXXSc8RGQor-L2zKR7A&utm_medium=api&utm_source=10d03a1b&v=4679ECA64914ABA6CA70FCA506A03FFAB7625AD0,"India, Tamil Nadu, Chennai","Chennai, Tamil Nadu",Adzuna,,Coordinates from Adzuna,True
Adzuna,5833789608,Trade Finance - Associate,Mizuho,"Chennai, Tamil Nadu","India, Tamil Nadu, Chennai",Chennai,13.06041,80.24963,,,0,,,Accounting & Finance Jobs,accounting-finance-jobs,"Mizuho Global Services Pvt Ltd (MGS) is a subsidiary company of Mizuho Bank, Ltd, which is one of the largest banks, also called a Mega Bank of Japan. MGS was established in the year 2020 as part of Mizuho long-term strategy of creating a captive global processing center for remotely handling banking and IT-related operations of Mizuho Bank’s domestic and overseas offices and Mizuho’s group companies across the globe. At Mizuho, we are committed to a culture driven by ethical values and support…",2026-08-09T00:07:03Z,https://www.adzuna.in/land/ad/5833789608?se=BHmyXXSc8RGQor-L2zKR7A&utm_medium=api&utm_source=10d03a1b&v=14443EA4D2EC75E9C5BD56F994E2B7DE9637594D,"India, Tamil Nadu, Chennai","Chennai, Tamil Nadu",Adzuna,,Coordinates from Adzuna,True
Adzuna,5785772992,Transcreation Account Manager,WPP Production,"Chennai, Tamil Nadu","India, Tamil Nadu, Chennai",Chennai,13.06041,80.24963,,,0,contract,full_time,"PR, Advertising & Marketing Jobs",pr-advertising-marketing-jobs,"This job is with WPP Production, an inclusive employer and a member of myGwork – the largest global platform for the LGBTQ business community. Please do not contact the recruiter directly. About WPP Production We are WPP Production - the unified global production company that brings together all of WPP's content producers, studios and craft experts into one connected organisation. We combine world-class human craft with next generation technology to originate, design, and deliver multi-channel …",2026-07-03T00:54:31Z,https://www.adzuna.in/land/ad/5785772992?se=BHmyXXSc8RGQor-L2zKR7A&utm_medium=api&utm_source=10d03a1b&v=E13B570F1EFBC9A8198BA31EC2ADFD587F3CE160,"India, Tamil Nadu, Chennai","Chennai, Tamil Nadu",Adzuna,,Coordinates from Adzuna,True
Adzuna,5823897269,Travel Consultant,Pickyourtrail,"Chennai, Tamil Nadu","India, Tamil Nadu, Chennai",Chennai,13.06041,80.24963,,,0,,,Sales Jobs,sales-jobs,"About Pickyourtrail (PYT) Pickyourtrail (PYT) is an expert co-creator of super hit customised holidays. We are the perfect partner to the ‘designated travel planner/s’ of every group - big or small. Our service, customisation and expertise help us deliver super hit holidays and make the planner the hero of the holiday.The mission is simple: to make customized international travel easy, reliable, and uniquely memorable. Candidates are invited to join the team in shaping the future of global expl…",2026-08-01T17:31:15Z,https://www.adzuna.in/land/ad/5823897269?se=BHmyXXSc8RGQor-L2zKR7A&utm_medium=api&utm_source=10d03a1b&v=85E11CC0E69CDB8E0201FCD3DAA3664A726387F0,"India, Tamil Nadu, Chennai","Chennai, Tamil Nadu",Adzuna,,Coordinates from Adzuna,True
Adzuna,5825070466,VP - Fund Raising & Banking Relations,Randstad India,"Chennai, Tamil Nadu","India, Tamil Nadu, Chennai",Chennai,13.06041,80.24963,,,0,,,Accounting & Finance Jobs,accounting-finance-jobs,"We are seeking a seasoned financial leader for a client to step into the role of Head – Fund Raising & Public Sector Banking . You will be the strategic architect behind the client's debt fund-raising strategy, with a primary focus on driving relationships with Public Sector Banks (PSUs) and Government-backed financial institutions. This role demands an expert hand in navigating end-to-end debt mobilization—ranging from working capital and term loans to structured corporate finance and large-sc…",2026-08-02T07:32:40Z,https://www.adzuna.in/land/ad/5825070466?se=BHmyXXSc8RGQor-L2zKR7A&utm_medium=api&utm_source=10d03a1b&v=BD4A6B30637798189441E01CF9A008C2F3C90E19,"India, Tamil Nadu, Chennai","Chennai, Tamil Nadu",Adzuna,,Coordinates from Adzuna,True
Adzuna,5785773179,Web Governance Specialist,Elsevier,"Chennai, Tamil Nadu","India, Tamil Nadu, Chennai",Chennai,13.06041,80.24963,,,0,permanent,full_time,IT Jobs,it-jobs,"This job is with Elsevier, an inclusive employer and a member of myGwork – the largest global platform for the LGBTQ business community. Please do not contact the recruiter directly. Web Governance Specialist Do you have experience in digital publishing workflows? Are you a team player? About Our Team The Website Strategy team is part of Elsevier's central Marketing Excellence function and is responsible for Elsevier.com - the front door to our business. We shape and guide the digital experienc…",2026-07-03T00:54:32Z,https://www.adzuna.in/land/ad/5785773179?se=BHmyXXSc8RGQor-L2zKR7A&utm_medium=api&utm_source=10d03a1b&v=745590EA1D47591C5B5CE7049AF0C96C9EF76BBE,"India, Tamil Nadu, Chennai","Chennai, Tamil Nadu",Adzuna,,Coordinates from Adzuna,True
Adzuna,5840277153,"​​Manager, Authentication Engineer​",Pfizer,"Chennai, Tamil Nadu","India, Tamil Nadu, Chennai",Chennai,13.06041,80.24963,,,0,,full_time,IT Jobs,it-jobs,"This job is with Pfizer, an inclusive employer and a member of myGwork – the largest global platform for the LGBTQ business community. Please do not contact the recruiter directly. ROLE SUMMARY Pfizer's Identity Security and Access Management (ISAM) organization delivers seamless, secure, modern, and scalable identity solutions for all platforms and identity types. Our mission is to design, implement, and maintain a centralized, modern, and scalable Identity Security and Access Management (ISAM…",2026-08-13T17:59:49Z,https://www.adzuna.in/land/ad/5840277153?se=BHmyXXSc8RGQor-L2zKR7A&utm_medium=api&utm_source=10d03a1b&v=70483380F37BC1863C212C4B3B681EA0C2048255,"India, Tamil Nadu, Chennai","Chennai, Tamil Nadu",Adzuna,,Coordinates from Adzuna,True
Adzuna,5848119710,AGM / DGM Operations-Coimbatore,The Banyan HR Consults Chennai,"Coimbatore, Tamil Nadu","India, Tamil Nadu, Coimbatore",Coimbatore,11.017171,77.100203,,,0,,,Logistics & Warehouse Jobs,logistics-warehouse-jobs,"Job description AGM / DGM Operations Location: Coimbatore (Must be HQ at Coimbatore) Language: Hindi is mandatory Experience: Relevant senior-level operations experience in the parcel/logistics industry Job Summary We are looking for an experienced AGM / DGM Operations to lead and manage end-to-end operations for a leading parcel service company in Coimbatore. The ideal candidate should have strong exposure to Pan-India operations and/or operations across major cities , with proven expertise in…",2026-08-19T17:13:13Z,https://www.adzuna.in/land/ad/5848119710?se=OO_RYXSc8RGqn_jkSy3S8Q&utm_medium=api&utm_source=10d03a1b&v=E2676EBF0E9DC14FC1CA8AE898792DE057751CAD,"India, Tamil Nadu, Coimbatore","Coimbatore, Tamil Nadu",Adzuna,,Coordinates from Adzuna,True
Adzuna,5827735986,Accountant (Night Shift),Ampstek,"Coimbatore, Tamil Nadu","India, Tamil Nadu, Coimbatore",Coimbatore,11.017171,77.100203,,,0,,full_time,Accounting & Finance Jobs,accounting-finance-jobs,"Greetings from Ampstek! We're Hiring: Accountant (Night Shift)  Location: Coimbatore, Tamil Nadu (On-site)  Shift: Night Shift (US / Western Standard Time Alignment)  Industry: Staffing & Recruitment Services  Experience: 2–3 Years About Ampstek Ampstek is a global IT consulting and staffing solutions company, delivering exceptional talent and business solutions to clients across the UK, Europe, the US, and other international markets. We are looking for a dedicated and detail-oriented Accounta…",2026-08-04T17:45:37Z,https://www.adzuna.in/land/ad/5827735986?se=OO_RYXSc8RGqn_jkSy3S8Q&utm_medium=api&utm_source=10d03a1b&v=61F220E57416BC222490C5735F674E67E627F5EC,"India, Tamil Nadu, Coimbatore","Coimbatore, Tamil Nadu",Adzuna,,Coordinates from Adzuna,True
Adzuna,5810845525,Admin Assistant,"CIRCOR International, Inc.","Coimbatore, Tamil Nadu","India, Tamil Nadu, Coimbatore",Coimbatore,11.017171,77.100203,,,0,,,Admin Jobs,admin-jobs,"ORGANIZATIONAL STRUCTURE BUSINESS: INDUSTRIAL - CIRCOR LOCATION: COIMBATORE, INDIA DIRECT REPORTING: DEPUTY MANAGER – ADMINISTRATION & FACILITIES FUNCTIONAL REPORTING: NA POSITION DETAILS Position Summary This position manages front office operations and supports day-to-day administrative and facility activities in the factory premises. This role requires coordination with a diverse group including vendors, visitors, employees and other internal stakeholders to ensure smooth employee service, o…",2026-07-22T16:53:07Z,https://www.adzuna.in/land/ad/5810845525?se=OO_RYXSc8RGqn_jkSy3S8Q&utm_medium=api&utm_source=10d03a1b&v=B3AF006D7397B387B9650A007EC431C2EB1A0973,"India, Tamil Nadu, Coimbatore","Coimbatore, Tamil Nadu",Adzuna,,Coordinates from Adzuna,True
Adzuna,5848119929,Assistant Professor - Commerce,Kumaraguru College of Liberal Arts and Science,"Coimbatore, Tamil Nadu","India, Tamil Nadu, Coimbatore",Coimbatore,11.017171,77.100203,,,0,,,Teaching Jobs,teaching-jobs,"Greetings from Kumaraguru College of Liberal Arts and Science (KCLAS). KCLAS was established in 2018 in Coimbatore under the umbrella of Kumaraguru Institutions, with a vision ""To be a progressive, research focused institution that instills passion for life-long learning and molds young people to impact the world"". We offer a range of Bachelors, Masters and Research Programs. Job Title : Assistant Professor / Associate Professor / Professor Academic qualificati on – M.Com with UGC NET or Ph.D i…",2026-08-19T17:13:44Z,https://www.adzuna.in/land/ad/5848119929?se=OO_RYXSc8RGqn_jkSy3S8Q&utm_medium=api&utm_source=10d03a1b&v=D8C408789E94A557CBCA43C5B3D290CCF3DECE25,"India, Tamil Nadu, Coimbatore","Coimbatore, Tamil Nadu",Adzuna,,Coordinates from Adzuna,True
Adzuna,5807302499,Business Development Executive,ENN CONSULTANCY,"Coimbatore, Tamil Nadu","India, Tamil Nadu, Coimbatore",Coimbatore,11.017171,77.100203,,,0,,full_time,Sales Jobs,sales-jobs,"JOB DESCRIPTION Direct Marketing Executive Minimum Experience: 8 Years Position Snapshot Job Title: Direct Marketing Executive (Field) Experience Required : Minimum 8 years Location: Coimbatore / Tamil Nadu Industrial Market Employment Type: Full-time (field-based role) Reporting To: Founder / CEO / Sales Head Industry Focus: ISO consulting, management system consulting, certification support, manufacturing industries, MSMEs, industrial services, training and audit readiness Salary: 4.5 to 5.5L…",2026-07-20T00:05:45Z,https://www.adzuna.in/land/ad/5807302499?se=OO_RYXSc8RGqn_jkSy3S8Q&utm_medium=api&utm_source=10d03a1b&v=5FF8FCC533D211C6194282E5512F389C9D37CAD9,"India, Tamil Nadu, Coimbatore","Coimbatore, Tamil Nadu",Adzuna,,Coordinates from Adzuna,True
Adzuna,5818522970,"Business Development Executive (Non-Life Insurance) - Coimbatore, India",Doo Group,"Coimbatore, Tamil Nadu","India, Tamil Nadu, Coimbatore",Coimbatore,11.017171,77.100203,,,0,,,Sales Jobs,sales-jobs,"Life as DOOers At Doo Group, we embrace a culture where continuous growth, collaboration, and creativity are at the heart of everything we do. As a DOO, you'll collaborate with top professionals from around the globe, dive into exciting projects, and play a pivotal role in shaping the future of finance. Job description: We are seeking a motivated and enthusiastic Tele Sales Executive to join our team. The ideal candidate will be responsible for generating leads, building customer relationships,…",2026-07-28T21:17:30Z,https://www.adzuna.in/land/ad/5818522970?se=OO_RYXSc8RGqn_jkSy3S8Q&utm_medium=api&utm_source=10d03a1b&v=5E542B36C4CC75B88898C8975025A33A28B6DDCC,"India, Tamil Nadu, Coimbatore","Coimbatore, Tamil Nadu",Adzuna,,Coordinates from Adzuna,True
Adzuna,5801400353,Business Development Executive – Coimbatore,Bolt Digitech,"Coimbatore, Tamil Nadu","India, Tamil Nadu, Coimbatore",Coimbatore,11.017171,77.100203,,,0,,full_time,Sales Jobs,sales-jobs,"Company Description Bolt Digitech is a growing digital marketing company helping businesses expand their online presence through strategic marketing, branding, and digital solutions. We work with businesses to generate leads, improve brand visibility, and drive growth through innovative marketing strategies. Role Description If you enjoy closing deals, building client relationships, and driving revenue , we want to hear from you. This is a full-time on-site role located in Coimbatore for a Sale…",2026-07-15T22:27:21Z,https://www.adzuna.in/land/ad/5801400353?se=OO_RYXSc8RGqn_jkSy3S8Q&utm_medium=api&utm_source=10d03a1b&v=7C0C089912BAACA661EBDE16DE9E53DF47871243,"India, Tamil Nadu, Coimbatore","Coimbatore, Tamil Nadu",Adzuna,,Coordinates from Adzuna,True
Adzuna,5818523164,Client Services Manager,Verticurl,"Coimbatore, Tamil Nadu","India, Tamil Nadu, Coimbatore",Coimbatore,11.017171,77.100203,,,0,,,Accounting & Finance Jobs,accounting-finance-jobs,"Role Summary Verticurl is looking to hire a Client Services Manager to join our Client Servicing team in India. This is a hybrid role, combining account management responsibilities with hands-on consulting support. The individual will act as a subject matter resource on B2B and B2C marketing engagements, supporting proposals, pre-sales activity, and delivery on existing client accounts. This role suits a smart, hands-on professional who is comfortable moving between strategic client conversatio…",2026-07-28T21:17:40Z,https://www.adzuna.in/land/ad/5818523164?se=OO_RYXSc8RGqn_jkSy3S8Q&utm_medium=api&utm_source=10d03a1b&v=FB6C35B05573719F834DC0F9881AD8BF942F6E92,"India, Tamil Nadu, Coimbatore","Coimbatore, Tamil Nadu",Adzuna,,Coordinates from Adzuna,True
Adzuna,5848642091,Commercial Sales Specialist,Brick & Bolt,"Coimbatore, Tamil Nadu","India, Tamil Nadu, Coimbatore",Coimbatore,11.017171,77.100203,,,0,,,Sales Jobs,sales-jobs,"Role - Lead - Commercial Business About the Role This role involves driving sales by engaging with leads, conducting product presentations, and building strong client relationships. The role focuses on implementing data-driven strategies to enhance customer experience and meet sales targets in a dynamic startup environment. It also includes local marketing initiatives and identifying new opportunities to scale business operations. Key Responsibilities: ● Lead Generation & Follow-Up: Follow up o…",2026-08-19T23:18:57Z,https://www.adzuna.in/land/ad/5848642091?se=OO_RYXSc8RGqn_jkSy3S8Q&utm_medium=api&utm_source=10d03a1b&v=4559A49CC43E7F30708A01A3DC4E5F94BCC4A3F1,"India, Tamil Nadu, Coimbatore","Coimbatore, Tamil Nadu",Adzuna,,Coordinates from Adzuna,True
Adzuna,5811114876,Costing - Finance,Walkaroo International Private Limited,"Coimbatore, Tamil Nadu","India, Tamil Nadu, Coimbatore",Coimbatore,11.017171,77.100203,,,0,,,Accounting & Finance Jobs,accounting-finance-jobs,"Manage end-to-end product costing activities for all product categories. Perform standard costing, cost roll-up, and inventory valuation using SAP. Analyze material, labour, and overhead costs to ensure accurate product costing. Monitor cost variances and identify opportunities for cost optimization. Conduct profitability and margin analysis to support business decisions. Support annual budgeting, forecasting, and month-end financial closing activities. Prepare MIS reports, costing dashboards, …",2026-07-22T22:52:57Z,https://www.adzuna.in/land/ad/5811114876?se=OO_RYXSc8RGqn_jkSy3S8Q&utm_medium=api&utm_source=10d03a1b&v=DCFE9BCC8001BB78C97732A48C0DA986B762D92A,"India, Tamil Nadu, Coimbatore","Coimbatore, Tamil Nadu",Adzuna,,Coordinates from Adzuna,True
Adzuna,5842123670,Design Engineer,"CIRCOR International, Inc.","Coimbatore, Tamil Nadu","India, Tamil Nadu, Coimbatore",Coimbatore,11.017171,77.100203,,,0,,,Engineering Jobs,engineering-jobs,"Design Engineer ORGANIZATIONAL STRUCTURE BUSINESS: CIRCOR LOCATION: COIMBATORE, INDIA DIRECT REPORTING: HEAD – ENGINEERING FUNCTIONAL REPORTING: Engineering Manager - Germany POSITION DETAILS Position Summary The candidate will be part of the Industrial Valves ETO group Engineering team, supporting creation of Bills of materials, 3D CAD models and Engineering drawings for various valves projects and will be based in Coimbatore, India and reports to the Head - Engineering (Industrial valves). Th…",2026-08-15T00:26:58Z,https://www.adzuna.in/land/ad/5842123670?se=OO_RYXSc8RGqn_jkSy3S8Q&utm_medium=api&utm_source=10d03a1b&v=0ED506A950643C4AF4EDACF395B83CADB14A9C9F,"India, Tamil Nadu, Coimbatore","Coimbatore, Tamil Nadu",Adzuna,,Coordinates from Adzuna,True
Adzuna,5814245461,Design Engineer - Temp role,"CIRCOR International, Inc.","Coimbatore, Tamil Nadu","India, Tamil Nadu, Coimbatore",Coimbatore,11.017171,77.100203,,,0,contract,,Engineering Jobs,engineering-jobs,"ORGANIZATIONAL STRUCTURE BUSINESS: CIRCOR LOCATION: COIMBATORE, INDIA DIRECT REPORTING: TEAM LEAD – ENGINEERING FUNCTIONAL REPORTING: NA POSITION DETAILS Position Summary The candidate will be part of the Industrial Valves Engineering team, supporting creation of Bills of materials, 3D CAD models and Engineering drawings for various valves projects and will be based in Coimbatore, India and reports to the Head - Engineering (Industrial valves). This position requires interactions with other eng…",2026-07-25T01:02:28Z,https://www.adzuna.in/land/ad/5814245461?se=OO_RYXSc8RGqn_jkSy3S8Q&utm_medium=api&utm_source=10d03a1b&v=C445FEE39304E7033CEAF13B2589B6B9735B740C,"India, Tamil Nadu, Coimbatore","Coimbatore, Tamil Nadu",Adzuna,,Coordinates from Adzuna,True
Adzuna,5813877074,Design lead,Livspace,"Coimbatore, Tamil Nadu","India, Tamil Nadu, Coimbatore",Coimbatore,11.017171,77.100203,,,0,,,Creative & Design Jobs,creative-design-jobs,"Role: Design Lead As a Design Lead, you will be responsible for managing the designing for 12 to 15 projects month-on-month through a team of 6 to 10 designers. The output of which would be achieved through managing their design productivity, imparting required trainings and design discussions. What You’ll Own Managing design projects and leading design discussions. Managing and ensuring the productivity and work output of a Team of Designers. Customer Experience & Relationship Management. Ensu…",2026-07-24T18:59:49Z,https://www.adzuna.in/land/ad/5813877074?se=OO_RYXSc8RGqn_jkSy3S8Q&utm_medium=api&utm_source=10d03a1b&v=38DDDAC5DE5A634718068BBB5550C8AAFC3FDEFD,"India, Tamil Nadu, Coimbatore","Coimbatore, Tamil Nadu",Adzuna,,Coordinates from Adzuna,True
Adzuna,5827246618,Document Controller,HCLTech,"Coimbatore, Tamil Nadu","India, Tamil Nadu, Coimbatore",Coimbatore,11.017171,77.100203,,,0,,,Admin Jobs,admin-jobs,"Job Responsibilities – Document Controller Job Location: Coimbatore Exp: 6 months to 2.5 Years Notice period: Immediate to 30 days ONLY Maintain, organize, and manage all project/business documents (hard copy and electronic). Ensure proper filing, indexing, and retrieval of documents for easy access. Review VDRL (Vendor Data Requirement List) and prepare document submission plans Track and control document revisions, ensuring all stakeholders use the latest approved versions. Maintain document …",2026-08-04T07:40:56Z,https://www.adzuna.in/land/ad/5827246618?se=OO_RYXSc8RGqn_jkSy3S8Q&utm_medium=api&utm_source=10d03a1b&v=ABB5B51DFE4C201886DA2F17A04A8B61438345C4,"India, Tamil Nadu, Coimbatore","Coimbatore, Tamil Nadu",Adzuna,,Coordinates from Adzuna,True
Adzuna,5819622868,Economics Teacher,The Indian Public School Globeducate India,"Coimbatore, Tamil Nadu","India, Tamil Nadu, Coimbatore",Coimbatore,11.017171,77.100203,,,0,,,Teaching Jobs,teaching-jobs,"The Indian Public School (TIPS), Coimbatore, is an international institution offering the International Baccalaureate (IB) and Cambridge (CAIE) curriculum frameworks. The school is committed to academic excellence and holistic development through inquiry-based learning, global perspectives and nurturing a love for lifelong learning. We are currently looking for a dynamic, knowledgeable and passionate IBDP Economics Teache r to join our team of educators to guide and mentor students through the …",2026-07-29T15:20:59Z,https://www.adzuna.in/land/ad/5819622868?se=OO_RYXSc8RGqn_jkSy3S8Q&utm_medium=api&utm_source=10d03a1b&v=58D983E1ED0CCBE1AC26A13DC7D311CCAB0783CA,"India, Tamil Nadu, Coimbatore","Coimbatore, Tamil Nadu",Adzuna,,Coordinates from Adzuna,True
Adzuna,4725867379,Embedded Developer with C++ Programming,Mindpool Technologies,"Coimbatore, Tamil Nadu","India, Tamil Nadu, Coimbatore",Coimbatore,11.017171,77.100203,,,0,permanent,full_time,IT Jobs,it-jobs,Mindpool Technologies is hiring for Embedded Developer with C++ programming in Coimbatore Experience: 5 to 10 years Job Description: Embedded developer with C++ programming skills on the Linux Platform Qualifications Needed Skills Must have good knowledge of C++ programming on the Linux/Android platform Must have hands-on experience in software design and development projects. Good communication and presentation skills. Familiar with requirements management tools – DOORS Knowledge of UML-based …,2024-06-07T16:37:07Z,https://www.adzuna.in/details/4725867379?utm_medium=api&utm_source=10d03a1b,"India, Tamil Nadu, Coimbatore","Coimbatore, Tamil Nadu",Adzuna,,Coordinates from Adzuna,True
Adzuna,5813878175,Fashion Designer,STITCH HUB The Designer Boutique,"Coimbatore, Tamil Nadu","India, Tamil Nadu, Coimbatore",Coimbatore,11.017171,77.100203,,,0,,,Creative & Design Jobs,creative-design-jobs,"Company Description STITCH HUB The Designer Boutique is a fashion-focused studio specializing in custom-designed garments and contemporary apparel. Based in Coimbatore, the boutique emphasizes quality craftsmanship, personalized fittings, and attention to detail in every piece. Role Description We are seeking a creative Fashion Designer with a passion for unique personal styling. - Well versed in designing Bridal Blouses, Designer Blouses, Lehengas, Traditional and Western Outfits. - Boutique/D…",2026-07-24T19:01:39Z,https://www.adzuna.in/land/ad/5813878175?se=OO_RYXSc8RGqn_jkSy3S8Q&utm_medium=api&utm_source=10d03a1b&v=1BDA07CA6CB1A2681A79F83E318DD3295B9064A1,"India, Tamil Nadu, Coimbatore","Coimbatore, Tamil Nadu",Adzuna,,Coordinates from Adzuna,True
Adzuna,5801402868,Field Sales Manager,Policybazaar.com,"Coimbatore, Tamil Nadu","India, Tamil Nadu, Coimbatore",Coimbatore,11.017171,77.100203,,,0,,,Sales Jobs,sales-jobs,"URGENT HIRING REQUIRED Contact Person : Kashish Singh | 8448389795 | kashishsingh@policybazaar.com We're Hiring : Relationship Manager (Direct Field Sales) (who can join within 2 Days) Location : Coimbatore, Tamil Nadu 641004 Language Required: Tamil Mandatory Experience: Fresher / Experienced * Experienced in Direct field sales is Plus point* Qualification: Graduate / Post-Graduate Salary Range: 3 LPA to 4.5 LPA (Fixed Salary  Unlimited Incentives) Job Description: As a Relationship manager , …",2026-07-15T22:27:56Z,https://www.adzuna.in/land/ad/5801402868?se=OO_RYXSc8RGqn_jkSy3S8Q&utm_medium=api&utm_source=10d03a1b&v=E8E899A2B51502B2EA2A1F1133DAEE004F855874,"India, Tamil Nadu, Coimbatore","Coimbatore, Tamil Nadu",Adzuna,,Coordinates from Adzuna,True
Adzuna,5801403932,Field Sales Representative,AVnester,"Coimbatore, Tamil Nadu","India, Tamil Nadu, Coimbatore",Coimbatore,11.017171,77.100203,,,0,,,Sales Jobs,sales-jobs,"Field Sales Executive – Real Estate Location: Coimbatore Company: AVnester Role Type: Field Sales / On-ground Sales AVnester is an AI-native real estate platform launching in Coimbatore. We help buyers, sellers, owners, builders, and agents through verified listings, free property tools, AI-powered property search, WhatsApp-native inquiries, OTP-based phone reveal, and an Agent Marketplace with verification and response-time badges. We are looking for an energetic field sales executive who can …",2026-07-15T22:28:14Z,https://www.adzuna.in/land/ad/5801403932?se=OO_RYXSc8RGqn_jkSy3S8Q&utm_medium=api&utm_source=10d03a1b&v=58F165363B16F2C129BE563C65B4F450FDA52D74,"India, Tamil Nadu, Coimbatore","Coimbatore, Tamil Nadu",Adzuna,,Coordinates from Adzuna,True
Adzuna,5834882906,Field Services Engineer,Yield Engineering Systems,"Coimbatore, Tamil Nadu","India, Tamil Nadu, Coimbatore",Coimbatore,11.017171,77.100203,,,0,,,Engineering Jobs,engineering-jobs,"YES (Yield Engineering Systems, Inc.) is a leading manufacturer of reliable, high-tech, cost-effective capital equipment that transforms materials and surfaces at the nanoscale. From startups to the Fortune 50, our customers rely on YES to help them unleash products that change lives – from cellphones and IoT devices, to AI and virtual reality, to diagnostic tests for COVID. As a preferred provider of wet and dry process technology, we look forward to talking with smart, energetic, team-oriente…",2026-08-10T00:11:26Z,https://www.adzuna.in/land/ad/5834882906?se=OO_RYXSc8RGqn_jkSy3S8Q&utm_medium=api&utm_source=10d03a1b&v=4DB009FC4B98A8A527BB718FBC00646FFFC6AF96,"India, Tamil Nadu, Coimbatore","Coimbatore, Tamil Nadu",Adzuna,,Coordinates from Adzuna,True
Adzuna,5840225851,Graphic Designer,Harvee Designs,"Coimbatore, Tamil Nadu","India, Tamil Nadu, Coimbatore",Coimbatore,11.017171,77.100203,,,0,contract,,Creative & Design Jobs,creative-design-jobs,"About Harvee Designs Harvee Designs is a Coimbatore-based digital marketing and custom software development company, helping brands grow through strategic marketing, design, and technology solutions. We're looking for a creative and detail-oriented Graphic Designer to join our team and help maintain a strong, consistent visual presence across our social media platforms. About the Role We are looking for a Graphic Designer who can create eye-catching posters, images, and banners for our LinkedIn…",2026-08-13T16:20:03Z,https://www.adzuna.in/land/ad/5840225851?se=OO_RYXSc8RGqn_jkSy3S8Q&utm_medium=api&utm_source=10d03a1b&v=E8DB3791C0C5172CFE51F8A6428A843A9C65878C,"India, Tamil Nadu, Coimbatore","Coimbatore, Tamil Nadu",Adzuna,,Coordinates from Adzuna,True
Adzuna,5845683160,Head Coach / Trainer Development Lead – Strength & Conditioning (NSCA-CSCS),EMS Xperience,"Coimbatore, Tamil Nadu","India, Tamil Nadu, Coimbatore",Coimbatore,11.017171,77.100203,,,0,,full_time,Teaching Jobs,teaching-jobs,"Company description: EMS Xperience, now operating as Active20, is a fitness and performance training organization focused on evidence-based strength and conditioning and personalized coaching using EMS technology. We help individuals improve physical performance, functional fitness, and overall well-being through structured training programs, regardless of age or goals — from athletes to senior citizens. Active20 emphasizes professional standards, safety, and measurable progress for every clien…",2026-08-18T05:08:26Z,https://www.adzuna.in/land/ad/5845683160?se=OO_RYXSc8RGqn_jkSy3S8Q&utm_medium=api&utm_source=10d03a1b&v=03F4F87D23DCE49D3AA94AC101DF62E8CA03A8D7,"India, Tamil Nadu, Coimbatore","Coimbatore, Tamil Nadu",Adzuna,,Coordinates from Adzuna,True
Adzuna,5818523763,"IGSCE Chemistry Teacher ,Yellow Train School, Coimbatore",Yellow Train School,"Coimbatore, Tamil Nadu","India, Tamil Nadu, Coimbatore",Coimbatore,11.017171,77.100203,,,0,,full_time,Teaching Jobs,teaching-jobs,"Yellow Train is an International School located in Coimbatore, offering IGCSE and A Level programs from the Cambridge International board (CIE). Recognized among India’s top 10 schools by platforms such as Education World, India Today, and Better India, Yellow Train delivers excellence in education. Additionally, it is one of the country's leading Waldorf schools and the first of its kind in Coimbatore, known for fostering holistic and child-centered learning environments. www.yellowtrainschool…",2026-07-28T21:18:07Z,https://www.adzuna.in/land/ad/5818523763?se=OO_RYXSc8RGqn_jkSy3S8Q&utm_medium=api&utm_source=10d03a1b&v=449EF60B0B48105DB94EDB1B4D5929F133698D9A,"India, Tamil Nadu, Coimbatore","Coimbatore, Tamil Nadu",Adzuna,,Coordinates from Adzuna,True
Adzuna,5834573627,Interior Designer,Livspace,"Coimbatore, Tamil Nadu","India, Tamil Nadu, Coimbatore",Coimbatore,11.017171,77.100203,,,0,,,Creative & Design Jobs,creative-design-jobs,"As an Interior Designer, you should have excellent creative thinking skills and be able to create designs based on conversations with a client. You should be confident communicating regularly with clients in order to assess their needs and be able to adjust a given approach based on feedback. You should maintain familiarity with the Interior Design landscape and trends in order to provide the best idea for the client. To own the Sales funnel & drive Sales Closure. To own Customer Experience dur…",2026-08-09T16:10:45Z,https://www.adzuna.in/land/ad/5834573627?se=OO_RYXSc8RGqn_jkSy3S8Q&utm_medium=api&utm_source=10d03a1b&v=C35E69822D3101508F9F2AC8C7D474BFE38ED941,"India, Tamil Nadu, Coimbatore","Coimbatore, Tamil Nadu",Adzuna,,Coordinates from Adzuna,True
Adzuna,5838134352,Interior Project Coordinator,HealthSy Pharmacy,"Coimbatore, Tamil Nadu","India, Tamil Nadu, Coimbatore",Coimbatore,11.017171,77.100203,,,0,,,Retail Jobs,retail-jobs,"Company Description: HealthSy Pharmacy is a nationwide retail pharmacy chain committed to redefining the pharmacy experience — with medicines always in stock, courteous and professional staff, and complete transparency with no unwanted substitutions. Beyond retail, our stores are designed for genuine customer care, featuring facilities like an in-house clinic with a doctor, a baby care room, and comfortable waiting areas — making healthcare accessible, reliable, and welcoming. Role Summary We a…",2026-08-12T16:16:50Z,https://www.adzuna.in/land/ad/5838134352?se=OO_RYXSc8RGqn_jkSy3S8Q&utm_medium=api&utm_source=10d03a1b&v=95A432166F92630229DFAA88AE0BB76F9A321EC5,"India, Tamil Nadu, Coimbatore","Coimbatore, Tamil Nadu",Adzuna,,Coordinates from Adzuna,True
Adzuna,5830532251,Junior Analyst,Objectways,"Coimbatore, Tamil Nadu","India, Tamil Nadu, Coimbatore",Coimbatore,11.017171,77.100203,,,0,contract,,IT Jobs,it-jobs,Job Title: Junior Analyst (NLP Project) Location: Coimbatore Interview Mode: Walk-in Interview (Monday to Friday - 9 AM to 5 PM) Employment Type: Contract Work Schedule: 6 Days Working (Monday–Saturday) Package: 12000-15000/Month Note: This is a 3-month contract role and may be extended based on project requirements and performance. About the Role We are looking for a detail-oriented Junior Analyst to join our Natural Language Processing (NLP) project. The ideal candidate should possess excelle…,2026-08-06T19:51:05Z,https://www.adzuna.in/land/ad/5830532251?se=OO_RYXSc8RGqn_jkSy3S8Q&utm_medium=api&utm_source=10d03a1b&v=766D9238A7EC2DA2C0A9D762C6B1DCD97CFE30B9,"India, Tamil Nadu, Coimbatore","Coimbatore, Tamil Nadu",Adzuna,,Coordinates from Adzuna,True
Adzuna,5841755249,Key Account Sales Manager,Avani Consulting,"Coimbatore, Tamil Nadu","India, Tamil Nadu, Coimbatore",Coimbatore,11.017171,77.100203,,,0,,,Sales Jobs,sales-jobs,"Position Area Sales Manager Location Coimbatore Department Sales- Modern Trade Reporting to Head of MT Key Responsibilities Sales and Revenue Management Achieve monthly, quarterly, and annual sales targets for the Modern Trade channel. Develop and execute strategies to drive volume, market share, and profitability in modern trade outlets. Monitor and analyze sales performance and implement corrective measures to bridge gaps. Key Account Management Build and maintain relationships with key moder…",2026-08-14T16:34:26Z,https://www.adzuna.in/land/ad/5841755249?se=OO_RYXSc8RGqn_jkSy3S8Q&utm_medium=api&utm_source=10d03a1b&v=1B9D43F9D297491DE4504B8E24146B905D3A4491,"India, Tamil Nadu, Coimbatore","Coimbatore, Tamil Nadu",Adzuna,,Coordinates from Adzuna,True
Adzuna,5823898342,Key Account/MT Manager – Modern Trade & Stand Alone super markets-Coimbatore RO-TN,The Banyan HR Consults Chennai,"Coimbatore, Tamil Nadu","India, Tamil Nadu, Coimbatore",Coimbatore,11.017171,77.100203,,,0,,,Sales Jobs,sales-jobs,"Key Account Manager – Modern Trade & SAS Location / Territory: Coimbatore rTamilNadu Covered area: RO TN Experience Level: 5–15 Years Reporting To: Executive Director Direct Reports: 2–3 Field Supervisors / Executives About the Role Its a Edible Oils industry seeking a seasoned Key Account Manager to manage operations and achieve 100% placement across National Modern Trade, Regional Modern Trade, and Standalone Supermarkets (SAS) in Tamil Nadu. This role is responsible for driving store-level o…",2026-08-01T17:33:59Z,https://www.adzuna.in/land/ad/5823898342?se=OO_RYXSc8RGqn_jkSy3S8Q&utm_medium=api&utm_source=10d03a1b&v=1B33B042F78A8D817B7B37ED1E4A4113F40817D9,"India, Tamil Nadu, Coimbatore","Coimbatore, Tamil Nadu",Adzuna,,Coordinates from Adzuna,True
Adzuna,5750505814,Knitting Manager,Global Textile Alliance India Pvt Ltd,"Coimbatore, Tamil Nadu","India, Tamil Nadu, Coimbatore",Coimbatore,11.017171,77.100203,,,0,,,Manufacturing Jobs,manufacturing-jobs,"Your Mission: To lead knitting operations by ensuring efficient production, superior product quality, and a highly engaged workforce, ultimately delivering products that meet customer expectations while optimizing cost and operational performance. Responsibilities: Operational Excellence Plan and manage production to ensure timely delivery of products meeting defined quality standards. Maintain optimal efficiency level across operations. Control second-quality output to within the maximum toler…",2026-06-03T16:44:31Z,https://www.adzuna.in/land/ad/5750505814?se=OO_RYXSc8RGqn_jkSy3S8Q&utm_medium=api&utm_source=10d03a1b&v=FE7EDD44B19420A67A94288E64EAC4F7D1E1DD22,"India, Tamil Nadu, Coimbatore","Coimbatore, Tamil Nadu",Adzuna,,Coordinates from Adzuna,True
Adzuna,5785772266,Lead - Data Operations - Automation & Transitions,MSCI,"Coimbatore, Tamil Nadu","India, Tamil Nadu, Coimbatore",Coimbatore,11.017171,77.100203,,,0,,full_time,Accounting & Finance Jobs,accounting-finance-jobs,"This job is with MSCI, an inclusive employer and a member of myGwork – the largest global platform for the LGBTQ business community. Please do not contact the recruiter directly. Your Team Responsibilities:POSITION OVERVIEW - Senior AssociateRole & Responsibilities-Build a high-performing team by recruiting, onboarding, coaching, and continuously developing talent.-Manage staff and functional activities to achieve team goals aligned with organizational objectives.-Ensure productivity, data qual…",2026-07-03T00:54:24Z,https://www.adzuna.in/land/ad/5785772266?se=OO_RYXSc8RGqn_jkSy3S8Q&utm_medium=api&utm_source=10d03a1b&v=199755D6E3B241E317BC69BC4015DF69D84D19EE,"India, Tamil Nadu, Coimbatore","Coimbatore, Tamil Nadu",Adzuna,,Coordinates from Adzuna,True
Adzuna,5813877014,Lead Internal Auditor,Walkaroo International Private Limited,"Coimbatore, Tamil Nadu","India, Tamil Nadu, Coimbatore",Coimbatore,11.017171,77.100203,,,0,,,Accounting & Finance Jobs,accounting-finance-jobs,"Key Responsibilities Develop and execute risk-based internal audit plans in coordination with external/internal auditors. Present audit plans, findings, and status updates to senior management and the Audit Committee. Coordinate with external audit firms, ensuring timely planning, data availability, and quality of audit assignments. Liaise with functional heads (Manufacturing, Procurement, Supply Chain, Finance, HR, IT, Legal, etc.) to facilitate audits and drive closure of audit observations. …",2026-07-24T18:59:48Z,https://www.adzuna.in/land/ad/5813877014?se=OO_RYXSc8RGqn_jkSy3S8Q&utm_medium=api&utm_source=10d03a1b&v=D1F14A59F697839782C721CE8A640BBE64D75215,"India, Tamil Nadu, Coimbatore","Coimbatore, Tamil Nadu",Adzuna,,Coordinates from Adzuna,True
Adzuna,5848641608,MBA - Teaching Faculty,MH Cockpit,"Coimbatore, Tamil Nadu","India, Tamil Nadu, Coimbatore",Coimbatore,11.017171,77.100203,,,0,,,Teaching Jobs,teaching-jobs,"Job Title: Professor – MBA (Finance) Location: Coimbatore, Chennai Qualification: PhD or NET Cleared (Mandatory) Job Description: We are seeking a highly qualified and committed Professor for our MBA (Finance) program. The ideal candidate must hold a PhD or have cleared the NET examination and should possess strong expertise in core management subjects. The candidate must also be capable of handling Finance-related subjects with confidence and clarity. This role requires excellent communication…",2026-08-19T23:18:23Z,https://www.adzuna.in/land/ad/5848641608?se=OO_RYXSc8RGqn_jkSy3S8Q&utm_medium=api&utm_source=10d03a1b&v=41BC66659C7FB877CA3BE5F5ABAA359065720EA3,"India, Tamil Nadu, Coimbatore","Coimbatore, Tamil Nadu",Adzuna,,Coordinates from Adzuna,True
Adzuna,5819622854,Media Planner,Walkaroo International Private Limited,"Coimbatore, Tamil Nadu","India, Tamil Nadu, Coimbatore",Coimbatore,11.017171,77.100203,,,0,,,"PR, Advertising & Marketing Jobs",pr-advertising-marketing-jobs,"Key Responsibilities • Develop and execute ATL campaigns including TV, Print, FM, Outdoor, and Cinema. • Prepare annual media plans aligned with marketing objectives. • Coordinate with advertising agencies and media partners. • Monitor media budgets and optimize media spends. • Conduct post-campaign analysis and ROI evaluation. • Support product launches and promotional activities. • Track competitor campaigns and market trends. Key Skills • Media Planning & Buying • Campaign Management • Brand…",2026-07-29T15:20:59Z,https://www.adzuna.in/land/ad/5819622854?se=OO_RYXSc8RGqn_jkSy3S8Q&utm_medium=api&utm_source=10d03a1b&v=0C3366293CF30CE265D0914E63F9D92FD398638A,"India, Tamil Nadu, Coimbatore","Coimbatore, Tamil Nadu",Adzuna,,Coordinates from Adzuna,True
Adzuna,5813878264,Medical Coding Trainer - offline,Zentra MedTech,"Coimbatore, Tamil Nadu","India, Tamil Nadu, Coimbatore",Coimbatore,11.017171,77.100203,,,0,,,IT Jobs,it-jobs,"‍ We're Hiring – Offline Medical Coding Trainer  We're Looking For: ✅ Experienced Medical Coding Professionals ✅ Strong knowledge of ICD-10-CM, CPT & HCPCS ✅ Excellent teaching & presentation skills ✅ CPC Certified (Preferred) ✅ Passionate mentors who can inspire students  Why Join Zentra MedTech? ✔ Premium Work Environment ✔ Career Growth Opportunities ✔ Supportive Team Culture ✔ Competitive Salary ✔ Modern Training Facilities Salary : 20,000 - 40,000  incentives { per month }  Location: Near …",2026-07-24T19:01:41Z,https://www.adzuna.in/land/ad/5813878264?se=OO_RYXSc8RGqn_jkSy3S8Q&utm_medium=api&utm_source=10d03a1b&v=B072223D3BB452E00197F9C6491B9E14AF0A8260,"India, Tamil Nadu, Coimbatore","Coimbatore, Tamil Nadu",Adzuna,,Coordinates from Adzuna,True
Adzuna,4725867117,Model Based Development Engineer EPC,Mindpool Technologies,"Coimbatore, Tamil Nadu","India, Tamil Nadu, Coimbatore",Coimbatore,11.017171,77.100203,,,0,permanent,full_time,IT Jobs,it-jobs,"Mindpool Technologies is hiring for Model Based Development Engineer in Coimbatore Location: Coimbatore Experience: 5 to 10 years Hybrid Mode Permanent position with product company Job Description Education and Work Experience Requirements: Worked in Steering/Power train/Brakes/Transmission domain Strong development experience Model based development (MATLAB) Hands on experience with MIL, Targetlink Strong development experience in embedded C Worked with AUTOSAR / Application and Driver Develo…",2024-06-07T16:36:55Z,https://www.adzuna.in/details/4725867117?utm_medium=api&utm_source=10d03a1b,"India, Tamil Nadu, Coimbatore","Coimbatore, Tamil Nadu",Adzuna,,Coordinates from Adzuna,True
Adzuna,5831965536,Office Administrator,J&J Sourcing,"Coimbatore, Tamil Nadu","India, Tamil Nadu, Coimbatore",Coimbatore,11.017171,77.100203,,,0,,full_time,Admin Jobs,admin-jobs,"Job Description: Our office is located in Kalapatti (near Coimbatore International Airport) . We are looking for an experienced full-time candidate with decent communication, coordination, and strong multitasking abilities to efficiently manage day-to-day responsibilities and maintain a high level of productivity in the office environment. Key Responsibilities: Office Management: Handling maintenance staffs daily duties (Housekeepers, Gardner, Office boys & Security Guards) to ensure smooth off…",2026-08-07T17:54:56Z,https://www.adzuna.in/land/ad/5831965536?se=OO_RYXSc8RGqn_jkSy3S8Q&utm_medium=api&utm_source=10d03a1b&v=38A2ABEBA30CA2CA5DE04294816C24373368C260,"India, Tamil Nadu, Coimbatore","Coimbatore, Tamil Nadu",Adzuna,,Coordinates from Adzuna,True
Adzuna,5697210237,Physiotherapist,Kinergy Physio,"Coimbatore, Tamil Nadu","India, Tamil Nadu, Coimbatore",Coimbatore,11.017171,77.100203,,,0,,,Healthcare & Nursing Jobs,healthcare-nursing-jobs,"WE'RE HIRING — CLINICAL PHYSIOTHERAPISTS   Kinergy Physio, Saibaba Colony, Coimbatore Kinergy Physio is one of Coimbatore's most established rehab centres — a true centre of excellence for pain relief, physical rehabilitation, wellness, and sports & exercise medicine. We treat everything from acute and chronic spinal pain to knee, hip, shoulder, and back conditions, with a strong focus on evidence-based, personalised care. If you want to build real clinical skill — not just clock in and out — …",2026-04-12T08:36:00Z,https://www.adzuna.in/land/ad/5697210237?se=OO_RYXSc8RGqn_jkSy3S8Q&utm_medium=api&utm_source=10d03a1b&v=8A4BECA5E486BE6BBECC1247BE5E6B50067B71D3,"India, Tamil Nadu, Coimbatore","Coimbatore, Tamil Nadu",Adzuna,,Coordinates from Adzuna,True
Adzuna,5841755253,Poitical Science Legal studies Teacher,Yuvabharathi Public School,"Coimbatore, Tamil Nadu","India, Tamil Nadu, Coimbatore",Coimbatore,11.017171,77.100203,,,0,,,Teaching Jobs,teaching-jobs,"Political Science Legal Studies Teacher Company Description: Yuvabharathi Public School is a top CBSE-affiliated, co-educational institution in Coimbatore, established by the Bharat Educational Society in 2005. The school offers a structured academic environment aligned with Central Board of Secondary Education standards. It emphasises holistic development, strong academic foundations, and value-based education. Faculty members are supported with clear curricula, collaborative work culture, and…",2026-08-14T16:34:26Z,https://www.adzuna.in/land/ad/5841755253?se=OO_RYXSc8RGqn_jkSy3S8Q&utm_medium=api&utm_source=10d03a1b&v=4A7B02ADEFEF0FDA2D1FDA26D932CD67EB43FF42,"India, Tamil Nadu, Coimbatore","Coimbatore, Tamil Nadu",Adzuna,,Coordinates from Adzuna,True
Adzuna,5848120839,Project Manager,Foxsense Innovations,"Coimbatore, Tamil Nadu","India, Tamil Nadu, Coimbatore",Coimbatore,11.017171,77.100203,,,0,,,IT Jobs,it-jobs,"Quick Facts About the Role Role: Project Manager Location: Coimbatore YOE: 3 - 7 years Skills: Expertise in project management methodologies, Agile methodologies, Scrum techniques, stakeholder management, and client interaction. Benefits: Learn more about our perks below. Compensation: Competitive compensation as per industry standards. Who we are We are Foxsense Innovations - a bunch of passionate developers that love solving complex business problems through products and tools we build from s…",2026-08-19T17:15:10Z,https://www.adzuna.in/land/ad/5848120839?se=OO_RYXSc8RGqn_jkSy3S8Q&utm_medium=api&utm_source=10d03a1b&v=74B987D968589FAF0C5184CE23625C273625706B,"India, Tamil Nadu, Coimbatore","Coimbatore, Tamil Nadu",Adzuna,,Coordinates from Adzuna,True
Adzuna,5801404394,Relationship Manager,Policybazaar.com,"Coimbatore, Tamil Nadu","India, Tamil Nadu, Coimbatore",Coimbatore,11.017171,77.100203,,,0,,,Sales Jobs,sales-jobs,"Contact Person: HR KASHISH SINGH | 8448389795 | kashishsingh@policybazaar.com We're Hiring : Relationship Manager Location : Coimbatore, Tamil Nadu 641004 Language Required: Tamil Mandatory Experience: Fresher / Experienced Qualification: Graduate / Post-Graduate Salary Range: 3 LPA to 4.5 LPA (Fixed Salary  Unlimited Incentives) Job Description: As a Relationship manager , your responsibilities will include: Visiting customers in assigned areas to promote products/services Building and maintai…",2026-07-15T22:28:20Z,https://www.adzuna.in/land/ad/5801404394?se=OO_RYXSc8RGqn_jkSy3S8Q&utm_medium=api&utm_source=10d03a1b&v=060C9B23ED7FA52AADC77D165A10ED2D32615F65,"India, Tamil Nadu, Coimbatore","Coimbatore, Tamil Nadu",Adzuna,,Coordinates from Adzuna,True
Adzuna,5799859581,Sales Executive,Wild Honey Hunters,"Udamalpet, Coimbatore","India, Tamil Nadu, Coimbatore, Udamalpet",Coimbatore,10.6283,77.06205,,,0,,full_time,Sales Jobs,sales-jobs,Ghats Honey is hiring a Sales Executive for our kiosk located in Avinashi. The selected candidate will be responsible for customer interaction and managing daily sales at the kiosk. This role is ideal for freshers and candidates with up to 2 years of experience in B2C or retail sales. Key Responsibilities: Engage walk-in customers and explain product benefits Maintain kiosk hygiene and product display Manage daily sales records Requirements Good communication (Tamil & basic English) Strong cust…,2026-07-14T15:34:18Z,https://www.adzuna.in/details/5799859581?utm_medium=api&utm_source=10d03a1b,"India, Tamil Nadu, Coimbatore, Udamalpet","Udamalpet, Coimbatore",Adzuna,,Coordinates from Adzuna,True
Adzuna,5802782282,Sales Head -FMCG -Oil divn-TN @ Coimbatore,The Banyan HR Consults Chennai,"Coimbatore, Tamil Nadu","India, Tamil Nadu, Coimbatore",Coimbatore,11.017171,77.100203,,,0,permanent,full_time,Sales Jobs,sales-jobs,"Job description Sales Head -FMCG -Oil divn-TN @ Coimbatore Position: Sales Head FMCG Location: Coimbatore Region to be covered: Entire TN Department: Sales & Marketing Reporting To: Managing Director / CEO Compensation: Maximum gross up to 24 LPA  DA Incentive Job Summary The Sales Head will be responsible for developing and executing sales strategies to achieve revenue, market share, and profitability objectives. The role involves leading the sales team, expanding distribution networks, managi…",2026-07-16T15:54:56Z,https://www.adzuna.in/land/ad/5802782282?se=OO_RYXSc8RGqn_jkSy3S8Q&utm_medium=api&utm_source=10d03a1b&v=E2D1811250F0F83DE4594E6DFD9FE22602D29039,"India, Tamil Nadu, Coimbatore","Coimbatore, Tamil Nadu",Adzuna,,Coordinates from Adzuna,True
Adzuna,5813877496,Sales Lead,Livspace,"Coimbatore, Tamil Nadu","India, Tamil Nadu, Coimbatore",Coimbatore,11.017171,77.100203,,,0,,,Sales Jobs,sales-jobs,"Role: Sales Lead As a Sales Lead, you will own the entire sales funnel and be responsible for driving closures and achieving monthly revenue targets for your assigned Experience Centre. What You’ll Own Own and manage the end-to-end sales funnel to drive higher conversion rates Drive 12–15 project bookings per month by ensuring strong pipeline management Deliver exceptional customer experience and relationship management throughout the sales journey Collaborate closely with designers at the Expe…",2026-07-24T19:00:32Z,https://www.adzuna.in/land/ad/5813877496?se=OO_RYXSc8RGqn_jkSy3S8Q&utm_medium=api&utm_source=10d03a1b&v=E226ED27BFBF2DF57B93C4C2A8FA32867DC6D3D8,"India, Tamil Nadu, Coimbatore","Coimbatore, Tamil Nadu",Adzuna,,Coordinates from Adzuna,True
Adzuna,5818747389,Senior Business Development Manager,"CIRCOR International, Inc.","Coimbatore, Tamil Nadu","India, Tamil Nadu, Coimbatore",Coimbatore,11.017171,77.100203,,,0,,,Sales Jobs,sales-jobs,"ORGANIZATIONAL STRUCUTRE BUSINESS: CIRCOR – INDUSTRIAL LOCATION: COIMBATORE DIRECT REPORTING: Director - Sales & Service FUNCTIONAL REPORTING: NA POSITION DETAILS Position Summary The Senior Business Development Manager is responsible for new business development for customers in India and other regions through selling the CIRCOR portfolio. This role will be primarily responsible for developing new business opportunities, securing design wins, and supporting sales and business development strat…",2026-07-29T01:24:46Z,https://www.adzuna.in/land/ad/5818747389?se=OO_RYXSc8RGqn_jkSy3S8Q&utm_medium=api&utm_source=10d03a1b&v=4D7F9F7878ABB1AB189B875CBED020077898F003,"India, Tamil Nadu, Coimbatore","Coimbatore, Tamil Nadu",Adzuna,,Coordinates from Adzuna,True
Adzuna,5841833193,Senior Business Development Manager - Interior Designers & Architects,Jaipur Rugs,"Coimbatore, Tamil Nadu","India, Tamil Nadu, Coimbatore",Coimbatore,11.017171,77.100203,,,0,,,Sales Jobs,sales-jobs,"Candidates from Luxury background may only apply Organization Description: Jaipur Rugs is a social enterprise that connects rural craftsmanship with global markets through its luxurious handmade carpets. It is a family-run business that offers an exclusive range of hand-knotted and hand-woven rugs made using 2500 years old traditional art forms. The founder, Mr. Nand Kishore Chaudhary created a unique business model, which provides livelihood to the artisans at their doorstep. This changed the …",2026-08-14T18:44:00Z,https://www.adzuna.in/land/ad/5841833193?se=OO_RYXSc8RGqn_jkSy3S8Q&utm_medium=api&utm_source=10d03a1b&v=B319F6B6C60BA880BCC1C3DF6C9CFF8DFE7FFC89,"India, Tamil Nadu, Coimbatore","Coimbatore, Tamil Nadu",Adzuna,,Coordinates from Adzuna,True
Adzuna,5848119708,Senior Internal Auditor,Ideal Consultants,"Coimbatore, Tamil Nadu","India, Tamil Nadu, Coimbatore",Coimbatore,11.017171,77.100203,,,0,,,Accounting & Finance Jobs,accounting-finance-jobs,"Internal Audit & Analyst Location: Coimbatore, Tamil Nadu Industry: Trading & Distribution / Diversified Group Companies Qualification: Semi-Qualified CA / CMA (CA Inter / CMA Inter) Experience: 810 Years in Internal Audit Reporting To: Director Travel: Willingness to travel to Group locations is essential About the Organization Our client is part of a long-established and professionally managed business group with interests across manufacturing, trading, distribution and allied businesses. The…",2026-08-19T17:13:13Z,https://www.adzuna.in/land/ad/5848119708?se=OO_RYXSc8RGqn_jkSy3S8Q&utm_medium=api&utm_source=10d03a1b&v=701AE489790F14CEA0A43949F6A0A2BFD8762C26,"India, Tamil Nadu, Coimbatore","Coimbatore, Tamil Nadu",Adzuna,,Coordinates from Adzuna,True
Adzuna,5819622109,Senior Manufacturing Engineer,"CIRCOR International, Inc.","Coimbatore, Tamil Nadu","India, Tamil Nadu, Coimbatore",Coimbatore,11.017171,77.100203,,,0,,,Engineering Jobs,engineering-jobs,"ORGANIZATIONAL STRUCTURE BUSINESS: CIRCOR Industrial LOCATION: Coimbatore DIRECT REPORTING: Operations Manager Senior Manufacturing Engineer POSITION DETAILS Position Summary The Senior Manufacturing Engineer shall support the business in areas of new product development; process improvement; daily product support; project manage key programs; technical authority in metal processes; analyze and interpret technical data (engineering drawings, specifications, purchase orders, etc.) and create sho…",2026-07-29T15:20:11Z,https://www.adzuna.in/land/ad/5819622109?se=OO_RYXSc8RGqn_jkSy3S8Q&utm_medium=api&utm_source=10d03a1b&v=FDAB7C172415B5AB0F66E9BFE2950149E0E9E847,"India, Tamil Nadu, Coimbatore","Coimbatore, Tamil Nadu",Adzuna,,Coordinates from Adzuna,True
Adzuna,5822232421,Team Lead,King Cardinal Products & Services Private Limited,"Coimbatore, Tamil Nadu","India, Tamil Nadu, Coimbatore",Coimbatore,11.017171,77.100203,,,0,,,Engineering Jobs,engineering-jobs,"At King Cardinal, we are a growing technology organization that focuses on technology and provides engineering and manufacturing services for businesses. We are expanding our product & mfg design capabilities to serve clients worldwide. Role Lead a team of senior and junior engineers for manufacturing design for new and current products. Supervise and lead people and projects, do project work with team members Manage work delivery, work quality and work cadence with clients and team Train new t…",2026-07-31T15:27:07Z,https://www.adzuna.in/land/ad/5822232421?se=OO_RYXSc8RGqn_jkSy3S8Q&utm_medium=api&utm_source=10d03a1b&v=2FAA13E0FEA8B7CCF167CB979924CB40CE28EE84,"India, Tamil Nadu, Coimbatore","Coimbatore, Tamil Nadu",Adzuna,,Coordinates from Adzuna,True
Adzuna,5832843227,Valuation Associate,STARLETTE PROPERTY VALUATIONS  PVT LTD,"Coimbatore, Tamil Nadu","India, Tamil Nadu, Coimbatore",Coimbatore,11.017171,77.100203,,,0,,,Trade & Construction Jobs,trade-construction-jobs,"Join Our Growing Team | We're Hiring – Site Engineer (Civil) At Starlette Property Valuations (OPC) Pvt. Ltd., we're building one of Tamil Nadu's fastest-growing property valuation firms. As we continue to expand across the state, we're looking for enthusiastic and driven Site Engineers to be part of our journey. Key Responsibilities • Conduct property inspections and site measurements. • Capture property photographs and collect field data. • Prepare accurate site reports and documentation. • C…",2026-08-08T07:59:36Z,https://www.adzuna.in/land/ad/5832843227?se=OO_RYXSc8RGqn_jkSy3S8Q&utm_medium=api&utm_source=10d03a1b&v=60C7301AF04000D64E221EB4E3AC123132288432,"India, Tamil Nadu, Coimbatore","Coimbatore, Tamil Nadu",Adzuna,,Coordinates from Adzuna,True
Adzuna,5785771397,Vice President Data Operations - Transformation & Automation,MSCI,"Coimbatore, Tamil Nadu","India, Tamil Nadu, Coimbatore",Coimbatore,11.017171,77.100203,,,0,,full_time,IT Jobs,it-jobs,"This job is with MSCI, an inclusive employer and a member of myGwork – the largest global platform for the LGBTQ business community. Please do not contact the recruiter directly. Your Team Responsibilities: MSCI is a leading provider of investment decision support tools to clients worldwide, ranging from large pension plans to boutique hedge funds. We offer a range of products and services - including indexes, portfolio risk and performance analytics The MSCI Data Collection team sources ESG an…",2026-07-03T00:54:15Z,https://www.adzuna.in/land/ad/5785771397?se=OO_RYXSc8RGqn_jkSy3S8Q&utm_medium=api&utm_source=10d03a1b&v=9FB87F5D2ED64B39DBC4C8AF4F231B7D3664AE1D,"India, Tamil Nadu, Coimbatore","Coimbatore, Tamil Nadu",Adzuna,,Coordinates from Adzuna,True
Adzuna,5827735609,Accordion India - Manager Salesforce CRM,Accordion India,"Hyderabad, Telangana","India, Telangana, Hyderabad",Hyderabad,17.40275,78.50806,,,0,,,IT Jobs,it-jobs,"Company overview Accordion is a global financial consulting and technology firm helping CFOs and their teams drive value creation. Rooted in private equity rigor and powered by data, analytics, and AI, we partner with companies across industries to turn insight into impact. Accordion works at the intersection of Private Equity sponsors and portfolio companies’ management teams across every stage of the investment lifecycle. We provide hands-on, execution-oriented support, driving value through …",2026-08-04T17:44:21Z,https://www.adzuna.in/land/ad/5827735609?se=qGKmbXSc8RGYIIxpq9ttlQ&utm_medium=api&utm_source=10d03a1b&v=9F8770D0DDA028FE7BC382BAC257FB82033AA7BA,"India, Telangana, Hyderabad","Hyderabad, Telangana",Adzuna,,Coordinates from Adzuna,True
Adzuna,5785771657,"Administrator 2, SMA",Invesco,"Hyderabad, Telangana","India, Telangana, Hyderabad",Hyderabad,17.40275,78.50806,,,0,contract,full_time,Accounting & Finance Jobs,accounting-finance-jobs,"This job is with Invesco, an inclusive employer and a member of myGwork – the largest global platform for the LGBTQ business community. Please do not contact the recruiter directly. As one of the world's leading independent global investment firms, Invesco is dedicated to rethinking possibilities for our clients. By delivering the combined power of our distinctive investment management capabilities, we provide a wide range of investment strategies and vehicles to our clients around the world. I…",2026-07-03T00:54:19Z,https://www.adzuna.in/land/ad/5785771657?se=qGKmbXSc8RGYIIxpq9ttlQ&utm_medium=api&utm_source=10d03a1b&v=C536ECFFEF47C8BDE3631C49D7FC053FB045F0AE,"India, Telangana, Hyderabad","Hyderabad, Telangana",Adzuna,,Coordinates from Adzuna,True
Adzuna,5785770983,Adv Engineer QE II,Invesco,"Hyderabad, Telangana","India, Telangana, Hyderabad",Hyderabad,17.40275,78.50806,,,0,contract,full_time,IT Jobs,it-jobs,"This job is with Invesco, an inclusive employer and a member of myGwork – the largest global platform for the LGBTQ business community. Please do not contact the recruiter directly. As one of the world's leading independent global investment firms, Invesco is dedicated to rethinking possibilities for our clients. By delivering the combined power of our distinctive investment management capabilities, we provide a wide range of investment strategies and vehicles to our clients around the world. I…",2026-07-03T00:54:12Z,https://www.adzuna.in/land/ad/5785770983?se=qGKmbXSc8RGYIIxpq9ttlQ&utm_medium=api&utm_source=10d03a1b&v=DC0013D553E8F3F7254DD6155F522B2F5C823532,"India, Telangana, Hyderabad","Hyderabad, Telangana",Adzuna,,Coordinates from Adzuna,True
Adzuna,5837138819,Apprenticeship – Technical Support,Kyndryl,"Hyderabad, Telangana","India, Telangana, Hyderabad",Hyderabad,17.40275,78.50806,,,0,contract,full_time,IT Jobs,it-jobs,"This job is with Kyndryl, an inclusive employer and a member of myGwork – the largest global platform for the LGBTQ business community. Please do not contact the recruiter directly. Who We Are At Kyndryl, we run and reimagine the mission-critical technology systems that drive advantage for the world's leading businesses. We are at the heart of progress; with proven expertise and a continuous flow of AI-powered insight, enabling smarter decisions, faster innovation, and a lasting competitive edg…",2026-08-12T01:59:15Z,https://www.adzuna.in/land/ad/5837138819?se=qGKmbXSc8RGYIIxpq9ttlQ&utm_medium=api&utm_source=10d03a1b&v=BFE4206F48A49C457BCDCDABA513CB22C63F0EFA,"India, Telangana, Hyderabad","Hyderabad, Telangana",Adzuna,,Coordinates from Adzuna,True
Adzuna,5806276284,Associate (Billing/O2C),Clifford Chance,"Hyderabad, Telangana","India, Telangana, Hyderabad",Hyderabad,17.40275,78.50806,,,0,,full_time,Accounting & Finance Jobs,accounting-finance-jobs,"This job is with Clifford Chance, an inclusive employer and a member of myGwork – the largest global platform for the LGBTQ business community. Please do not contact the recruiter directly. Job Description The role The role is responsible for end-to-end Billing and Collections Management, ensuring accurate, timely, and compliant invoicing and effective recovery of receivables. The position supports matter billing, client collections, and stakeholder query resolution while meeting defined SLAs, …",2026-07-18T22:17:03Z,https://www.adzuna.in/land/ad/5806276284?se=qGKmbXSc8RGYIIxpq9ttlQ&utm_medium=api&utm_source=10d03a1b&v=EA57080A0E652D7433789FC3CC08E5378F8234CC,"India, Telangana, Hyderabad","Hyderabad, Telangana",Adzuna,,Coordinates from Adzuna,True
Adzuna,5812352056,Associate Relationship Manager,SmartQ,"Hyderabad, Telangana","India, Telangana, Hyderabad",Hyderabad,17.40275,78.50806,,,0,,,Manufacturing Jobs,manufacturing-jobs,"About SmartQ SmartQ is redefining how the world experiences food. As a next-generation food-tech innovator, we solve real operational challenges through empathy-led insights and powerful technology. Our mission is clear: to elevate everyday dining into a seamless and meaningful experience. In the last decade, we’ve transformed cafeteria and food operations across industries with scalable, cutting-edge solutions. Operating in 14 countries and backed by Compass Group- a $60B global foodservice le…",2026-07-23T18:56:07Z,https://www.adzuna.in/land/ad/5812352056?se=qGKmbXSc8RGYIIxpq9ttlQ&utm_medium=api&utm_source=10d03a1b&v=56922BC30DC111C8F2D52574475773BC91723DBD,"India, Telangana, Hyderabad","Hyderabad, Telangana",Adzuna,,Coordinates from Adzuna,True
Adzuna,5785770855,Asst Manager-Client Reporting,Invesco,"Hyderabad, Telangana","India, Telangana, Hyderabad",Hyderabad,17.40275,78.50806,,,0,contract,full_time,Accounting & Finance Jobs,accounting-finance-jobs,"This job is with Invesco, an inclusive employer and a member of myGwork – the largest global platform for the LGBTQ business community. Please do not contact the recruiter directly. As one of the world's leading independent global investment firms, Invesco is dedicated to rethinking possibilities for our clients. By delivering the combined power of our distinctive investment management capabilities, we provide a wide range of investment strategies and vehicles to our clients around the world. I…",2026-07-03T00:54:11Z,https://www.adzuna.in/land/ad/5785770855?se=qGKmbXSc8RGYIIxpq9ttlQ&utm_medium=api&utm_source=10d03a1b&v=575B098094D91582BF3FCD9BC89DCC1D57B6F0D4,"India, Telangana, Hyderabad","Hyderabad, Telangana",Adzuna,,Coordinates from Adzuna,True
Adzuna,5785771269,Automation Developer,WPP Production,"Hyderabad, Telangana","India, Telangana, Hyderabad",Hyderabad,17.40275,78.50806,,,0,,full_time,IT Jobs,it-jobs,"This job is with WPP Production, an inclusive employer and a member of myGwork – the largest global platform for the LGBTQ business community. Please do not contact the recruiter directly. About WPP Production We are WPP Production - the unified global production company that brings together all of WPP's content producers, studios and craft experts into one connected organisation. We combine world-class human craft with next generation technology to originate, design, and deliver multi-channel …",2026-07-03T00:54:14Z,https://www.adzuna.in/land/ad/5785771269?se=qGKmbXSc8RGYIIxpq9ttlQ&utm_medium=api&utm_source=10d03a1b&v=1DDE4440D25853CB5AC581E115C01B6AAF4DD064,"India, Telangana, Hyderabad","Hyderabad, Telangana",Adzuna,,Coordinates from Adzuna,True
Adzuna,5823897279,Business Development Executive,System Soft Technologies,"Hyderabad, Telangana","India, Telangana, Hyderabad",Hyderabad,17.40275,78.50806,,,0,,,Sales Jobs,sales-jobs,"Role: Sr. Business Development Executive – US Staffing (MSP / VMS / Direct Clients) Location: Onsite(100 feet Road, Madhapur) Job Summary: Looking for a Business Development Executive to grow our US Staffing business. You’ll be working with MSPs, VMS programs, direct clients, bringing in new clients, closing agreements, and building long-term business. This role is for someone who understands the US staffing space and knows how to turn conversations into real opportunities. Key Responsibilities…",2026-08-01T17:31:16Z,https://www.adzuna.in/land/ad/5823897279?se=qGKmbXSc8RGYIIxpq9ttlQ&utm_medium=api&utm_source=10d03a1b&v=DEDC0CCB611248193F2EAD112354A1E8D3E0EA59,"India, Telangana, Hyderabad","Hyderabad, Telangana",Adzuna,,Coordinates from Adzuna,True
Adzuna,5818524436,Business Development Manager,Godrej & Boyce Mfg. Co. Ltd.,"Hyderabad, Telangana","India, Telangana, Hyderabad",Hyderabad,17.40275,78.50806,,,0,contract,,Sales Jobs,sales-jobs,Projects Business Development Division/Department: Interio-Projects Function: Sales Key Result Areas: Billed Sales & Order booking Working Capital Management Business development Key account Management Customer satisfaction Realizations Job Description: Billed Sales & Order Booking Segment wise achievement of business plan Ensuring conversion of enquiries to orders to meet business objectives as per ABP Working Capital Management - Customer Outstanding Working with internal & external stakehold…,2026-07-28T21:18:35Z,https://www.adzuna.in/land/ad/5818524436?se=qGKmbXSc8RGYIIxpq9ttlQ&utm_medium=api&utm_source=10d03a1b&v=4B35C4C91F1722930332C9ABFDA8110AF14053F7,"India, Telangana, Hyderabad","Hyderabad, Telangana",Adzuna,,Coordinates from Adzuna,True
Adzuna,5836622739,Business Manager,Tint Tone & Shade,"Hyderabad, Telangana","India, Telangana, Hyderabad",Hyderabad,17.40275,78.50806,,,0,,,Sales Jobs,sales-jobs,"Key Responsibilities Convert qualified leads into successful sales. Meet with clients to understand their interior design requirements and provide suitable solutions. Build and maintain strong relationships with customers throughout the sales journey. Collaborate with the design and project execution teams to ensure a seamless client experience. Achieve monthly and quarterly sales targets. Prepare proposals, quotations, and sales reports. Stay updated on market trends, competitor activities, an…",2026-08-11T16:11:52Z,https://www.adzuna.in/land/ad/5836622739?se=qGKmbXSc8RGYIIxpq9ttlQ&utm_medium=api&utm_source=10d03a1b&v=1173EEF94BCF62614818BE441B51F01E26515638,"India, Telangana, Hyderabad","Hyderabad, Telangana",Adzuna,,Coordinates from Adzuna,True
Adzuna,5832204981,CA Representative,Invesco,"Hyderabad, Telangana","India, Telangana, Hyderabad",Hyderabad,17.40275,78.50806,,,0,contract,full_time,Accounting & Finance Jobs,accounting-finance-jobs,"This job is with Invesco, an inclusive employer and a member of myGwork – the largest global platform for the LGBTQ business community. Please do not contact the recruiter directly. As one of the world's leading independent global investment firms, Invesco is dedicated to rethinking possibilities for our clients. By delivering the combined power of our distinctive investment management capabilities, we provide a wide range of investment strategies and vehicles to our clients around the world. I…",2026-08-07T21:58:07Z,https://www.adzuna.in/land/ad/5832204981?se=qGKmbXSc8RGYIIxpq9ttlQ&utm_medium=api&utm_source=10d03a1b&v=DF15493CD6F74739E287800B2491B72484CEED29,"India, Telangana, Hyderabad","Hyderabad, Telangana",Adzuna,,Coordinates from Adzuna,True
Adzuna,5836624132,Chartered Accountant,Skyroot Aerospace,"Hyderabad, Telangana","India, Telangana, Hyderabad",Hyderabad,17.40275,78.50806,,,0,,,Accounting & Finance Jobs,accounting-finance-jobs,"Role Overview: We are seeking a Chartered Accountant with strong Internal Audit, Risk Advisory, and Compliance experience to join our Finance team. This role will be instrumental in establishing robust financial controls, ensuring statutory compliance, and supporting the organization's growth objectives. You'll work in a high-growth deep-tech environment where precision, compliance, and process excellence are essential to our success. Key Responsibilities: Internal Controls & Compliance: • Desi…",2026-08-11T16:12:28Z,https://www.adzuna.in/land/ad/5836624132?se=qGKmbXSc8RGYIIxpq9ttlQ&utm_medium=api&utm_source=10d03a1b&v=A2B5D11EF7651432513D2FD57363C6982253C096,"India, Telangana, Hyderabad","Hyderabad, Telangana",Adzuna,,Coordinates from Adzuna,True
Adzuna,5822659987,Civil Design Engineer,PVinsight Inc.,"Hyderabad, Telangana","India, Telangana, Hyderabad",Hyderabad,17.40275,78.50806,,,0,,full_time,Engineering Jobs,engineering-jobs,"Job Title: Mid-level Design Engineer (Civil) – Land Development Location: Pune or Hyderabad Employment Type: Full-time Experience: 3-4 years and above Job Summary: We are seeking a highly skilled and experienced Mid-level Civil Engineer – Land Development to execute and support a variety of site development and infrastructure projects. This role serves as a technical execution specialist in the planning, design, and execution of Renewables (especially Solar), BESS and Substation projects. The s…",2026-08-01T01:29:06Z,https://www.adzuna.in/land/ad/5822659987?se=qGKmbXSc8RGYIIxpq9ttlQ&utm_medium=api&utm_source=10d03a1b&v=678EF886B7D5AE02741BA3659D661FB82E5B32CD,"India, Telangana, Hyderabad","Hyderabad, Telangana",Adzuna,,Coordinates from Adzuna,True
Adzuna,5801536888,Content Writer,Doveriye,"Hyderabad, Telangana","India, Telangana, Hyderabad",Hyderabad,17.40275,78.50806,,,0,contract,,Creative & Design Jobs,creative-design-jobs,"Job Title: Content Writer Intern - Telugu & English only (Others please ignore) Location: Hyderabad Experience: Atleast 1 year Laptop is must Key Responsibilities: Write catchy, creative, and on-trend video scripts for Instagram Reels. Use trending audio, memes, hooks, and transitions to make content go viral. Adapt scripts to match the tone and personality of different influencers. Brainstorm creative storytelling ideas that educate and entertain. Highlight key product benefits in a natural an…",2026-07-16T02:04:53Z,https://www.adzuna.in/land/ad/5801536888?se=qGKmbXSc8RGYIIxpq9ttlQ&utm_medium=api&utm_source=10d03a1b&v=BA924CE66E84FC2090D2A502F4A983B0A90D000E,"India, Telangana, Hyderabad","Hyderabad, Telangana",Adzuna,,Coordinates from Adzuna,True
Adzuna,5838134588,"Coordinator, Accounting Operations [T500-28344]",McDonald's Global Office in India,"Hyderabad, Telangana","India, Telangana, Hyderabad",Hyderabad,17.40275,78.50806,,,0,,,Accounting & Finance Jobs,accounting-finance-jobs,"About McDonald’s: One of the world’s largest employers with locations in more than 100 countries, McDonald’s Corporation has corporate opportunities in Hyderabad. Our global offices serve as dynamic innovation and operations hubs, designed to expand McDonald's global talent base and in-house expertise. Our new office in Hyderabad will bring together knowledge across business, technology, analytics, and AI, accelerating our ability to deliver impactful solutions for the business and our customer…",2026-08-12T16:17:15Z,https://www.adzuna.in/land/ad/5838134588?se=qGKmbXSc8RGYIIxpq9ttlQ&utm_medium=api&utm_source=10d03a1b&v=C84631C06075088BFB0C92256ED48B867835F212,"India, Telangana, Hyderabad","Hyderabad, Telangana",Adzuna,,Coordinates from Adzuna,True
Adzuna,5838134014,"Coordinator, Accounting Operations [T500-28345]",McDonald's Global Office in India,"Hyderabad, Telangana","India, Telangana, Hyderabad",Hyderabad,17.40275,78.50806,,,0,,,Accounting & Finance Jobs,accounting-finance-jobs,"About McDonald’s: One of the world’s largest employers with locations in more than 100 countries, McDonald’s Corporation has corporate opportunities in Hyderabad. Our global offices serve as dynamic innovation and operations hubs, designed to expand McDonald's global talent base and in-house expertise. Our new office in Hyderabad will bring together knowledge across business, technology, analytics, and AI, accelerating our ability to deliver impactful solutions for the business and our customer…",2026-08-12T16:16:20Z,https://www.adzuna.in/land/ad/5838134014?se=qGKmbXSc8RGYIIxpq9ttlQ&utm_medium=api&utm_source=10d03a1b&v=403D89D8C315C9BF91359CB3EB257593F5E58859,"India, Telangana, Hyderabad","Hyderabad, Telangana",Adzuna,,Coordinates from Adzuna,True
Adzuna,5838614015,Creative Lead,WPP Production,"Hyderabad, Telangana","India, Telangana, Hyderabad",Hyderabad,17.40275,78.50806,,,0,,full_time,"PR, Advertising & Marketing Jobs",pr-advertising-marketing-jobs,"This job is with WPP Production, an inclusive employer and a member of myGwork – the largest global platform for the LGBTQ business community. Please do not contact the recruiter directly. About WPP Production We are WPP Production - the unified global production company that brings together all of WPP's content producers, studios and craft experts into one connected organisation. We combine world-class human craft with next generation technology to originate, design, and deliver multi-channel …",2026-08-12T22:00:41Z,https://www.adzuna.in/land/ad/5838614015?se=qGKmbXSc8RGYIIxpq9ttlQ&utm_medium=api&utm_source=10d03a1b&v=D91EB79A0795BD632716614BECF3833047E8A4BB,"India, Telangana, Hyderabad","Hyderabad, Telangana",Adzuna,,Coordinates from Adzuna,True
Adzuna,5834573375,Cybersecurity Consultant,TekWissen India,"Hyderabad, Telangana","India, Telangana, Hyderabad",Hyderabad,17.40275,78.50806,,,0,,full_time,IT Jobs,it-jobs,"Overview: TekWissen Group is a workforce management provider throughout India and many other countries in the world. Position: Cybersecurity Consultant Location: Hyderabad, TS Job Type: Full Time Work Type: Onsite Overview Job Description: The role involves monitoring, detecting, investigating, and responding to cybersecurity threats while enhancing the organization’s security posture through proactive risk management and SOC optimization. Responsibilities Monitor security incidents and alerts.…",2026-08-09T16:10:42Z,https://www.adzuna.in/land/ad/5834573375?se=qGKmbXSc8RGYIIxpq9ttlQ&utm_medium=api&utm_source=10d03a1b&v=6363791DD87EAD40DA6F073BDCD3BF3D9AD2A8A8,"India, Telangana, Hyderabad","Hyderabad, Telangana",Adzuna,,Coordinates from Adzuna,True
Adzuna,5830417550,EDI Project Coordinator,ValueLabs,"Hyderabad, Telangana","India, Telangana, Hyderabad",Hyderabad,17.40275,78.50806,,,0,,,IT Jobs,it-jobs,"Job Description : We are seeking a highly organized and customer-focused EDI Project Coordinator to support the successful execution and day-to-day management of electronic data interchange (EDI) operations. This role acts as the primary coordination point between the internal EDI team, clients, carriers, and business stakeholders to ensure EDI files are transmitted, tracked, monitored, and resolved in a timely and accurate manner. The EDI Project Coordinator will oversee transaction monitoring…",2026-08-06T17:51:55Z,https://www.adzuna.in/land/ad/5830417550?se=qGKmbXSc8RGYIIxpq9ttlQ&utm_medium=api&utm_source=10d03a1b&v=EF3B852DA019229F932B0F5F01C0FDF1DA817A49,"India, Telangana, Hyderabad","Hyderabad, Telangana",Adzuna,,Coordinates from Adzuna,True
Adzuna,5830301733,"Eng II., Eng Run",Invesco,"Hyderabad, Telangana","India, Telangana, Hyderabad",Hyderabad,17.40275,78.50806,,,0,contract,full_time,IT Jobs,it-jobs,"This job is with Invesco, an inclusive employer and a member of myGwork – the largest global platform for the LGBTQ business community. Please do not contact the recruiter directly. As one of the world's leading independent global investment firms, Invesco is dedicated to rethinking possibilities for our clients. By delivering the combined power of our distinctive investment management capabilities, we provide a wide range of investment strategies and vehicles to our clients around the world. I…",2026-08-06T16:02:00Z,https://www.adzuna.in/land/ad/5830301733?se=qGKmbXSc8RGYIIxpq9ttlQ&utm_medium=api&utm_source=10d03a1b&v=CF2EEBF4CEDE71B9A0ABCFD8E3CF8B36CD4DF5DA,"India, Telangana, Hyderabad","Hyderabad, Telangana",Adzuna,,Coordinates from Adzuna,True
Adzuna,5836624188,Executive Assistant,Sales Co Asia,"Hyderabad, Telangana","India, Telangana, Hyderabad",Hyderabad,17.40275,78.50806,,,0,,,"PR, Advertising & Marketing Jobs",pr-advertising-marketing-jobs,"Are you highly organized, proactive, and eager to build a career in business operations and marketing management? We are looking for a motivated Executive Assistant to support our leadership team and contribute to daily management operations. Key Responsibilities Assist senior managers with day-to-day operational activities Coordinate and support offline marketing campaigns, events, and promotional activities Manage schedules, meetings, reports, and business correspondence Monitor project timel…",2026-08-11T16:12:30Z,https://www.adzuna.in/land/ad/5836624188?se=qGKmbXSc8RGYIIxpq9ttlQ&utm_medium=api&utm_source=10d03a1b&v=AFD30F23AC10013DEC878F624B1E3DE76C3BE9FE,"India, Telangana, Hyderabad","Hyderabad, Telangana",Adzuna,,Coordinates from Adzuna,True
Adzuna,5836624046,Exercise Science Lecturer,Curefit,"Hyderabad, Telangana","India, Telangana, Hyderabad",Hyderabad,17.40275,78.50806,,,0,,,Teaching Jobs,teaching-jobs,"Role Purpose; Deliver high-quality GGFI lectures and practical sessions for aspiring fitness professionals, combining strong exercise science knowledge with clear teaching, student engagement, and practical coaching ability. Key Responsibilities; Deliver GGFI course lectures and practical training sessions as per the defined curriculum. Teach core concepts across exercise science, personal training, fitness programming, client handling, and practical coaching. Prepare for assigned topics and co…",2026-08-11T16:12:23Z,https://www.adzuna.in/land/ad/5836624046?se=qGKmbXSc8RGYIIxpq9ttlQ&utm_medium=api&utm_source=10d03a1b&v=B3D26A587DA4E6D4BE40ACB658B4EE90B9C8769B,"India, Telangana, Hyderabad","Hyderabad, Telangana",Adzuna,,Coordinates from Adzuna,True
Adzuna,5810845249,Finance Officer,United Brothers Company,"Hyderabad, Telangana","India, Telangana, Hyderabad",Hyderabad,17.40275,78.50806,,,0,permanent,full_time,Accounting & Finance Jobs,accounting-finance-jobs,"UNITED BROTHERS COMPANY ACCOUNTS MANAGER Department: Accounts & Finance Location: Khairatabad, Hyderabad Reports To: Management / CEO Employment Type: Full-Time · Permanent Experience Required: 3 Years Openings: 1 ROLE SUMMARY We're looking for a dependable Accounts Manager to run day-to-day accounts for our Hyderabad back office — invoicing, GST filings, bank reconciliation, and vendor payments. Alongside this core focus, you'll get structured, checklist-driven support from existing SOPs and o…",2026-07-22T16:52:36Z,https://www.adzuna.in/land/ad/5810845249?se=qGKmbXSc8RGYIIxpq9ttlQ&utm_medium=api&utm_source=10d03a1b&v=8899D3CD24564E3AC27587CC3DF7E118669C4C13,"India, Telangana, Hyderabad","Hyderabad, Telangana",Adzuna,,Coordinates from Adzuna,True
Adzuna,5798926185,"Head of Legal, India",Invesco,"Hyderabad, Telangana","India, Telangana, Hyderabad",Hyderabad,17.40275,78.50806,,,0,contract,full_time,Legal Jobs,legal-jobs,"This job is with Invesco, an inclusive employer and a member of myGwork – the largest global platform for the LGBTQ business community. Please do not contact the recruiter directly. As one of the world's leading independent global investment firms, Invesco is dedicated to rethinking possibilities for our clients. By delivering the combined power of our distinctive investment management capabilities, we provide a wide range of investment strategies and vehicles to our clients around the world. I…",2026-07-13T22:15:41Z,https://www.adzuna.in/land/ad/5798926185?se=qGKmbXSc8RGYIIxpq9ttlQ&utm_medium=api&utm_source=10d03a1b&v=D80EAB51208B9A9E21FB062812B6E6DFE27160D0,"India, Telangana, Hyderabad","Hyderabad, Telangana",Adzuna,,Coordinates from Adzuna,True
Adzuna,5837139310,Infrastructure Specialist,Kyndryl,"Hyderabad, Telangana","India, Telangana, Hyderabad",Hyderabad,17.40275,78.50806,,,0,,full_time,IT Jobs,it-jobs,"This job is with Kyndryl, an inclusive employer and a member of myGwork – the largest global platform for the LGBTQ business community. Please do not contact the recruiter directly. Who We Are At Kyndryl, we run and reimagine the mission-critical technology systems that drive advantage for the world's leading businesses. We are at the heart of progress; with proven expertise and a continuous flow of AI-powered insight, enabling smarter decisions, faster innovation, and a lasting competitive edg…",2026-08-12T01:59:32Z,https://www.adzuna.in/land/ad/5837139310?se=qGKmbXSc8RGYIIxpq9ttlQ&utm_medium=api&utm_source=10d03a1b&v=DD4F96FDFD2CAED03AAEBB5AFCEA8F72AF29C3C4,"India, Telangana, Hyderabad","Hyderabad, Telangana",Adzuna,,Coordinates from Adzuna,True
Adzuna,5830417585,Inside Sales Specialist,WaferWire Cloud Technologies,"Hyderabad, Telangana","India, Telangana, Hyderabad",Hyderabad,17.40275,78.50806,,,0,,,IT Jobs,it-jobs,"Job Title: Inside sales Specialist Experience: 7-10 Years Job Location: Hyderabad, Telangana Worksite: Onsite [100%] About WCT: Wafer Wire Technology Solutions (WCT) specializes in delivering comprehensive Cloud, Data and AI solutions through Microsoft's technology stack. Our services include Strategic Consulting, Data/AI Estate Modernization, and Cloud Adoption Strategy. We excel in Solution Design encompassing Application, Data, and AI Modernization, as well as Infrastructure Planning and Mig…",2026-08-06T17:51:56Z,https://www.adzuna.in/land/ad/5830417585?se=qGKmbXSc8RGYIIxpq9ttlQ&utm_medium=api&utm_source=10d03a1b&v=B07445F5ACDF4F5AC337778F2B908627939F13A3,"India, Telangana, Hyderabad","Hyderabad, Telangana",Adzuna,,Coordinates from Adzuna,True
Adzuna,5829060683,Inside Sales Specialist (APJ-MENA),"Prudent Technologies and Consulting, Inc.","Hyderabad, Telangana","India, Telangana, Hyderabad",Hyderabad,17.40275,78.50806,,,0,,full_time,Sales Jobs,sales-jobs,"Are you a highly motivated Inside Sales professional with a knack for lead generation and a passion for technology? Do you thrive in a target-driven environment and enjoy building relationships across diverse international markets? Join Prudent Technologies and Consulting in Hyderabad and play a crucial role in expanding our footprint across the Asia-Pacific (APAC), Africa and Dubai regions! The Opportunity: This is a full-time, in-office position based in our Hyderabad office. You will be resp…",2026-08-05T17:45:40Z,https://www.adzuna.in/land/ad/5829060683?se=qGKmbXSc8RGYIIxpq9ttlQ&utm_medium=api&utm_source=10d03a1b&v=7F2BBC50886BF24A9F11B92013CCA78C836FD933,"India, Telangana, Hyderabad","Hyderabad, Telangana",Adzuna,,Coordinates from Adzuna,True
Adzuna,5804792863,Massage Therapist,Hyatt Place Hyderabad Banjara Hills,"Hyderabad, Telangana","India, Telangana, Hyderabad",Hyderabad,17.40275,78.50806,,,0,,,Hospitality & Catering Jobs,hospitality-catering-jobs,"THERAPIST with Min 2 years of experience should apply Operations To assist in the smooth and efficient operation of the spa area. To report to work punctually 15 minutes before your shift in proper uniform. Follow grooming standards as laid down by the hotel/spa as per the Hyatt Look policy To provide a courteous, professional, efficient and flexible service at all times, following Hyatt Place Hyderabad Standards of Performance. To perform all duties and tasks in the assigned Place of Work to t…",2026-07-17T15:55:12Z,https://www.adzuna.in/land/ad/5804792863?se=qGKmbXSc8RGYIIxpq9ttlQ&utm_medium=api&utm_source=10d03a1b&v=4F9C6752D556B6B1F22D57CC3592B885E2229970,"India, Telangana, Hyderabad","Hyderabad, Telangana",Adzuna,,Coordinates from Adzuna,True
Adzuna,5829141655,NATA Trainee,Invesco,"Hyderabad, Telangana","India, Telangana, Hyderabad",Hyderabad,17.40275,78.50806,,,0,contract,full_time,Accounting & Finance Jobs,accounting-finance-jobs,"This job is with Invesco, an inclusive employer and a member of myGwork – the largest global platform for the LGBTQ business community. Please do not contact the recruiter directly. As one of the world's leading independent global investment firms, Invesco is dedicated to rethinking possibilities for our clients. By delivering the combined power of our distinctive investment management capabilities, we provide a wide range of investment strategies and vehicles to our clients around the world. I…",2026-08-05T19:54:36Z,https://www.adzuna.in/land/ad/5829141655?se=qGKmbXSc8RGYIIxpq9ttlQ&utm_medium=api&utm_source=10d03a1b&v=154DE59CCB4E16F501FD18F6A5E7108D0B82C8B1,"India, Telangana, Hyderabad","Hyderabad, Telangana",Adzuna,,Coordinates from Adzuna,True
Adzuna,5790410667,Performance Analyst II,Invesco,"Hyderabad, Telangana","India, Telangana, Hyderabad",Hyderabad,17.40275,78.50806,,,0,contract,full_time,Accounting & Finance Jobs,accounting-finance-jobs,"This job is with Invesco, an inclusive employer and a member of myGwork – the largest global platform for the LGBTQ business community. Please do not contact the recruiter directly. As one of the world's leading independent global investment firms, Invesco is dedicated to rethinking possibilities for our clients. By delivering the combined power of our distinctive investment management capabilities, we provide a wide range of investment strategies and vehicles to our clients around the world. I…",2026-07-07T05:28:45Z,https://www.adzuna.in/land/ad/5790410667?se=qGKmbXSc8RGYIIxpq9ttlQ&utm_medium=api&utm_source=10d03a1b&v=B7A472E9F75746D97DC48B1D3F7645AB15B38CA1,"India, Telangana, Hyderabad","Hyderabad, Telangana",Adzuna,,Coordinates from Adzuna,True
Adzuna,5289679800,RTL Design Engineer,ACL Digital,"Hyderabad, Telangana","India, Telangana, Hyderabad",Hyderabad,17.40275,78.50806,,,0,,,IT Jobs,it-jobs,Job Title - RTL Design Engineers Exp Level: 4 yrs Loctaion: Hyderabad /Bangalore Job Description: • RTL coding knowledge • Top-level (SOC) level basic industry standard Arch knowledge • SoC & IP level Integration knowledge • IPXACT knowledge • IORING and Phys & GPIOs basic functionality • Design Partitioning(Tilification) knowledge • Design RTL quality checks: Clock domain crossing(CDC) Reset domain crossing(RDC) LINT VSI UPF knowledge LEC(Logic equivalence check) Timing concepts & SDC knowledg…,2025-07-07T09:11:30Z,https://www.adzuna.in/land/ad/5289679800?se=qGKmbXSc8RGYIIxpq9ttlQ&utm_medium=api&utm_source=10d03a1b&v=D575E01C62CA85F7F695E4805CB1F0CECC86187D,"India, Telangana, Hyderabad","Hyderabad, Telangana",Adzuna,,Coordinates from Adzuna,True
Adzuna,5836624536,Regional Sales Manager – B2B Cosmetic Ingredients,Flychem,"Hyderabad, Telangana","India, Telangana, Hyderabad",Hyderabad,17.40275,78.50806,,,0,,,Sales Jobs,sales-jobs,"We are looking for an experienced and result-oriented Regional Sales Manager – B2B Cosmetics Ingredients to manage sales operations within the assigned region and drive business growth through strategic customer engagement and new business development. The ideal candidate should have strong experience in cosmetic ingredients sales, excellent relationship management skills, and the ability to work closely with cross-functional teams to achieve business objectives. Special Note: Experience in B2B…",2026-08-11T16:12:54Z,https://www.adzuna.in/land/ad/5836624536?se=qGKmbXSc8RGYIIxpq9ttlQ&utm_medium=api&utm_source=10d03a1b&v=0ABC18A8E97720044CC846C206358C8E207B2D9A,"India, Telangana, Hyderabad","Hyderabad, Telangana",Adzuna,,Coordinates from Adzuna,True
Adzuna,5820962956,Sales Development Representative,People Tech Group Inc,"Hyderabad, Telangana","India, Telangana, Hyderabad",Hyderabad,17.40275,78.50806,,,0,,,Sales Jobs,sales-jobs,"We're Hiring: Sales Development Representative (SDR) – Outbound Lead Generation Location: Hyderabad Experience: 1–4 Years Are you passionate about B2B outbound sales , building meaningful connections, and creating new business opportunities? We're looking for a motivated Sales Development Representative (SDR) to join our growing team and help drive our enterprise sales pipeline. What You'll Do ✅ Prospect enterprise accounts through cold calling, email campaigns, LinkedIn, and other outbound cha…",2026-07-30T15:24:15Z,https://www.adzuna.in/land/ad/5820962956?se=qGKmbXSc8RGYIIxpq9ttlQ&utm_medium=api&utm_source=10d03a1b&v=5F57B30885D2EF02065B9B10DCEC464DE8FE42F3,"India, Telangana, Hyderabad","Hyderabad, Telangana",Adzuna,,Coordinates from Adzuna,True
Adzuna,5823898456,Sales Engineer,Metal Power Analytical Pvt. Ltd.,"Hyderabad, Telangana","India, Telangana, Hyderabad",Hyderabad,17.40275,78.50806,,,0,contract,,Sales Jobs,sales-jobs,"A Sales Engineer plays a crucial role in identifying and generating opportunities for the sale of specialized products like spectrometers, working closely with the Regional Sales Manager (RSM) to meet regional sales targets. The role involves understanding market needs, building and maintaining strong relationships with clients, and keeping track of industry developments. A Sales Engineer is also responsible for monitoring competitor activities and providing necessary after-sales support while …",2026-08-01T17:34:08Z,https://www.adzuna.in/land/ad/5823898456?se=qGKmbXSc8RGYIIxpq9ttlQ&utm_medium=api&utm_source=10d03a1b&v=FA0A65E7523B96A666BB6868BCDF700033BC3D2A,"India, Telangana, Hyderabad","Hyderabad, Telangana",Adzuna,,Coordinates from Adzuna,True
Adzuna,5823898801,Sales and Business Development Manager,People Tech Group Inc,"Hyderabad, Telangana","India, Telangana, Hyderabad",Hyderabad,17.40275,78.50806,,,0,,full_time,Sales Jobs,sales-jobs,"Location: Hyderabad Employment Type: Full-Time About People Tech Gro upPeople Tech is a leading digital transformation and technology services organization specializing in Cloud, ERP, AI, Data, Engineering, and Talent Solutions. We enable enterprises to accelerate digital transformation and are expanding our domestic market footprint with a focus on AWS & ERP solution sale s. Role Over viewWe are seeking a Sa les &a mp; BD Leader with strong e xperienc e in IT sales, AWS Cloud & ERP s olution s…",2026-08-01T17:34:26Z,https://www.adzuna.in/land/ad/5823898801?se=qGKmbXSc8RGYIIxpq9ttlQ&utm_medium=api&utm_source=10d03a1b&v=038A6819EBAD5580ED099DCF5912D98390188F58,"India, Telangana, Hyderabad","Hyderabad, Telangana",Adzuna,,Coordinates from Adzuna,True
Adzuna,5820962645,Security Professional,HTC Global Services,"Hyderabad, Telangana","India, Telangana, Hyderabad",Hyderabad,17.40275,78.50806,,,0,,,IT Jobs,it-jobs,"Responsible for overseeing end-to-end vulnerability management, patch lifecycle, and application packaging for servers and workstations. The role ensures timely remediation of vulnerabilities through effective patching, packaging, and deployment strategies across enterprise assets, integrating automation, compliance, and tool optimization (Qualys, SCCM, Intune, AdminStudio, ORCA). Key Responsibilities: Application Packaging & Deployment: Develop, customize, and validate MSI/MST/MSIX packages us…",2026-07-30T15:23:53Z,https://www.adzuna.in/land/ad/5820962645?se=qGKmbXSc8RGYIIxpq9ttlQ&utm_medium=api&utm_source=10d03a1b&v=5F5DD51CBC9DDAFD867EA46ADE7AFB8C30F88A36,"India, Telangana, Hyderabad","Hyderabad, Telangana",Adzuna,,Coordinates from Adzuna,True
Adzuna,5834573230,Senior Design Engineer,Puzzolana India,"Hyderabad, Telangana","India, Telangana, Hyderabad",Hyderabad,17.40275,78.50806,,,0,,,Engineering Jobs,engineering-jobs,"Job Title: Senior Design Engineer – Mechanical Industry: Heavy Machinery / Mining Equipment Manufacturing (Stone Crushing Machines) Location: Hyderabad Experience Required: 3 years in mechanical design, preferably in heavy machinery, mining, or construction equipment About the Role Puzzolana is looking for an experienced and innovative Senior Design Engineer – Mechanical to join our engineering team. The ideal candidate will be responsible for designing and developing high-performance mechanica…",2026-08-09T16:10:36Z,https://www.adzuna.in/land/ad/5834573230?se=qGKmbXSc8RGYIIxpq9ttlQ&utm_medium=api&utm_source=10d03a1b&v=ED48224812E1CFD4F87E7DBFED66A354AABF1256,"India, Telangana, Hyderabad","Hyderabad, Telangana",Adzuna,,Coordinates from Adzuna,True
Adzuna,5707858962,Senior Graphic Designer,SUVARCHALA ADVERTISERS,"Hyderabad, Telangana","India, Telangana, Hyderabad",Hyderabad,17.40275,78.50806,,,0,,,Creative & Design Jobs,creative-design-jobs,"SUVARCHALA ADVERTISERS is looking for a talented Senior Graphic Designer to join our creative team. You’ll work on logos, branding, and marketing collateral while collaborating with clients to deliver high-impact visual communication. Key Requirements: Strong portfolio in graphic design & branding Expertise in typography and visual composition Proficiency in Adobe Creative Suite (Photoshop, Illustrator, InDesign) Ability to manage multiple projects and meet deadlines Good communication and pres…",2026-04-23T07:46:46Z,https://www.adzuna.in/land/ad/5707858962?se=qGKmbXSc8RGYIIxpq9ttlQ&utm_medium=api&utm_source=10d03a1b&v=33033F462CAD12AC51F455D8EDD3E9560D936EFD,"India, Telangana, Hyderabad","Hyderabad, Telangana",Adzuna,,Coordinates from Adzuna,True
Adzuna,5835509028,Senior Interior Designer,Flow Interio Private Limited,"Hyderabad, Telangana","India, Telangana, Hyderabad",Hyderabad,17.40275,78.50806,,,0,,,Creative & Design Jobs,creative-design-jobs,"About the Role We are seeking creative, detail-oriented, and passionate Interior Designers to join our team. The ideal candidate will be responsible for conceptualizing, designing, and executing luxury residential interior projects while ensuring exceptional customer experience and design excellence. The role requires strong technical knowledge, creativity, and coordination with clients, vendors, and project execution teams. Key Responsibilities Meet clients to understand their lifestyle, prefe…",2026-08-10T16:11:05Z,https://www.adzuna.in/land/ad/5835509028?se=qGKmbXSc8RGYIIxpq9ttlQ&utm_medium=api&utm_source=10d03a1b&v=30B93D8F8F257C046FAD4FFEBC6FE63DAB11E30C,"India, Telangana, Hyderabad","Hyderabad, Telangana",Adzuna,,Coordinates from Adzuna,True
Adzuna,5785771686,Sr Client Reporting Analyst,Invesco,"Hyderabad, Telangana","India, Telangana, Hyderabad",Hyderabad,17.40275,78.50806,,,0,contract,full_time,IT Jobs,it-jobs,"This job is with Invesco, an inclusive employer and a member of myGwork – the largest global platform for the LGBTQ business community. Please do not contact the recruiter directly. As one of the world's leading independent global investment firms, Invesco is dedicated to rethinking possibilities for our clients. By delivering the combined power of our distinctive investment management capabilities, we provide a wide range of investment strategies and vehicles to our clients around the world. I…",2026-07-03T00:54:19Z,https://www.adzuna.in/land/ad/5785771686?se=qGKmbXSc8RGYIIxpq9ttlQ&utm_medium=api&utm_source=10d03a1b&v=583D8127E9E147E445E61F89F4F710175BE2E4D4,"India, Telangana, Hyderabad","Hyderabad, Telangana",Adzuna,,Coordinates from Adzuna,True
Adzuna,5823897183,Sr Designer- Automotive Interior/Exterior Design,Satyam Venture Engineering Services,"Hyderabad, Telangana","India, Telangana, Hyderabad",Hyderabad,17.40275,78.50806,,,0,,,Engineering Jobs,engineering-jobs,We’re Hiring – Sr. Designer / Specialist - Automotive Interior/Exterior Design(CATIA/NX)   Location: Hyderabad  Experience: 6–10 Years ⏳ Notice Period: Immediate to 30 Days We are looking for skilled professionals with expertise in Plastic Design and hands-on experience in CATIA.  Key Requirements: ✅ Strong experience in Plastic Component Design ✅ Mandatory experience in Automotive Interior/Exterior Design ✅ Good hands-on experience in 2D Drawings ✅ Ability to work in a fast-paced automotive e…,2026-08-01T17:31:10Z,https://www.adzuna.in/land/ad/5823897183?se=qGKmbXSc8RGYIIxpq9ttlQ&utm_medium=api&utm_source=10d03a1b&v=7152B3E5F896D12CE6EA490589E1246D2F16AED7,"India, Telangana, Hyderabad","Hyderabad, Telangana",Adzuna,,Coordinates from Adzuna,True
Adzuna,5818524878,Sr Mgr/AGM Dealer Development EV (LCV/HCV),OEM Automobile EV,"Hyderabad, Telangana","India, Telangana, Hyderabad",Hyderabad,17.40275,78.50806,,,0,,,Engineering Jobs,engineering-jobs,"Job Summary This position is responsible for planning, expanding, and strengthening company’s dealer network across assigned territories. The role focuses on identifying high-potential dealer partners, managing the complete dealer onboarding process, ensuring dealer readiness, and driving sustainable network growth aligned with the company's business objectives. Key Responsibilities Dealer Network Expansion Dealer Selection & Appointment Dealer Infrastructure Development Dealer Capability Devel…",2026-07-28T21:19:05Z,https://www.adzuna.in/land/ad/5818524878?se=qGKmbXSc8RGYIIxpq9ttlQ&utm_medium=api&utm_source=10d03a1b&v=3337FF532EADE45C4B931B55ED58DDAE603586F4,"India, Telangana, Hyderabad","Hyderabad, Telangana",Adzuna,,Coordinates from Adzuna,True
Adzuna,5785770939,Sr Principal Architect,Invesco,"Hyderabad, Telangana","India, Telangana, Hyderabad",Hyderabad,17.40275,78.50806,,,0,contract,full_time,IT Jobs,it-jobs,"This job is with Invesco, an inclusive employer and a member of myGwork – the largest global platform for the LGBTQ business community. Please do not contact the recruiter directly. As one of the world's leading independent global investment firms, Invesco is dedicated to rethinking possibilities for our clients. By delivering the combined power of our distinctive investment management capabilities, we provide a wide range of investment strategies and vehicles to our clients around the world. I…",2026-07-03T00:54:12Z,https://www.adzuna.in/land/ad/5785770939?se=qGKmbXSc8RGYIIxpq9ttlQ&utm_medium=api&utm_source=10d03a1b&v=E19D4AF56A77F88F124BE854BAE358EFF0C1DEBB,"India, Telangana, Hyderabad","Hyderabad, Telangana",Adzuna,,Coordinates from Adzuna,True
Adzuna,5785773028,"Sr. Analyst, SMA",Invesco,"Hyderabad, Telangana","India, Telangana, Hyderabad",Hyderabad,17.40275,78.50806,,,0,contract,full_time,Accounting & Finance Jobs,accounting-finance-jobs,"This job is with Invesco, an inclusive employer and a member of myGwork – the largest global platform for the LGBTQ business community. Please do not contact the recruiter directly. As one of the world's leading independent global investment firms, Invesco is dedicated to rethinking possibilities for our clients. By delivering the combined power of our distinctive investment management capabilities, we provide a wide range of investment strategies and vehicles to our clients around the world. I…",2026-07-03T00:54:31Z,https://www.adzuna.in/land/ad/5785773028?se=qGKmbXSc8RGYIIxpq9ttlQ&utm_medium=api&utm_source=10d03a1b&v=4C024B4D0EF44D63779BB6ECCC39804CA278ECDD,"India, Telangana, Hyderabad","Hyderabad, Telangana",Adzuna,,Coordinates from Adzuna,True
Adzuna,5161234153,Sr. Design Engineer - PPRTL / Prime Power,ACL Digital,"Hyderabad, Telangana","India, Telangana, Hyderabad",Hyderabad,17.40275,78.50806,,,0,,,Engineering Jobs,engineering-jobs,"Sr. Design Engineer - PPRTL / Prime Power Job Description: Experience in ASIC design flow and EDA tools experience such as PPRTL, PowerArtist and PrimePower or other power analysis/simulation tools Analyze design metrics and make implementation choices to optimize PPA Scripting language experience: Python, perl, shell preferred. Exposure to RTL design and verification Strong verbal and written communication skills Knowledge of the PnR tools is added advantage Power analysis using the power tool…",2025-04-25T03:04:27Z,https://www.adzuna.in/land/ad/5161234153?se=qGKmbXSc8RGYIIxpq9ttlQ&utm_medium=api&utm_source=10d03a1b&v=E6F67D7FBF13872D1D58CFECE11B3A3A47684018,"India, Telangana, Hyderabad","Hyderabad, Telangana",Adzuna,,Coordinates from Adzuna,True
Adzuna,5785771380,"Sr. Eng. I, Digital Dist & Ent Eng",Invesco,"Hyderabad, Telangana","India, Telangana, Hyderabad",Hyderabad,17.40275,78.50806,,,0,contract,full_time,IT Jobs,it-jobs,"This job is with Invesco, an inclusive employer and a member of myGwork – the largest global platform for the LGBTQ business community. Please do not contact the recruiter directly. As one of the world's leading independent global investment firms, Invesco is dedicated to rethinking possibilities for our clients. By delivering the combined power of our distinctive investment management capabilities, we provide a wide range of investment strategies and vehicles to our clients around the world. I…",2026-07-03T00:54:15Z,https://www.adzuna.in/land/ad/5785771380?se=qGKmbXSc8RGYIIxpq9ttlQ&utm_medium=api&utm_source=10d03a1b&v=6A8E62151C6137D2B4EFF8659EA0B0F79A94BB93,"India, Telangana, Hyderabad","Hyderabad, Telangana",Adzuna,,Coordinates from Adzuna,True
Adzuna,5804795218,Vice President of Sales,QualiZeal,"Hyderabad, Telangana","India, Telangana, Hyderabad",Hyderabad,17.40275,78.50806,,,0,,,Sales Jobs,sales-jobs,"Role Overview We are looking for an experienced Vice President – Sales to drive business growth within the India GCC ecosystem . The ideal candidate will have a strong network across Global Capability Centers and a proven track record of selling IT services and digital transformation solutions to GCCs and large enterprises. This role will be responsible for acquiring new customers, expanding existing relationships, and driving revenue growth by positioning QualiZeal's Digital Engineering, Quali…",2026-07-17T15:56:38Z,https://www.adzuna.in/land/ad/5804795218?se=qGKmbXSc8RGYIIxpq9ttlQ&utm_medium=api&utm_source=10d03a1b&v=2FE26925FC0088B04F6FCD81938947D75223CED0,"India, Telangana, Hyderabad","Hyderabad, Telangana",Adzuna,,Coordinates from Adzuna,True
Adzuna,5830416620,Workday Offshore Delivery Head,IQNOUS TECHNOLOGIES,"Hyderabad, Telangana","India, Telangana, Hyderabad",Hyderabad,17.40275,78.50806,,,0,,,IT Jobs,it-jobs,"We have an exciting opportunity with our client, Kasttech Software, for a Workday Delivery Head . Role Summary The Workday Delivery Head is responsible for leading the end-to-end delivery, governance, and operational excellence of Workday implementations, support engagements, and transformation programs. This role oversees delivery teams across Workday HCM, Payroll , Finance, Integrations, Reporting, Security, and AMS services while ensuring customer satisfaction, profitability, quality, and sc…",2026-08-06T17:50:16Z,https://www.adzuna.in/land/ad/5830416620?se=qGKmbXSc8RGYIIxpq9ttlQ&utm_medium=api&utm_source=10d03a1b&v=8ACBBAFB1F4CC354088C262BFBDE3A59F83467C7,"India, Telangana, Hyderabad","Hyderabad, Telangana",Adzuna,,Coordinates from Adzuna,True
Adzuna,5818746689,architect & designers,SPACE INTERIORS INDIA,"Hyderabad, Telangana","India, Telangana, Hyderabad",Hyderabad,17.40275,78.50806,,,0,,full_time,Creative & Design Jobs,creative-design-jobs,"Company Description SPACE INTERIORS INDIA is a Hyderabad-based interior design and architecture firm focused on creating functional, aesthetically appealing spaces for residential, commercial, and institutional clients. The company delivers end-to-end design and execution services, emphasizing quality materials, efficient project delivery, and close collaboration with clients. With a commitment to innovation and practical design solutions, SPACE INTERIORS INDIA integrates contemporary trends wi…",2026-07-29T01:22:42Z,https://www.adzuna.in/land/ad/5818746689?se=qGKmbXSc8RGYIIxpq9ttlQ&utm_medium=api&utm_source=10d03a1b&v=0304A4E04B2DBA08EC873D243BABF5949C95E48D,"India, Telangana, Hyderabad","Hyderabad, Telangana",Adzuna,,Coordinates from Adzuna,True
Adzuna,5848119772,ASIC RTL Design Lead,Mulya Technologies,"Kochi, Ernakulam","India, Kerala, Ernakulam, Kochi",Kochi,9.98011,76.24637,,,0,,,Engineering Jobs,engineering-jobs,"Among. The top 4 IT companies, in India ranked by market capitalization and revenue ASIC RTL Lead Bangalopre / Hyderabad / Kochi Mandatory Skill : (RTL Design, RTL Coding & Integration, RTL quality checks (Lint, CDC), IP, targeted for SOC, Static checks, Protocols - PCIe, DDR, Ethernet,I2C, UART, SPI) Senior ASIC Engineer (IP RTL design targeted for SOC, Static checks, some basic protocols) Expertise in SoC subsystem/IP design Expertise in IP design, Subsystem/Cluster and SoC level integration …",2026-08-19T17:13:17Z,https://www.adzuna.in/land/ad/5848119772?se=RBaWb3Sc8RGQor-L2zKR7A&utm_medium=api&utm_source=10d03a1b&v=6B251488CB244F15CF4A7B2A106C3C587B38001D,"India, Kerala, Ernakulam, Kochi","Kochi, Ernakulam",Adzuna,,Coordinates from Adzuna,True
Adzuna,5831965604,Accounts Payable Specialist,Xeinadin,"Kochi, Ernakulam","India, Kerala, Ernakulam, Kochi",Kochi,9.98011,76.24637,,,0,,,Accounting & Finance Jobs,accounting-finance-jobs,"We are seeking an experienced and detail focused Accounts Payable professional to join our growing team. This role involves delivering high quality AP services to a diverse supplier base, ensuring accuracy, compliance, and efficiency in financial operations while contributing to overall team and business success. Key Responsibilities: Process a high volume of Accounts Payable (AP) invoices for grocery store clients, ensuring accuracy and timely completion. Book and accurately code invoices, dep…",2026-08-07T17:54:59Z,https://www.adzuna.in/land/ad/5831965604?se=RBaWb3Sc8RGQor-L2zKR7A&utm_medium=api&utm_source=10d03a1b&v=F701B42B81C9B68BCDF5545F60E88510536A7429,"India, Kerala, Ernakulam, Kochi","Kochi, Ernakulam",Adzuna,,Coordinates from Adzuna,True
Adzuna,5848119998,Australian-Based Tour & Travel Company Hiring: Experienced Travel & Tour Manager – Kochi Office,Pauls Travel,"Kochi, Ernakulam","India, Kerala, Ernakulam, Kochi",Kochi,9.98011,76.24637,,,0,,,Sales Jobs,sales-jobs,"An Australian-based Tour & Travel Company is looking for an experienced, motivated, and results-driven Travel & Tour Manager to join our Kochi office. We are looking for a professional with excellent English communication skills , strong knowledge of the travel industry, and proven experience in sales, marketing, staff management, Amadeus ticketing, and BSP accounting . Key Responsibilities Manage and lead the travel team and achieve monthly sales targets. Develop and sell domestic and internat…",2026-08-19T17:13:57Z,https://www.adzuna.in/land/ad/5848119998?se=RBaWb3Sc8RGQor-L2zKR7A&utm_medium=api&utm_source=10d03a1b&v=31715F20E1CE6BE2EC05274992CAAC18D02C0E9B,"India, Kerala, Ernakulam, Kochi","Kochi, Ernakulam",Adzuna,,Coordinates from Adzuna,True
Adzuna,5848119672,Business Development Executive,"Nexgen, Inc","Kochi, Ernakulam","India, Kerala, Ernakulam, Kochi",Kochi,9.98011,76.24637,,,0,,,Sales Jobs,sales-jobs,Willing to work in US/UK shifts. Responsibilities: · Take ownership of the complete sales cycle starting from Prospecting till Sales Conversion. · Inside Sales – Lead Generation. · Database Management. · Should be able to maintain a clean database based on sales call. *Should have very good persuasive communication skills in English. *Would need to meet tele calling targets. *Need to work on different time zones. Manage e-Mail Campaigns: *Should have very good persuasive written skills in Engli…,2026-08-19T17:13:09Z,https://www.adzuna.in/land/ad/5848119672?se=RBaWb3Sc8RGQor-L2zKR7A&utm_medium=api&utm_source=10d03a1b&v=A98DF6BEA0C7F9ABB382DBD71784F03D75F18993,"India, Kerala, Ernakulam, Kochi","Kochi, Ernakulam",Adzuna,,Coordinates from Adzuna,True
Adzuna,5841755331,Business Development Executive — Software Sales,Zartek Technologies,"Kochi, Ernakulam","India, Kerala, Ernakulam, Kochi",Kochi,9.98011,76.24637,,,0,,full_time,Sales Jobs,sales-jobs,"About Zartek Technologies Zartek is a product engineering company based at Kinfra Hi-Tech Park, Kalamassery, Kochi. We build mobile apps, web platforms, and AI-powered products for clients across India, the GCC, Europe, Africa, and Australia — and we build our own products too. Our work spans everything from custom Flutter apps to AI chatbots and enterprise platforms. The Role We're looking for a Business Development Executive to help us grow. You'll work on both inbound leads that come to us t…",2026-08-14T16:34:28Z,https://www.adzuna.in/land/ad/5841755331?se=RBaWb3Sc8RGQor-L2zKR7A&utm_medium=api&utm_source=10d03a1b&v=A0A6D42F0ECCFA6F20E23DA2B3AF702231F02E6E,"India, Kerala, Ernakulam, Kochi","Kochi, Ernakulam",Adzuna,,Coordinates from Adzuna,True
Adzuna,5801399603,Business Development Manager,Lascade,"Kochi, Ernakulam","India, Kerala, Ernakulam, Kochi",Kochi,9.98011,76.24637,,,0,,,Sales Jobs,sales-jobs,"Lascade is looking for a driven Business Development Manager to help expand our products, partnerships, and global business opportunities. This role is for someone who enjoys building relationships, discovering new opportunities, negotiating partnerships, and launching new business initiatives. You’ll work directly with the leadership team to identify new revenue streams, establish strategic relationships, and bring new products and services to market. If you’re someone who naturally spots oppo…",2026-07-15T22:27:14Z,https://www.adzuna.in/land/ad/5801399603?se=RBaWb3Sc8RGQor-L2zKR7A&utm_medium=api&utm_source=10d03a1b&v=A7830ED3E6EAC5CB3A093414618E426F4DD3AB75,"India, Kerala, Ernakulam, Kochi","Kochi, Ernakulam",Adzuna,,Coordinates from Adzuna,True
Adzuna,5847658421,Business Development Manager,EduVerifi | Credential & Identity Verification,"Kochi, Ernakulam","India, Kerala, Ernakulam, Kochi",Kochi,9.98011,76.24637,,,0,,,Teaching Jobs,teaching-jobs,"Company Description EduVerifi is a credential and identity verification platform serving international education and migration. We partner with universities, skill assessment bodies, employers, and institutional stakeholders to validate student qualifications, identity documents, and supporting records. Headquartered in Australia with operations across Asia, EduVerifi enables trusted credential verification for students pursuing study and career pathways internationally. Role Description The Se…",2026-08-19T07:21:11Z,https://www.adzuna.in/land/ad/5847658421?se=RBaWb3Sc8RGQor-L2zKR7A&utm_medium=api&utm_source=10d03a1b&v=20F25CAC1EFA706FFCC11CAB57399F980D6AEEAA,"India, Kerala, Ernakulam, Kochi","Kochi, Ernakulam",Adzuna,,Coordinates from Adzuna,True
Adzuna,5836622631,Business Development Manager - Partnership Management,PFEC Global,"Kochi, Ernakulam","India, Kerala, Ernakulam, Kochi",Kochi,9.98011,76.24637,,,0,,,Sales Jobs,sales-jobs,"About PFEC Global PFEC Global is a multi-award-winning international education consultancy with over 19 years of experience in helping students achieve their overseas education goals. With offices across Australia, Bangladesh, India, and Sri Lanka, we proudly represent leading institutions worldwide. Role Overview PFEC Global is looking for an experienced Business Development Manager (BDM) to manage and grow its recruitment partner network across India. The BDM will be responsible for developin…",2026-08-11T16:11:51Z,https://www.adzuna.in/land/ad/5836622631?se=RBaWb3Sc8RGQor-L2zKR7A&utm_medium=api&utm_source=10d03a1b&v=964E05E0DBCB7BA8B4F551D506CEA838C1CEDB3D,"India, Kerala, Ernakulam, Kochi","Kochi, Ernakulam",Adzuna,,Coordinates from Adzuna,True
Adzuna,5818524880,Business Development Manager- BFSI,Iron Mountain,"Kochi, Ernakulam","India, Kerala, Ernakulam, Kochi",Kochi,9.98011,76.24637,,,0,,,Sales Jobs,sales-jobs,"Job Summary Iron Mountain is seeking a motivated National Business Development Manager to join our Global Industries- BFSI team. In this role, you will be responsible for driving net new sales and revenue growth from existing customer accounts within your assigned vertical. You will join a dynamic team focused on expanding the Iron Mountain footprint through strategic prospecting, networking, and the execution of high-impact account plans. What You’ll Do In this role, you will: Develop and exec…",2026-07-28T21:19:06Z,https://www.adzuna.in/land/ad/5818524880?se=RBaWb3Sc8RGQor-L2zKR7A&utm_medium=api&utm_source=10d03a1b&v=C45AFBE92BD479B347497F71C5D7F908DB78445D,"India, Kerala, Ernakulam, Kochi","Kochi, Ernakulam",Adzuna,,Coordinates from Adzuna,True
Adzuna,5831966502,Business Immigration Coordinator II - French Language,Fragomen,"Kochi, Ernakulam","India, Kerala, Ernakulam, Kochi",Kochi,9.98011,76.24637,,,0,,,Admin Jobs,admin-jobs,The role: The Immigration Coordinator helps to provide exceptional levels of business support to a wide range of clients by supporting Fragomen’s Kochi office. They are exposed to a full range of immigration processes and administrative tasks. What your day will look like: Draft immigration applications in French Draft support letters Maintain Fragomen’s database and client folders up to date Save and upload case related documents and government decisions onto Fragomen’s database Identify embas…,2026-08-07T17:56:36Z,https://www.adzuna.in/land/ad/5831966502?se=RBaWb3Sc8RGQor-L2zKR7A&utm_medium=api&utm_source=10d03a1b&v=EA9CBA8B72A607C9699FDC89A189DD5EF7D82C65,"India, Kerala, Ernakulam, Kochi","Kochi, Ernakulam",Adzuna,,Coordinates from Adzuna,True
Adzuna,5840637267,Chief Financial Officer,EnerZ,"Kochi, Ernakulam","India, Kerala, Ernakulam, Kochi",Kochi,9.98011,76.24637,,,0,,,Accounting & Finance Jobs,accounting-finance-jobs,"Company Description EnerZ is an aspiring electric ride-sharing service based in Kochi, India, striving to lead the country in eco-friendly transportation solutions. Our focus is on providing reliable, affordable, smart, secure, and trustworthy ride-sharing services to urban cities. Role Description The CFO will be responsible for overseeing financial planning, preparing financial statements, analyzing financial data, and ensuring accurate financial reporting. This is a hybrid role based in Koch…",2026-08-14T00:24:05Z,https://www.adzuna.in/land/ad/5840637267?se=RBaWb3Sc8RGQor-L2zKR7A&utm_medium=api&utm_source=10d03a1b&v=23B51E2ABA65D95587A5277CA291A010F3034D3E,"India, Kerala, Ernakulam, Kochi","Kochi, Ernakulam",Adzuna,,Coordinates from Adzuna,True
Adzuna,5833435050,Client Relationship Manager,"Katha - Sharing Stories, Scaling Impact","Kochi, Ernakulam","India, Kerala, Ernakulam, Kochi",Kochi,9.98011,76.24637,,,0,permanent,full_time,Sales Jobs,sales-jobs,"Katha is hiring: Client Relationship Manager Location: Kochi (Hybrid) Type: Full-time | Permanent SEND YOUR RESUMES TO : hr@katha.today Katha Ads is a fast-growing marketing-tech startup helping brands connect with audiences through smart, story-led, and performance-driven advertising. Our platform engages over 100,000 users and has powered campaigns for leading brands such as Samsung, Maruti Suzuki, Tata Croma, and Hero MotoCorp. We are one of the fastest-growing bootstrapped startups in the s…",2026-08-08T18:03:11Z,https://www.adzuna.in/land/ad/5833435050?se=RBaWb3Sc8RGQor-L2zKR7A&utm_medium=api&utm_source=10d03a1b&v=B66AD4CA945896195AF5A5E1B465C5756EBF009E,"India, Kerala, Ernakulam, Kochi","Kochi, Ernakulam",Adzuna,,Coordinates from Adzuna,True
Adzuna,5848120359,Client Servicing & Social Media Lead (Account Management  Content Strategy),Wanderoo Creative Services,"Kochi, Ernakulam","India, Kerala, Ernakulam, Kochi",Kochi,9.98011,76.24637,,,0,,full_time,"PR, Advertising & Marketing Jobs",pr-advertising-marketing-jobs,"About the job Company Description Wanderoo Creative Services is a Kochi-based creative agency that genuinely enjoys the mess and magic of the internet. Like our namesake (the wanderoo, a mountain-dwelling monkey found right here in the Western Ghats), we're curious, a little cheeky, and always watching before we leap. ﻿ We make ads, content, and campaigns across digital, offline, and video, for brands who want work that actually connects instead of just filling a content calendar. Small team, b…",2026-08-19T17:14:24Z,https://www.adzuna.in/land/ad/5848120359?se=RBaWb3Sc8RGQor-L2zKR7A&utm_medium=api&utm_source=10d03a1b&v=7244AD4558D7E961F2725D3823F9715FA04C6280,"India, Kerala, Ernakulam, Kochi","Kochi, Ernakulam",Adzuna,,Coordinates from Adzuna,True
Adzuna,5838675832,Content Creator,Cochin International School,"Kochi, Ernakulam","India, Kerala, Ernakulam, Kochi",Kochi,9.98011,76.24637,,,0,,,"PR, Advertising & Marketing Jobs",pr-advertising-marketing-jobs,"The Content Creator plays a key role in documenting, preserving, and communicating the story of the institution through compelling visual storytelling. The position involves capturing, editing, and managing visual assets across all TRINS campuses to align with the school's digital media and communication objectives. Key Responsibilities Content Capture: Capture high-quality photographs and videos across all TRINS institutions covering academic activities, sports, events, classrooms, and student…",2026-08-13T00:15:54Z,https://www.adzuna.in/land/ad/5838675832?se=RBaWb3Sc8RGQor-L2zKR7A&utm_medium=api&utm_source=10d03a1b&v=C77D9EA519452F35F1E53FB8FE97BD42F9254B5B,"India, Kerala, Ernakulam, Kochi","Kochi, Ernakulam",Adzuna,,Coordinates from Adzuna,True
Adzuna,5836624618,Creative Designer,Admaren Tech Private Limited,"Kochi, Ernakulam","India, Kerala, Ernakulam, Kochi",Kochi,9.98011,76.24637,,,0,,full_time,Creative & Design Jobs,creative-design-jobs,"Job Title: Creative Designer Seniority Level: Mid-Level Years of Relevant Experience: 3years Department: Animation Reporting Organization: Our Company Employment Type: Full Time Location: Kochi Job Summary We are seeking a highly creative Visual Designer with a strong artistic foundation and the ability to create original work from scratch. The ideal candidate should be skilled in developing unique visual concepts, including vector illustrations and design compositions, without relying on templ…",2026-08-11T16:12:56Z,https://www.adzuna.in/land/ad/5836624618?se=RBaWb3Sc8RGQor-L2zKR7A&utm_medium=api&utm_source=10d03a1b&v=926FE6A7B115B1FDA7D738DD2346353C53F8F6F2,"India, Kerala, Ernakulam, Kochi","Kochi, Ernakulam",Adzuna,,Coordinates from Adzuna,True
Adzuna,5818747367,Customer Support Executive,KeyValue,"Kochi, Ernakulam","India, Kerala, Ernakulam, Kochi",Kochi,9.98011,76.24637,,,0,,,Customer Services Jobs,customer-services-jobs,"About KeyValue KeyValue is a product development start-up, building highly scalable web and enterprise class software with a team of engineers specialised in Core Product Development. In our belief, every man is truly the owner of his/her work, his craft and can do the best when each sailor sailing on our ship can see the horizon that we all are sailing towards. For us, the best talents are the open-minded, ever-learning and all-embracing ones. We create, live and code on the cloud. About CoFee…",2026-07-29T01:24:40Z,https://www.adzuna.in/land/ad/5818747367?se=RBaWb3Sc8RGQor-L2zKR7A&utm_medium=api&utm_source=10d03a1b&v=2D63A91DE2CE70E7C027BB322EC9A9D813ACEFDB,"India, Kerala, Ernakulam, Kochi","Kochi, Ernakulam",Adzuna,,Coordinates from Adzuna,True
Adzuna,5845682585,Finance Controller – GCC operations,I Know A Guy,"Kochi, Ernakulam","India, Kerala, Ernakulam, Kochi",Kochi,9.98011,76.24637,,,0,,full_time,Accounting & Finance Jobs,accounting-finance-jobs,"Location: Kochi, Kerala, India Employment Type: Full-Time Experience: 10 Years overall, including minimum 5 years as a Finance Controller Industry: Pharmaceuticals / Healthcare Reports To: Management About the Employer Our client is a growing pharmaceutical company operating across multiple business units and markets . With an expanding portfolio and increasingly complex operations, the organization is strengthening its finance function to establish robust financial systems, improve financial d…",2026-08-18T05:07:23Z,https://www.adzuna.in/land/ad/5845682585?se=RBaWb3Sc8RGQor-L2zKR7A&utm_medium=api&utm_source=10d03a1b&v=8CF13165FC73E67FCBF62391F86E3DDFEF9F2093,"India, Kerala, Ernakulam, Kochi","Kochi, Ernakulam",Adzuna,,Coordinates from Adzuna,True
Adzuna,5818747334,Financial Controller,Focaloid Technologies,"Kochi, Ernakulam","India, Kerala, Ernakulam, Kochi",Kochi,9.98011,76.24637,,,0,,,Accounting & Finance Jobs,accounting-finance-jobs,"Role Overview Lead the complete finance function across India and overseas entities. This role goes beyond accounting and focuses on business partnering, financial analysis, governance, compliance, cash flow, and actionable insights. Key Responsibilities • Own end-to-end finance operations across multiple entities. • Lead monthly, quarterly, and annual financial close. • Manage statutory, tax, and internal audits. • Prepare budgets, forecasts, cash flow, and Board MIS. • Analyze project margins…",2026-07-29T01:24:26Z,https://www.adzuna.in/land/ad/5818747334?se=RBaWb3Sc8RGQor-L2zKR7A&utm_medium=api&utm_source=10d03a1b&v=30EAD008E2847B38E57CC85C8E3353881491ACAA,"India, Kerala, Ernakulam, Kochi","Kochi, Ernakulam",Adzuna,,Coordinates from Adzuna,True
Adzuna,5840225866,German Language Trainer,Care Gates,"Kochi, Ernakulam","India, Kerala, Ernakulam, Kochi",Kochi,9.98011,76.24637,,,0,,full_time,Teaching Jobs,teaching-jobs,"Company Description Care Gates GmbH is a specialized partner for the sustainable recruitment and integration of qualified nursing professionals from India into the German healthcare system. The company manages the entire process, from careful selection and nursing-specific language and qualification programs to professional recognition and integration into everyday work. Care Gates follows an approach that goes beyond traditional staffing, combining ethical recruitment standards certified by th…",2026-08-13T16:20:03Z,https://www.adzuna.in/land/ad/5840225866?se=RBaWb3Sc8RGQor-L2zKR7A&utm_medium=api&utm_source=10d03a1b&v=E3A21C790D2732D0C3220106DD0F072E3BCEC8EE,"India, Kerala, Ernakulam, Kochi","Kochi, Ernakulam",Adzuna,,Coordinates from Adzuna,True
Adzuna,5798139218,Google Ads Specialist,Lascade,"Kochi, Ernakulam","India, Kerala, Ernakulam, Kochi",Kochi,9.98011,76.24637,,,0,,,"PR, Advertising & Marketing Jobs",pr-advertising-marketing-jobs,"Lascade is looking for a results-driven Google Ads Specialist to help scale customer acquisition across our portfolio of software products. We’re building AI-powered tools, mobile applications, travel technology, subscription products, and digital services. We’re looking for someone who understands Google Ads beyond campaign management—someone who can build profitable acquisition strategies, optimize performance, and turn data into business growth. If you’re passionate about paid search, campai…",2026-07-13T01:58:05Z,https://www.adzuna.in/land/ad/5798139218?se=RBaWb3Sc8RGQor-L2zKR7A&utm_medium=api&utm_source=10d03a1b&v=4761CFC9D870A554C84336167ADCC8BE10B40175,"India, Kerala, Ernakulam, Kochi","Kochi, Ernakulam",Adzuna,,Coordinates from Adzuna,True
Adzuna,5818746191,Graphic Designer,Fragomen,"Kochi, Ernakulam","India, Kerala, Ernakulam, Kochi",Kochi,9.98011,76.24637,,,0,,,Creative & Design Jobs,creative-design-jobs,"Graphic Designer & PowerPoint Expert The ideal candidate will have strong creative skills and a portfolio of work which demonstrates their passion for illustrative design and typography. This candidate will have experiences in working with numerous different design platforms such as digital and print forms. Responsibilities Collaborate with the team to ensure consistency of designs across various media outlets Create compelling and effective logos, designs, print and digital media Maintain awar…",2026-07-29T01:21:45Z,https://www.adzuna.in/land/ad/5818746191?se=RBaWb3Sc8RGQor-L2zKR7A&utm_medium=api&utm_source=10d03a1b&v=2C308F8614CB3EA9DDB2C0D615647C950BE4DF85,"India, Kerala, Ernakulam, Kochi","Kochi, Ernakulam",Adzuna,,Coordinates from Adzuna,True
Adzuna,5838134344,House Parent / Hostel Warden,Cochin International School,"Kochi, Ernakulam","India, Kerala, Ernakulam, Kochi",Kochi,9.98011,76.24637,,,0,,,Teaching Jobs,teaching-jobs,"We are looking for a warm, energetic, and dependable House Parent to become a live-in guardian and mentor within our boarding community. You'll be a trusted adult presence in students' daily lives — supporting their wellbeing, building house spirit, and helping create a residential experience that feels genuinely like home. Key Responsibilities Provide day-to-day pastoral care, ensuring students' physical, emotional, and mental wellbeing within the house. Foster an inclusive, respectful environ…",2026-08-12T16:16:50Z,https://www.adzuna.in/land/ad/5838134344?se=RBaWb3Sc8RGQor-L2zKR7A&utm_medium=api&utm_source=10d03a1b&v=4B2CBF8621CFCF25D3A9EB8F405C8D489B7830B5,"India, Kerala, Ernakulam, Kochi","Kochi, Ernakulam",Adzuna,,Coordinates from Adzuna,True
Adzuna,5798139403,Influencer Marketing & Outreach Specialist,Lascade,"Kochi, Ernakulam","India, Kerala, Ernakulam, Kochi",Kochi,9.98011,76.24637,,,0,,,"PR, Advertising & Marketing Jobs",pr-advertising-marketing-jobs,"Lascade is looking for a creative and relationship-driven Influencer Marketing & Outreach Specialist to help grow our brands through creators, communities, and authentic partnerships. You’ll work with content creators, YouTubers, Instagram creators, TikTok influencers, bloggers, and niche communities across global markets. We’re looking for someone who understands how to build long-term creator relationships that drive real business results—not just views or likes. If you’re passionate about in…",2026-07-13T01:59:17Z,https://www.adzuna.in/land/ad/5798139403?se=RBaWb3Sc8RGQor-L2zKR7A&utm_medium=api&utm_source=10d03a1b&v=C5E1A8641FAC0DDEE2240114FCEFB3526534578C,"India, Kerala, Ernakulam, Kochi","Kochi, Ernakulam",Adzuna,,Coordinates from Adzuna,True
Adzuna,5838134054,Information Security Consultant,Soffit Infrastructure Services  Ltd,"Kochi, Ernakulam","India, Kerala, Ernakulam, Kochi",Kochi,9.98011,76.24637,,,0,,,IT Jobs,it-jobs,"Job Overview: The Information Security Consultant will be responsible for the implementation, assessment, and management of ISO 27001:2022, ISO 27002, and SOC 2 standards for clients. This role involves working independently or alongside senior consultants to help clients achieve and maintain information security compliance and other best practices. The consultant will focus on assessing and ensuring compliance with key security frameworks and will provide vCISO support to various clients. Key …",2026-08-12T16:16:23Z,https://www.adzuna.in/land/ad/5838134054?se=RBaWb3Sc8RGQor-L2zKR7A&utm_medium=api&utm_source=10d03a1b&v=72D513D0BD4012B738E7FB094D5552067BBD68C2,"India, Kerala, Ernakulam, Kochi","Kochi, Ernakulam",Adzuna,,Coordinates from Adzuna,True
Adzuna,5680961222,Manager Clinical Data Management,IQVIA India,"Kochi, Ernakulam","India, Kerala, Ernakulam, Kochi",Kochi,9.98011,76.24637,,,0,,,Scientific & QA Jobs,scientific-qa-jobs,"Title : Manager, CDM Location: Kochi,Kerala (office based) Experience: 12–15 years in Clinical Data Management  Leadership: Minimum 3 years managing teams of 10–15 professionals Job Overview Manage and support team of Data Management professionals to efficiently produce databases that meet customer requirements. Essential Functions • Provide expert review and guidance for production of Data Management deliverables including CRF/e-CRF, database design and set-up, validation definition and progra…",2026-03-28T09:45:57Z,https://www.adzuna.in/land/ad/5680961222?se=RBaWb3Sc8RGQor-L2zKR7A&utm_medium=api&utm_source=10d03a1b&v=90AF69E7C93FCFEFABF3C70C9FF4DB636CF03C80,"India, Kerala, Ernakulam, Kochi","Kochi, Ernakulam",Adzuna,,Coordinates from Adzuna,True
Adzuna,5798139136,Meta Ads Specialist,Lascade,"Kochi, Ernakulam","India, Kerala, Ernakulam, Kochi",Kochi,9.98011,76.24637,,,0,,,"PR, Advertising & Marketing Jobs",pr-advertising-marketing-jobs,"Lascade is looking for a results-driven Meta Ads Specialist to help scale customer acquisition across our portfolio of software products. We’re building SaaS platforms, AI-powered tools, mobile applications, travel technology, subscription products, and digital services. We’re looking for someone who understands Meta advertising beyond campaign management—someone who can create winning creatives, build scalable campaigns, and turn advertising spend into measurable business growth. If you’re pas…",2026-07-13T01:57:03Z,https://www.adzuna.in/land/ad/5798139136?se=RBaWb3Sc8RGQor-L2zKR7A&utm_medium=api&utm_source=10d03a1b&v=01C49912B1C4F95AFF254C02D061885252133D26,"India, Kerala, Ernakulam, Kochi","Kochi, Ernakulam",Adzuna,,Coordinates from Adzuna,True
Adzuna,5831966213,Migration Case Officer,Hola World,"Kochi, Ernakulam","India, Kerala, Ernakulam, Kochi",Kochi,9.98011,76.24637,,,0,,full_time,Customer Services Jobs,customer-services-jobs,"Join the next biggest migration firm in Australia and become part of a fast-growing, high-performing team that is transforming the migration experience for clients worldwide. We're looking for passionate and experienced Migration Case Officer's who thrive in a client-focused environment and have a strong understanding of Australian migration pathways.  Position: Migration Case Officer Experience: Minimum 1 Year Employment Type: Full-Time Location : Kochi, Kerala What You'll Do ✅ Conduct migrati…",2026-08-07T17:56:11Z,https://www.adzuna.in/land/ad/5831966213?se=RBaWb3Sc8RGQor-L2zKR7A&utm_medium=api&utm_source=10d03a1b&v=F98FCB6B7C2CC40434161D36945F2F1C545D8C39,"India, Kerala, Ernakulam, Kochi","Kochi, Ernakulam",Adzuna,,Coordinates from Adzuna,True
Adzuna,5808815071,Performance Marketer,Nakshathra Gold and Diamonds,"Kochi, Ernakulam","India, Kerala, Ernakulam, Kochi",Kochi,9.98011,76.24637,,,0,,,"PR, Advertising & Marketing Jobs",pr-advertising-marketing-jobs,"Nakshathra Gold and Jewellery is looking for a results-driven Performance Marketer to scale our online sales across WhatsApp, Meta, and TikTok. If you live and breathe ROAS, conversion funnels, and social commerce, we want to talk to you. What you'll own: Plan, launch, and optimize paid campaigns across Meta Ads, Google ads, Snapchat and TikTok Ads to drive qualified traffic and sales. Own the full funnel — from ad click to WhatsApp/Meta/TikTok inquiry to closed order. Run A/B tests on creative…",2026-07-21T08:38:12Z,https://www.adzuna.in/land/ad/5808815071?se=RBaWb3Sc8RGQor-L2zKR7A&utm_medium=api&utm_source=10d03a1b&v=E2AC7288B8CA8916DB59AAD327A9E5B9794F7482,"India, Kerala, Ernakulam, Kochi","Kochi, Ernakulam",Adzuna,,Coordinates from Adzuna,True
Adzuna,5833789558,Performance Marketer,TheNarrate.in,"Kochi, Ernakulam","India, Kerala, Ernakulam, Kochi",Kochi,9.98011,76.24637,,,0,,full_time,"PR, Advertising & Marketing Jobs",pr-advertising-marketing-jobs,"Performance Marketer  Location: Kochi, Kerala (Preferred)  Employment Type: Full-time  Salary: Up to ₹35,000/month (Based on experience) Company Description TheNarrate.in is a business consultancy based in Kochi that helps businesses build and scale through a structured, data-driven approach. We work across brand strategy, growth strategy, creative direction, performance marketing, website development, and operational consulting. Rather than functioning as a traditional agency, we partner close…",2026-08-09T00:06:32Z,https://www.adzuna.in/land/ad/5833789558?se=RBaWb3Sc8RGQor-L2zKR7A&utm_medium=api&utm_source=10d03a1b&v=375EF65B9659D3D57F48F99CD426FA44B3D5A76C,"India, Kerala, Ernakulam, Kochi","Kochi, Ernakulam",Adzuna,,Coordinates from Adzuna,True
Adzuna,5846664249,Presales Manager,ThoughtFocus,"Kochi, Ernakulam","India, Kerala, Ernakulam, Kochi",Kochi,9.98011,76.24637,,,0,,,IT Jobs,it-jobs,"10 years of experience in Pre-Sales, Solution Consulting, Solution Architecture, Technical Consulting, or a similar role . Strong understanding of the IT services / technology consulting industry. Experience in developing solution proposals, RFP/RFI responses, solution decks, and client presentations . Strong ability to understand business requirements and translate them into technical solutions. Good understanding of solution architecture, technology platforms, integrations, cloud, application…",2026-08-18T17:11:01Z,https://www.adzuna.in/land/ad/5846664249?se=RBaWb3Sc8RGQor-L2zKR7A&utm_medium=api&utm_source=10d03a1b&v=9F61B910480E929F761FBA877932688617EBB42F,"India, Kerala, Ernakulam, Kochi","Kochi, Ernakulam",Adzuna,,Coordinates from Adzuna,True
Adzuna,5837120867,Project Management Specialist,Fragomen,"Kochi, Ernakulam","India, Kerala, Ernakulam, Kochi",Kochi,9.98011,76.24637,,,0,,,IT Jobs,it-jobs,"About the Role Fragomen's US Capability Center in Kochi is seeking a Project Management Specialist to support Business teams in driving project execution, optimizing processes, and ensuring seamless coordination across teams. This role is instrumental in maintaining efficient project workflows, stakeholder communication, and continuous improvement efforts. As a key liaison between client/office counterparts and internal teams, you will oversee project progress, conduct performance audits, and p…",2026-08-12T00:14:24Z,https://www.adzuna.in/land/ad/5837120867?se=RBaWb3Sc8RGQor-L2zKR7A&utm_medium=api&utm_source=10d03a1b&v=CAA48BBEC80CE9E4E7CB050912B6B620B7AC2CC2,"India, Kerala, Ernakulam, Kochi","Kochi, Ernakulam",Adzuna,,Coordinates from Adzuna,True
Adzuna,5845683565,Project Manager,Exult Global,"Kochi, Ernakulam","India, Kerala, Ernakulam, Kochi",Kochi,9.98011,76.24637,,,0,,,IT Jobs,it-jobs,"Job Description: We are looking for an experienced Project Manager to oversee and deliver Microsoft Dynamics products and service projects. The role requires strong project management skills, effective communication, and the ability to coordinate cross-functional teams to ensure timely, high-quality delivery. Candidates should have prior experience working on Microsoft Dynamics/Dynamics 365 projects, including implementation, customization, integration, or support projects. Key Responsibilities…",2026-08-18T05:08:54Z,https://www.adzuna.in/land/ad/5845683565?se=RBaWb3Sc8RGQor-L2zKR7A&utm_medium=api&utm_source=10d03a1b&v=5C6DDC68C7A73869B2D2AD67244B6C1A2B771CA0,"India, Kerala, Ernakulam, Kochi","Kochi, Ernakulam",Adzuna,,Coordinates from Adzuna,True
Adzuna,5837138871,RHEL Administrator,Kyndryl,"Kochi, Ernakulam","India, Kerala, Ernakulam, Kochi",Kochi,9.98011,76.24637,,,0,,full_time,IT Jobs,it-jobs,"This job is with Kyndryl, an inclusive employer and a member of myGwork – the largest global platform for the LGBTQ business community. Please do not contact the recruiter directly. Who We Are At Kyndryl, we run and reimagine the mission-critical technology systems that drive advantage for the world's leading businesses. We are at the heart of progress; with proven expertise and a continuous flow of AI-powered insight, enabling smarter decisions, faster innovation, and a lasting competitive edg…",2026-08-12T01:59:18Z,https://www.adzuna.in/land/ad/5837138871?se=RBaWb3Sc8RGQor-L2zKR7A&utm_medium=api&utm_source=10d03a1b&v=390F21389409966100B1C6C10515B3B5AF1218F6,"India, Kerala, Ernakulam, Kochi","Kochi, Ernakulam",Adzuna,,Coordinates from Adzuna,True
Adzuna,5823897710,Relationship Manager,Policybazaar.com,"Kochi, Ernakulam","India, Kerala, Ernakulam, Kochi",Kochi,9.98011,76.24637,,,0,,,Sales Jobs,sales-jobs,"URGENT HIRING REQUIRED Contact Person : Kashish Singh | 8448389795 | kashishsingh@policybazaar.com We're Hiring : Relationship Manager (Direct Field Sales) Location : Kochi, Kerala Language Required: Tamil Mandatory Experience: Fresher / Experienced * Experienced in Direct field sales is Plus point* Qualification: Graduate / Post-Graduate Salary Range: 3 LPA to 4.5 LPA (Fixed Salary  Unlimited Incentives) Job Description: As a Relationship manager , your responsibilities will include: Visiting …",2026-08-01T17:32:06Z,https://www.adzuna.in/land/ad/5823897710?se=RBaWb3Sc8RGQor-L2zKR7A&utm_medium=api&utm_source=10d03a1b&v=0A86E41B100EDC8773026AB24FE20A1DC5E436DE,"India, Kerala, Ernakulam, Kochi","Kochi, Ernakulam",Adzuna,,Coordinates from Adzuna,True
Adzuna,5838133970,Sales Account Executive,SalesOne,"Kochi, Ernakulam","India, Kerala, Ernakulam, Kochi",Kochi,9.98011,76.24637,,,0,,,Sales Jobs,sales-jobs,"Company Description SalesOne helps B2B companies scale revenue without the cost and complexity of building an in-house outbound sales team. We partner with startups and growth-stage businesses to deliver end-to-end outbound execution - from ICP definition, lead research, and list building to email outreach, LinkedIn prospecting, appointment setting, and sales operations. Our approach is data-driven and built for predictable pipeline growth. By combining strategy with execution, we enable founde…",2026-08-12T16:16:18Z,https://www.adzuna.in/land/ad/5838133970?se=RBaWb3Sc8RGQor-L2zKR7A&utm_medium=api&utm_source=10d03a1b&v=6067A076074EA11ECB223D597E66993AA9F4459C,"India, Kerala, Ernakulam, Kochi","Kochi, Ernakulam",Adzuna,,Coordinates from Adzuna,True
Adzuna,5823897839,Sales Executive,Policybazaar.com,"Kochi, Ernakulam","India, Kerala, Ernakulam, Kochi",Kochi,9.98011,76.24637,,,0,,,Sales Jobs,sales-jobs,"Policybazaar is Hiring for SALES EXECUTIVE Contact Person Kashish Singh | Share your Resume on 8448389795 | kashishsingh@policybazaar.com Location - Kochi,Kerala Job Responsibilities Connect with international and local clients via calls, emails, and chats Explain and promote insurance products effectively Meet monthly sales targets and drive business growth Handle queries, resolve objections, and ensure client satisfaction Build lasting relationships with customers across the globe What we are…",2026-08-01T17:32:40Z,https://www.adzuna.in/land/ad/5823897839?se=RBaWb3Sc8RGQor-L2zKR7A&utm_medium=api&utm_source=10d03a1b&v=1AC96372C87F646868DCCFC1F554FEFA7F181E54,"India, Kerala, Ernakulam, Kochi","Kochi, Ernakulam",Adzuna,,Coordinates from Adzuna,True
Adzuna,5845683048,Sales Leader - Critical Care - Kochi Based,Romsons Group,"Kochi, Ernakulam","India, Kerala, Ernakulam, Kochi",Kochi,9.98011,76.24637,,,0,,,Sales Jobs,sales-jobs,"'  |   –  (  ) -    Location: Kochi (Handling Entire Kerala) Romsons Group of Industries is looking for an experienced Sales Leader – FFL to drive business growth across Kerala. If you have a strong track record in medical device sales, team leadership, and market expansion, we'd love to connect with you.   • Lead and manage the sales team across Kerala. • Drive revenue growth and achieve business objectives. • Develop key hospital and channel partnerships. • Build and mentor high-performing s…",2026-08-18T05:08:14Z,https://www.adzuna.in/land/ad/5845683048?se=RBaWb3Sc8RGQor-L2zKR7A&utm_medium=api&utm_source=10d03a1b&v=3473176630119E5D824A6133C2BD06B576FF49FF,"India, Kerala, Ernakulam, Kochi","Kochi, Ernakulam",Adzuna,,Coordinates from Adzuna,True
Adzuna,5834649711,Sales Manager - Team Leader,TekPillar®,"Kochi, Ernakulam","India, Kerala, Ernakulam, Kochi",Kochi,9.98011,76.24637,,,0,,,Sales Jobs,sales-jobs,"TekPillar is a recruitment partner supporting organizations with quality hiring across BFSI, IT, and Sales through structured sourcing and role-aligned talent deployment. Job Role: Sales Manager Experience: 1 Years in Field Sales CTC: Up to 4.25 LPA  Incentive  Others Benefits Location: Kochi Roles & Responsibilities: Recruit, Lead and support the sales team to improve performance Achieve sales targets in the assigned territory. Build and maintain customer relationships. Generate new business o…",2026-08-09T18:09:50Z,https://www.adzuna.in/land/ad/5834649711?se=RBaWb3Sc8RGQor-L2zKR7A&utm_medium=api&utm_source=10d03a1b&v=0FA4EE916615A8BDFBF5C0DA397A41271933677C,"India, Kerala, Ernakulam, Kochi","Kochi, Ernakulam",Adzuna,,Coordinates from Adzuna,True
Adzuna,5840224578,Sales Team Lead,IndiaMART InterMESH Limited,"Kochi, Ernakulam","India, Kerala, Ernakulam, Kochi",Kochi,9.98011,76.24637,,,0,,,Sales Jobs,sales-jobs,"Location: Cochin  Qualifications: MBA with minimum 3 - 4 years of sales experience , Strong academic background Excellent communication, leadership, and stakeholder management skills Job Description: Lead and manage a team of 3 -4 executives , ensuring high performance and achievement of business targets. Set clear goals, monitor performance, and ensure consistent achievement of weekly, fortnightly, and monthly acquisition/Servicing targets . Coach, mentor, and develop team members through reg…",2026-08-13T16:19:00Z,https://www.adzuna.in/land/ad/5840224578?se=RBaWb3Sc8RGQor-L2zKR7A&utm_medium=api&utm_source=10d03a1b&v=A92763D955AB36553AADF89C58DF7DC575EA0D6D,"India, Kerala, Ernakulam, Kochi","Kochi, Ernakulam",Adzuna,,Coordinates from Adzuna,True
Adzuna,5841754967,Senior Accountant – GCC Operations,I Know A Guy,"Kochi, Ernakulam","India, Kerala, Ernakulam, Kochi",Kochi,9.98011,76.24637,,,0,,full_time,Accounting & Finance Jobs,accounting-finance-jobs,"Location: Kochi, Kerala, India Work Location: Client's Kochi Office Primary Responsibility: GCC Finance Operations Employment Type: Full-Time Experience: 10 Years Reports To: Management About the Employer Our client is a fast-growing, diversified organization operating across multiple business verticals and international markets , with business operations across the GCC region . As part of its continued growth and international expansion, our client is looking for an experienced Senior Accounta…",2026-08-14T16:34:06Z,https://www.adzuna.in/land/ad/5841754967?se=RBaWb3Sc8RGQor-L2zKR7A&utm_medium=api&utm_source=10d03a1b&v=C52B2D943FA087FD1E1530ABBEB1D1594BAD2F5E,"India, Kerala, Ernakulam, Kochi","Kochi, Ernakulam",Adzuna,,Coordinates from Adzuna,True
Adzuna,5845683494,Senior FP&A Analyst @Resonate CX,Acquarius Capstorm Limited,"Kochi, Ernakulam","India, Kerala, Ernakulam, Kochi",Kochi,9.98011,76.24637,,,0,,,Accounting & Finance Jobs,accounting-finance-jobs,"Senior FP&A Analyst Resonate Solutions | Finance Team Location: Kochi, India Reports to: Finance Manager (Sydney) About Us Resonate CX is an Australian SaaS scale-up building an enterprise Customer Experience platform used by leading organizations across Australia and internationally. Our Voice of Customer and Voice of Employee platform combines machine learning, text analytics, and data visualization to turn feedback into clear, actionable insights that drive better decisions. Our Finance team…",2026-08-18T05:08:47Z,https://www.adzuna.in/land/ad/5845683494?se=RBaWb3Sc8RGQor-L2zKR7A&utm_medium=api&utm_source=10d03a1b&v=10DBE8C2839A3A13471DB8547075F66743083B36,"India, Kerala, Ernakulam, Kochi","Kochi, Ernakulam",Adzuna,,Coordinates from Adzuna,True
Adzuna,5845682634,Senior Manager,Dream Hunters Holidays India Pvt Ltd,"Kochi, Ernakulam","India, Kerala, Ernakulam, Kochi",Kochi,9.98011,76.24637,,,0,,,Sales Jobs,sales-jobs,Senior Sales Manager – Outbound Tours Dream Hunters Holidays is looking for an experienced and result-oriented Senior Sales Manager – Outbound Tours to lead our sales team and oversee daily operations at our Kochi and Trivandrum offices. Key Requirements & Responsibilities: Minimum 5 years of experience in Travel & Tourism is mandatory. Minimum 2 years of experience in a Team Leader / Managerial role is required. Strong experience in Outbound Tour Sales and Holiday Packages . Responsible for ac…,2026-08-18T05:07:29Z,https://www.adzuna.in/land/ad/5845682634?se=RBaWb3Sc8RGQor-L2zKR7A&utm_medium=api&utm_source=10d03a1b&v=14F09867301F16C2B8643C3A366B4AA1F0056BBD,"India, Kerala, Ernakulam, Kochi","Kochi, Ernakulam",Adzuna,,Coordinates from Adzuna,True
Adzuna,5819621541,Senior Trainer (Customer Service ),Policybazaar.com,"Kochi, Ernakulam","India, Kerala, Ernakulam, Kochi",Kochi,9.98011,76.24637,,,0,,,Teaching Jobs,teaching-jobs,"Hiring Alert: Policybazaar is hiring a Senior Trainer (CRT)!  We are looking for a dynamic and results-driven Senior Trainer (Customer Service Trainer) to join our team in Kochi  Location: 4th Floor, Arya Bhangy Pinncle, Sahodaran Ayyappan Rd, Elamkulam, Kochi, Ernakulam, Kerala 682020  Experience: 1.5 Years in BPO Training  Working Days: Monday to Saturday (10:00 AM – 7:00 PM) ️ Mandatory Language Requirements: Malayalam & English- Advanced (Fluent)  Key Responsibilities: -On-boarding & Produ…",2026-07-29T15:19:51Z,https://www.adzuna.in/land/ad/5819621541?se=RBaWb3Sc8RGQor-L2zKR7A&utm_medium=api&utm_source=10d03a1b&v=23DA62105284232424949B25894223FEEC895558,"India, Kerala, Ernakulam, Kochi","Kochi, Ernakulam",Adzuna,,Coordinates from Adzuna,True
Adzuna,5794280089,Speech Therapist,Unfold Learning Studio,"Kochi, Ernakulam","India, Kerala, Ernakulam, Kochi",Kochi,9.98011,76.24637,,,0,,,Teaching Jobs,teaching-jobs,"At Unfold, we don't try to fix how a child communicates. We learn alongside them, and we're building a team that believes the same. We are a new, neurodiversity-affirming learning centre based in Kochi, supporting students from LKG to Grade 12 with learning disabilities, ADHD, autism, and speech & language differences. We are growing — and we're looking for someone who wants to grow with us. This isn't just a clinical role. It's a chance to be part of something being built with intention — wher…",2026-07-09T22:16:35Z,https://www.adzuna.in/land/ad/5794280089?se=RBaWb3Sc8RGQor-L2zKR7A&utm_medium=api&utm_source=10d03a1b&v=EB3B606CA884A43690E0C136036242020E41412B,"India, Kerala, Ernakulam, Kochi","Kochi, Ernakulam",Adzuna,,Coordinates from Adzuna,True
Adzuna,5838134790,Sports Community Specialist,Cosmos Sports,"Kochi, Ernakulam","India, Kerala, Ernakulam, Kochi",Kochi,9.98011,76.24637,,,0,,,Sales Jobs,sales-jobs,"Key Responsibilities Community & Partnership Development * Build and nurture strategic partnerships with schools, colleges, universities, sports academies, clubs, fitness centers, corporates, resident associations, and local communities. * Develop a strong network of athletes, coaches, sports enthusiasts, influencers, event organizers, and sports organizations. * Represent Cosmos Sports at sporting events, educational institutions, corporate engagements, and community forums. Sports Events & Ac…",2026-08-12T16:17:28Z,https://www.adzuna.in/land/ad/5838134790?se=RBaWb3Sc8RGQor-L2zKR7A&utm_medium=api&utm_source=10d03a1b&v=9AF91EF5F20C4A3109218D6421CD82D9E08EBAAF,"India, Kerala, Ernakulam, Kochi","Kochi, Ernakulam",Adzuna,,Coordinates from Adzuna,True
Adzuna,5837138998,Sr Lead – Network & Security [Cisco ACI],Kyndryl,"Kochi, Ernakulam","India, Kerala, Ernakulam, Kochi",Kochi,9.98011,76.24637,,,0,,full_time,IT Jobs,it-jobs,"This job is with Kyndryl, an inclusive employer and a member of myGwork – the largest global platform for the LGBTQ business community. Please do not contact the recruiter directly. Who We Are At Kyndryl, we run and reimagine the mission-critical technology systems that drive advantage for the world's leading businesses. We are at the heart of progress; with proven expertise and a continuous flow of AI-powered insight, enabling smarter decisions, faster innovation, and a lasting competitive edg…",2026-08-12T01:59:26Z,https://www.adzuna.in/land/ad/5837138998?se=RBaWb3Sc8RGQor-L2zKR7A&utm_medium=api&utm_source=10d03a1b&v=796B1AA122C3C1FCE2B8B301188E464185D24E99,"India, Kerala, Ernakulam, Kochi","Kochi, Ernakulam",Adzuna,,Coordinates from Adzuna,True
Adzuna,5848641142,Study Abroad Advisor,Magnate Study Abroad,"Kochi, Ernakulam","India, Kerala, Ernakulam, Kochi",Kochi,9.98011,76.24637,,,0,,full_time,Teaching Jobs,teaching-jobs,"Company Description Magnate Study Abroad is an international education consultancy focused on helping students transform their global education aspirations into strong career outcomes. The team provides personalized counseling and transparent support across every stage of the study-abroad journey. Services include university and course selection, admissions, scholarships, documentation, visa assistance, and pre-departure guidance, with an emphasis on affordable and internationally recognized pr…",2026-08-19T23:18:00Z,https://www.adzuna.in/land/ad/5848641142?se=RBaWb3Sc8RGQor-L2zKR7A&utm_medium=api&utm_source=10d03a1b&v=79454E24B556500D0752D7D243D0C8A3121CE1E5,"India, Kerala, Ernakulam, Kochi","Kochi, Ernakulam",Adzuna,,Coordinates from Adzuna,True
Adzuna,5840637171,Technical Project Manager,Geojit Technologies,"Kochi, Ernakulam","India, Kerala, Ernakulam, Kochi",Kochi,9.98011,76.24637,,,0,,full_time,IT Jobs,it-jobs,"Project Manager Scrum Master Location: Kochi Job Type: Full-Time | On-site Experience: 9Years Technical Skills: As Project Manager, you are responsible for working closely with the client, overseeing all aspects of projects, set deadlines, assign responsibilities and monitoring and summarize progress of project. Prepare reports for upper management regarding status of project. Should have good experience in driving Agile Projects, especially in Scrum Framework. PMP / PRINCE2 / CSM is a plus. Re…",2026-08-14T00:23:37Z,https://www.adzuna.in/land/ad/5840637171?se=RBaWb3Sc8RGQor-L2zKR7A&utm_medium=api&utm_source=10d03a1b&v=7F73DE7EA3070C6C7CF9D4F79B998FDB8EE97A84,"India, Kerala, Ernakulam, Kochi","Kochi, Ernakulam",Adzuna,,Coordinates from Adzuna,True
Adzuna,5840637260,Technical Project Manager,Exult Global,"Kochi, Ernakulam","India, Kerala, Ernakulam, Kochi",Kochi,9.98011,76.24637,,,0,,,IT Jobs,it-jobs,"Job Description:- We are looking for Technical Project Manager with 7 Years of experience to oversee and deliver products and service projects. The role requires strong project management skills, effective communication, and the ability to coordinate cross-functional teams to ensure timely, high-quality delivery. Key Responsibilities: Manage end-to-end delivery of products and service projects. Define project scope, objectives, deliverables, and schedules. Monitor project progress, identify ris…",2026-08-14T00:24:03Z,https://www.adzuna.in/land/ad/5840637260?se=RBaWb3Sc8RGQor-L2zKR7A&utm_medium=api&utm_source=10d03a1b&v=305B5A1F99395C55F931B8388E3C608091CC947C,"India, Kerala, Ernakulam, Kochi","Kochi, Ernakulam",Adzuna,,Coordinates from Adzuna,True
Adzuna,5838134532,Visa Officer,Visa Roots,"Kochi, Ernakulam","India, Kerala, Ernakulam, Kochi",Kochi,9.98011,76.24637,,,0,,,Admin Jobs,admin-jobs,"Visa Roots one of Kerala's most reputed visa and travel management companies, proudly based in Cochin is expanding its team! We're seeking an experienced and detail-driven Visa Officer who thrives in a fast-paced, client-first environment and brings solid knowledge of visa and immigration processes to the table. Key Responsibilities: • Manage end-to-end visa and immigration processes for clients • Guide clients through document verification, application completion, appointment scheduling & foll…",2026-08-12T16:17:13Z,https://www.adzuna.in/land/ad/5838134532?se=RBaWb3Sc8RGQor-L2zKR7A&utm_medium=api&utm_source=10d03a1b&v=FC2D7A2612448E088BB5EA1A68BC74584F8F0A12,"India, Kerala, Ernakulam, Kochi","Kochi, Ernakulam",Adzuna,,Coordinates from Adzuna,True
Adzuna,5658286500,Branch Manager-GOLD LOAN,JOBS n TA HR Services,"Kollam, Kerala","India, Kerala, Kollam",Kollam,9.01303,76.6143,,,0,,,Sales Jobs,sales-jobs,Ensure proper handholding and timely/continues training of the team. Encourage acquiring and sharing of knowledge by team member and proactively participate in knowledge sharing for the development of business and career progression of team. Be a role model for subordinates and peer group. Achieve branch targets and ensure profitability of the unit. Ensure quality of business and operational efficiency through process adherence. Maintain regular & continuous relationship with existing and poten…,2026-03-08T08:33:09Z,https://www.adzuna.in/details/5658286500?utm_medium=api&utm_source=10d03a1b,"India, Kerala, Kollam","Kollam, Kerala",Adzuna,,Coordinates from Adzuna,True
Adzuna,5309018963,Branch Manager| Kollam,CSB Bank,"Kollam, Kerala","India, Kerala, Kollam",Kollam,9.01303,76.6143,,,0,,full_time,Sales Jobs,sales-jobs,"Description Business sourcing and relationship management of sourcing channels , Co-ordination with internal stakeholders, End to End process coordination of loan disbursement Responsibilities Managing and motivating the sales team towards achieving targets. Responsible for empanelment of new dealers and resource allocation. Ensuring process & documentation compliance, FI, agreement execution & credit approval. Hiring, training & development of sales team to achieve targeted numbers. Qualificat…",2025-07-18T02:44:55Z,https://www.adzuna.in/details/5309018963?utm_medium=api&utm_source=10d03a1b,"India, Kerala, Kollam","Kollam, Kerala",Adzuna,,Coordinates from Adzuna,True
Adzuna,4980579429,Business Development Executive,ZIZA Build,"Kollam, Kerala","India, Kerala, Kollam",Kollam,9.01303,76.6143,240000.0,1200000.0,0,,full_time,Sales Jobs,sales-jobs,"At ZIZA Build , we’re on a mission to revolutionize the construction industry. This space is full of potential, and we’re bringing bold ideas, innovation, and technology to transform how things get done. We’re now looking for a Business Development Executive to join our journey. What’s the role about? You’ll drive growth, build partnerships, and help us scale. We need someone who can:  Shape the company’s growth strategy alongside the founders.  Build key relationships in the construction indus…",2024-12-17T12:16:30Z,https://www.adzuna.in/details/4980579429?utm_medium=api&utm_source=10d03a1b,"India, Kerala, Kollam","Kollam, Kerala",Adzuna,,Coordinates from Adzuna,True
Adzuna,5442626195,Business Development Executive - Gold Loan| Kollam,CSB Bank,"Kollam, Kerala","India, Kerala, Kollam",Kollam,9.01303,76.6143,,,0,,full_time,Sales Jobs,sales-jobs,"Description Conduct market research, including area mapping, to identify sales possibilities and evaluate customer needs. Actively seek out new sales opportunities through cold calling, networking, social media, existing customers and leads provided by the Bank. Plan and carry out sales and marketing activities, in the assigned areas/ markets. Plan and organize meeting with potential clients, evaluate their needs and achieve sales of products and services of the Bank. Help branches to plan and …",2025-10-11T14:52:16Z,https://www.adzuna.in/details/5442626195?utm_medium=api&utm_source=10d03a1b,"India, Kerala, Kollam","Kollam, Kerala",Adzuna,,Coordinates from Adzuna,True
Adzuna,5845682596,Business Development Manager,AIDAN GLOBAL,"Kollam, Kerala","India, Kerala, Kollam",Kollam,9.01303,76.6143,,,0,,full_time,Sales Jobs,sales-jobs,"Company Description AIDAN GLOBAL specializes in premium custom sportswear that combines high performance with timeless design for athletes and teams worldwide. The company focuses on tailored apparel solutions, from custom jerseys to bulk orders and event-specific designs, ensuring each team’s unique identity is reflected. Products are made from advanced fabrics, including moisture-wicking, UV-protective, and antibacterial materials, to maximize comfort and durability. With fast, reliable globa…",2026-08-18T05:07:25Z,https://www.adzuna.in/land/ad/5845682596?se=_Dl4dXSc8RGYIIxpq9ttlQ&utm_medium=api&utm_source=10d03a1b&v=A145AAE99693BCA7E726BEA46C78C6AFB1E09E71,"India, Kerala, Kollam","Kollam, Kerala",Adzuna,,Coordinates from Adzuna,True
Adzuna,5829888528,Business Development Manager,MP Dominic & Co,"Kollam, Kerala","India, Kerala, Kollam",Kollam,9.01303,76.6143,,,0,,,Sales Jobs,sales-jobs,"Job Summary We are seeking a dynamic Business Development Manager / Relationship Officer to drive business growth for the branch by acquiring new customers, generating leads, and achieving sales targets. The ideal candidate should have experience in gold loan sales , strong market knowledge, and the ability to build long-term customer relationships. Key Responsibilities Generate business leads through various sales and marketing channels. Acquire new customers and expand the branch customer bas…",2026-08-06T07:32:45Z,https://www.adzuna.in/details/5829888528?utm_medium=api&utm_source=10d03a1b,"India, Kerala, Kollam","Kollam, Kerala",Adzuna,,Coordinates from Adzuna,True
Adzuna,5827393121,Centre Manager – Operations & Sales,Hirestar job Bank,"Kollam, Kerala","India, Kerala, Kollam",Kollam,9.01303,76.6143,35000.0,40000.0,0,,,Hospitality & Catering Jobs,hospitality-catering-jobs,"Position: Centre Manager – Operations & Sales Location: Kollam Qualification: Any Bachelor's Degree Experience: Min 7-15 years of experience in operations and sales management, preferably in retail, entertainment, hospitality, or entertainment centers. Salary: 40K Job Summary: Responsible for driving revenue growth, overseeing daily operations, supervising staff, ensuring customer satisfaction, executing sales and marketing initiatives, and maintaining all operational, safety, and brand standar…",2026-08-04T10:46:30Z,https://www.adzuna.in/details/5827393121?utm_medium=api&utm_source=10d03a1b,"India, Kerala, Kollam","Kollam, Kerala",Adzuna,,Coordinates from Adzuna,True
Adzuna,5701147861,Data Entry Operator,,"Kollam, Kerala","India, Kerala, Kollam",Kollam,9.01303,76.6143,,,0,,,Admin Jobs,admin-jobs,"AD TITLE* VACANCY FOR 5K SALARY DATA ENTRY JOB*AD DESCRIPTION* Works we providing data entry job for your life time validity. We need people who all are good @ typing. We providing 20 pages for each project. 250rs payment for each page. Salary: 5k weeklyFor more details contact or ""your name and your mobile number""Company name: INTRAJOBSOLUTION PRIVATE LIMITED",2026-04-16T11:46:50Z,https://www.adzuna.in/details/5701147861?utm_medium=api&utm_source=10d03a1b,"India, Kerala, Kollam","Kollam, Kerala",Adzuna,,Coordinates from Adzuna,True
Adzuna,5814178773,Gulf Recruiter - Kerala,2coms,"Kollam, Kerala","India, Kerala, Kollam",Kollam,9.01303,76.6143,0.0,200000.0,0,permanent,full_time,HR & Recruitment Jobs,hr-jobs,"Job Title:Gulf Recruiter Location: Kerala Employment Type: Full-Time Job Description Global Talent Square (A 2COMS Group Brand) is hiring an experienced Gulf Recruiter to manage end-to-end recruitment for GCC countries. The ideal candidate should have experience sourcing, screening, coordinating interviews, and managing recruitment processes for overseas clients across multiple industries. This role offers an excellent opportunity to work with international clients and build a career in global …",2026-07-24T22:45:56Z,https://www.adzuna.in/details/5814178773?utm_medium=api&utm_source=10d03a1b,"India, Kerala, Kollam","Kollam, Kerala",Adzuna,,Coordinates from Adzuna,True
Adzuna,5842393129,International Recruiter - Kollam,2coms,"Kollam, Kerala","India, Kerala, Kollam",Kollam,9.01303,76.6143,300000.0,700000.0,0,contract,,HR & Recruitment Jobs,hr-jobs,"Job Title: International Recruiter Location: Kollam(kerala) Industry: Recruitment / Staffing / Overseas Recruitment Job Description Global Talent Square (A 2COMS Group Brand) is hiring an experienced Gulf Recruiter to manage end-to-end recruitment for GCC countries. The ideal candidate should have experience sourcing, screening, coordinating interviews, and managing recruitment processes for overseas clients across multiple industries. This role offers an excellent opportunity to work with inte…",2026-08-15T05:03:44Z,https://www.adzuna.in/details/5842393129?utm_medium=api&utm_source=10d03a1b,"India, Kerala, Kollam","Kollam, Kerala",Adzuna,,Coordinates from Adzuna,True
Adzuna,5758909392,Relationship Manager - Branch Banking| Kollam,CSB Bank,"Kollam, Kerala","India, Kerala, Kollam",Kollam,9.01303,76.6143,,,0,,full_time,Sales Jobs,sales-jobs,"Description Business sourcing and relationship management of sourcing channels , Co-ordination with internal stakeholders, End to End process coordination of loan disbursement Responsibilities Managing and motivating the sales team towards achieving targets. Responsible for empanelment of new dealers and resource allocation. Ensuring process & documentation compliance, FI, agreement execution & credit approval. Hiring, training & development of sales team to achieve targeted numbers. Qualificat…",2026-06-11T02:18:28Z,https://www.adzuna.in/details/5758909392?utm_medium=api&utm_source=10d03a1b,"India, Kerala, Kollam","Kollam, Kerala",Adzuna,,Coordinates from Adzuna,True
Adzuna,5833600735,Relationship Manager-Two Wheeler Finance-Sales,Kotak Mahindra Bank,"Kollam, Kerala","India, Kerala, Kollam",Kollam,9.01303,76.6143,,,0,,full_time,Accounting & Finance Jobs,accounting-finance-jobs,Description Job responsibility of RM/TL Team Management Team Recruiting New dealership implement Maintaining relationship with business partners To Provide good service to them as provided by company Sourcing Good / Quality Business from a team Update Post Disbursement Documents Maintaining Productivity of Off roll Employee 6 month of collection portfolio maintain Aggressive Participating in new launching of process and policies by company Responsibilities Build and maintain strong relationship…,2026-08-08T20:58:05Z,https://www.adzuna.in/details/5833600735?utm_medium=api&utm_source=10d03a1b,"India, Kerala, Kollam","Kollam, Kerala",Adzuna,,Coordinates from Adzuna,True
Adzuna,5750260057,SALES,jk,"Kollam, Kerala","India, Kerala, Kollam",Kollam,9.01303,76.6143,300000.0,400000.0,0,,full_time,Sales Jobs,sales-jobs,"We are seeking a dynamic and result-oriented Skill Development Sales Executive to promote and enroll candidates in skill development, training, and certification programs. The candidate will be responsible for generating leads, counseling prospective learners, achieving admission targets, and building relationships with educational institutions and corporate clients. Key Responsibilities: Identify and generate leads through calls, emails, social media, and field visits. Promote skill developmen…",2026-06-03T13:04:26Z,https://www.adzuna.in/details/5750260057?utm_medium=api&utm_source=10d03a1b,"India, Kerala, Kollam","Kollam, Kerala",Adzuna,,Coordinates from Adzuna,True
Adzuna,5823107036,SMART Bazaar Store Manager- Kerala,Reliance Retail,"Kollam, Kerala","India, Kerala, Kollam",Kollam,9.01303,76.6143,,,0,,,Retail Jobs,retail-jobs,"Key Responsibilities 1. Sales & Business Performance Achieve monthly, quarterly, and annual sales targets. Drive conversion, average bill value, and customer acquisition. Monitor daily sales performance and implement action plans. Identify local business opportunities to increase store revenue. 2. Team Management Recruit, train, and develop store associates. Conduct daily briefings and performance reviews. Create a high-performance and customer-centric culture. Manage employee attendance, sched…",2026-08-01T06:26:40Z,https://www.adzuna.in/details/5823107036?utm_medium=api&utm_source=10d03a1b,"India, Kerala, Kollam","Kollam, Kerala",Adzuna,,Coordinates from Adzuna,True
Adzuna,5828879806,Service Technician,Happiest Resume,"Kollam, Kerala","India, Kerala, Kollam",Kollam,9.01303,76.6143,20000.0,100000.0,0,,full_time,Sales Jobs,sales-jobs,"We are seeking a highly motivated and results-driven Sales Executive to join our team at OLA Electric. As a Sales Executive, you will be responsible for driving sales at the OLA Electric Experience Centre by engaging with customers, explaining product features, managing test rides, and converting enquiries into bookings while delivering an excellent customer experience. The ideal candidate will have a strong passion for sales, excellent communication skills, and the ability to work in a fast-pa…",2026-08-05T14:47:35Z,https://www.adzuna.in/details/5828879806?utm_medium=api&utm_source=10d03a1b,"India, Kerala, Kollam","Kollam, Kerala",Adzuna,,Coordinates from Adzuna,True
Adzuna,4686700219,Staff Nurse,,"Kollam, Kerala","India, Kerala, Kollam",Kollam,9.01303,76.6143,,,0,,,Healthcare & Nursing Jobs,healthcare-nursing-jobs,"URGENT OPPORTUNITY FOR STAFF NURSES IN LEADING HEALTHCARE GROUP IN DUBAI. Opportunity for Staff Nurses in Leading healthcare group in DUBAI,UAE Qualification – BSc Nursing Experience – Min 2 Yrs Gender- Male/Female Facilities offering attractive Salary incentives and other benefits. Interested candidate kindly forward your updated CV as early as possible. Direct Interview with Hospital delegates.",2024-05-10T07:38:17Z,https://www.adzuna.in/details/4686700219?utm_medium=api&utm_source=10d03a1b,"India, Kerala, Kollam","Kollam, Kerala",Adzuna,,Coordinates from Adzuna,True
Adzuna,5769830561,Team Leader - O&G Adjacent 1 - Kollam,Paytm Payments Services,"Kollam, Kerala","India, Kerala, Kollam",Kollam,9.01303,76.6143,,,0,,full_time,Sales Jobs,sales-jobs,"About Us: Paytm is India's leading mobile payments and financial services distribution company. Pioneer of the mobile QR payments revolution in India, Paytm builds technologies that help small businesses with payments and commerce. Paytm’s mission is to serve half a billion Indians and bring them to the mainstream economy with the help of technology. About the Team : The Oil and gas vertical Focused Offline payment solution team. Includes payment of oil/petrol and gas bills via QR Codes and POS…",2026-06-20T03:32:42Z,https://www.adzuna.in/details/5769830561?utm_medium=api&utm_source=10d03a1b,"India, Kerala, Kollam","Kollam, Kerala",Adzuna,,Coordinates from Adzuna,True
Adzuna,5798264191,Team leader - O&G Adjacent 2 - Kollam,Paytm Payments Services,"Kollam, Kerala","India, Kerala, Kollam",Kollam,9.01303,76.6143,,,0,,full_time,Sales Jobs,sales-jobs,"About Us: Paytm is India's leading mobile payments and financial services distribution company. Pioneer of the mobile QR payments revolution in India, Paytm builds technologies that help small businesses with payments and commerce. Paytm’s mission is to serve half a billion Indians and bring them to the mainstream economy with the help of technology. About the team: Dairy verticals include digital payment enablement at all Dairy outlets and its ecosystem, and other retail business. This team is…",2026-07-13T03:14:27Z,https://www.adzuna.in/details/5798264191?utm_medium=api&utm_source=10d03a1b,"India, Kerala, Kollam","Kollam, Kerala",Adzuna,,Coordinates from Adzuna,True
Adzuna,4686702077,Web Developer (HTML or CSS),,"Kollam, Kerala","India, Kerala, Kollam",Kollam,9.01303,76.6143,,,0,,,IT Jobs,it-jobs,"To be responsible for the coding, innovative design and layout of our website. Web developer responsibilities include building our website from concept all the way to completion from the bottom up, fashioning everything from the home page to site layout and function. Responsibilities Write well designed, testable, efficient code by using best software development practices Create website layout/user interface by using standard HTML/CSS WordPress practices Integrate data from various back-end se…",2024-05-10T07:38:30Z,https://www.adzuna.in/details/4686702077?utm_medium=api&utm_source=10d03a1b,"India, Kerala, Kollam","Kollam, Kerala",Adzuna,,Coordinates from Adzuna,True
Adzuna,5464864591,stores sales manager,Bethliving lifestyle Private limited,"Kottarakara, Kollam","India, Kerala, Kollam, Kottarakara",Kollam,8.99729,76.85025,350000.0,450000.0,0,,full_time,Sales Jobs,sales-jobs,"To manage the overall operations and sales performance of the interior design and home décor store. The Stores Sales Manager is responsible for achieving sales targets, ensuring excellent customer experience, supervising the design consultants and sales team, and maintaining the brand’s premium standards in store presentation and service. Key Responsibilities: 1. Sales & Revenue Management Achieve monthly and quarterly sales targets for the store. Drive conversion rates by ensuring strong custo…",2025-10-26T09:29:53Z,https://www.adzuna.in/details/5464864591?utm_medium=api&utm_source=10d03a1b,"India, Kerala, Kollam, Kottarakara","Kottarakara, Kollam",Adzuna,,Coordinates from Adzuna,True
Adzuna,4686701177,Accounts Executive,,"Kozhikode, Kerala","India, Kerala, Kozhikode",Kozhikode,11.16223,75.81366,,,0,,,Admin Jobs,admin-jobs,MNC company requires Accounts Executive Work Location Calicut Salary 12000 to 25000 Mail your resumes to simi.lakshmi82gmail.com,2024-05-10T07:38:24Z,https://www.adzuna.in/details/4686701177?utm_medium=api&utm_source=10d03a1b,"India, Kerala, Kozhikode","Kozhikode, Kerala",Adzuna,,Coordinates from Adzuna,True
Adzuna,5015653229,Android Developer,Brainpan Innovations,"Kozhikode, Kerala","India, Kerala, Kozhikode",Kozhikode,11.16223,75.81366,,,0,,full_time,IT Jobs,it-jobs,"ABOUT: Brainpan Innovations brings together an interdisciplinary team of computational scientists, computer scientists, designers, engineers, mathematicians, and medical professionals; who are working to address various challenges in the healthcare industry for developing economies. There is a huge gap between Life Sciences and other research disciplines. We aim to bridge this gap with Big Data Analytics, High Performance Computing, Machine Learning and Mathematical Modeling. Moreover, we are a…",2025-01-18T17:40:50Z,https://www.adzuna.in/details/5015653229?utm_medium=api&utm_source=10d03a1b,"India, Kerala, Kozhikode","Kozhikode, Kerala",Adzuna,,Coordinates from Adzuna,True
Adzuna,5653201435,Assistant Service Manager,Hirestar job Bank,"Kozhikode, Kerala","India, Kerala, Kozhikode",Kozhikode,11.2450558,75.7754716,35000.0,40000.0,0,,,Engineering Jobs,engineering-jobs,"Urgent Hiring Automobile Company  Position: Assistant Service Manager Experience: *Minimum 4 – 7 years of experience Salary: 40,000 per month* Location: *Calicut Key Responsibilities: * Assist in managing daily workshop operations * Supervise Service Advisors & Technicians * Ensure smooth job allocation & bay utilization * Monitor service TAT (Turnaround Time) * Handle customer complaints & escalations * Support achievement of labour & revenue targets * Track workshop productivity & efficiency …",2026-03-04T08:28:42Z,https://www.adzuna.in/details/5653201435?utm_medium=api&utm_source=10d03a1b,"India, Kerala, Kozhikode","Kozhikode, Kerala",OpenStreetMap geocoding,"Kozhikode, Kerala, 673001, India",Coordinates geocoded from job location,True
Adzuna,5503836290,Associate Account Manager,Wattlecorp Cybersecurity Labs,"Kozhikode, Kerala","India, Kerala, Kozhikode",Kozhikode,11.16223,75.81366,,,0,,full_time,Sales Jobs,sales-jobs,"Description Wattlecorp Cybersecurity Labs is looking for an enthusiastic Associate Account Manager to join our Sales team in Kozhikode. This full-time, on-site position presents a fantastic opportunity to engage with clients in the rapidly evolving field of computer and network security. As an Associate Account Manager, you will play a crucial role in building and maintaining client relationships, understanding their needs, and providing tailored cybersecurity solutions. Your contributions will…",2025-11-20T00:58:06Z,https://www.adzuna.in/details/5503836290?utm_medium=api&utm_source=10d03a1b,"India, Kerala, Kozhikode","Kozhikode, Kerala",Adzuna,,Coordinates from Adzuna,True
Adzuna,5503836286,Associate Account Manager - Outbound,Wattlecorp Cybersecurity Labs,"Kozhikode, Kerala","India, Kerala, Kozhikode",Kozhikode,11.16223,75.81366,,,0,,full_time,Accounting & Finance Jobs,accounting-finance-jobs,"Description Wattlecorp Cybersecurity Labs is seeking an Associate Account Manager - Outbound to join our dedicated team in Kozhikode. This full-time, on-site position offers a unique opportunity to engage with clients and contribute to enhancing our cybersecurity solutions in the ever-evolving landscape of the Computer/Network Security industry. As an Associate Account Manager - Outbound, you will play a vital role in driving our business growth by identifying and nurturing client relationships…",2025-11-20T00:58:06Z,https://www.adzuna.in/details/5503836286?utm_medium=api&utm_source=10d03a1b,"India, Kerala, Kozhikode","Kozhikode, Kerala",Adzuna,,Coordinates from Adzuna,True
Adzuna,5310696099,Branch Manager| Kozhikode,CSB Bank,"Kozhikode, Kerala","India, Kerala, Kozhikode",Kozhikode,11.16223,75.81366,,,0,,full_time,Sales Jobs,sales-jobs,"Description Business sourcing and relationship management of sourcing channels , Co-ordination with internal stakeholders, End to End process coordination of loan disbursement Responsibilities Managing and motivating the sales team towards achieving targets. Responsible for empanelment of new dealers and resource allocation. Ensuring process & documentation compliance, FI, agreement execution & credit approval. Hiring, training & development of sales team to achieve targeted numbers. Qualificat…",2025-07-19T02:36:11Z,https://www.adzuna.in/details/5310696099?utm_medium=api&utm_source=10d03a1b,"India, Kerala, Kozhikode","Kozhikode, Kerala",Adzuna,,Coordinates from Adzuna,True
Adzuna,5725355494,Branch Operations Manager| Kozhikode,CSB Bank,"Kozhikode, Kerala","India, Kerala, Kozhikode",Kozhikode,11.16223,75.81366,,,0,,full_time,Retail Jobs,retail-jobs,Description responsible for the entire operation of a branch; from ensuring the attainment of sales goals to overseeing everyone provides excellent customer service Responsibilities To ensure customer service standards are met and inimize customer complaints and escalations Deepen customer engagements and ensure revenue is maximized by cross sell and upsell Ensure smooth operations of the branch at all times Ensure branch adheres to the highest standards of compliance Ensure branch upkeep in te…,2026-05-11T02:17:24Z,https://www.adzuna.in/details/5725355494?utm_medium=api&utm_source=10d03a1b,"India, Kerala, Kozhikode","Kozhikode, Kerala",Adzuna,,Coordinates from Adzuna,True
Adzuna,5822659670,Content Creator,HiLITE Group,"Kozhikode, Kerala","India, Kerala, Kozhikode",Kozhikode,11.16223,75.81366,,,0,,,"PR, Advertising & Marketing Jobs",pr-advertising-marketing-jobs,"About the Company Established in 1996, HiLITE Group is a diversified conglomerate headquartered in Kozhikode. The group has significantly influenced Kerala's modern landscape through its presence in various sectors including real estate (residential, commercial and retail), interior design, business parks, education, health care, entertainment and food and beverage. Job Responsibilities: Develop creative content ideas for instagram,face book, your tube and other digital platforms. Plan, shoot a…",2026-08-01T01:28:52Z,https://www.adzuna.in/land/ad/5822659670?se=bLSAc3Sc8RGQor-L2zKR7A&utm_medium=api&utm_source=10d03a1b&v=384BC8149D40A11228B35BBCAA62FD027D82B842,"India, Kerala, Kozhikode","Kozhikode, Kerala",Adzuna,,Coordinates from Adzuna,True
Adzuna,5822232680,Creative Copywriter,HiLITE Group,"Kozhikode, Kerala","India, Kerala, Kozhikode",Kozhikode,11.16223,75.81366,,,0,,,Creative & Design Jobs,creative-design-jobs,"Established in 1996, HiLITE Group is a diversified conglomerate headquartered in Kozhikode. The group has significantly influenced Kerala's modern landscape through its presence in various sectors including real estate (residential, commercial and retail), interior design, business parks, education, health care, entertainment and food and beverage. Responsibilities: Develop creative and engaging copy for property listing, brochures, ads and campaigns Write high/converting content for digital pl…",2026-07-31T15:27:22Z,https://www.adzuna.in/land/ad/5822232680?se=bLSAc3Sc8RGQor-L2zKR7A&utm_medium=api&utm_source=10d03a1b&v=3DFD4D8EEE592E78CC772154EEE931D734C34DF0,"India, Kerala, Kozhikode","Kozhikode, Kerala",Adzuna,,Coordinates from Adzuna,True
Adzuna,5845683104,Customer Relations Executive,Acaflix,"Kozhikode, Kerala","India, Kerala, Kozhikode",Kozhikode,11.16223,75.81366,,,0,,full_time,Teaching Jobs,teaching-jobs,"Company Description Acaflix is an education platform focused on making learning flexible, meaningful, and aligned with real-world needs. Learners build practical skills at their own pace through interactive courses, modern tools, and an engaging experience designed for contemporary learning styles. The company collaborates with accredited awarding bodies and professional organizations to offer certifications with genuine academic and professional value. Through partnerships with renowned univer…",2026-08-18T05:08:21Z,https://www.adzuna.in/land/ad/5845683104?se=bLSAc3Sc8RGQor-L2zKR7A&utm_medium=api&utm_source=10d03a1b&v=63C869F781B3D81AD16567C61DE44F8EA6D18748,"India, Kerala, Kozhikode","Kozhikode, Kerala",Adzuna,,Coordinates from Adzuna,True
Adzuna,5712485236,Field Marketing Executive,Zenfident HR Solutions,"Kozhikode, Kerala","India, Kerala, Kozhikode",Kozhikode,,,200000.0,400000.0,0,,full_time,Sales Jobs,sales-jobs,"Company: Resort in Calicut Salary: ₹15,000 – ₹45,000 per month Experience: 6m to 1yr Education qualification: Graduate  Benefits: Attractive incentives Daily TA/DA provided Career growth opportunities  Job Description: Visit travel agencies, companies, and partner locations. Promote Park offers and packages. Generate leads and collect customer details. Build relationships with travel agents. Collect visiting cards and business contacts. Achieve daily field targets. Willing to travel locally. Sk…",2026-04-28T11:55:59Z,https://www.adzuna.in/details/5712485236?utm_medium=api&utm_source=10d03a1b,"India, Kerala, Kozhikode","Kozhikode, Kerala",,,Location available; coordinates unavailable,False
Adzuna,4686702162,Front End Developer,,"Kozhikode, Kerala","India, Kerala, Kozhikode",Kozhikode,11.16223,75.81366,,,0,,,IT Jobs,it-jobs,"We're looking for a Front End Developer for our company to help with creating a slick modern web front end. The job requires experience with the javascript ecosystem (primarily Vue.js), HTML, CSS, and related tooling. Experience with UI/UX principles and design is an added bonus. Open-source contributions and public activity (e.g. hackerrank, stack overflow etc.) related to front-end technologies is a big bonus. You will be in charge of developing the front end for all our products using the ab…",2024-05-10T07:38:30Z,https://www.adzuna.in/details/4686702162?utm_medium=api&utm_source=10d03a1b,"India, Kerala, Kozhikode","Kozhikode, Kerala",Adzuna,,Coordinates from Adzuna,True
Adzuna,5846281345,Full-Stack Developer,Apistride,"Koyilandi, Kozhikode","India, Kerala, Kozhikode, Koyilandi",Kozhikode,11.20095,75.80415,,,0,permanent,full_time,IT Jobs,it-jobs,"About the Role Apistride is looking for a Full Stack Developer to join our team in Kozhikode. We are looking for a hands-on developer who is comfortable working across frontend, backend, databases, APIs, integrations, and cloud environments . You will work on an existing production application, develop new features, troubleshoot technical issues, and contribute to building reliable and scalable software. The ideal candidate should have strong fundamentals in modern web development, good problem…",2026-08-18T13:03:46Z,https://www.adzuna.in/details/5846281345?utm_medium=api&utm_source=10d03a1b,"India, Kerala, Kozhikode, Koyilandi","Koyilandi, Kozhikode",Adzuna,,Coordinates from Adzuna,True
Adzuna,2121631481,Fullstack Developer,Coddle Technologies,"Kozhikode, Kerala","India, Kerala, Kozhikode",Kozhikode,,,0.0,400000.0,0,,full_time,IT Jobs,it-jobs,"- Experience with front-end technologies such as Angular or React with Redux . - Experience working in NodeJS with Express - Experience with PHP development using any one of it's framework will be considered as a value add - Experience working with SQL or NoSQL databases, the ability to write efficient queries and benchmark/profile them - Mastery of object oriented JavaScript, ES6, HTML, and CSS/SASS/ StyledComponents - Experience in RESTful API development - Strong understanding of asynchronou…",2021-04-16T05:53:27Z,https://www.adzuna.in/details/2121631481?utm_medium=api&utm_source=10d03a1b,"India, Kerala, Kozhikode","Kozhikode, Kerala",,,Location available; coordinates unavailable,False
Adzuna,5612505671,German Faculty,Lanstitut,"Kozhikode, Kerala","India, Kerala, Kozhikode",Kozhikode,11.16223,75.81366,,,0,,full_time,Teaching Jobs,teaching-jobs,Job Responsibilities 1. Teaching & Student Engagement: ● Conduct engaging and high-quality German language classes across all levels. ● Provide personal attention to students and effectively clarify doubts. ● Conduct focused preparation sessions for the Goethe & TELC B2 examination to ensure student success. ● Prepare nurses for German language interviews and placements in German hospitals. ● Create and share comprehensive notes before each class in the group. 2. Attendance & Academic Responsib…,2026-02-04T04:28:11Z,https://www.adzuna.in/details/5612505671?utm_medium=api&utm_source=10d03a1b,"India, Kerala, Kozhikode","Kozhikode, Kerala",Adzuna,,Coordinates from Adzuna,True
Adzuna,5707401052,Gold Loan Officer| Kozhikode,CSB Bank,"Kozhikode, Kerala","India, Kerala, Kozhikode",Kozhikode,11.16223,75.81366,,,0,,full_time,Sales Jobs,sales-jobs,"Description Business sourcing and relationship management of sourcing channels , Co-ordination with internal stakeholders, End to End process coordination of loan disbursement Responsibilities Managing and motivating the sales team towards achieving targets. Responsible for empanelment of new dealers and resource allocation. Ensuring process & documentation compliance, FI, agreement execution & credit approval. Hiring, training & development of sales team to achieve targeted numbers. Qualificat…",2026-04-23T01:52:13Z,https://www.adzuna.in/details/5707401052?utm_medium=api&utm_source=10d03a1b,"India, Kerala, Kozhikode","Kozhikode, Kerala",Adzuna,,Coordinates from Adzuna,True
Adzuna,5645814085,Graphic Designer,Sidmec Technologies,"Kozhikode, Kerala","India, Kerala, Kozhikode",Kozhikode,11.16223,75.81366,1700000.0,1800000.0,0,,full_time,Creative & Design Jobs,creative-design-jobs,"Job Title: Graphic Designer Experience: 1 Year Location: Calicut (Kozhikode) Joining: Immediate joiners preferred Job Description: We are looking for a creative Graphic Designer with 1 year of experience to join our team at Calicut. The ideal candidate should have a strong design sense, basic UI/UX understanding, and hands-on exposure to video editing and AI tools. Key Skills Required: Proficiency in Adobe Creative Suite (Photoshop, Illustrator) Basic familiarity with Figma Knowledge of UI/UX d…",2026-02-26T11:13:32Z,https://www.adzuna.in/details/5645814085?utm_medium=api&utm_source=10d03a1b,"India, Kerala, Kozhikode","Kozhikode, Kerala",Adzuna,,Coordinates from Adzuna,True
Adzuna,5686790249,HR Executive,Hirestar job Bank,"Kozhikode, Kerala","India, Kerala, Kozhikode",Kozhikode,,,20000.0,25000.0,0,,,HR & Recruitment Jobs,hr-jobs,"Urgent Opening  Position: HR Executive Location: Calicut Experience: Minimum 2 years of site experience Salary : 3 per month Job Summary We are looking for a proactive HR Executive with 2–3 years of experience in core HR functions, especially recruitment. The ideal candidate should be MBA qualified and currently based in Calicut. Key Responsibilities Manage end-to-end recruitment (sourcing, screening, interviews, onboarding) Coordinate with department heads to understand hiring needs Handle job…",2026-04-02T08:43:30Z,https://www.adzuna.in/details/5686790249?utm_medium=api&utm_source=10d03a1b,"India, Kerala, Kozhikode","Kozhikode, Kerala",,,Location available; coordinates unavailable,False
Adzuna,3436021900,HR MANAGER,Seintiv,"Kozhikode, Kerala","India, Kerala, Kozhikode",Kozhikode,,,1200000.0,1500000.0,0,,full_time,HR & Recruitment Jobs,hr-jobs,"HR MANAGER HR Generalist experience profile Responsibilities including Recruitment, End to end Employee life Cycle Management Day to Day HR operations Payroll Management Employee Grievance Skills:- Payroll Management, Employee Engagement, Recruitment, Operations, Employee Grievance and Employee Life Cycle",2022-08-27T06:41:36Z,https://www.adzuna.in/details/3436021900?utm_medium=api&utm_source=10d03a1b,"India, Kerala, Kozhikode","Kozhikode, Kerala",,,Location available; coordinates unavailable,False
Adzuna,1239763164,Hiring Branch Head for a leading Indian MNC Bank,talchemist consultancy,"Kozhikode, Kerala","India, Kerala, Kozhikode",Kozhikode,11.16223,75.81366,700000.0,1200000.0,0,,full_time,Accounting & Finance Jobs,accounting-finance-jobs,"Looking for Branch Head/ Senior Manager with 10 years experience for a leading Indian MNC Bank, for Calicut,Palakkad and Kannur location.Salary upto 15 Lakhs per annum(Fixed) Variable Benefits. Skills:- Retail banking, Banking and Leadership",2019-08-20T13:04:40Z,https://www.adzuna.in/details/1239763164?utm_medium=api&utm_source=10d03a1b,"India, Kerala, Kozhikode","Kozhikode, Kerala",Adzuna,,Coordinates from Adzuna,True
Adzuna,4659076441,Laravel Developer - 1 Years Exp,Glaubetech Inventions Pvt Ltd,"Kozhikode, Kerala","India, Kerala, Kozhikode",Kozhikode,11.16223,75.81366,100000.0,300000.0,0,,full_time,IT Jobs,it-jobs,"Responsibilities: Develop and maintain web applications using the Laravel PHP framework. Write clean, efficient, and secure code following best practices. Troubleshoot and debug issues reported by users or during testing. Implement Web applications using PHP and Laravel framework. Translate client requirements to application design. Should be familiar with CodeIgniter, Laravel etc. Strong Logical, problem-solving skills and attention to detail. Keeping track of and reporting on Laravel work. St…",2024-04-21T18:11:48Z,https://www.adzuna.in/details/4659076441?utm_medium=api&utm_source=10d03a1b,"India, Kerala, Kozhikode","Kozhikode, Kerala",Adzuna,,Coordinates from Adzuna,True
Adzuna,5845683483,Lead Architect,Galaxy Builders,"Kozhikode, Kerala","India, Kerala, Kozhikode",Kozhikode,11.16223,75.81366,,,0,,full_time,Trade & Construction Jobs,trade-construction-jobs,"About the Job Lead Architect Company: Galaxy Builders Location: Kozhikode (Calicut), Kerala Employment Type: Full-time Experience Required: 3-5 years About the Role We are looking for a creative and detail-oriented Lead Architect to join our Interior Design team in Kozhikode. This role is ideal for an architect with a strong design sensibility and hands-on site experience who can lead the architectural planning and execution of luxury interior fit-out projects. You will work closely with interi…",2026-08-18T05:08:46Z,https://www.adzuna.in/land/ad/5845683483?se=bLSAc3Sc8RGQor-L2zKR7A&utm_medium=api&utm_source=10d03a1b&v=B0F91733C152876446DC7307097E9E66A3FF436D,"India, Kerala, Kozhikode","Kozhikode, Kerala",Adzuna,,Coordinates from Adzuna,True
Adzuna,5782107375,MBBS Doctor,Al Amani Human Resources Consultancy,"Koyilandi, Kozhikode","India, Kerala, Kozhikode, Koyilandi",Kozhikode,11.2293,75.8395,,,0,permanent,full_time,Healthcare & Nursing Jobs,healthcare-nursing-jobs,MBBS DOCTORS required for a reputed 5 Star Clinical Resort in Kerala: MBBS Degree with 3 years experience in hospitals / Clinics Valid Medical Council Registration Strong Diagnostic & patient care skills Comprehensive medical knowledge Empathetic communication Immediate joining preferred Benefits: Salary IRs. 1 Lakh/month based on experience Group health benefits and incentives Dynamic work environment Free Recruitment,2026-06-30T19:14:27Z,https://www.adzuna.in/details/5782107375?utm_medium=api&utm_source=10d03a1b,"India, Kerala, Kozhikode, Koyilandi","Koyilandi, Kozhikode",Adzuna,,Coordinates from Adzuna,True
Adzuna,4862170189,MERN (Full Stack) Developer,ICohort Business Ventures Private Limited,"Kozhikode, Kerala","India, Kerala, Kozhikode",Kozhikode,11.16223,75.81366,350000.0,750000.0,0,,full_time,IT Jobs,it-jobs,"Experience: - 2-5 years Requirements: - strong backend knowledge in Node.js - knowledge in typescript would be an added advantage - frontend tech: React, Vue(Optional) - familiar with Redux, RTK - knowledge in db: MySQL, PostgreSQL, MongoDB(Optional) - experience in git - familiar with linux systems - familiar with hosting web servers and technologies like nginx, apache - familiarity with docker is an added advantage Responsibilities: - building microservices, REST APIs - adhering to best secur…",2024-09-13T11:01:00Z,https://www.adzuna.in/details/4862170189?utm_medium=api&utm_source=10d03a1b,"India, Kerala, Kozhikode","Kozhikode, Kerala",Adzuna,,Coordinates from Adzuna,True
Adzuna,3815361623,PHP Developer,Trogon Media Pvt Ltd,"Kozhikode, Kerala","India, Kerala, Kozhikode",Kozhikode,11.16223,75.81366,300000.0,400000.0,0,,full_time,IT Jobs,it-jobs,"We are looking for a PHP Developer with at least 1 year and above experience in CodeIgniter who can join our team immediately. Hands-on experience in PHP CodeIgniter, Laravel, jQuery, JavaScript, and MySQL backend experience. Object-oriented application-building experience in a professional Agile/Scrum environment. Thorough understanding of relational databases such as MySQL or similar technologies. Skills:- CodeIgniter",2023-01-02T06:15:55Z,https://www.adzuna.in/details/3815361623?utm_medium=api&utm_source=10d03a1b,"India, Kerala, Kozhikode","Kozhikode, Kerala",Adzuna,,Coordinates from Adzuna,True
Adzuna,5818747015,Preferred Relationship Manager,Anand Rathi Share and Stock Brokers Ltd,"Kozhikode, Kerala","India, Kerala, Kozhikode",Kozhikode,11.16223,75.81366,,,0,,,Sales Jobs,sales-jobs,The Relationship Manager is the ultimate face of the business as (s) he is going to be the final point of contact with the client. (S) He would be responsible for acquiring High Net Worth relationships and managing & retaining such relationships by delivering the best standards of services. (S) He would be expected to establish strong ties with them by designing & implementing their financial plans; and then by ensuring that they receive and execute on the right advice. Pre-Requisites: - Relati…,2026-07-29T01:23:30Z,https://www.adzuna.in/land/ad/5818747015?se=bLSAc3Sc8RGQor-L2zKR7A&utm_medium=api&utm_source=10d03a1b&v=CEA9332B3B3163CE081796A390F18DF9835BEBCF,"India, Kerala, Kozhikode","Kozhikode, Kerala",Adzuna,,Coordinates from Adzuna,True
Adzuna,5448174056,Product Development Internship,ClientCue Business Solutions,"Kozhikode, Kerala","India, Kerala, Kozhikode",Kozhikode,11.16223,75.81366,,,0,contract,,IT Jobs,it-jobs,"The individual should be able to work individually and should be able to understand the requirements of the management JAVA, MYSQL, Javascript & HTML, and CSS knowledge is mandatory Should be self-driven and self-motivated Candidates should have the ability to Develop, Test, and Implement Should have a positive attitude towards the work This is an internship with a live project for a period of 6 months The First 3 months are not paid The next 3 months will provide a stipend based on the perform…",2025-10-15T14:58:03Z,https://www.adzuna.in/details/5448174056?utm_medium=api&utm_source=10d03a1b,"India, Kerala, Kozhikode","Kozhikode, Kerala",Adzuna,,Coordinates from Adzuna,True
Adzuna,4801503827,Python/Odoo Developer Trainee,Cybrosys,"Kozhikode, Kerala","India, Kerala, Kozhikode",Kozhikode,11.16223,75.81366,,,0,,full_time,IT Jobs,it-jobs,"We are hiring Python/Odoo Developer Trainee -Urgent requirement (50 Vacancy) We are providing 6 Months free training for candidates in the field of Phython, Odoo ERP & PostgreSQL. Based on the performance during the training period we will be hiring them as Odoo Developers. First Round: Online Coding test on basic C, C++ Second Round: Online HR interview Qualification: B tech/B.E (CS, IT, ECE), MCA, BCA, BSc. MSc. Computer Science JOB LOCATION: Cybrosys Technologies, Kinfra Techno Park, Calicut…",2024-07-31T03:11:08Z,https://www.adzuna.in/details/4801503827?utm_medium=api&utm_source=10d03a1b,"India, Kerala, Kozhikode","Kozhikode, Kerala",Adzuna,,Coordinates from Adzuna,True
Adzuna,5830417651,Registered Nurse,A-Class Marble India Pvt. Ltd.,"Kozhikode, Kerala","India, Kerala, Kozhikode",Kozhikode,11.16223,75.81366,,,0,,full_time,Healthcare & Nursing Jobs,healthcare-nursing-jobs,"Company Description thegrade&co is a multidisciplinary team of designers, thinkers, strategists, and business professionals who blend creativity with practical problem-solving. The organization values originality, responsiveness, and adaptability, encouraging team members to explore new ideas and challenge conventional approaches. thegrade&co is dedicated to tackling complex challenges and delivering impactful work that makes a meaningful difference. Team members collaborate with some of the sh…",2026-08-06T17:51:57Z,https://www.adzuna.in/land/ad/5830417651?se=bLSAc3Sc8RGQor-L2zKR7A&utm_medium=api&utm_source=10d03a1b&v=72CF0E1CEE65CFC30DC348D65F8FDEB9DF5F4BAE,"India, Kerala, Kozhikode","Kozhikode, Kerala",Adzuna,,Coordinates from Adzuna,True
Adzuna,4801594855,Relationship Manager-CEQ-Sales-Kozhikode - City Mall (5th Floor)-M1-M3,Tata Capital,"Kozhikode, Kerala","India, Kerala, Kozhikode",Kozhikode,11.16223,75.81366,,,0,,full_time,Sales Jobs,sales-jobs,"Description 1. Originate NTB prospects through direct sourcing and open market channels 2. Acquiring customers and taking their proposal up to the stage of disbursement. 3. Meeting existing customers to generate business opportunities thereby generating revenue 4. Catering to the business having a turnover of Rs 100 to 500 crs in Emerging Business, Rs 500 to 1000 crs in Mid Corporate and Rs 1000 crs & above in Large Corp with different working capital facilities such as Overdraft, Cash credit, …",2024-07-31T03:17:45Z,https://www.adzuna.in/details/4801594855?utm_medium=api&utm_source=10d03a1b,"India, Kerala, Kozhikode","Kozhikode, Kerala",Adzuna,,Coordinates from Adzuna,True
Adzuna,5503836357,Sales Administrative Associate,Wattlecorp Cybersecurity Labs,"Kozhikode, Kerala","India, Kerala, Kozhikode",Kozhikode,11.16223,75.81366,,,0,,full_time,Sales Jobs,sales-jobs,"Description Wattlecorp Cybersecurity Labs is looking for a Sales Administrative Associate to join our team in Kozhikode. This full-time, on-site position is an excellent opportunity for individuals at the entry-level to start their career in the dynamic field of computer and network security. As a Sales Administrative Associate, you will play a crucial role in supporting our sales team and ensuring smooth operations within the department. You will assist in managing sales data, preparing report…",2025-11-20T00:58:06Z,https://www.adzuna.in/details/5503836357?utm_medium=api&utm_source=10d03a1b,"India, Kerala, Kozhikode","Kozhikode, Kerala",Adzuna,,Coordinates from Adzuna,True
Adzuna,5848119755,Sales Executive,MECHON INTERNATIONAL,"Kozhikode, Kerala","India, Kerala, Kozhikode",Kozhikode,11.16223,75.81366,,,0,,,Sales Jobs,sales-jobs,"Location: Calicut, Kerala  Company: Mechon Global Equip LLP  Open Positions: 2 Mechon Global Equip LLP is looking for dynamic and target-driven Sales Executives to join our growing team. If you have experience in sales, business development, and customer relationship management, we'd like to hear from you.  Experience Required: 3–5 Years  Industry: Heavy Equipment / Spare Parts / Industrial Solutions Key Responsibilities Identify and develop new business opportunities across North Kerala Build…",2026-08-19T17:13:16Z,https://www.adzuna.in/land/ad/5848119755?se=bLSAc3Sc8RGQor-L2zKR7A&utm_medium=api&utm_source=10d03a1b&v=8BC3977485D3E4BC2C799E90083352889116D7EB,"India, Kerala, Kozhikode","Kozhikode, Kerala",Adzuna,,Coordinates from Adzuna,True
Adzuna,5798755422,Sales Officer,Property Hub kozhikode,"Kozhikode, Kerala","India, Kerala, Kozhikode",Kozhikode,11.16223,75.81366,,,0,,full_time,Sales Jobs,sales-jobs,"Company Description Property Hub Kozhikode is a real estate firm focused on connecting buyers, sellers, and investors with residential properties. The organization aims to provide transparent, reliable, and customer-centric services to help clients make informed property decisions. Property Hub Kozhikode works closely with local markets to understand pricing trends, legal requirements, and investment opportunities. The company values integrity, professional service, and long-term client relatio…",2026-07-13T15:38:05Z,https://www.adzuna.in/land/ad/5798755422?se=bLSAc3Sc8RGQor-L2zKR7A&utm_medium=api&utm_source=10d03a1b&v=28995E0F455E736F4707AFD48288C4E323BD8518,"India, Kerala, Kozhikode","Kozhikode, Kerala",Adzuna,,Coordinates from Adzuna,True
Adzuna,5822232697,Senior Business Development,Veloris Global,"Kozhikode, Kerala","India, Kerala, Kozhikode",Kozhikode,11.16223,75.81366,,,0,,full_time,Sales Jobs,sales-jobs,"Job Title: Senior Business Development Location: Kozhikode Employment Type: Full-Time Experience Required: 4–8 Years Industry Preference: BPO Services, Consulting, EdTech, SaaS, Service Sales, Business Services, Inside Sales About the Company We are a fast-growing B2B service-oriented company specializing in industry-specific solutions and BPO services for SMEs. Our organization focuses on delivering customized and recurring service solutions through strong client relationships, operational exc…",2026-07-31T15:27:22Z,https://www.adzuna.in/land/ad/5822232697?se=bLSAc3Sc8RGQor-L2zKR7A&utm_medium=api&utm_source=10d03a1b&v=DB3EC1229A96A10844EF74680259C37C7260778C,"India, Kerala, Kozhikode","Kozhikode, Kerala",Adzuna,,Coordinates from Adzuna,True
Adzuna,4801380584,Senior Specialist.Cardiology.MIMS Hospital Calicut,Aster DM Healthcare,"Kozhikode, Kerala","India, Kerala, Kozhikode",Kozhikode,,,,,0,permanent,full_time,Healthcare & Nursing Jobs,healthcare-nursing-jobs,"Description Responsible for performing procedures like coronary and peripheral angiography and angioplasty, balloon valvotomy, permanent and temporary pacemaker implantation, cardiac synchronization therapy, aortic interventions. Conducting regular outpatient clinic Responsible for the organization of total patient management under care in a safe, compassionate and ethical manner and in compliance with Medical Ethics and Professional Conduct for Doctors.",2024-07-31T03:01:17Z,https://www.adzuna.in/details/4801380584?utm_medium=api&utm_source=10d03a1b,"India, Kerala, Kozhikode","Kozhikode, Kerala",,,Location available; coordinates unavailable,False
Adzuna,3304263795,Senior Test Engineer-Test Lead,Coddle Technologies,"Kozhikode, Kerala","India, Kerala, Kozhikode",Kozhikode,,,400000.0,700000.0,0,,full_time,IT Jobs,it-jobs,"Knowledge of various testing techniques and the ability to use them in practice (at least 4 years of practical experience) Strong analytical and interpersonal skills with the ability to work independently and collaboratively. Intermediate programming experience in one or more of the following languages: Java, C#, JavaScript/TypeScript, Python Hands-on experience in frontend, API and/or database test automation: Selenium, Cypress, Serenity BDD, REST API testing, Cucumber Experience with defect t…",2022-07-09T06:32:32Z,https://www.adzuna.in/details/3304263795?utm_medium=api&utm_source=10d03a1b,"India, Kerala, Kozhikode","Kozhikode, Kerala",,,Location available; coordinates unavailable,False
Adzuna,5829382505,Software Engineer (Backend-Java),retailcloud,"Koyilandi, Kozhikode","India, Kerala, Kozhikode, Koyilandi",Kozhikode,11.21355,75.817,,,0,permanent,,IT Jobs,it-jobs,"We are looking for a motivated Java Engineer with 2-3 years of experience in core Java development and a strong understanding of Spring Boot. Experience with microservice-based systems is a plus. The ideal candidate will have solid knowledge of REST APIs, JSON, and Java fundamentals, with the ability to work independently on backend systems. You will play a key role in building and maintaining efficient backend systems, collaborating with the team to deliver high-quality software solutions, and…",2026-08-06T00:50:00Z,https://www.adzuna.in/details/5829382505?utm_medium=api&utm_source=10d03a1b,"India, Kerala, Kozhikode, Koyilandi","Koyilandi, Kozhikode",Adzuna,,Coordinates from Adzuna,True
Adzuna,4504412615,Software QA Engineer I,Blackhawk Network,"Kozhikode, Kerala","India, Kerala, Kozhikode",Kozhikode,11.16223,75.81366,,,0,,full_time,IT Jobs,it-jobs,"About Blackhawk Network Blackhawk Network (BHN) delivers branded payment solutions through the prepaid products, technologies and network that connect brands and people. We collaborate with our partners to innovate, translating market trends in branded payments to increase reach, loyalty, and revenue. We reliably execute security-minded solutions worldwide. Join us as we shape the future of global branded payments. Overview: BHN Rewards is a platform for marketers to send & manage global e- gif…",2024-01-01T15:05:34Z,https://www.adzuna.in/details/4504412615?utm_medium=api&utm_source=10d03a1b,"India, Kerala, Kozhikode","Kozhikode, Kerala",Adzuna,,Coordinates from Adzuna,True
Adzuna,5840225940,Specialist – Pre-Sales (A2),Nucore Software Solutions,"Kozhikode, Kerala","India, Kerala, Kozhikode",Kozhikode,11.16223,75.81366,,,0,,full_time,Sales Jobs,sales-jobs,"Department: Sales & Business Development Location: Work from Office, Calicut. Employment Type: Full-Time Role Description: We are looking for a confident and highly presentable Pre-Sales Specialist who can effectively represent the company and deliver impactful product presentations. The ideal candidate must have excellent communication skills, strong product understanding, and the ability to engage clients professionally. This role plays a key part in converting prospects into serious commerci…",2026-08-13T16:20:05Z,https://www.adzuna.in/land/ad/5840225940?se=bLSAc3Sc8RGQor-L2zKR7A&utm_medium=api&utm_source=10d03a1b&v=6913A88DE53D6ECADDCD4AC86950718338D1FD28,"India, Kerala, Kozhikode","Kozhikode, Kerala",Adzuna,,Coordinates from Adzuna,True
Adzuna,5533765171,Sr. Business Development Executive - Gold Loan| Kozhikode,CSB Bank,"Kozhikode, Kerala","India, Kerala, Kozhikode",Kozhikode,11.16223,75.81366,,,0,,full_time,Sales Jobs,sales-jobs,"Description Conduct market research, including area mapping, to identify sales possibilities and evaluate customer needs. Actively seek out new sales opportunities through cold calling, networking, social media, existing customers and leads provided by the Bank. Plan and carry out sales and marketing activities, in the assigned areas/ markets. Plan and organize meeting with potential clients, evaluate their needs and achieve sales of products and services of the Bank. Help branches to plan and …",2025-12-09T00:01:45Z,https://www.adzuna.in/details/5533765171?utm_medium=api&utm_source=10d03a1b,"India, Kerala, Kozhikode","Kozhikode, Kerala",Adzuna,,Coordinates from Adzuna,True
Adzuna,2625145643,Sr. PHP Backend Developer,Hexwhale,"Kozhikode, Kerala","India, Kerala, Kozhikode",Kozhikode,11.16223,75.81366,0.0,500000.0,0,,full_time,IT Jobs,it-jobs,"HTML, CSS, JavaScript, jQuery, PHP, MySQL  CodeIgniter, Laravel  Node.js, Express.js, MongoDB Description: 1. Hands-on backend web and API development experience. 2. Has strong MySQL and Database knowledge. 3. Working experience in building and deploying applications on servers like AWS, etc. 4. Good understanding of architectural patterns (e.g., MVC) is required. 5. Good communication and analytical skills. 6. Experience in building REST APIs in NodeJS and/or TypeScript. 7. Code repositories m…",2021-11-09T04:07:05Z,https://www.adzuna.in/details/2625145643?utm_medium=api&utm_source=10d03a1b,"India, Kerala, Kozhikode","Kozhikode, Kerala",Adzuna,,Coordinates from Adzuna,True
Adzuna,5686790546,TSM/ASM,Hirestar job Bank,"Kozhikode, Kerala","India, Kerala, Kozhikode",Kozhikode,,,30000.0,35000.0,0,,,Sales Jobs,sales-jobs,"Urgent Opening In Electrical & Electronics Industry  Position: Territory Sales Manager / Area Sales Manager Location: Cochin, Palakkad, Calicut, Kollam Experience: 2 – 5 years of experience (Electronics & Home Appliances industry preferred) Salary : Up to 35,000/month Job Summary TSM/ASM will be responsible for driving sales through dealer and distributor networks, expanding market reach, and achieving revenue targets within the assigned territory. Key Responsibilities * Manage and develop deal…",2026-04-02T08:43:32Z,https://www.adzuna.in/details/5686790546?utm_medium=api&utm_source=10d03a1b,"India, Kerala, Kozhikode","Kozhikode, Kerala",,,Location available; coordinates unavailable,False
Adzuna,5840603050,Talent Acquisition & HR Intern (Paid),Blend-ed,"Koyilandi, Kozhikode","India, Kerala, Kozhikode, Koyilandi",Kozhikode,11.19155,75.82985,,,0,contract,full_time,HR & Recruitment Jobs,hr-jobs,"Here's our honest problem: we need to hire well, and none of us have the time to do it properly. Roles sit open longer than they should. Good people don't apply to us because we're not out there finding them, we're just posting and hoping. We need someone whose entire job is making sure that stops being true. Now, for you who don't know Blend-ed — we're an AI-first LMS built on Open edX, one of a small number of official global Open edX partners. We work with training providers and corporate cl…",2026-08-13T23:10:52Z,https://www.adzuna.in/details/5840603050?utm_medium=api&utm_source=10d03a1b,"India, Kerala, Kozhikode, Koyilandi","Koyilandi, Kozhikode",Adzuna,,Coordinates from Adzuna,True
Adzuna,4324798262,Technical Content Writer,wattlecorp cybersecurity labs,"Kozhikode, Kerala","India, Kerala, Kozhikode",Kozhikode,11.16223,75.81366,100000.0,300000.0,0,,full_time,IT Jobs,it-jobs,"We are seeking a talented and detail-oriented Technical Content Writer to join our team. As a key member of our marketing and communications department, you will play a crucial role in crafting clear, engaging, and technically accurate content related to cybersecurity. Key Responsibilities: Content Creation: Develop high-quality, technical content including whitepapers, blogs, case studies, and user guides that effectively communicate complex cybersecurity concepts to various audiences. Researc…",2023-09-21T14:40:05Z,https://www.adzuna.in/details/4324798262?utm_medium=api&utm_source=10d03a1b,"India, Kerala, Kozhikode","Kozhikode, Kerala",Adzuna,,Coordinates from Adzuna,True
Adzuna,4420550017,Technical Writer,Zennode Technologies,"Kozhikode, Kerala","India, Kerala, Kozhikode",Kozhikode,11.16223,75.81366,0.0,300000.0,0,,full_time,IT Jobs,it-jobs,"As an ideal candidate, you should have proven experience in a highly technical field, such as software development, computer science, or engineering. Your ability to evaluate and analyze complex information is second to none, and you have a natural desire to help people understand things that are hard to understand. Objectives of this Role Develop comprehensive documentation that meets organizational standards Obtain a deep understanding of products and services to translate complex product inf…",2023-11-08T14:50:23Z,https://www.adzuna.in/details/4420550017?utm_medium=api&utm_source=10d03a1b,"India, Kerala, Kozhikode","Kozhikode, Kerala",Adzuna,,Coordinates from Adzuna,True
Adzuna,5015663484,UI/UX Designer,Brainpan Innovations,"Kozhikode, Kerala","India, Kerala, Kozhikode",Kozhikode,11.16223,75.81366,,,0,,full_time,IT Jobs,it-jobs,"ABOUT: Brainpan Innovations brings together an interdisciplinary team of computational scientists, computer scientists, designers, engineers, mathematicians, and medical professionals; who are working to address various challenges in the healthcare industry for developing economies. There is a huge gap between Life Sciences and other research disciplines. We aim to bridge this gap with Big Data Analytics, High Performance Computing, Machine Learning and Mathematical Modeling. Moreover, we are a…",2025-01-18T17:51:26Z,https://www.adzuna.in/details/5015663484?utm_medium=api&utm_source=10d03a1b,"India, Kerala, Kozhikode","Kozhikode, Kerala",Adzuna,,Coordinates from Adzuna,True
Adzuna,2850994551,Urgent Opening | Sr. React Native Developer,AC INFOTECH,"Kozhikode, Kerala","India, Kerala, Kozhikode",Kozhikode,11.16223,75.81366,360000.0,600000.0,0,,full_time,IT Jobs,it-jobs,"We are looking for experienced React Native Developers to join our team. This role is perfect for people who are looking for a challenge and the opportunity to take ownership. You will work as a core member of a small, focused team, and will have significant responsibility in helping shape both the product experience and the underlying architecture. As a Senior Software Engineer, you will be developing user interface components, ensuring high performance and responsiveness to requests. You will…",2022-01-29T04:33:05Z,https://www.adzuna.in/details/2850994551?utm_medium=api&utm_source=10d03a1b,"India, Kerala, Kozhikode","Kozhikode, Kerala",Adzuna,,Coordinates from Adzuna,True
Adzuna,5680028593,Videographer cum Video Editor,Zenfident HR Solutions,"Kozhikode, Kerala","India, Kerala, Kozhikode",Kozhikode,11.16223,75.81366,2400000.0,3000000.0,0,,full_time,"PR, Advertising & Marketing Jobs",pr-advertising-marketing-jobs,"Job Description – Videographer & Video Editor We are looking for a skilled and creative Videographer & Video Editor to join our team. The ideal candidate will be responsible for capturing, editing, and producing high-quality video content for various projects. Key Responsibilities: Plan, shoot, and edit engaging video content Handle camera equipment, lighting, and audio setup Edit videos using Adobe Premiere Pro and After Effects Create visually appealing storytelling content aligned with brand…",2026-03-27T11:25:46Z,https://www.adzuna.in/details/5680028593?utm_medium=api&utm_source=10d03a1b,"India, Kerala, Kozhikode","Kozhikode, Kerala",Adzuna,,Coordinates from Adzuna,True
Adzuna,2121631462,Wordpress Developer,Coddle Technologies,"Kozhikode, Kerala","India, Kerala, Kozhikode",Kozhikode,,,0.0,600000.0,0,,full_time,IT Jobs,it-jobs,". Strong knowledge of WordPress platform . Expertise in converting Figma / PSD / Adobe XD designs to responsive frontend pages using HTML5, CSS3, JavaScript. . Experience in building custom pages using . .WordPress page builder plugins like WPBakery . Expertise in WordPress custom theme development . Extensive development experience in building WordPress custom plugins . Experience in RESTful API development and 3rd party API integrations . Strong understanding of WordPress architecture and kno…",2021-04-16T05:53:26Z,https://www.adzuna.in/details/2121631462?utm_medium=api&utm_source=10d03a1b,"India, Kerala, Kozhikode","Kozhikode, Kerala",,,Location available; coordinates unavailable,False
Adzuna,5595972855,Zonal Head TPP - Branch Banking| Kozhikode,CSB Bank,"Kozhikode, Kerala","India, Kerala, Kozhikode",Kozhikode,11.16223,75.81366,,,0,,full_time,Accounting & Finance Jobs,accounting-finance-jobs,"Description To ensure that Third Party Fee Income products such as Insurance, mutual Funds, E Broking, RBI Bonds etc. are distributed in the allocated Branch Banking Zones and business targets are achieved. Responsibilities Working with TPP head for allocation of budget at Branch level and resource level. Create a monthly business plan with Zonal Heads and Cluster Heads. Engage with the partners at local level to ensure that monthly plans are supported for achievement. Drive Certification and T…",2026-01-23T00:44:28Z,https://www.adzuna.in/details/5595972855?utm_medium=api&utm_source=10d03a1b,"India, Kerala, Kozhikode","Kozhikode, Kerala",Adzuna,,Coordinates from Adzuna,True
Adzuna,5845541890,Airline Ticketing Executive at Madurai Airport in Leading Airline.,Fronix Services,"Melur, Madurai","India, Tamil Nadu, Madurai, Melur",Madurai,9.9357,78.1158,35000.0,35000.0,0,permanent,,Customer Services Jobs,customer-services-jobs,"Hr Contact 7082570898 Airline Ticketing Agents directly interact with customers and answer customer questions about flight timings, seat availability, fares, reservations, etc. They also handle critical operations such as data collection, data entry, payment collection, verification, etc. for airlines. Responsibilities of Ticketing Agent: They are communicating with customers to answer questions about tickets, pricing, or flight schedules. Scheduling flights based on customer needs and availabl…",2026-08-18T03:34:10Z,https://www.adzuna.in/details/5845541890?utm_medium=api&utm_source=10d03a1b,"India, Tamil Nadu, Madurai, Melur","Melur, Madurai",Adzuna,,Coordinates from Adzuna,True
Adzuna,5658374643,"Associate Professor(CSE, IT, ECE) Assistant Professor(IT,CYS)",jk,"Coimbatore, Tamil Nadu","India, Tamil Nadu, Coimbatore",Madurai,9.91051,78.1158,500000.0,800000.0,0,,full_time,Scientific & QA Jobs,scientific-qa-jobs,"Given the qualifications and requirements you've shared (Ph.D. completion and a minimum of 2 years of experience) in the fields of Computer Science and Engineering (CSE), Information Technology (IT), and Electronics and Communication Engineering (ECE), here is a more tailored look at the specific expectations and skills an Associate Professor should bring to a department in such a technical field, along with the contextual setting of your mentioned location, KGiSL Campus in Saravanampatti, Coim…",2026-03-08T11:32:37Z,https://www.adzuna.in/details/5658374643?utm_medium=api&utm_source=10d03a1b,"India, Tamil Nadu, Coimbatore","Coimbatore, Tamil Nadu",Adzuna,,Coordinates from Adzuna,True
Adzuna,5817846815,BIM Architect,Smart Work Consultants,"Melur, Madurai","India, Tamil Nadu, Madurai, Melur",Madurai,9.91051,78.1158,,,0,permanent,,Trade & Construction Jobs,trade-construction-jobs,"We are looking for a talented and detail-oriented BIM Architect to develop intelligent 3D building models, coordinate multidisciplinary projects, and support design and construction teams using Building Information Modeling (BIM). The ideal candidate should have expertise in Autodesk Revit, BIM coordination, clash detection, construction documentation, and BIM standards . Key Responsibilities ✔ Develop and manage BIM models for architectural projects ✔ Prepare architectural drawings, constructi…",2026-07-28T06:49:23Z,https://www.adzuna.in/details/5817846815?utm_medium=api&utm_source=10d03a1b,"India, Tamil Nadu, Madurai, Melur","Melur, Madurai",Adzuna,,Coordinates from Adzuna,True
Adzuna,5837548571,Billing and Supply Staff — Paanai Eatery @ GKF Hospital,GKF,"Madurai South, Madurai","India, Tamil Nadu, Madurai, Madurai South",Madurai,9.91995,78.087,15000.0,15000.0,0,,full_time,Hospitality & Catering Jobs,hospitality-catering-jobs,"Billing and Supply Staff — Paanai Eatery @ GKF Hospital Reports to: Restaurant Manager (Paanai) / Department In-charge (Hospital) Responsibilities • Handle billing (POS, cash/card/UPI, GST-compliant receipts, daily reconciliation) • Manage counter supplies and stock • Assist kitchen during peak hours (prep, plating, packaging) • Support restaurant service (table service, order delivery) • Support assigned hospital duties as needed Key Skills: Billing accuracy, cash handling, customer service, a…",2026-08-12T07:05:25Z,https://www.adzuna.in/details/5837548571?utm_medium=api&utm_source=10d03a1b,"India, Tamil Nadu, Madurai, Madurai South","Madurai South, Madurai",Adzuna,,Coordinates from Adzuna,True
Adzuna,2115053128,Business Developer,Uplogic Technologies Pvt ltd,"Madurai, Tamil Nadu","India, Tamil Nadu, Madurai",Madurai,9.91051,78.1158,0.0,400000.0,0,,full_time,Sales Jobs,sales-jobs,Greeting from Uplogic Technologies Pvt Ltd We are looking for a dynamic and organized professional to our team in Madurai Branch who are excel in everything he or she do and interested in learn and grow along with Uplogic Team and enhance their hands in the development of Organization. If you are interested share your updated profile. Experience: 1 to 5 year Designation: Jr. BDE/Sr. BDE Job Location: Madurai Should have strong experience in software sales processes Must have experience in Busin…,2021-04-13T05:24:46Z,https://www.adzuna.in/details/2115053128?utm_medium=api&utm_source=10d03a1b,"India, Tamil Nadu, Madurai","Madurai, Tamil Nadu",Adzuna,,Coordinates from Adzuna,True
Adzuna,5838169718,Business Development Executive,Smart Work Consultants,"Melur, Madurai","India, Tamil Nadu, Madurai, Melur",Madurai,9.91051,78.1158,,,0,,full_time,Sales Jobs,sales-jobs,"We are looking for an energetic and result-oriented Business Development Executive to expand our international customer base, generate new business opportunities, and strengthen relationships with overseas clients. The ideal candidate should have strong communication, sales, negotiation, export market development, and customer relationship skills . Key Responsibilities Identify and develop new international business opportunities Generate leads through LinkedIn, email, online platforms, referen…",2026-08-12T16:56:27Z,https://www.adzuna.in/details/5838169718?utm_medium=api&utm_source=10d03a1b,"India, Tamil Nadu, Madurai, Melur","Melur, Madurai",Adzuna,,Coordinates from Adzuna,True
Adzuna,5235501949,Business Development Executive,Fourchain Technologies,"Madurai, Tamil Nadu","India, Tamil Nadu, Madurai",Madurai,9.91051,78.1158,100000.0,300000.0,0,,full_time,IT Jobs,it-jobs,"Launch Your Career in IT – Join Us as a Business Development Executive (BDE) Are you a recent graduate with s trong communication skills and a passion for technology, sales, or client engagement? Here's your chance to kickstart your career in the booming IT industry —even if you don't have a technical background! Who Can Apply! Recent graduates from any stream Strong Communication and interpersonal skills. Eagerness to learn about technology and sales. Self-motivated, proactive, and goal-orient…",2025-06-06T06:57:06Z,https://www.adzuna.in/details/5235501949?utm_medium=api&utm_source=10d03a1b,"India, Tamil Nadu, Madurai","Madurai, Tamil Nadu",Adzuna,,Coordinates from Adzuna,True
Adzuna,5812267299,Business Development Manager,Smart Work Consultants,"Melur, Madurai","India, Tamil Nadu, Madurai, Melur",Madurai,9.91051,78.1158,,,0,permanent,,Sales Jobs,sales-jobs,"We are looking for a dynamic and results-oriented Business Development Manager to drive business growth, acquire new enterprise clients, and expand our market presence in IT Infrastructure Solutions . The ideal candidate should have experience in enterprise IT sales, networking solutions, cloud services, cybersecurity, data center solutions, and strategic account management . Key Responsibilities ✔ Generate new business opportunities and achieve sales targets ✔ Build and manage relationships wi…",2026-07-23T16:41:15Z,https://www.adzuna.in/details/5812267299?utm_medium=api&utm_source=10d03a1b,"India, Tamil Nadu, Madurai, Melur","Melur, Madurai",Adzuna,,Coordinates from Adzuna,True
Adzuna,5810415914,Business Intelligence & Analytics Manager,Smart Work Consultants,"Melur, Madurai","India, Tamil Nadu, Madurai, Melur",Madurai,9.91051,78.1158,,,0,permanent,,IT Jobs,it-jobs,"We are looking for a strategic Digital Transformation & Analytics Manager to lead enterprise-wide digital initiatives, optimize ERP systems, build insightful dashboards, automate business processes, and drive data-driven decision-making. This is an excellent opportunity to work with a well-established diversified business group and make a significant impact on business growth through technology and innovation. Key Responsibilities ✔ Drive digital transformation and process automation initiative…",2026-07-22T10:42:28Z,https://www.adzuna.in/details/5810415914?utm_medium=api&utm_source=10d03a1b,"India, Tamil Nadu, Madurai, Melur","Melur, Madurai",Adzuna,,Coordinates from Adzuna,True
Adzuna,5829374335,Chemistry Faculty - (10th&12th CBSE Board),Extramarks,"Madurai, Tamil Nadu","India, Tamil Nadu, Madurai",Madurai,9.91051,78.1158,,,0,permanent,full_time,Teaching Jobs,teaching-jobs,Extramarks is Hiring | Faculty – |  Madurai Join Extramarks and become a part of our growing academic team!  Location Madurai Tamil Nadu (SIP – Offline)  Open Positions ✅  Chemistry Faculty (10th & 12th Std. CBSE Board) Type - Full Time Permanent  Eligibility Experience: 2–6 years No regional language is required for this role. Role Type: Permanent Teaching Level: Classes 10th & 12th CBSE Board Level Key Responsibilities: ✔️ Deliver engaging offline classroom sessions for Classes 10 & 12 in sc…,2026-08-05T23:53:23Z,https://www.adzuna.in/land/ad/5829374335?se=TpmqX3Sc8RGlrvMe-VN8Yg&utm_medium=api&utm_source=10d03a1b&v=5018632F746E218D21FB74A830AA1ABBAB84C9C4,"India, Tamil Nadu, Madurai","Madurai, Tamil Nadu",Adzuna,,Coordinates from Adzuna,True
Adzuna,5830627061,Cook,GKF,"Madurai South, Madurai","India, Tamil Nadu, Madurai, Madurai South",Madurai,9.91995,78.087,20000.0,20000.0,0,,full_time,Hospitality & Catering Jobs,hospitality-catering-jobs,"Job Summary Grace Kennett Foundation Hospital is seeking a dedicated Cook to prepare and serve nutritious, hygienic, and high-quality meals for patients, staff, and visitors. The Cook will ensure food is prepared in accordance with prescribed recipes, dietary requirements, and food safety standards. Key Responsibilities * Prepare and cook meals as per the daily menu and dietary requirements. * Ensure food is prepared hygienically and in accordance with food safety standards. * Maintain cleanlin…",2026-08-06T20:51:17Z,https://www.adzuna.in/details/5830627061?utm_medium=api&utm_source=10d03a1b,"India, Tamil Nadu, Madurai, Madurai South","Madurai South, Madurai",Adzuna,,Coordinates from Adzuna,True
Adzuna,4686700585,Customer Care Executive,,"Madurai, Tamil Nadu","India, Tamil Nadu, Madurai",Madurai,9.91051,78.1158,,,0,,,Teaching Jobs,teaching-jobs,"Greetings from SSL Education Private Ltd  We are looking for experienced Customer Care Executive(CCE) for following locations: Rajapalayam - 1 position. Viruthunagar - 1 position. Sivakasi - 1 position. Qualification: Any Degree Experience: 1 - 3 years Salary: Rs.8,000/- to Rs.12,000/- Location: Rajapalayam, Viruthunagar and Sivakasi. Required Skills: 1. Good communications skills 2. Ability to listen and provide councelling to parents and students regarding courses. 3. Good interpersonal skill…",2024-05-10T07:38:20Z,https://www.adzuna.in/details/4686700585?utm_medium=api&utm_source=10d03a1b,"India, Tamil Nadu, Madurai","Madurai, Tamil Nadu",Adzuna,,Coordinates from Adzuna,True
Adzuna,5835453573,Customer Relationship Executive,Smart Work Consultants,"Melur, Madurai","India, Tamil Nadu, Madurai, Melur",Madurai,9.91051,78.1158,,,0,,full_time,Customer Services Jobs,customer-services-jobs,"We are looking for a proactive and customer-focused Customer Relationship Executive to manage customer communication, order coordination, follow-ups, and after-sales support. The ideal candidate will build strong customer relationships and work closely with Sales, Production, Dispatch, and Accounts teams to ensure a smooth customer experience. Key Responsibilities Manage day-to-day communication with existing customers Handle customer enquiries, requests, and complaints professionally Coordinat…",2026-08-10T15:01:28Z,https://www.adzuna.in/details/5835453573?utm_medium=api&utm_source=10d03a1b,"India, Tamil Nadu, Madurai, Melur","Melur, Madurai",Adzuna,,Coordinates from Adzuna,True
Adzuna,5838170398,Digital Marketing Executive,Smart Work Consultants,"Melur, Madurai","India, Tamil Nadu, Madurai, Melur",Madurai,9.91051,78.1158,,,0,permanent,,"PR, Advertising & Marketing Jobs",pr-advertising-marketing-jobs,"We are looking for a creative and result-oriented Digital Marketing Executive to strengthen our online presence, generate qualified leads, and promote our IT services across digital channels. The ideal candidate should have hands-on experience in SEO, Google Ads, social media, content marketing, lead generation, and website analytics Roles & Responsibilities Develop and execute digital marketing strategies for IT services and solutions Plan and manage SEO, SEM, Google Ads, and social media camp…",2026-08-12T16:56:45Z,https://www.adzuna.in/details/5838170398?utm_medium=api&utm_source=10d03a1b,"India, Tamil Nadu, Madurai, Melur","Melur, Madurai",Adzuna,,Coordinates from Adzuna,True
Adzuna,5447911634,Digital Marketing Executive,IdeaLaunch Tech Solution,"Madurai, Tamil Nadu","India, Tamil Nadu, Madurai",Madurai,9.91051,78.1158,150000.0,300000.0,0,,full_time,"PR, Advertising & Marketing Jobs",pr-advertising-marketing-jobs,"Job Title: Digital Marketing Executive Experience: 1 - 2 years Job Location: Madurai (On-site) Skills: SEMRush, Ahrefs, Moz, Keyword planner, Google Analytics & Google Search Console Job Description Conducting on-site and off-site analysis of web SEO competition. Increase website ranking on popular search engines. Increase digital brand awareness while growing the traffic on the website. Assisting with blog content. Creating high-quality SEO content. Leading keyword research and optimization of…",2025-10-15T09:24:43Z,https://www.adzuna.in/details/5447911634?utm_medium=api&utm_source=10d03a1b,"India, Tamil Nadu, Madurai","Madurai, Tamil Nadu",Adzuna,,Coordinates from Adzuna,True
Adzuna,5818315723,EDP Executive,Smart Work Consultants,"Melur, Madurai","India, Tamil Nadu, Madurai, Melur",Madurai,9.91051,78.1158,,,0,permanent,full_time,IT Jobs,it-jobs,"We are looking for a motivated and technically skilled ERP Support Executive with SQL knowledge to support, maintain, and customize our ERP system. The ideal candidate will assist users, troubleshoot ERP issues, generate reports, and collaborate with internal teams to improve business processes. This is an excellent opportunity for fresh graduates and early-career professionals to build a career in ERP, SQL, and Manufacturing IT Systems . Key Responsibilities ✔ Provide day-to-day ERP user suppo…",2026-07-28T16:45:32Z,https://www.adzuna.in/details/5818315723?utm_medium=api&utm_source=10d03a1b,"India, Tamil Nadu, Madurai, Melur","Melur, Madurai",Adzuna,,Coordinates from Adzuna,True
Adzuna,5817452657,Electrical Engineer MEP,Smart Work Consultants,"Melur, Madurai","India, Tamil Nadu, Madurai, Melur",Madurai,9.91051,78.1158,,,0,permanent,,Engineering Jobs,engineering-jobs,"We are looking for a skilled and proactive Electrical Engineer to join our MEP team. The ideal candidate should have hands-on experience in electrical system design, LT/HT installations, power distribution, lighting systems, testing & commissioning, and project execution . Key Responsibilities ✔ Design and execute electrical systems for MEP projects ✔ Prepare electrical layouts, single-line diagrams (SLD), and load calculations ✔ Supervise installation of LT/HT panels, transformers, DG sets, UP…",2026-07-27T20:44:56Z,https://www.adzuna.in/details/5817452657?utm_medium=api&utm_source=10d03a1b,"India, Tamil Nadu, Madurai, Melur","Melur, Madurai",Adzuna,,Coordinates from Adzuna,True
Adzuna,5840603337,Electrician,GKF,"Madurai South, Madurai","India, Tamil Nadu, Madurai, Madurai South",Madurai,9.91995,78.087,20000.0,20000.0,0,,full_time,Engineering Jobs,engineering-jobs,"Job Summary: We are looking for a skilled Electrician to install, maintain, and repair electrical systems and equipment in the hospital. The candidate should ensure safe and uninterrupted electrical operations and attend to electrical issues promptly. Key Responsibilities: * Install, maintain, and repair electrical wiring and equipment. * Attend electrical breakdowns and resolve issues quickly. * Perform routine maintenance of electrical panels, lighting, UPS, and generators. * Monitor power su…",2026-08-13T23:10:54Z,https://www.adzuna.in/details/5840603337?utm_medium=api&utm_source=10d03a1b,"India, Tamil Nadu, Madurai, Madurai South","Madurai South, Madurai",Adzuna,,Coordinates from Adzuna,True
Adzuna,5835453569,Factory Manager - Garments,Smart Work Consultants,"Melur, Madurai","India, Tamil Nadu, Madurai, Melur",Madurai,9.91051,78.1158,,,0,permanent,,Manufacturing Jobs,manufacturing-jobs,"We are looking for an experienced and result-oriented Factory Manager to lead end-to-end garment manufacturing operations. The ideal candidate will be responsible for production, quality, manpower, productivity, cost control, compliance, and on-time delivery , ensuring efficient factory performance. Key Responsibilities Lead overall factory operations from production planning to finished goods dispatch Develop production plans and ensure timely achievement of targets Monitor line efficiency, pr…",2026-08-10T15:01:28Z,https://www.adzuna.in/details/5835453569?utm_medium=api&utm_source=10d03a1b,"India, Tamil Nadu, Madurai, Melur","Melur, Madurai",Adzuna,,Coordinates from Adzuna,True
Adzuna,4686705152,Female HR Recruitment,,"Madurai, Tamil Nadu","India, Tamil Nadu, Madurai",Madurai,9.91051,78.1158,,,0,,,HR & Recruitment Jobs,hr-jobs,"Walkin Drive – Female HR Recruiters – Madurai Location About CompanyOver 15,000 individuals (and counting) have gained jobs via KP Solutions since 2012. Our continual innovation and collaborations has actually earned our staffing solutions company top vendor performance awards from a number of clients, many of whom we have helped over a decade. We offer the same commitment and impact to the new clients we bring on-board everyday. We believe that individuals create success via the strong relatio…",2024-05-10T07:38:53Z,https://www.adzuna.in/details/4686705152?utm_medium=api&utm_source=10d03a1b,"India, Tamil Nadu, Madurai","Madurai, Tamil Nadu",Adzuna,,Coordinates from Adzuna,True
Adzuna,5812267009,Finance & Accounts Head,Smart Work Consultants,"Melur, Madurai","India, Tamil Nadu, Madurai, Melur",Madurai,9.91051,78.1158,,,0,,full_time,Accounting & Finance Jobs,accounting-finance-jobs,"We are looking for a strategic and detail-oriented Finance & Accounts Head to lead financial operations across our manufacturing unit and multiple retail outlets . If you have strong expertise in costing, inventory-heavy business, and multi-location finance , this is a great opportunity to make a real business impact. Key Responsibilities: ✔ Manage end-to-end accounting & financial reporting ✔ Drive costing, margin analysis & profitability improvement ✔ Oversee inventory & stock control (FIFO, …",2026-07-23T16:40:44Z,https://www.adzuna.in/details/5812267009?utm_medium=api&utm_source=10d03a1b,"India, Tamil Nadu, Madurai, Melur","Melur, Madurai",Adzuna,,Coordinates from Adzuna,True
Adzuna,5451110566,Flutter Developer,M8 IT Solutions,"Madurai, Tamil Nadu","India, Tamil Nadu, Madurai",Madurai,9.91051,78.1158,200000.0,400000.0,0,,full_time,IT Jobs,it-jobs,"1) UI Design skill 2) Publishing Knowledge about the app store/ Play Store 3) Google map integration 4) Payment gateway integration 5) Firebase integration (push notification and crash report) 6) API Integration in Restfull API 7) Individual project handling (added advantage) Skills:- User Interface (UI) Design, API and Flutter",2025-10-17T06:47:16Z,https://www.adzuna.in/details/5451110566?utm_medium=api&utm_source=10d03a1b,"India, Tamil Nadu, Madurai","Madurai, Tamil Nadu",Adzuna,,Coordinates from Adzuna,True
Adzuna,5818315722,"General Manager – 3PL, Warehousing & Logistics",Smart Work Consultants,"Melur, Madurai","India, Tamil Nadu, Madurai, Melur",Madurai,9.91051,78.1158,,,0,permanent,,Logistics & Warehouse Jobs,logistics-warehouse-jobs,"We are seeking a strategic and results-driven General Manager – 3PL, Warehousing & Logistics to lead end-to-end logistics operations, warehouse management, transportation, inventory control, and customer service for our C&F business. Key Responsibilities ✔ Lead end-to-end 3PL, warehousing, and logistics operations across multiple locations ✔ Manage C&F operations, warehouse productivity, inventory accuracy, and order fulfillment ✔ Optimize transportation, fleet management, and distribution netw…",2026-07-28T16:45:32Z,https://www.adzuna.in/details/5818315722?utm_medium=api&utm_source=10d03a1b,"India, Tamil Nadu, Madurai, Melur","Melur, Madurai",Adzuna,,Coordinates from Adzuna,True
Adzuna,5841755308,German Teacher,Eurocas,"Madurai, Tamil Nadu","India, Tamil Nadu, Madurai",Madurai,9.91051,78.1158,,,0,,,Teaching Jobs,teaching-jobs,"About EUROCAS EUROCAS helps nurses, physiotherapists, occupational therapists, and students prepare for education, training, and professional opportunities in Germany through structured German language training and career support. Position: German Language Trainer  Location: Madurai  Work Mode: Offline  Vacancies: 2 Key Responsibilities: Conduct A1–B2 German language training. Prepare candidates for German language examinations. Develop speaking, grammar, vocabulary, and communication skills. T…",2026-08-14T16:34:27Z,https://www.adzuna.in/land/ad/5841755308?se=TpmqX3Sc8RGlrvMe-VN8Yg&utm_medium=api&utm_source=10d03a1b&v=4EE80CA568651E9C0E44F7DD6BACF8866574DD26,"India, Tamil Nadu, Madurai","Madurai, Tamil Nadu",Adzuna,,Coordinates from Adzuna,True
Adzuna,5820963782,HCL Hiring Fresher (2024/2026) Process associate _non-Voice process for Madurai Location Virtual interview drive on 29th July 2026_12:30 PM - 1:30 PM,HCLTech,"Madurai, Tamil Nadu","India, Tamil Nadu, Madurai",Madurai,9.91051,78.1158,,,0,,,IT Jobs,it-jobs,Greetings from HCL Tech HCL Hiring Fresher (2024/2026) Process associate _Non-Voice process for Madurai Location Virtual interview drive (Online Interview Drive) on 29th July 2026_12:30 PM - 1:30 PM Virtual Drive for Madurai Location Non voice process- 29th July 2026 @ 12:30 PM - 1:30 PM Interested candidates please join the below link using Teams Microsoft Teams meeting Join: https://teams.microsoft.com/meet/497063538367133?p=8zU3RlPjq6mrDloz30 Desired Candidate Profile Candidate with Good Com…,2026-07-30T15:25:18Z,https://www.adzuna.in/land/ad/5820963782?se=TpmqX3Sc8RGlrvMe-VN8Yg&utm_medium=api&utm_source=10d03a1b&v=F2BB828ACFB12059A31453BE9EE05FD40A2A1681,"India, Tamil Nadu, Madurai","Madurai, Tamil Nadu",Adzuna,,Coordinates from Adzuna,True
Adzuna,5845682586,Head of School,The Indian Public School Globeducate India,"Madurai, Tamil Nadu","India, Tamil Nadu, Madurai",Madurai,9.91051,78.1158,,,0,,,Teaching Jobs,teaching-jobs,"Head of School (HOS) - TIPS Globeducate India, Schools in TamilNadu The Indian Public School (TIPS Globeducate) group is a premier international institution offering a dynamic and globally aligned learning environment through the International Baccalaureate (IB) and Cambridge Assessment International Education (CAIE) curricula. The school is committed to nurturing well-rounded, future-ready learners who achieve academic excellence while developing character, leadership and a lifelong passion fo…",2026-08-18T05:07:24Z,https://www.adzuna.in/land/ad/5845682586?se=TpmqX3Sc8RGlrvMe-VN8Yg&utm_medium=api&utm_source=10d03a1b&v=6E82E915AB4BC90E4CAA6BE8C55BD9B10FCF4498,"India, Tamil Nadu, Madurai","Madurai, Tamil Nadu",Adzuna,,Coordinates from Adzuna,True
Adzuna,5836259383,Hiring -Business Development Executive,Pixel Web Solutions,"Madurai, Tamil Nadu","India, Tamil Nadu, Madurai",Madurai,9.91051,78.1158,,,0,,,Sales Jobs,sales-jobs,Job Description Role: Business Development Executive Excellent communication and interpersonal skills. Strong negotiation and persuasive abilities. Ability to work independently and as part of a team. Adaptability and willingness to learn and grow in a dynamic environment. Experience:1-2 years Work Location: Madurai And Chennai Benefits: 1) 100% hike after completion of 1 year 2) Exposure to international projects and clients 3) Fast paced learning environment 4) Day shift,2026-08-11T07:24:51Z,https://www.adzuna.in/details/5836259383?utm_medium=api&utm_source=10d03a1b,"India, Tamil Nadu, Madurai","Madurai, Tamil Nadu",Adzuna,,Coordinates from Adzuna,True
Adzuna,5847087518,Hiring For Airport Ground Staff Executive Freshers,Fronix Services,"Melur, Madurai","India, Tamil Nadu, Madurai, Melur",Madurai,9.91051,78.1158,35000.0,35000.0,0,permanent,full_time,Teaching Jobs,teaching-jobs,"Ticketing Executive *The candidate will have to provide end to end services to the client. *Has to receive the bookings, make reservations in the GDS System and other travel portals, and have to pass the booking to the Consolidator to issue the tickets. *Once the booking is confirmed and tickets are issued, the candidate has to do the billing in the accounting software (we will provide the training) and has to send the bills to the clients. Air Hostess *Taking care of the safety and security of…",2026-08-18T23:18:06Z,https://www.adzuna.in/details/5847087518?utm_medium=api&utm_source=10d03a1b,"India, Tamil Nadu, Madurai, Melur","Melur, Madurai",Adzuna,,Coordinates from Adzuna,True
Adzuna,5836846671,"IT, AI & Digital Media Executive",GKF,"Madurai South, Madurai","India, Tamil Nadu, Madurai, Madurai South",Madurai,9.91995,78.087,30000.0,30000.0,0,,full_time,IT Jobs,it-jobs,"Job Summary: We are looking for a skilled and creative IT, AI & Digital Media Executive to manage the foundation’s website, social media platforms and digital communication activities. The candidate will be responsible for maintaining online content, creating engaging digital materials, using AI-based tools and providing basic technical support for digital platforms. Key Responsibilities * Manage, maintain and regularly update the foundation website with accurate information, including foundati…",2026-08-11T20:59:00Z,https://www.adzuna.in/details/5836846671?utm_medium=api&utm_source=10d03a1b,"India, Tamil Nadu, Madurai, Madurai South","Madurai South, Madurai",Adzuna,,Coordinates from Adzuna,True
Adzuna,4686702219,Junior Developer,,"Madurai, Tamil Nadu","India, Tamil Nadu, Madurai",Madurai,9.91051,78.1158,,,0,,,IT Jobs,it-jobs,"Are you a passionate engineer? Willing to learn and work with multiple technologies? Join Uplogic Technologies Freshers with Good logical and analytical skill can WALK-IN directly Exposure in ReactNative or iOS with Swift is Value added Job Location: Madurai Interview Date: 9 Dec to 14 Dec Interview Venue: No-61, Varsabari Complex, Bypass Road, Madurai Landmark: Maninagapa Automobiles hruplogictech.com",2024-05-10T07:38:31Z,https://www.adzuna.in/details/4686702219?utm_medium=api&utm_source=10d03a1b,"India, Tamil Nadu, Madurai","Madurai, Tamil Nadu",Adzuna,,Coordinates from Adzuna,True
Adzuna,5801395771,Key Account Manager,Biotech Healthcare,"Madurai, Tamil Nadu","India, Tamil Nadu, Madurai",Madurai,9.91051,78.1158,,,0,,,Sales Jobs,sales-jobs,"Job Description Job Title: Key Account Manager Segment: Surgical Ophthalmology (Intraocular Lens Portfolio) Division: Chain of Hospitals HQ: Madurai Covering Area: South Tamil Nadu Experience Required: 5–10 Years Industry Preference: Ophthalmic-Surgical / Ophthalmic-Pharma Role Objective: A key objective of this position is to drive sales growth by retaining and expanding relationships with selected key accounts , encouraging repeat purchases and brand loyalty and increasing the usage and upgra…",2026-07-15T22:26:29Z,https://www.adzuna.in/land/ad/5801395771?se=TpmqX3Sc8RGlrvMe-VN8Yg&utm_medium=api&utm_source=10d03a1b&v=7D209C1CCA4AE5FEEC76DF86BB57EA216239ABF6,"India, Tamil Nadu, Madurai","Madurai, Tamil Nadu",Adzuna,,Coordinates from Adzuna,True
Adzuna,5817452654,Mechanical Engineer - MEP,Smart Work Consultants,"Melur, Madurai","India, Tamil Nadu, Madurai, Melur",Madurai,9.91051,78.1158,,,0,permanent,,Engineering Jobs,engineering-jobs,"We are looking for a skilled and proactive Mechanical Engineer to join our MEP team. The ideal candidate should have hands-on experience in HVAC, Fire Fighting, Plumbing (PHE), mechanical system design, installation, testing, commissioning, and project execution . Key Responsibilities ✔ Design and execute HVAC, Fire Fighting, and Plumbing (PHE) systems ✔ Review MEP drawings, BOQs, and technical specifications ✔ Coordinate with architects, consultants, contractors, and project teams ✔ Supervise …",2026-07-27T20:44:56Z,https://www.adzuna.in/details/5817452654?utm_medium=api&utm_source=10d03a1b,"India, Tamil Nadu, Madurai, Melur","Melur, Madurai",Adzuna,,Coordinates from Adzuna,True
Adzuna,4686706103,Nurse,,"Madurai, Tamil Nadu","India, Tamil Nadu, Madurai",Madurai,9.91051,78.1158,,,0,,,Healthcare & Nursing Jobs,healthcare-nursing-jobs,"Dear Nurse,Warm Greetings from SMS Placement ConsultantsA Leading Speciality Hospitals Looking for Staff Nurse in TRICHY and COIMBATORE Tamil Nadu. STAFF NURSE - TRICHY & COIMBATOREPosition Name: Staff NurseQualification: GNM/B.sc (Nursing)Experience: 0 – 3 YearsDuty Timing: Hospital TimingNo.of.Vacancy: 3Gender: Female onlyJob Location: Trichy, CoimbatoreAccommodation: Single Accommodation will be provided. Job seekers can share your details to (job.smspcgmail.com) and our Consultants contact …",2024-05-10T07:38:59Z,https://www.adzuna.in/details/4686706103?utm_medium=api&utm_source=10d03a1b,"India, Tamil Nadu, Madurai","Madurai, Tamil Nadu",Adzuna,,Coordinates from Adzuna,True
Adzuna,2179590995,PHP Web Developer,Blaze Web Services Private Limited,"Madurai, Tamil Nadu","India, Tamil Nadu, Madurai",Madurai,9.91051,78.1158,200000.0,300000.0,0,,full_time,IT Jobs,it-jobs,"Job Description Blaze - Madurai is looking for PHP web developers to write code in interesting international projects. Skills required: Good understanding in core PHP Fluent in any one MVC frameworks (Yii, Laravel or Code Igniter) Knowledge of front-end technologies including CSS3, JavaScript, Bootstrap and HTML5 Code customisation skills in WordPress or Magento or SocialEngine Hands on experience in GIT Familiarity with SQL/NoSQL databases. Good problem-solving skills. Experience: 1- 3 Years S…",2021-05-12T16:14:14Z,https://www.adzuna.in/details/2179590995?utm_medium=api&utm_source=10d03a1b,"India, Tamil Nadu, Madurai","Madurai, Tamil Nadu",Adzuna,,Coordinates from Adzuna,True
Adzuna,5830416661,Physician MD General Medicine or equivalent,Grace Kennett Foundation Hospital,"Madurai, Tamil Nadu","India, Tamil Nadu, Madurai",Madurai,9.91051,78.1158,,,0,,,Healthcare & Nursing Jobs,healthcare-nursing-jobs,"MBBS with MD (General Medicine) or equivalent qualification Valid medical registration Strong clinical judgment and a collaborative approach to patient care Genuine interest in working within a mission-driven healthcare institution If you're looking for a role that offers clinical depth, manageable hours, and a workplace with real institutional purpose, we'd love to hear from you.",2026-08-06T17:50:17Z,https://www.adzuna.in/land/ad/5830416661?se=TpmqX3Sc8RGlrvMe-VN8Yg&utm_medium=api&utm_source=10d03a1b&v=DAA341BFE8F0847FB49BFC1C0EE6F89A69C153C8,"India, Tamil Nadu, Madurai","Madurai, Tamil Nadu",Adzuna,,Coordinates from Adzuna,True
Adzuna,5789116518,Production Manager Rubber products Manufacturing-Madurai,The Banyan HR Consults Chennai,"Madurai, Tamil Nadu","India, Tamil Nadu, Madurai",Madurai,9.91051,78.1158,,,0,permanent,full_time,Manufacturing Jobs,manufacturing-jobs,"Job description Production Manager Rubber products Manufacturing Job Title: Production Manager Location: Madurai, Tamil Nadu Experience: 8–15 Years Salary: Best in Industry Industry: Rubber Products / Sports Goods Manufacturing Job Summary We are looking for an experienced Production Manager to lead our rubber balls and tennis balls manufacturing operations. The candidate will be responsible for production planning, shop floor management, quality, productivity, manpower utilization, and continu…",2026-07-05T17:33:35Z,https://www.adzuna.in/land/ad/5789116518?se=TpmqX3Sc8RGlrvMe-VN8Yg&utm_medium=api&utm_source=10d03a1b&v=16CBCEE601E4D1800FB6EDF44C54E111B25D0AE2,"India, Tamil Nadu, Madurai","Madurai, Tamil Nadu",Adzuna,,Coordinates from Adzuna,True
Adzuna,5818315724,Production Supervisor,Smart Work Consultants,"Melur, Madurai","India, Tamil Nadu, Madurai, Melur",Madurai,9.91051,78.1158,,,0,permanent,full_time,Engineering Jobs,engineering-jobs,"Kick-start your engineering career with a leading manufacturing company! We are looking for enthusiastic and motivated Production Engineer Trainees who are eager to learn production processes, improve manufacturing efficiency, and build a successful career in industrial operations. This role offers hands-on training in production planning, quality control, process improvement, and manufacturing operations . Key Responsibilities ✔ Assist in daily production planning and shop floor operations ✔ M…",2026-07-28T16:45:32Z,https://www.adzuna.in/details/5818315724?utm_medium=api&utm_source=10d03a1b,"India, Tamil Nadu, Madurai, Melur","Melur, Madurai",Adzuna,,Coordinates from Adzuna,True
Adzuna,5828376094,Regional Manager - Theni,Nvron Life science Limited,"Peraiyur, Madurai","India, Tamil Nadu, Madurai, Peraiyur",Madurai,10.0453,77.49195,15000.0,20000.0,0,permanent,full_time,Sales Jobs,sales-jobs,"Regional Manager - Pharmaceutical Sales Location: Theni, Tamilnadu Employment Type: Full-time Experience: 5 Years Salary: 25- 35 K (Based on Experience) Job Summary We are seeking an experienced and results-oriented Regional Manager to lead pharmaceutical sales operations across the assigned region. The ideal candidate will be responsible for driving regional sales growth, managing and mentoring sales teams, expanding market presence, and building strong relationships with healthcare profession…",2026-08-05T04:54:07Z,https://www.adzuna.in/details/5828376094?utm_medium=api&utm_source=10d03a1b,"India, Tamil Nadu, Madurai, Peraiyur","Peraiyur, Madurai",Adzuna,,Coordinates from Adzuna,True
Adzuna,5829382873,Require a Technical Support Engineer in Madurai.,TestHiring,"Melur, Madurai","India, Tamil Nadu, Madurai, Melur",Madurai,9.91051,78.1158,15000.0,20000.0,0,permanent,,Customer Services Jobs,customer-services-jobs,"Provide voice-based support to international/domestic customers over the phone (Inbound and Outbound). Build a rapport with customers with clear and confident communication. Focus on customer satisfaction and first-time-resolution. Engage with the technical team to provide faster resolutions to technical issues. Work closely with the technical content team to identify gaps in the help module. Should be willing to work night shifts. Requirements Proven experience in customer service or support, …",2026-08-06T00:50:33Z,https://www.adzuna.in/details/5829382873?utm_medium=api&utm_source=10d03a1b,"India, Tamil Nadu, Madurai, Melur","Melur, Madurai",Adzuna,,Coordinates from Adzuna,True
Adzuna,5051646080,SEO Analyst,RadicalStart Infolab Private Limted,"Madurai, Tamil Nadu","India, Tamil Nadu, Madurai",Madurai,9.91051,78.1158,200000.0,300000.0,0,,full_time,"PR, Advertising & Marketing Jobs",pr-advertising-marketing-jobs,"Develop strategies that drive customers to the website Metrics Tracking & measure ROI. Use advanced metrics to measure the success of a marketing campaign Identify trends and insights, and optimize spend and performance based on the insights Brainstorm new and creative growth strategies Collaborate with internal teams to create landing pages and optimize user experience Up-to-date with the latest trends and best practices in online marketing and measurement Highly creative with experience in id…",2025-02-16T04:26:01Z,https://www.adzuna.in/details/5051646080?utm_medium=api&utm_source=10d03a1b,"India, Tamil Nadu, Madurai","Madurai, Tamil Nadu",Adzuna,,Coordinates from Adzuna,True
Adzuna,2115053039,SEO Specialist,Uplogic Technologies Pvt ltd,"Madurai, Tamil Nadu","India, Tamil Nadu, Madurai",Madurai,9.91051,78.1158,0.0,400000.0,0,,full_time,IT Jobs,it-jobs,"Greeting from Uplogic Technologies Pvt Ltd We are looking for a dynamic and organized professional to our team in Madurai Branch who are excel in everything he or she do and interested in learn and grow along with Uplogic Team and enhance their hands in the development of Organization. If you are interested, share your updated profile. Experience: 1 to 5 years Designation: SEO Analyst Job Location: Madurai Job Description Must have sound Knowledge in On-page Optimization and Off-page Optimizati…",2021-04-13T05:24:45Z,https://www.adzuna.in/details/2115053039?utm_medium=api&utm_source=10d03a1b,"India, Tamil Nadu, Madurai","Madurai, Tamil Nadu",Adzuna,,Coordinates from Adzuna,True
Adzuna,5831925279,Sales Coordinator,Smart Work Consultants,"Melur, Madurai","India, Tamil Nadu, Madurai, Melur",Madurai,9.91051,78.1158,,,0,permanent,full_time,Admin Jobs,admin-jobs,"We are looking for a proactive and detail-oriented Sales Coordinator to support our sales team by ensuring smooth order processing, customer coordination, sales reporting, and timely delivery. The ideal candidate should possess excellent communication skills and strong coordination abilities to help achieve sales targets and enhance customer satisfaction. Key Responsibilities ✔ Coordinate with the sales team, distributors, and customers for order processing ✔ Prepare quotations, sales orders, i…",2026-08-07T16:52:55Z,https://www.adzuna.in/details/5831925279?utm_medium=api&utm_source=10d03a1b,"India, Tamil Nadu, Madurai, Melur","Melur, Madurai",Adzuna,,Coordinates from Adzuna,True
Adzuna,5813466828,Sales Executive,Smart Work Consultants,"Melur, Madurai","India, Tamil Nadu, Madurai, Melur",Madurai,9.91051,78.1158,,,0,permanent,full_time,Sales Jobs,sales-jobs,"We are looking for an energetic and target-driven Sales Executive to promote our agro products, expand dealer and distributor networks, and build strong relationships with farmers and agri-business partners. If you have a passion for agriculture, field sales, and business development, this is an exciting opportunity to grow with a leading agro company. Key Responsibilities: ✔ Develop and expand dealer, distributor, and retailer networks ✔ Promote agro products including seeds, fertilizers, pest…",2026-07-24T12:42:50Z,https://www.adzuna.in/details/5813466828?utm_medium=api&utm_source=10d03a1b,"India, Tamil Nadu, Madurai, Melur","Melur, Madurai",Adzuna,,Coordinates from Adzuna,True
Adzuna,5836846707,Senior Specialist Engineering - Software,Aparajitha Corporate Services  Ltd,"Melur, Madurai","India, Tamil Nadu, Madurai, Melur",Madurai,9.9357,78.1158,,,0,permanent,,IT Jobs,it-jobs,"Angular UI Developer We are looking for an experienced and passionate Angular UI Developer to drive the development of modern, responsive, and scalable enterprise web applications . The ideal candidate will be responsible for designing, developing, and maintaining high-quality user interfaces using Angular and modern frontend technologies . You will work closely with backend developers, UI/UX designers, and product teams to build intuitive, high-performance applications while following industry…",2026-08-11T20:59:01Z,https://www.adzuna.in/details/5836846707?utm_medium=api&utm_source=10d03a1b,"India, Tamil Nadu, Madurai, Melur","Melur, Madurai",Adzuna,,Coordinates from Adzuna,True
Adzuna,5791110303,Site Engineer,Smart Work Consultants,"Melur, Madurai","India, Tamil Nadu, Madurai, Melur",Madurai,9.91051,78.1158,,,0,permanent,full_time,Trade & Construction Jobs,trade-construction-jobs,"We are looking for a dedicated and technically proficient Site Engineer to oversee construction activities, ensure project quality, and deliver projects safely and on schedule. If you have expertise in site execution, project coordination, quality control, and construction management , this is an excellent opportunity to build your career with a leading construction company. Key Responsibilities: ✔ Supervise day-to-day construction site activities ✔ Ensure project execution as per drawings and …",2026-07-07T20:20:00Z,https://www.adzuna.in/details/5791110303?utm_medium=api&utm_source=10d03a1b,"India, Tamil Nadu, Madurai, Melur","Melur, Madurai",Adzuna,,Coordinates from Adzuna,True
Adzuna,4444041133,Sound-Box service - Troubleshooting/Replacement/Repair,Paytm,"Madurai, Tamil Nadu","India, Tamil Nadu, Madurai",Madurai,9.91051,78.1158,15000.0,18000.0,0,,full_time,Sales Jobs,sales-jobs,"Job Description: Sound-Box service - Troubleshooting/Replacement/Repair Merchant Retention Merchant training on Payments products and application Market and merchant feedback Competition Insights 0-1 Years of relevant experience from Telecom, banking, Retail, Wallet, E-commerce, Any other sales. Fresher candidates with good sales and service acumen are welcome for the profile Qualification: Arts & Science and B.E -Engineering-IT, CSE, ECE, CS and MCA Documents Required: Aadhar Mandatory Driving…",2023-11-21T03:29:21Z,https://www.adzuna.in/details/4444041133?utm_medium=api&utm_source=10d03a1b,"India, Tamil Nadu, Madurai","Madurai, Tamil Nadu",Adzuna,,Coordinates from Adzuna,True
Adzuna,5816686656,Structural Engineer,Smart Work Consultants,"Melur, Madurai","India, Tamil Nadu, Madurai, Melur",Madurai,9.91051,78.1158,,,0,permanent,full_time,Engineering Jobs,engineering-jobs,"We are looking for a skilled and detail-oriented Structural Engineer to design, analyze, and supervise structural systems for residential, commercial, industrial, and institutional projects. The ideal candidate should have strong expertise in structural design, RCC and steel structures, structural analysis, and site coordination . Key Responsibilities ✔ Design RCC, steel, and composite structures as per relevant codes and standards ✔ Perform structural analysis, calculations, and load assessmen…",2026-07-27T00:44:37Z,https://www.adzuna.in/details/5816686656?utm_medium=api&utm_source=10d03a1b,"India, Tamil Nadu, Madurai, Melur","Melur, Madurai",Adzuna,,Coordinates from Adzuna,True
Adzuna,5447911617,Technical Content Writer,IdeaLaunch Tech Solution,"Madurai, Tamil Nadu","India, Tamil Nadu, Madurai",Madurai,9.91051,78.1158,100000.0,300000.0,0,,full_time,Scientific & QA Jobs,scientific-qa-jobs,"Full job description Job Title : Technical Content Writer Experience : 1 - 2 years Job Location : Madurai (On-site) We are seeking an experienced candidate to support PhD scholars across all departments in high-quality academic paper writing. Job Description: Strong skills in academic and technical writing, including experience in analysing the nature of the work. High level of accuracy and attention to detail in writing and editing. Good written and verbal communication skills. Ability to mana…",2025-10-15T09:24:43Z,https://www.adzuna.in/details/5447911617?utm_medium=api&utm_source=10d03a1b,"India, Tamil Nadu, Madurai","Madurai, Tamil Nadu",Adzuna,,Coordinates from Adzuna,True
Adzuna,5447911585,Wordpress Developer,IdeaLaunch Tech Solution,"Madurai, Tamil Nadu","India, Tamil Nadu, Madurai",Madurai,9.91051,78.1158,150000.0,300000.0,0,,full_time,IT Jobs,it-jobs,"Job description: Job Title: WordPress Developer Experience : 1 - 2 years Location : Madurai (On-site) We are seeking a skilled WordPress Developer to design, develop, and maintain our WordPress websites. The ideal candidate should have experience in creating custom themes, plugins, and optimizing website performance. You should be proficient in PHP, HTML, CSS, JavaScript, and have a strong understanding of SEO and security best practices Key Responsibilities: Develop and maintain WordPress webs…",2025-10-15T09:24:42Z,https://www.adzuna.in/details/5447911585?utm_medium=api&utm_source=10d03a1b,"India, Tamil Nadu, Madurai","Madurai, Tamil Nadu",Adzuna,,Coordinates from Adzuna,True
Adzuna,3576196162,iOS Developer,Introvc,"Madurai, Tamil Nadu","India, Tamil Nadu, Madurai",Madurai,9.91051,78.1158,480000.0,1800000.0,0,,full_time,IT Jobs,it-jobs,"The ideal candidate will be responsible for designing, developing, testing, and debugging mobile applications for the company. Using Swift / Kotlin this candidate will be able to translate user and business needs into functional frontend design. Responsibilities Designing, developing, and testing UI for mobile applications Build reusable code and libraries for future use Accurately translate user and business needs into functional frontend code Qualifications 3 years' experience in frontend dev…",2022-10-11T07:23:25Z,https://www.adzuna.in/details/3576196162?utm_medium=api&utm_source=10d03a1b,"India, Tamil Nadu, Madurai","Madurai, Tamil Nadu",Adzuna,,Coordinates from Adzuna,True
Adzuna,5822617788,AI & ML Intern,LezDo TechMed Private Limited,"Omalur, Salem","India, Tamil Nadu, Salem, Omalur",Salem,11.711,78.1292,,,0,permanent,full_time,IT Jobs,it-jobs,"About LezDo TechMed: LezDo TechMed Pvt. Ltd. is a medical-legal services provider specializing in healthcare data analysis and documentation support for the medical, legal, and insurance industries in the United States. As part of our digital transformation initiatives, we leverage Artificial Intelligence, Machine Learning, and Generative AI technologies to build innovative solutions that enhance operational efficiency and deliver greater value to our clients. Role Overview: The AI & ML Intern …",2026-08-01T00:54:38Z,https://www.adzuna.in/details/5822617788?utm_medium=api&utm_source=10d03a1b,"India, Tamil Nadu, Salem, Omalur","Omalur, Salem",Adzuna,,Coordinates from Adzuna,True
Adzuna,5749673281,Acquisition Manager-Sales-Sales,Kotak Mahindra Bank,"Salem, Tamil Nadu","India, Tamil Nadu, Salem",Salem,11.56305,77.99725,,,0,,full_time,Sales Jobs,sales-jobs,"Description The Acquisition Manager – RL Sales is responsible for driving the acquisition of retail loan customers through direct and indirect channels. The role involves identifying potential customers, managing relationships with channel partners, ensuring compliance with documentation, and achieving sales targets for retail loan products such as home loans, LAP (Loan Against Property), and personal loans. Responsibilities Acquire new customers for retail loan products through DSAs, connector…",2026-06-03T02:29:27Z,https://www.adzuna.in/details/5749673281?utm_medium=api&utm_source=10d03a1b,"India, Tamil Nadu, Salem","Salem, Tamil Nadu",Adzuna,,Coordinates from Adzuna,True
Adzuna,5797378803,Acquisition Manager-Sales-Sales,Kotak Mahindra Bank,"Sankari, Salem","India, Tamil Nadu, Salem, Sankari",Salem,11.42595,77.9269,,,0,,full_time,Sales Jobs,sales-jobs,"Description The Acquisition Manager – RL Sales is responsible for driving the acquisition of retail loan customers through direct and indirect channels. The role involves identifying potential customers, managing relationships with channel partners, ensuring compliance with documentation, and achieving sales targets for retail loan products such as home loans, LAP (Loan Against Property), and personal loans. Responsibilities Acquire new customers for retail loan products through DSAs, connector…",2026-07-12T03:29:01Z,https://www.adzuna.in/details/5797378803?utm_medium=api&utm_source=10d03a1b,"India, Tamil Nadu, Salem, Sankari","Sankari, Salem",Adzuna,,Coordinates from Adzuna,True
Adzuna,5812266913,Area Sales Executive,Loom Solar Pvt. Ltd.,"Edappadi, Salem","India, Tamil Nadu, Salem, Edappadi",Salem,11.2204,78.17115,200000.0,300000.0,0,permanent,,Sales Jobs,sales-jobs,"Job Purpose 1. Drive sales growth of solar products through distributor training and customer engagement. 2. Expand the dealer and distributor network by onboarding high-potential partners from the solar industry and competitors. 3. Build long-term trust with channel partners to ensure Loom Solar remains their first choice for solar solutions. Primary Responsibilities Meet retail shops, solar dealers, and distributors daily (minimum 10 visits) to promote Loom Solar products. Conduct cold callin…",2026-07-23T16:40:30Z,https://www.adzuna.in/details/5812266913?utm_medium=api&utm_source=10d03a1b,"India, Tamil Nadu, Salem, Edappadi","Edappadi, Salem",Adzuna,,Coordinates from Adzuna,True
Adzuna,5828376077,Area manager - Namakkal,Nvron Life science Limited,"Edappadi, Salem","India, Tamil Nadu, Salem, Edappadi",Salem,11.2204,78.17115,15000.0,20000.0,0,permanent,full_time,Sales Jobs,sales-jobs,"Area Manager - Pharmaceutical Sales Location: Namakkal, Tamil Nadu Employment Type: Full-time Experience: 1-3 Years Salary: ₹20,000 - ₹30,000 per month We are looking for an experienced and results-driven Area Manager to lead pharmaceutical sales operations in the Namakkal region. The ideal candidate will be responsible for achieving sales targets, managing territory performance, building strong relationships with healthcare professionals, and driving business growth. Key Responsibilities Achie…",2026-08-05T04:54:06Z,https://www.adzuna.in/details/5828376077?utm_medium=api&utm_source=10d03a1b,"India, Tamil Nadu, Salem, Edappadi","Edappadi, Salem",Adzuna,,Coordinates from Adzuna,True
Adzuna,5822617784,Auto Branding Verification Executive- Salem,2coms,"Omalur, Salem","India, Tamil Nadu, Salem, Omalur",Salem,11.6512,78.1453,0.0,200000.0,0,contract,,"PR, Advertising & Marketing Jobs",pr-advertising-marketing-jobs,Immediate Hiring – Auto Branding Verification Executive (Freelance) Job Locations: Salem Looking for a flexible field job with weekly payouts? Join our team as an Auto Branding Verification Executive and earn while working just 5–6 hours a day! Earnings ₹500 – ₹800 per day Weekly Payouts Working Hours Approximately 5–6 hours per day Flexible working schedule Key Responsibilities Visit assigned locations to verify auto-rickshaw branding and advertisements. Check whether advertisements are correc…,2026-08-01T00:54:38Z,https://www.adzuna.in/details/5822617784?utm_medium=api&utm_source=10d03a1b,"India, Tamil Nadu, Salem, Omalur","Omalur, Salem",Adzuna,,Coordinates from Adzuna,True
Adzuna,5467668006,Branch Manager - Salem,Nippon India Mutual Fund,"Salem, Tamil Nadu","India, Tamil Nadu, Salem",Salem,11.56305,77.99725,,,0,,full_time,Sales Jobs,sales-jobs,"Description Responsible for achieving Sales Targets, Sales patterns in the market. Drive all business segments by diligent deployment of targets across segments. Prospecting, selling & managing channel partners in the area. Empanel & Activate distributors by providing timely support on product and skill training. Identification, Acquisition, development of new markets/ Business opportunity. Drive initiatives and campaign launched by Zonal/ HO. Regular monitoring & review of individual productiv…",2025-10-28T14:58:53Z,https://www.adzuna.in/details/5467668006?utm_medium=api&utm_source=10d03a1b,"India, Tamil Nadu, Salem","Salem, Tamil Nadu",Adzuna,,Coordinates from Adzuna,True
Adzuna,5848120078,Business Development Executive,Unitos Aero Drone,"Salem, Tamil Nadu","India, Tamil Nadu, Salem",Salem,11.56305,77.99725,,,0,,full_time,Sales Jobs,sales-jobs,"Company Description Unitos Aero Drone is a Drone-as-a-Service (DaaS) provider specializing in mapping, survey, inspection, and surveillance solutions for diverse industries. The company uses advanced photogrammetric data acquisition techniques to capture accurate, real-time data for terrestrial and aerial missions. Unitos Aero Drone emphasizes precision and reliability, delivering high-quality digital datasets that support informed decision-making and future reference. By following standardized…",2026-08-19T17:14:01Z,https://www.adzuna.in/land/ad/5848120078?se=IpgZZHSc8RGlrvMe-VN8Yg&utm_medium=api&utm_source=10d03a1b&v=29545E33D629DA3281D83393EF7E0492F291EBAD,"India, Tamil Nadu, Salem","Salem, Tamil Nadu",Adzuna,,Coordinates from Adzuna,True
Adzuna,5725363928,Business Development Manager – TW Loans| Salem,CSB Bank,"Salem, Tamil Nadu","India, Tamil Nadu, Salem",Salem,11.56305,77.99725,,,0,,full_time,Sales Jobs,sales-jobs,"Description Lead and manage two-wheeler business sourcing operations at the state level. Deliver outstanding customer service to support business growth and customer loyalty. Supervise frontline sales and business development teams, ensuring achievement of targets. Foster and maintain key strategic relationships with customers, dealers, corporate DSAs, and other partners. Ensure adherence to compliance standards across all activities. Uphold high quality standards in sourcing operations. Facili…",2026-05-11T02:20:27Z,https://www.adzuna.in/details/5725363928?utm_medium=api&utm_source=10d03a1b,"India, Tamil Nadu, Salem","Salem, Tamil Nadu",Adzuna,,Coordinates from Adzuna,True
Adzuna,5778438069,Customer Care Manager,Mahindra Finance,"Salem, Tamil Nadu","India, Tamil Nadu, Salem",Salem,11.56305,77.99725,,,0,,,Engineering Jobs,engineering-jobs,Responsibilities & Key Deliverables Analyse the technical complaints of the vehicle in the field Rectify defects in vehicles / overhaul aggregates Maintain and handle internet based warranty Ensure implementation of service processes at channel partners Development of secondary channel Feed back on companys as well as competitors products Training of service managers Work out special service support for strategic customers with channel partners Ensure execution of spare parts order by all chann…,2026-06-27T07:26:34Z,https://www.adzuna.in/details/5778438069?utm_medium=api&utm_source=10d03a1b,"India, Tamil Nadu, Salem","Salem, Tamil Nadu",Adzuna,,Coordinates from Adzuna,True
Adzuna,5725372175,Customer Relationship Officer| Salem,CSB Bank,"Salem, Tamil Nadu","India, Tamil Nadu, Salem",Salem,11.56305,77.99725,,,0,,full_time,Sales Jobs,sales-jobs,"Description Business sourcing and relationship management of sourcing channels , Co-ordination with internal stakeholders, End to End process coordination of loan disbursement Responsibilities Managing and motivating the sales team towards achieving targets. Responsible for empanelment of new dealers and resource allocation. Ensuring process & documentation compliance, FI, agreement execution & credit approval. Hiring, training & development of sales team to achieve targeted numbers. Qualificat…",2026-05-11T02:24:01Z,https://www.adzuna.in/details/5725372175?utm_medium=api&utm_source=10d03a1b,"India, Tamil Nadu, Salem","Salem, Tamil Nadu",Adzuna,,Coordinates from Adzuna,True
Adzuna,5797506410,Customer Service,Home First Finance Company,"Salem, Tamil Nadu","India, Tamil Nadu, Salem",Salem,11.56305,77.99725,,,0,,,Customer Services Jobs,customer-services-jobs,"You are in charge of delighting our customers Make them understand the loan parameter Help them with loan signing, cross-sell products and guide them to complete their loan transaction You will move disbursals, branch operations and reconciliations Its mandatory, that you work from the office, so treat it like home first and office later! Skills: Branch Operations, Incharge, Customer Service Experience: 2.00-5.00 Years",2026-07-12T07:19:31Z,https://www.adzuna.in/details/5797506410?utm_medium=api&utm_source=10d03a1b,"India, Tamil Nadu, Salem","Salem, Tamil Nadu",Adzuna,,Coordinates from Adzuna,True
Adzuna,5813701457,Deputy Manager - GL RCU & Vigilance,Bajaj Finserv,"Salem, Tamil Nadu","India, Tamil Nadu, Salem",Salem,11.56305,77.99725,,,0,,full_time,Accounting & Finance Jobs,accounting-finance-jobs,Location Name: Salem - Meyyanur Bypass Road Job Purpose “This position is open with Bajaj Finance ltd.”MANAGING RISK IN GOLD LOAN BY ENSURING COLLATERAL QUALITY & PROCESS ARE AS PER DEFINED PROCESS IN ALLOCATED REGION.Culture Anchor:Work Hard - Consistently puts in effort. plans and tracks daily progress to achieve targetsExecute with Rigor - Takes responsibility for meeting targets with focus and effortOwn It - Maintains honesty and fairness in all interactions in line with organization’s poli…,2026-07-24T15:55:46Z,https://www.adzuna.in/details/5813701457?utm_medium=api&utm_source=10d03a1b,"India, Tamil Nadu, Salem","Salem, Tamil Nadu",Adzuna,,Coordinates from Adzuna,True
Adzuna,5412332465,Director of Development,Salem Academy Charter School,"Salem, Tamil Nadu","India, Tamil Nadu, Salem",Salem,11.56305,77.99725,,,0,,,"PR, Advertising & Marketing Jobs",pr-advertising-marketing-jobs,"Salem Academy Charter School (SACS) is a nationally ranked urban charter school north of Boston offering a rigorous college preparatory program to 480 students in grades 6-12. For 18 years, SACS has been committed to serving the diverse population of Salem. Through a unique integration of rigorous college preparatory classes with service to the community, Salem Academy graduates informed, articulate and proactive individuals of strong character. Salem Academy is committed to building a diverse …",2025-09-23T23:58:05Z,https://www.adzuna.in/details/5412332465?utm_medium=api&utm_source=10d03a1b,"India, Tamil Nadu, Salem","Salem, Tamil Nadu",Adzuna,,Coordinates from Adzuna,True
Adzuna,5796417065,Electronics Service Engineer,Vishwakarma Consultancy,"Salem, Tamil Nadu","India, Tamil Nadu, Salem",Salem,11.56305,77.99725,,,0,,,Engineering Jobs,engineering-jobs,"Job description: Should have 0-1 Year of experience in servicing of electronic equipment. Must be conversant with local language and English. Should have two wheeler Bike with valid Driving license Employment Type: Full Time, Permanent Role Category: After Sales Service & Repair Education: UG: Diploma in Any Specialization, B.Tech/B.E. in Any Specialization PG: PG Diploma in Any Specialization, Any Postgraduate Skills: Servicing, Repairing, Machine Tools, Driving, Electronic Equipment Testing E…",2026-07-11T07:21:28Z,https://www.adzuna.in/details/5796417065?utm_medium=api&utm_source=10d03a1b,"India, Tamil Nadu, Salem","Salem, Tamil Nadu",Adzuna,,Coordinates from Adzuna,True
Adzuna,5788466433,Facilities and Supplies Specialist,Frontier Dermatology,"Salem, Tamil Nadu","India, Tamil Nadu, Salem",Salem,11.56305,77.99725,,,0,,,Admin Jobs,admin-jobs,"Frontier Dermatology invites skilled and dedicated professionals to explore our openings throughout our 35 locations in Oregon and Washington, and become an integral part of our operational success. Our team is essential to our mission of providing exceptional patient care, and we are looking for individuals who share our commitment to excellence. Join us in shaping the future of dermatological support services while advancing your career in our esteemed medical practice. Join our growing compa…",2026-07-05T03:37:47Z,https://www.adzuna.in/details/5788466433?utm_medium=api&utm_source=10d03a1b,"India, Tamil Nadu, Salem","Salem, Tamil Nadu",Adzuna,,Coordinates from Adzuna,True
Adzuna,5794911151,HR Apprentice (Talent Acquisition & HR Operations),Springreen,"Salem, Tamil Nadu","India, Tamil Nadu, Salem",Salem,11.56305,77.99725,50000.0,50000.0,0,contract,part_time,HR & Recruitment Jobs,hr-jobs,"HR Apprenticeship Program – Build Your Career in Human Resources Springreen is inviting students and fresh graduates to join our structured HR Apprenticeship Program . This program is designed for individuals who are passionate about Human Resources, Talent Acquisition, Recruitment, and Corporate Operations. This is a learning-focused apprenticeship where participants receive practical corporate exposure, structured training, and mentorship while working alongside experienced professionals on r…",2026-07-10T06:25:48Z,https://www.adzuna.in/details/5794911151?utm_medium=api&utm_source=10d03a1b,"India, Tamil Nadu, Salem","Salem, Tamil Nadu",Adzuna,,Coordinates from Adzuna,True
Adzuna,5150834323,HR Recruiter - Talent Acquisition,SR UNIVERSE TECH,"Salem, Tamil Nadu","India, Tamil Nadu, Salem",Salem,11.56305,77.99725,100000.0,140000.0,0,,full_time,HR & Recruitment Jobs,hr-jobs,"SR Universe Tech is Hiring for - HR Executive - Talent Acquisition  Job Title: HR Executive - Talent Acquisition (0-3 Years Experience) Department: Human Resources Location: Salem Job Type: Full-time We are looking for a dynamic HR Executive - Talent Acquisition with 0-3 years of experience to support our recruitment process. The ideal candidate will be responsible for sourcing, screening, interviewing, and onboarding candidates while ensuring a seamless hiring experience. This is a great oppor…",2025-04-18T06:35:03Z,https://www.adzuna.in/details/5150834323?utm_medium=api&utm_source=10d03a1b,"India, Tamil Nadu, Salem","Salem, Tamil Nadu",Adzuna,,Coordinates from Adzuna,True
Adzuna,5412326317,High School History Teacher,Salem Academy Charter School,"Salem, Tamil Nadu","India, Tamil Nadu, Salem",Salem,11.56305,77.99725,,,0,,full_time,Teaching Jobs,teaching-jobs,"Salem Academy Charter School (SACS) is a nationally ranked urban charter school north of Boston offering a rigorous college preparatory program to 480 students in grades 6-12. For 18 years, SACS has been committed to serving the diverse population of Salem. Through a unique integration of rigorous college preparatory classes with service to the community, Salem Academy graduates informed, articulate and proactive individuals of strong character. Salem Academy seeks teachers who believes that al…",2025-09-23T23:51:24Z,https://www.adzuna.in/details/5412326317?utm_medium=api&utm_source=10d03a1b,"India, Tamil Nadu, Salem","Salem, Tamil Nadu",Adzuna,,Coordinates from Adzuna,True
Adzuna,5412331800,High School Math Teacher,Salem Academy Charter School,"Salem, Tamil Nadu","India, Tamil Nadu, Salem",Salem,11.56305,77.99725,,,0,,full_time,Teaching Jobs,teaching-jobs,"Who We Are Salem Academy Charter School (SACS) is a nationally ranked urban charter school north of Boston, MA offering a rigorous college preparatory program to nearly 500 students in grades 6-12. For 18 years, SACS has been committed to serving the diverse population of Salem. Through a unique integration of rigorous college preparatory classes with service to the community, Salem Academy graduates informed, articulate and proactive individuals of strong character. Learn more about Salem Acad…",2025-09-23T23:57:25Z,https://www.adzuna.in/details/5412331800?utm_medium=api&utm_source=10d03a1b,"India, Tamil Nadu, Salem","Salem, Tamil Nadu",Adzuna,,Coordinates from Adzuna,True
Adzuna,5802074646,Human Resources Officer,Isha Life Private Limited,"Salem, Tamil Nadu","India, Tamil Nadu, Salem",Salem,11.56305,77.99725,,,0,,,HR & Recruitment Jobs,hr-jobs,"We're Hiring: Human Resources Officer | Isha Vidhya Join Isha Vidhya an educational initiative of Isha Foundation and help create a positive workplace that empowers educators and transforms rural education. Location: Vanavasi (Salem) or Samichettipatti (Dharmapuri) Experience: 2–5 Years Qualification: MBA in Human Resources Salary: As par with industry standards Key Responsibilities: Manage day-to-day HR operations. Handle end-to-end recruitment, onboarding, and induction. Maintain employee rec…",2026-07-16T07:23:59Z,https://www.adzuna.in/details/5802074646?utm_medium=api&utm_source=10d03a1b,"India, Tamil Nadu, Salem","Salem, Tamil Nadu",Adzuna,,Coordinates from Adzuna,True
Adzuna,5804149625,Immediate Openings For Certified ED Facility Coders @ Vee Healthtek,Vee Healthtek Private Limited,"Salem, Tamil Nadu","India, Tamil Nadu, Salem",Salem,11.56305,77.99725,,,0,,,Scientific & QA Jobs,scientific-qa-jobs,"Immediate Job Openings ED Facility Medical Coders | Vee Healthtek | Chennai Vee Healthtek is hiring experienced ED Facility Medical Coders for its Chennai office. Position Details Specialty: ED Facility Medical Coding Experience: 1 - 4 Years Designation: Medical Coder / Senior Medical Coder Certification: CPC / COC / CCS (Mandatory) Salary: Up to 32,000 CTC Location: Chennai, Bangalore & Salem (Work From Office) Joining Requirement: Immediate Joiners Only Eligibility Minimum 1 year of experienc…",2026-07-17T07:24:38Z,https://www.adzuna.in/details/5804149625?utm_medium=api&utm_source=10d03a1b,"India, Tamil Nadu, Salem","Salem, Tamil Nadu",Adzuna,,Coordinates from Adzuna,True
Adzuna,5817333264,KRAFTFAHRER BETONMISCHFAHRZEUG/ STELLVERTR. MISCHMEISTER/MASCHINIST (M/W/D),Betonwerk Sa,"Salem, Tamil Nadu","India, Tamil Nadu, Salem",Salem,11.56305,77.99725,,,0,,full_time,Retail Jobs,retail-jobs,"Für unser Betonwerk in Salem Ihre Aufgaben Sie werden als Fahrer von Betonmischfahrzeugen im Nahverkehr eingesetzt. Daneben helfen Sie mit bei Reparaturarbeiten, Pflege und Wartung der Fahrmischer. Sie übernehmen außerdem die Stellvertretung des Wiegemeisters und sind hier für das EDV-basierte Wiegeterminal zuständig. Darüber hinaus werden Sie sporadisch bzw. zeitweise als Maschinist auf dem Radlader. Ihr Profil Gültige Führerscheinklasse CE inkl. Eintragung der Schlüsselzahl 95. Sie arbeiten b…",2026-07-27T15:56:31Z,https://www.adzuna.in/details/5817333264?utm_medium=api&utm_source=10d03a1b,"India, Tamil Nadu, Salem","Salem, Tamil Nadu",Adzuna,,Coordinates from Adzuna,True
Adzuna,5842099472,Key Relationship Manager - Banca Channel,SkillLabs,"Omalur, Salem","India, Tamil Nadu, Salem, Omalur",Salem,11.6512,78.1453,700000.0,800000.0,0,,,Sales Jobs,sales-jobs,"Execution Analyze the customer segmentation, sales trends in terms of demographics, geography, characteristics etc. to assess the potential for business Conduct trainings at the branch for all banking partners around regulatory guidelines and products. Plan for activation of branches through R&R activities to increase the penetration in active branches to realize full potential of the bank partner in the given geography Relationship Management Drive the campaign/contest for the Bank to drive sa…",2026-08-14T23:45:06Z,https://www.adzuna.in/details/5842099472?utm_medium=api&utm_source=10d03a1b,"India, Tamil Nadu, Salem, Omalur","Omalur, Salem",Adzuna,,Coordinates from Adzuna,True
Adzuna,5797506905,Marketing Executive (Medical Representative),Tablets India,"Salem, Tamil Nadu","India, Tamil Nadu, Salem",Salem,11.56305,77.99725,,,0,,,Sales Jobs,sales-jobs,"We are looking for a dynamic and results-oriented Marketing Executive (Medical Representative) to join our sales and marketing team. The Medical Representative will be responsible for promoting and selling the company's pharmaceutical products to healthcare professionals, including doctors, pharmacists, and hospitals. The ideal candidate will have a strong understanding of the pharmaceutical industry, excellent communication skills, and the ability to build long-term relationships with healthca…",2026-07-12T07:20:01Z,https://www.adzuna.in/details/5797506905?utm_medium=api&utm_source=10d03a1b,"India, Tamil Nadu, Salem","Salem, Tamil Nadu",Adzuna,,Coordinates from Adzuna,True
Adzuna,5794934996,Medical Coder,Vee Healthtek Private Limited,"Salem, Tamil Nadu","India, Tamil Nadu, Salem",Salem,11.56305,77.99725,,,0,,,IT Jobs,it-jobs,"Key Details: Experience: 1 Years of experience in EM, ED, Radiology, Anesthesia, IVR, Denials, IP DRG & Surgery Medical Coding. Specialties: EM, ED, Radiology, Anesthesia, IVR, Denials, IP DRG & Surgery. Total Experience Required: 1-5 Years. Designation: Medical Coder / Senior Coder. Certification: Open to both Certified and Non-Certified candidates. Joining Requirement: Immediate joiners only. Location: Chennai, Trichy, Salem, Bangalore, Hyderabad (Work From Office) Responsibilities: Accuratel…",2026-07-10T07:16:42Z,https://www.adzuna.in/details/5794934996?utm_medium=api&utm_source=10d03a1b,"India, Tamil Nadu, Salem","Salem, Tamil Nadu",Adzuna,,Coordinates from Adzuna,True
Adzuna,5837120885,Medical Coding fresher Job- Life science Graduates 2025/2026 Freshers Wanted,I Skills Solutions,"Chennai, Tamil Nadu","India, Tamil Nadu, Chennai",Salem,11.56305,77.99725,,,0,,,Scientific & QA Jobs,scientific-qa-jobs,CT HR Kaaru- 8190882200 (Whats App) Position: Medical Coder Job Description: Medical Coding is the process of conversion of text information related to healthcare services into numeric Diagnosis (Medical Problems) and Procedure (Treatments) Codes using ICD-10 CM and CPT code books. Requirement: Knowledge in Anatomy and Physiology Good communication and interpersonal skills Basic Computer Skills No of vacancy: 500 Eligibility: Nursing GNM/DGNM Life science graduates Pharmacy Physician assistant …,2026-08-12T00:14:30Z,https://www.adzuna.in/land/ad/5837120885?se=IpgZZHSc8RGlrvMe-VN8Yg&utm_medium=api&utm_source=10d03a1b&v=77046BA78973C478BE014C4A25A831E6407FEFDF,"India, Tamil Nadu, Chennai","Chennai, Tamil Nadu",Adzuna,,Coordinates from Adzuna,True
Adzuna,5828375192,"PYP Coordinator needed in a School in Salem, Tamil Nadu - ( Job ID - 23909)",EducoHire,"Omalur, Salem","India, Tamil Nadu, Salem, Omalur",Salem,11.7204,78.1678,1200000.0,1200000.0,0,permanent,,Teaching Jobs,teaching-jobs,"PYP Coordinator needed in a School in Salem, Tamil Nadu. Immediate joining. Female Candidate needed. Role - Take responsibility for the holistic development, discipline, and wellbeing of students while ensuring they progress according to their abilities and perform strongly in board and internal assessments. Support curriculum delivery, student learning, and whole-school development through collaborative planning, positive classroom environments, mentoring, and active participation in school ev…",2026-08-05T04:53:35Z,https://www.adzuna.in/details/5828375192?utm_medium=api&utm_source=10d03a1b,"India, Tamil Nadu, Salem, Omalur","Omalur, Salem",Adzuna,,Coordinates from Adzuna,True
Adzuna,5752355253,Physical Therapy Assistant PRN (55319),Livingston Hospital,"Salem, Tamil Nadu","India, Tamil Nadu, Salem",Salem,11.56305,77.99725,,,0,,,Healthcare & Nursing Jobs,healthcare-nursing-jobs,"Description POSITION SUMMARY: A skilled health care worker, certified and licensed by the Kentucky Board of Physical Therapy, who performs physical therapy and related duties as assigned by the supervising physical therapist. Uses own professional judgement to maintain and carryout duties of the department and provided direct patient care. Understands and provides age appropriate care to all ages from pediatric, adolescent, adult and for geriatric patients. PRIMARY RESPONSIBILITIES & AUTHORITIE…",2026-06-05T02:37:15Z,https://www.adzuna.in/details/5752355253?utm_medium=api&utm_source=10d03a1b,"India, Tamil Nadu, Salem","Salem, Tamil Nadu",Adzuna,,Coordinates from Adzuna,True
Adzuna,5727273996,Relationship Manager,Altum Credo,"Salem, Tamil Nadu","India, Tamil Nadu, Salem",Salem,11.56305,77.99725,,,0,,,Accounting & Finance Jobs,accounting-finance-jobs,"Job Description Sourcing of new proposal for Home Loans, Mortgage/LAP. To execute the business objectives for the area in line with the Affordable Loans segment objectives of book size, profitability, portfolio management, etc. To develop and manage the Business and focus towards achieving business results. The Development, Preparation And Promotion Of Home Loan Programs. Develop And Maintain Strong Relationship With The Clients For Repeat Business Or Referrals. Meet Clients, Verify Documents, …",2026-05-13T02:17:30Z,https://www.adzuna.in/details/5727273996?utm_medium=api&utm_source=10d03a1b,"India, Tamil Nadu, Salem","Salem, Tamil Nadu",Adzuna,,Coordinates from Adzuna,True
Adzuna,5808484004,Relationship Manager-CONSTRUCTION EQUIPMENT (CE)-Marketing Branches Operations,Kotak Mahindra Bank,"Salem, Tamil Nadu","India, Tamil Nadu, Salem",Salem,11.56305,77.99725,,,0,,full_time,Accounting & Finance Jobs,accounting-finance-jobs,"Description We are looking for a results-driven and experienced Relationship Manager to lead business development and customer engagement in the Construction Equipment (CE) segment. The role involves enhancing the deposit base, cross-selling financial products, ensuring regulatory compliance, and driving branch profitability. The ideal candidate should have a strong background in retail liabilities, sales, and team leadership. Responsibilities Source New-to-Bank (NTB) clients to expand the cust…",2026-07-21T03:20:26Z,https://www.adzuna.in/details/5808484004?utm_medium=api&utm_source=10d03a1b,"India, Tamil Nadu, Salem","Salem, Tamil Nadu",Adzuna,,Coordinates from Adzuna,True
Adzuna,4801597912,Relationship Manager-Sales-Commercial Vehicle-Salem-Raja Towers-JM,Tata Capital,"Salem, Tamil Nadu","India, Tamil Nadu, Salem",Salem,11.56305,77.99725,,,0,,full_time,Sales Jobs,sales-jobs,"Description 1. Originate NTB prospects through direct sourcing and open market channels 2. Acquiring customers and taking their proposal up to the stage of disbursement. 3. Meeting existing customers to generate business opportunities thereby generating revenue 4. Catering to the business having a turnover of Rs 100 to 500 crs in Emerging Business, Rs 500 to 1000 crs in Mid Corporate and Rs 1000 crs & above in Large Corp with different working capital facilities such as Overdraft, Cash credit, …",2024-07-31T03:17:57Z,https://www.adzuna.in/details/4801597912?utm_medium=api&utm_source=10d03a1b,"India, Tamil Nadu, Salem","Salem, Tamil Nadu",Adzuna,,Coordinates from Adzuna,True
Adzuna,5313121412,Relationship manager,kaldan soft,"Salem, Tamil Nadu","India, Tamil Nadu, Salem",Salem,11.56305,77.99725,100000.0,300000.0,0,,full_time,Sales Jobs,sales-jobs,"Job Title: Relationship Manager Experience Required: 1 to 3 Years Job Locations: Chennai, Coimbatore, Erode, Salem, Madurai, Hosur, Puducherry, Trichy, Tiruvannamalai, Vellore Notice Period: Immediate to 30 Days Job Summary: We are seeking proactive and customer-oriented Relationship Managers to join our team across various locations in Tamil Nadu and Puducherry. The ideal candidate will be responsible for maintaining and growing strong client relationships, promoting products/services, and ens…",2025-07-20T07:47:28Z,https://www.adzuna.in/details/5313121412?utm_medium=api&utm_source=10d03a1b,"India, Tamil Nadu, Salem","Salem, Tamil Nadu",Adzuna,,Coordinates from Adzuna,True
Adzuna,5829382853,"Require a Technical Support Engineer in Salem, Tamil Nadu",TestHiring,"Omalur, Salem","India, Tamil Nadu, Salem, Omalur",Salem,11.6512,78.1453,15000.0,20000.0,0,permanent,,Customer Services Jobs,customer-services-jobs,"Provide voice-based support to international/domestic customers over the phone (Inbound and Outbound). Build a rapport with customers with clear and confident communication. Focus on customer satisfaction and first-time-resolution. Engage with the technical team to provide faster resolutions to technical issues. Work closely with the technical content team to identify gaps in the help module. Should be willing to work night shifts. Requirements Proven experience in customer service or support, …",2026-08-06T00:50:32Z,https://www.adzuna.in/details/5829382853?utm_medium=api&utm_source=10d03a1b,"India, Tamil Nadu, Salem, Omalur","Omalur, Salem",Adzuna,,Coordinates from Adzuna,True
Adzuna,5813701481,Reservations Host - Six Senses Fort Barwara,IHG Hotels & Resorts,"Salem, Tamil Nadu","India, Tamil Nadu, Salem",Salem,11.56305,77.99725,,,0,contract,,Admin Jobs,admin-jobs,"As Reservations Host, I will fully comprehend the vision of Six Senses to help people reconnect with themselves, others and the world around them and our values of local sensitivity and global sensibility, crafted experiences, emotional hospitality, responsible and caring, fun and quirky and pioneering wellness. Sustainability, Wellness and Out of the Ordinary experiences are at the core of everything we do at Six Senses. I will safeguard these pillars and ensure full knowledge and active parti…",2026-07-24T15:55:47Z,https://www.adzuna.in/details/5813701481?utm_medium=api&utm_source=10d03a1b,"India, Tamil Nadu, Salem","Salem, Tamil Nadu",Adzuna,,Coordinates from Adzuna,True
Adzuna,5503837363,Retail Sales Executive for Footwear Brand company,Atai Marketing Division LLP,"Salem, Tamil Nadu","India, Tamil Nadu, Salem",Salem,11.56305,77.99725,,,0,,full_time,Sales Jobs,sales-jobs,"Description We are looking for a Retail Sales Executive to join Jogger Group, a leading footwear brand company. As a Retail Sales Executive, you will play a crucial role in driving sales and providing exceptional customer service. You will be responsible for assisting customers, promoting products, and ensuring a positive shopping experience. This role is vital to the company's success as you will directly contribute to achieving sales targets and building customer loyalty. Join us in a dynamic…",2025-11-20T00:58:16Z,https://www.adzuna.in/details/5503837363?utm_medium=api&utm_source=10d03a1b,"India, Tamil Nadu, Salem","Salem, Tamil Nadu",Adzuna,,Coordinates from Adzuna,True
Adzuna,5812518187,Salem,btone FITNESS,"Salem, Tamil Nadu","India, Tamil Nadu, Salem",Salem,11.56305,77.99725,,,0,permanent,full_time,Teaching Jobs,teaching-jobs,First Name Last Name Email Address Phone Number What is your teaching availability? Monday morning (6a - 9a) Monday midday (9a - 1p) Monday afternoon/evening (4p - 8p) Tuesday morning (6a - 9a) Tuesday midday (9a - 1p) Tuesday afternoon/evening (4p - 8p) Wednesday morning (6a - 9a) Wednesday midday (9a - 1p) Wednesday afternoon/evening (4p - 8p) Thursday morning (6a - 9a) Thursday midday (9a - 1p) Thursday afternoon/evening (4p - 8p) Friday morning (6a - 9a) Friday midday (9a - 1p) Friday after…,2026-07-23T21:28:23Z,https://www.adzuna.in/details/5812518187?utm_medium=api&utm_source=10d03a1b,"India, Tamil Nadu, Salem","Salem, Tamil Nadu",Adzuna,,Coordinates from Adzuna,True
Adzuna,5590143346,Sales Director,Telth Healthcare Pvt Ltd,"Salem, Tamil Nadu","India, Tamil Nadu, Salem",Salem,11.56305,77.99725,1200000.0,1500000.0,0,,full_time,Sales Jobs,sales-jobs,"Company Profile Telth Healthcare is a forward-thinking healthcare organization committed to transforming community health and improving access to quality care through innovative solutions and collaborative teamwork. We value integrity, excellence and professional growth. About Role The Sales Director will be responsible for driving revenue growth, expanding market presence, and building strategic partnerships for Telth Healthcare. This role requires a results-driven leader with expertise in int…",2026-01-18T10:53:59Z,https://www.adzuna.in/details/5590143346?utm_medium=api&utm_source=10d03a1b,"India, Tamil Nadu, Salem","Salem, Tamil Nadu",Adzuna,,Coordinates from Adzuna,True
Adzuna,5146509182,Sales Executives,Niffa Fmcg Ventures,"Salem, Tamil Nadu","India, Tamil Nadu, Salem",Salem,11.56305,77.99725,,,0,,part_time,Sales Jobs,sales-jobs,"Target based FMCG products sales activities. Candidates Preferably from SALEM, age limit 19 years to 21 years old, educationally 10th passed and above. Part-time work only.must know English and Tamil. Highly motivated and enthusiastic young and energetic interested male candidates can apply as soon as possible to WhatsApp number 9244488812",2025-04-16T01:43:14Z,https://www.adzuna.in/details/5146509182?utm_medium=api&utm_source=10d03a1b,"India, Tamil Nadu, Salem","Salem, Tamil Nadu",Adzuna,,Coordinates from Adzuna,True
Adzuna,5794935026,Sales Manager,Poonik Technology Private Limited,"Salem, Tamil Nadu","India, Tamil Nadu, Salem",Salem,11.56305,77.99725,,,0,,,Sales Jobs,sales-jobs,"Job Description – Sales Manager We are looking for a Sales Manager to lead and drive sales growth by developing strategies, managing a sales team, and building strong client relationships. The ideal candidate should have a proven track record in sales, excellent leadership skills, and the ability to achieve revenue targets. Key Responsibilities: Develop and execute sales strategies to meet business objectives and revenue goals. Lead, mentor, and manage the sales team , ensuring high performance…",2026-07-10T07:16:46Z,https://www.adzuna.in/details/5794935026?utm_medium=api&utm_source=10d03a1b,"India, Tamil Nadu, Salem","Salem, Tamil Nadu",Adzuna,,Coordinates from Adzuna,True
Adzuna,5412312380,Special Education Paraprofessional,Salem Academy Charter School,"Salem, Tamil Nadu","India, Tamil Nadu, Salem",Salem,11.56305,77.99725,,,0,,full_time,Teaching Jobs,teaching-jobs,"Salem Academy Charter School (SACS) is a nationally ranked urban charter school north of Boston, MA offering a rigorous college preparatory program to nearly 500 students in grades 6-12. For 17 years, SACS has been committed to serving the diverse population of Salem. Through a unique integration of rigorous college preparatory classes with service to the community, Salem Academy graduates informed, articulate and proactive individuals of strong character. Learn more about Salem Academy Charter…",2025-09-23T23:42:39Z,https://www.adzuna.in/details/5412312380?utm_medium=api&utm_source=10d03a1b,"India, Tamil Nadu, Salem","Salem, Tamil Nadu",Adzuna,,Coordinates from Adzuna,True
Adzuna,5707445122,Sr. Business Development Executive - Gold Loan| Salem,CSB Bank,"Salem, Tamil Nadu","India, Tamil Nadu, Salem",Salem,11.56305,77.99725,,,0,,full_time,Sales Jobs,sales-jobs,"Description Conduct market research, including area mapping, to identify sales possibilities and evaluate customer needs. Actively seek out new sales opportunities through cold calling, networking, social media, existing customers and leads provided by the Bank. Plan and carry out sales and marketing activities, in the assigned areas/ markets. Plan and organize meeting with potential clients, evaluate their needs and achieve sales of products and services of the Bank. Help branches to plan and …",2026-04-23T01:57:22Z,https://www.adzuna.in/details/5707445122?utm_medium=api&utm_source=10d03a1b,"India, Tamil Nadu, Salem","Salem, Tamil Nadu",Adzuna,,Coordinates from Adzuna,True
Adzuna,5805326617,Team Leader - Offline Merchants QR - Salem,Paytm Payments Services,"Salem, Tamil Nadu","India, Tamil Nadu, Salem",Salem,11.56305,77.99725,,,0,,full_time,Sales Jobs,sales-jobs,"About Us: Paytm is India's leading mobile payments and financial services distribution company. Pioneer of the mobile QR payments revolution in India, Paytm builds technologies that help small businesses with payments and commerce. Paytms mission is to serve half a billion Indians and bring them to the mainstream economy with the help of technology. About the team: QR & Soundbox is one of Paytm‘s business tools to help merchants grow and manage their business through simplicity and data driven …",2026-07-18T03:15:12Z,https://www.adzuna.in/details/5805326617?utm_medium=api&utm_source=10d03a1b,"India, Tamil Nadu, Salem","Salem, Tamil Nadu",Adzuna,,Coordinates from Adzuna,True
Adzuna,5671629224,Tele caller,Salem ss travel,"Salem, Tamil Nadu","India, Tamil Nadu, Salem",Salem,11.56305,77.99725,,,0,,full_time,Customer Services Jobs,customer-services-jobs,"Company Description Salem SS Travel is dedicated to providing exceptional travel services for a diverse range of customers. Based in Salem, we specialize in offering personalized travel solutions, including bookings, itinerary planning, and customer support. With a commitment to delivering excellent customer experiences, our team works diligently to ensure seamless travel arrangements. We aim to uphold our reputation as a trusted partner for travelers across various destinations. Role Descripti…",2026-03-19T10:19:34Z,https://www.adzuna.in/land/ad/5671629224?se=IpgZZHSc8RGlrvMe-VN8Yg&utm_medium=api&utm_source=10d03a1b&v=AA8E5A56EB0CFC980A0FD0CF8F7348FFC450B1B6,"India, Tamil Nadu, Salem","Salem, Tamil Nadu",Adzuna,,Coordinates from Adzuna,True
Adzuna,5801792868,Territory Business Manager-SBE-Small Business Enterprise-Sales,Kotak Mahindra Bank,"Salem, Tamil Nadu","India, Tamil Nadu, Salem",Salem,11.56305,77.99725,,,0,,full_time,Accounting & Finance Jobs,accounting-finance-jobs,"Description We are seeking a dynamic and experienced Team Lead to manage a team of Business Relationship Managers (BRMs) focused on loan sales in the healthcare segment. The role involves leading a team of 3–5 BRMs, driving productivity, and delivering tailored financial solutions such as machinery/equipment loans and infrastructure funding. The ideal candidate will have strong knowledge of the local market, particularly in healthcare, and will work closely with DSAs, branch banking teams, equi…",2026-07-16T03:30:26Z,https://www.adzuna.in/details/5801792868?utm_medium=api&utm_source=10d03a1b,"India, Tamil Nadu, Salem","Salem, Tamil Nadu",Adzuna,,Coordinates from Adzuna,True
Adzuna,5847115537,Territory Manager - Used Car Loans,SkillLabs,"Omalur, Salem","India, Tamil Nadu, Salem, Omalur",Salem,11.6512,78.1453,400000.0,800000.0,0,,,Sales Jobs,sales-jobs,"Sales, Marketing, and Business Development skills Customer Relationship Management and Negotiation skills Excellent communication and interpersonal skills Ability to work independently and as part of a team Knowledge of financial services and products Proven track record of meeting sales targets Bachelor's degree in Business Administration, Finance, or related field",2026-08-18T23:35:39Z,https://www.adzuna.in/details/5847115537?utm_medium=api&utm_source=10d03a1b,"India, Tamil Nadu, Salem, Omalur","Omalur, Salem",Adzuna,,Coordinates from Adzuna,True
Adzuna,5812180146,WE ARE HIRIING FOR STAFF NURSE I,AdPost4U Classifieds,"Salem, Tamil Nadu","India, Tamil Nadu, Salem",Salem,11.56305,77.99725,,,0,,part_time,IT Jobs,it-jobs,"adpost4u.com Free Classifieds » Other Jobs » WE ARE HIRIING FOR STAFF NURSE IN SALEM 15000.00 ₹ WE ARE HIRIING FOR STAFF NURSE IN SALEM Salem Other Jobs Discover more Vehicle Marketing services listing Multi-country classifieds We are searching for an organized, ambitious .NET developer to generate software using .NET's infrastructure. The .NET developer's duties include sourcing project requirements, deciding on the most appropriate software solutions, and ensuring that developments are error-…",2026-07-23T15:54:17Z,https://www.adzuna.in/details/5812180146?utm_medium=api&utm_source=10d03a1b,"India, Tamil Nadu, Salem","Salem, Tamil Nadu",Adzuna,,Coordinates from Adzuna,True
Adzuna,5812180169,WE ARE HIRING FEMALE TELECALLER,AdPost4U Classifieds,"Salem, Tamil Nadu","India, Tamil Nadu, Salem",Salem,11.56305,77.99725,,,0,,full_time,Sales Jobs,sales-jobs,"adpost4u.com Free Classifieds » Customer Service » WE ARE HIRING FEMALE TELECALLER IN SALEM 12000.00 ₹ WE ARE HIRING FEMALE TELECALLER IN SALEM Salem Customer Service We are searching for an engaged telecaller to boost sales by reaching out to current and possible clients. To this end, the telecaller will be required to obtain lists of individuals' information, and to source data for additional members of the target audience. You should also jot down important notes during conversations to faci…",2026-07-23T15:54:17Z,https://www.adzuna.in/details/5812180169?utm_medium=api&utm_source=10d03a1b,"India, Tamil Nadu, Salem","Salem, Tamil Nadu",Adzuna,,Coordinates from Adzuna,True
Adzuna,5811055034,WE ARE HIRING FOR HOSPITAL RECEP,AdPost4U Classifieds,"Salem, Tamil Nadu","India, Tamil Nadu, Salem",Salem,11.56305,77.99725,,,0,permanent,part_time,Admin Jobs,admin-jobs,"adpost4u.com Free Classifieds » Other Jobs » WE ARE HIRING FOR HOSPITAL RECEPTIONIST IN SALEM 10000.00 ₹ WE ARE HIRING FOR HOSPITAL RECEPTIONIST IN SALEM Salem Other Jobs Discover more Marketing services listing Classifieds posting services classified We are looking for a receptionist to be responsible for greeting clients and visitors to our office. You will be in charge of giving clients directions to various parts of the office, contacting employees regarding visitors, answering phones and t…",2026-07-22T21:23:17Z,https://www.adzuna.in/details/5811055034?utm_medium=api&utm_source=10d03a1b,"India, Tamil Nadu, Salem","Salem, Tamil Nadu",Adzuna,,Coordinates from Adzuna,True
Adzuna,5812180126,WE ARE HIRING HR EXECUTIVE IN SA,AdPost4U Classifieds,"Salem, Tamil Nadu","India, Tamil Nadu, Salem",Salem,11.56305,77.99725,,,0,,part_time,HR & Recruitment Jobs,hr-jobs,"adpost4u.com Free Classifieds » Other Jobs » WE ARE HIRING HR EXECUTIVE IN SALEM 10000.00 ₹ WE ARE HIRING HR EXECUTIVE IN SALEM Salem Other Jobs Discover more Classified site membership Free online ads Digital marketing consulting An HR Executive manages day-to-day HR operations, talent acquisition, and employee relations. They oversee the employee lifecycle from onboarding to offboarding, administer payroll and benefits, drive workplace culture, and ensure compliance with local labor laws and …",2026-07-23T15:54:17Z,https://www.adzuna.in/details/5812180126?utm_medium=api&utm_source=10d03a1b,"India, Tamil Nadu, Salem","Salem, Tamil Nadu",Adzuna,,Coordinates from Adzuna,True
Adzuna,5818525026,A-Levels Mathematics Teacher,Trivandrum International School,"Thiruvananthapuram, Kerala","India, Kerala, Thiruvananthapuram",Thiruvananthapuram,8.38159,77.0037,,,0,,,Teaching Jobs,teaching-jobs,Cambridge A-Levels Mathematics Teacher Trivandrum International School seeks a passionate and knowledgeable mathematics teacher with expertise in the Cambridge A-Levels. Key Responsibilities: • Design and implement comprehensive lesson plans aligned with the Cambridge A-Levels curriculum. • Conduct engaging and interactive lessons that promote critical thinking and analytical skills. • Create a supportive and inclusive classroom environment that encourages active student participation and foste…,2026-07-28T21:19:16Z,https://www.adzuna.in/land/ad/5818525026?se=YAF-cXSc8RGQor-L2zKR7A&utm_medium=api&utm_source=10d03a1b&v=749FA7387B0B09735F244967D0B105C2C101494D,"India, Kerala, Thiruvananthapuram","Thiruvananthapuram, Kerala",Adzuna,,Coordinates from Adzuna,True
Adzuna,5823898207,Area Manager,Policybazaar.com,"Thiruvananthapuram, Kerala","India, Kerala, Thiruvananthapuram",Thiruvananthapuram,8.38159,77.0037,,,0,,,Sales Jobs,sales-jobs,"Job Opportunity: Area Manager (Health Insurance) Location: Thiruvananthapuram, Kerala Industry: Insurance (Health Insurance) Role Overview Policybazaar is seeking an experienced and dynamic Area Manager to lead and drive field sales operations in Thiruvananthapuram . The ideal candidate should have a strong background in insurance sales, proven leadership experience in managing field sales teams, and the ability to consistently drive business growth through effective team management and strateg…",2026-08-01T17:33:36Z,https://www.adzuna.in/land/ad/5823898207?se=YAF-cXSc8RGQor-L2zKR7A&utm_medium=api&utm_source=10d03a1b&v=9EBD46555432A7B5912E25BF88052E5E56BD3B63,"India, Kerala, Thiruvananthapuram","Thiruvananthapuram, Kerala",Adzuna,,Coordinates from Adzuna,True
Adzuna,5845683279,Assistant Manager,Paperchase Accountancy,"Trivandrum, Thiruvananthapuram","India, Kerala, Thiruvananthapuram, Trivandrum",Thiruvananthapuram,8.49239,76.93365,,,0,,,Accounting & Finance Jobs,accounting-finance-jobs,"PAPERCHASE ACCOUNTANCY INDIA PVT. LTD. Paperchase Accountancy was established with a simple vision—to help restaurants and hospitality brands across the world make informed decisions through insightful analytics and deep industry expertise. For over two decades, we have supported hospitality businesses across the UK, US, Europe, the Middle East, and Africa. Our long-standing partnerships with some of the world’s finest restaurants have contributed to our clients earning a combined 12 Michelin S…",2026-08-18T05:08:39Z,https://www.adzuna.in/land/ad/5845683279?se=YAF-cXSc8RGQor-L2zKR7A&utm_medium=api&utm_source=10d03a1b&v=F2F9643DF2BA16CE98B92B51D9016E5E31EF1C9E,"India, Kerala, Thiruvananthapuram, Trivandrum","Trivandrum, Thiruvananthapuram",Adzuna,,Coordinates from Adzuna,True
Adzuna,5823897162,Assistant Manager – Insurance Operations (Property & Casualty),Allianz Services,"Thiruvananthapuram, Kerala","India, Kerala, Thiruvananthapuram",Thiruvananthapuram,8.38159,77.0037,,,0,,,IT Jobs,it-jobs,"130 years of trust. One team shaping what's next. Allianz Group is one of the world's leading insurers and asset managers - built on over a century of stability, expertise, and financial strength. Allianz Services is where that legacy meets the future. 8,500 people. Twelve countries. Four continents. We deliver specialized services to clients within Allianz Group, powered by AI, advanced analytics, and a mindset that refuses to stand still. From core insurance operations to engineering and cons…",2026-08-01T17:31:02Z,https://www.adzuna.in/land/ad/5823897162?se=YAF-cXSc8RGQor-L2zKR7A&utm_medium=api&utm_source=10d03a1b&v=0525FA049C2F4358E406890066A59BE2469DCF55,"India, Kerala, Thiruvananthapuram","Thiruvananthapuram, Kerala",Adzuna,,Coordinates from Adzuna,True
Adzuna,5814245534,Associate – Product Support,VoiceStack,"Trivandrum, Thiruvananthapuram","India, Kerala, Thiruvananthapuram, Trivandrum",Thiruvananthapuram,8.49239,76.93365,,,0,,,IT Jobs,it-jobs,"ROLE PURPOSE To provide timely and effective product support by resolving customer issues, configuring systems and devices, collaborating with cross-functional teams, and delivering a seamless customer support experience . CORE RESPONSIBILITIES Owns Technical Support & Troubleshoot ing – Provide Level 1 support, troubleshoot issues, and configure products and devices. Drives Ticket & Escalation Managem ent – Manage ticket lifecycle, prioritize issues, and coordinate timely escalations. Maintain…",2026-07-25T01:02:45Z,https://www.adzuna.in/land/ad/5814245534?se=YAF-cXSc8RGQor-L2zKR7A&utm_medium=api&utm_source=10d03a1b&v=AD683ED203526644DC8D25874737BC546BD22A28,"India, Kerala, Thiruvananthapuram, Trivandrum","Trivandrum, Thiruvananthapuram",Adzuna,,Coordinates from Adzuna,True
Adzuna,5769486313,Automotive Technician,2coms,"Trivandrum, Thiruvananthapuram","India, Kerala, Thiruvananthapuram, Trivandrum",Thiruvananthapuram,8.48925,76.95275,2000000.0,2000000.0,0,permanent,full_time,Manufacturing Jobs,manufacturing-jobs,Job Title: Automotive Technician Location: Germany (Candidate must be willing to relocate to Germany) Industry: Automotive / Automobile / Engineering Employment Type: Full-Time Age Limit: Below 40 Years GERMANY IS HIRING NOW Automotive Technicians – International Career Opportunity Germany is urgently hiring Skilled Automotive & Mechatronics Technicians to support its rapidly growing automotive industry. This is your chance to work with the world’s most prestigious car brands and build a high-p…,2026-06-19T22:40:49Z,https://www.adzuna.in/details/5769486313?utm_medium=api&utm_source=10d03a1b,"India, Kerala, Thiruvananthapuram, Trivandrum","Trivandrum, Thiruvananthapuram",Adzuna,,Coordinates from Adzuna,True
Adzuna,5769486292,Automotive Technician,2coms,"Trivandrum, Thiruvananthapuram","India, Kerala, Thiruvananthapuram, Trivandrum",Thiruvananthapuram,8.48925,76.95275,2000000.0,2000000.0,0,permanent,full_time,Manufacturing Jobs,manufacturing-jobs,Job Title: Automotive Technician Location: Germany (Candidate must be willing to relocate to Germany) Industry: Automotive / Automobile / Engineering Employment Type: Full-Time Age Limit: Below 40 Years GERMANY IS HIRING NOW Automotive Technicians – International Career Opportunity Germany is urgently hiring Skilled Automotive & Mechatronics Technicians to support its rapidly growing automotive industry. This is your chance to work with the world’s most prestigious car brands and build a high-p…,2026-06-19T22:40:47Z,https://www.adzuna.in/details/5769486292?utm_medium=api&utm_source=10d03a1b,"India, Kerala, Thiruvananthapuram, Trivandrum","Trivandrum, Thiruvananthapuram",Adzuna,,Coordinates from Adzuna,True
Adzuna,5829060169,B2B Sales Manager,Extramarks,"Trivandrum, Thiruvananthapuram","India, Kerala, Thiruvananthapuram, Trivandrum",Thiruvananthapuram,8.49239,76.93365,,,0,,,Sales Jobs,sales-jobs,"Urgent Hiring | Manager / Assistant Manager – School Sales  Extramarks Education India Pvt. Ltd. is looking for passionate sales professionals to drive growth. Job Location: Thrissur, Kerala Trivandrum, Kerala What We're Looking For: ✔ 5 years of experience ✔ Mandatory EdTech background ✔ Strong exposure to B2B School Sales ✔ Field sales experience ✔ Individual Contributor role (No Team Handling) Your Mission:  Acquire new schools and build long-term relationships.  Engage withprincipalss and k…",2026-08-05T17:44:33Z,https://www.adzuna.in/land/ad/5829060169?se=YAF-cXSc8RGQor-L2zKR7A&utm_medium=api&utm_source=10d03a1b&v=4B090184572F7035B5CC1B1E11B8D98A586AEAFA,"India, Kerala, Thiruvananthapuram, Trivandrum","Trivandrum, Thiruvananthapuram",Adzuna,,Coordinates from Adzuna,True
Adzuna,5838134562,BPO-Associate(3 Months Contract),UST,"Thiruvananthapuram, Kerala","India, Kerala, Thiruvananthapuram",Thiruvananthapuram,8.38159,77.0037,,,0,contract,,IT Jobs,it-jobs,"BPM – Risk Adjustment HCC Coder We are seeking a BPM Risk Adjustment HCC Coder with experience in medical coding and risk adjustment projects. The candidate will review medical records, assign accurate ICD-10-CM codes, identify documentation gaps, and support CDI initiatives while ensuring compliance with HIPAA and coding guidelines. Knowledge of Medicare Advantage, ACA risk adjustment models, HCC coding, and chronic disease management is required. Candidates should have an active AAPC/AHIMA ce…",2026-08-12T16:17:14Z,https://www.adzuna.in/land/ad/5838134562?se=YAF-cXSc8RGQor-L2zKR7A&utm_medium=api&utm_source=10d03a1b&v=C27D61C16539C8016F80200F9B0496A53F1EDD3E,"India, Kerala, Thiruvananthapuram","Thiruvananthapuram, Kerala",Adzuna,,Coordinates from Adzuna,True
Adzuna,5739278098,Business Development Executive / Manager ( Medical Device /Medical Equipment),Genrobotic Innovations Private Limited,"Thiruvananthapuram, Kerala","India, Kerala, Thiruvananthapuram",Thiruvananthapuram,8.38159,77.0037,480000.0,720000.0,0,permanent,full_time,Sales Jobs,sales-jobs,"Join our Medical and Mobility team as a dynamic Business Development Executive (Medical Equipment / Device sales ) , leading the charge in bringing cutting-edge robotic physiotherapy equipment to hospitals, rehabilitation centers, and healthcare institutions. Be a key player in driving innovation, building impactful partnerships, and transforming patient care with state-of-the-art rehabilitation solutions. Job Location : Thiruvananathapuram Responsibilities Identify and prioritize target market…",2026-05-24T06:06:57Z,https://www.adzuna.in/details/5739278098?utm_medium=api&utm_source=10d03a1b,"India, Kerala, Thiruvananthapuram","Thiruvananthapuram, Kerala",Adzuna,,Coordinates from Adzuna,True
Adzuna,5828584430,Business Development Intern,Genrobotic Innovations Private Limited,"Thiruvananthapuram, Kerala","India, Kerala, Thiruvananthapuram",Thiruvananthapuram,8.38159,77.0037,180000.0,216000.0,0,contract,part_time,Sales Jobs,sales-jobs,"We are seeking a proactive and ambitious Business Development Intern to support our business development team in driving growth and expansion for our company. This internship provides an excellent opportunity to gain practical experience in business development, market research, and sales support. Responsibilities Assist in market research and analysis to identify growth opportunities and industry trends. • Support business development efforts by researching potential clients, partners, and mar…",2026-08-05T06:58:23Z,https://www.adzuna.in/details/5828584430?utm_medium=api&utm_source=10d03a1b,"India, Kerala, Thiruvananthapuram","Thiruvananthapuram, Kerala",Adzuna,,Coordinates from Adzuna,True
Adzuna,5838134019,Business Manager -Sales and Design,Livspace,"Trivandrum, Thiruvananthapuram","India, Kerala, Thiruvananthapuram, Trivandrum",Thiruvananthapuram,8.49239,76.93365,,,0,,,Sales Jobs,sales-jobs,What You’ll Own Managing Design Projects and leading design discussions. Managing and ensuring the productivity and work output of a Team of Designers. Customer Experience & Relationship Management. Ensuring output on the design Net Promoter Survey (Customer rating). Training designers on technical details (wherever required) Managing client coordination and leading closure discussions. Managing and ensuring the productivity and work output of a Team of Designers. Customer Experience & Relation…,2026-08-12T16:16:20Z,https://www.adzuna.in/land/ad/5838134019?se=YAF-cXSc8RGQor-L2zKR7A&utm_medium=api&utm_source=10d03a1b&v=EC7EC87D4F62653269C1F52E00BE9DAB591A4689,"India, Kerala, Thiruvananthapuram, Trivandrum","Trivandrum, Thiruvananthapuram",Adzuna,,Coordinates from Adzuna,True
Adzuna,5739278047,Clinical Sales Specialist - Neuro Rehabilitation,Genrobotic Innovations Private Limited,"Thiruvananthapuram, Kerala","India, Kerala, Thiruvananthapuram",Thiruvananthapuram,8.38159,77.0037,420000.0,840000.0,0,permanent,full_time,Healthcare & Nursing Jobs,healthcare-nursing-jobs,"Join a pioneering team transforming healthcare through advanced medical robotics, rehabilitation technologies, and mobility solutions. We are seeking a passionate and clinically driven Clinical Sales Specialist to promote innovative healthcare products and build strong partnerships with hospitals, rehabilitation centers, healthcare institutions, and government organizations. Key Responsibilities: Promote and drive sales of medical robotics, rehabilitation devices, assistive technologies, and mo…",2026-05-24T06:06:56Z,https://www.adzuna.in/details/5739278047?utm_medium=api&utm_source=10d03a1b,"India, Kerala, Thiruvananthapuram","Thiruvananthapuram, Kerala",Adzuna,,Coordinates from Adzuna,True
Adzuna,5614767689,Commercial Vehicle Technician – Truck Segment,2coms,"Trivandrum, Thiruvananthapuram","India, Kerala, Thiruvananthapuram, Trivandrum",Thiruvananthapuram,8.48925,76.95275,2000000.0,2000000.0,0,permanent,,Engineering Jobs,engineering-jobs,"Job Title: Commercial Vehicle Mechatronics Technician Job Location: Germany (Candidate must be willing to relocate to Germany) Anywhere in India, candidates can apply Industry: Automotive / Commercial Vehicles / Automobile Service Job Description: We are urgently hiring skilled Commercial Vehicle Mechatronics Technicians for leading automotive workshops in Germany. The ideal candidate should have strong hands-on experience in maintenance, diagnostics, and repair of commercial vehicles, along wi…",2026-02-05T04:26:21Z,https://www.adzuna.in/details/5614767689?utm_medium=api&utm_source=10d03a1b,"India, Kerala, Thiruvananthapuram, Trivandrum","Trivandrum, Thiruvananthapuram",Adzuna,,Coordinates from Adzuna,True
Adzuna,5849116172,Control System Engineer ( 3 - 4 Years),Genrobotic Innovations Private Limited,"Thiruvananthapuram, Kerala","India, Kerala, Thiruvananthapuram",Thiruvananthapuram,8.38159,77.0037,360000.0,720000.0,0,permanent,full_time,Engineering Jobs,engineering-jobs,"Genrobotics is seeking a skilled and experienced Control Systems Engineer with strong hands-on expertise in BLDC motor control, operation, and management to support our R&D and product development initiatives. The candidate will play a key role in developing, implementing, testing, tuning, and optimizing motor control systems for advanced electromechanical and rehabilitation devices. Responsibilities Operating, managing, and testing BLDC motors for various applications, along with developing, i…",2026-08-20T07:10:42Z,https://www.adzuna.in/details/5849116172?utm_medium=api&utm_source=10d03a1b,"India, Kerala, Thiruvananthapuram","Thiruvananthapuram, Kerala",Adzuna,,Coordinates from Adzuna,True
Adzuna,5821120644,Counselor - Cochin,2coms,"Trivandrum, Thiruvananthapuram","India, Kerala, Thiruvananthapuram, Trivandrum",Thiruvananthapuram,8.46721,76.94,100000.0,300000.0,0,permanent,,Teaching Jobs,teaching-jobs,"The Counselor will be responsible for converting prospective candidates into enrolments while delivering a high-quality counselling experience. Key Responsibilities Provide career counselling and guidance on international employment opportunities. Assess candidate eligibility and recommend suitable migration programs. Convert qualified leads into enrollments while achieving monthly admission targets. Explain program benefits, fee structures, documentation requirements, and migration timelines. …",2026-07-30T18:48:36Z,https://www.adzuna.in/details/5821120644?utm_medium=api&utm_source=10d03a1b,"India, Kerala, Thiruvananthapuram, Trivandrum","Trivandrum, Thiruvananthapuram",Adzuna,,Coordinates from Adzuna,True
Adzuna,5818782078,"Counter sales Executive - Kerala (Kowdiar, Thiruvananthapuram)",2coms,"Trivandrum, Thiruvananthapuram","India, Kerala, Thiruvananthapuram, Trivandrum",Thiruvananthapuram,8.50498,76.9623,200000.0,300000.0,0,contract,full_time,Retail Jobs,retail-jobs,"Summary: The Counter Sales Executive plays a vital role in delivering outstanding customer experiences within a premium retail environment. This position is essential for driving sales performance, maintaining store excellence, and fostering lasting customer relationships. The ideal candidate will be customer-focused, results-driven, and committed to upholding brand standards while contributing to the growth of the retail presence in Thiruvananthapuram. Responsibilities: • Assist customers with…",2026-07-29T02:45:55Z,https://www.adzuna.in/details/5818782078?utm_medium=api&utm_source=10d03a1b,"India, Kerala, Thiruvananthapuram, Trivandrum","Trivandrum, Thiruvananthapuram",Adzuna,,Coordinates from Adzuna,True
Adzuna,4686704238,Data Analyst,,"Thiruvananthapuram, Kerala","India, Kerala, Thiruvananthapuram",Thiruvananthapuram,8.38159,77.0037,,,0,,,IT Jobs,it-jobs,Immediate requirement for the post of Data Analyst on rotation Shift (Male or Female). Persons only willing to work in both shifts need to apply.careers.coretechgmail.comorplease contact 9.4.nine.6.8.1.5.6.3.0,2024-05-10T07:38:46Z,https://www.adzuna.in/details/4686704238?utm_medium=api&utm_source=10d03a1b,"India, Kerala, Thiruvananthapuram","Thiruvananthapuram, Kerala",Adzuna,,Coordinates from Adzuna,True
Adzuna,5833434924,Finance Controller,Adani Ports and SEZ,"Thiruvananthapuram, Kerala","India, Kerala, Thiruvananthapuram",Thiruvananthapuram,8.38159,77.0037,,,0,,,Accounting & Finance Jobs,accounting-finance-jobs,"Purpose/Objective The role is responsible for overseeing all finance-related activities at the Port, including budgeting, financial planning & analysis, accounting, treasury management, working capital optimization, receivables management, financial reporting, audits, and ensuring adherence to statutory compliances. Key Responsibilities of Role Drive the preparation, finalization, and approval of annual OPEX and CAPEX budgets , along with periodic reviews. Monitor and analyze monthly, quarterly…",2026-08-08T18:01:52Z,https://www.adzuna.in/land/ad/5833434924?se=YAF-cXSc8RGQor-L2zKR7A&utm_medium=api&utm_source=10d03a1b&v=D11CEFF748D4D7BEBCA3167A6000D06CEED7428B,"India, Kerala, Thiruvananthapuram","Thiruvananthapuram, Kerala",Adzuna,,Coordinates from Adzuna,True
Adzuna,5823130066,Finance Intern (6-Month Internship),Genrobotic Innovations Private Limited,"Thiruvananthapuram, Kerala","India, Kerala, Thiruvananthapuram",Thiruvananthapuram,8.38159,77.0037,120000.0,180000.0,0,contract,part_time,Accounting & Finance Jobs,accounting-finance-jobs,"Brief Job Description: The Finance Intern will support the Finance & Accounts team in managing day-to-day accounting operations, financial documentation, bookkeeping, inventory-related transactions, vendor coordination, data management, and administrative finance activities. The role involves assisting with accounting processes, invoice verification, payment documentation, reconciliations, report preparation, and record maintenance while gaining practical exposure to financial operations, accou…",2026-08-01T06:47:08Z,https://www.adzuna.in/details/5823130066?utm_medium=api&utm_source=10d03a1b,"India, Kerala, Thiruvananthapuram","Thiruvananthapuram, Kerala",Adzuna,,Coordinates from Adzuna,True
Adzuna,5831647781,Full-Stack Tech Lead – AI Best Practices - Remote,McFadyen Digital,"Trivandrum, Thiruvananthapuram","India, Kerala, Thiruvananthapuram, Trivandrum",Thiruvananthapuram,8.49239,76.93365,,,0,,full_time,IT Jobs,it-jobs,"Company Description McFadyen Digital is the leading advisor and implementer of eCommerce Marketplace solutions. During 15 years of implementing marketplaces, we've built dozens of platforms that cumulatively generate billions of dollars of gross merchandise value (GMV). We're honored to have supported 10% of the Fortune 500 with their digital marketplace initiatives. Over 250 global brands like ABB, AB InBev, ACCO, Albertsons, American Red Cross, American Eagle Outfitters, US Army, US Agricultu…",2026-08-07T12:19:40Z,https://www.adzuna.in/details/5831647781?utm_medium=api&utm_source=10d03a1b,"India, Kerala, Thiruvananthapuram, Trivandrum","Trivandrum, Thiruvananthapuram",Adzuna,,Coordinates from Adzuna,True
Adzuna,5847087495,Ground Staff Required in Thiruvananthapuram Airport,Fronix Services,"Trivandrum, Thiruvananthapuram","India, Kerala, Thiruvananthapuram, Trivandrum",Thiruvananthapuram,8.48925,76.95275,35000.0,35000.0,0,permanent,,Hospitality & Catering Jobs,hospitality-catering-jobs,"Designation- Ground Staff Qualification- Minimum 12th Pass with Good Communication Skills Salary- 28000/- Location- Thiruvananthapuram Airport Duties & Responsibilities- The duties and responsibilities of ground staff at the airport are very vast. They are the one to perform all tasks from commercial to technical. First prime duty of a ground staff is to make sure about the safety and comfort of the passengers. Their duties include checking the baggage, cleaning and making the flight experience…",2026-08-18T23:18:06Z,https://www.adzuna.in/details/5847087495?utm_medium=api&utm_source=10d03a1b,"India, Kerala, Thiruvananthapuram, Trivandrum","Trivandrum, Thiruvananthapuram",Adzuna,,Coordinates from Adzuna,True
Adzuna,5446778881,Homecare Nurse,2coms,"Trivandrum, Thiruvananthapuram","India, Kerala, Thiruvananthapuram, Trivandrum",Thiruvananthapuram,8.46721,76.94,700000.0,1200000.0,0,permanent,full_time,Healthcare & Nursing Jobs,healthcare-nursing-jobs,"Title: Homecare Nurse Location: Qatar (Candidate must be willing to relocate to Qatar) Job Type: Full-Time Industry: Healthcare/ Medical Key Responsibilities: · Develop and assess nursing care plans · Monitor vital signs and assess holistic patient needs · Collaborate with physicians, staff nurses, and healthcare team members · Administer oral and subcutaneous medications while ensuring safety · Document nursing care, medications, and procedures using the company's Nurses Buddy application · Co…",2025-10-14T15:28:34Z,https://www.adzuna.in/details/5446778881?utm_medium=api&utm_source=10d03a1b,"India, Kerala, Thiruvananthapuram, Trivandrum","Trivandrum, Thiruvananthapuram",Adzuna,,Coordinates from Adzuna,True
Adzuna,5837542512,Junior Campus Outreach Executive – Field Sales & Admissions,LeadIAS Private Limited,"Thiruvananthapuram, Kerala","India, Kerala, Thiruvananthapuram",Thiruvananthapuram,8.38159,77.0037,240000.0,300000.0,0,permanent,full_time,Sales Jobs,sales-jobs,"JOB SUMMARY We are looking for a target-oriented Field Sales professional to expand LeadIAS Junior's presence across colleges in North Kerala . The role involves regular college visits, meeting college authorities and students, conducting seminars, generating leads, following up with prospective students, and converting leads into admissions . This is a field-based sales role and requires frequent travel across North Kerala. KEY RESPONSIBILITIES Visit colleges and build relationships with colle…",2026-08-12T07:02:25Z,https://www.adzuna.in/details/5837542512?utm_medium=api&utm_source=10d03a1b,"India, Kerala, Thiruvananthapuram","Thiruvananthapuram, Kerala",Adzuna,,Coordinates from Adzuna,True
Adzuna,5802782489,Junior Drone Show Designer,Skyvertise,"Trivandrum, Thiruvananthapuram","India, Kerala, Thiruvananthapuram, Trivandrum",Thiruvananthapuram,8.49239,76.93365,,,0,,,Creative & Design Jobs,creative-design-jobs,"We are looking for a passionate Junior Drone Show Designer (0–1 year of relevant experience) to join our creative team. Requirements: ⁠ ⁠Blender ⁠ ⁠Autodesk Maya ⁠ ⁠Adobe Photoshop, Illustrator & After Effects ⁠ ⁠Strong illustration and visual storytelling skills ⁠ ⁠0–1 year of experience ⁠ ⁠Portfolio required Location: Remote / on site(kerala) If you’re passionate about 3D design, animation, and creating world-class drone shows, we’d love to hear from you! Only shortlisted candidates will be c…",2026-07-16T15:55:09Z,https://www.adzuna.in/land/ad/5802782489?se=YAF-cXSc8RGQor-L2zKR7A&utm_medium=api&utm_source=10d03a1b&v=88841E8E579841750E16729FDB347BD893163E3E,"India, Kerala, Thiruvananthapuram, Trivandrum","Trivandrum, Thiruvananthapuram",Adzuna,,Coordinates from Adzuna,True
Adzuna,5818523666,Junior Project Manager (Job Location: Trivandrum),Reflections Info Systems,"Trivandrum, Thiruvananthapuram","India, Kerala, Thiruvananthapuram, Trivandrum",Thiruvananthapuram,8.49239,76.93365,,,0,,,IT Jobs,it-jobs,"We are looking for a Junior Project Manager with 10 years of experience to drive day-to-day delivery execution across client engagements. This role is ideal for someone who enjoys hands-on project management, team coordination, and direct customer interaction, and who wants to grow into broader delivery leadership. Primary Skills : 10 years of experience in project delivery/project coordination, ideally in IT services or consulting Strong organizational skills with the ability to manage multipl…",2026-07-28T21:18:01Z,https://www.adzuna.in/land/ad/5818523666?se=YAF-cXSc8RGQor-L2zKR7A&utm_medium=api&utm_source=10d03a1b&v=1E7387643E11AD4CAC4614F17E70D95324DFEBFC,"India, Kerala, Thiruvananthapuram, Trivandrum","Trivandrum, Thiruvananthapuram",Adzuna,,Coordinates from Adzuna,True
Adzuna,5812351005,Lead – Pre-Sales,Betterbeans Consultants Pvt Ltd,"Thiruvananthapuram, Kerala","India, Kerala, Thiruvananthapuram",Thiruvananthapuram,8.38159,77.0037,,,0,,,IT Jobs,it-jobs,"Role: Lead – Pre-Sales/ Business Development Experience Required : 10 years Work Mode : Work from Office – Trivandrum Location Key Responsibilities: Pre-sales Solution Development  Develop high-impact presentations demonstrating technical capability and solution proposals for Account-Based Marketing and Sales activities.  Ideate and guide the development of technical demonstrators or proof-of-concept (PoC) prototypes, and other live demonstrable technical assets showcasing the capabilities of…",2026-07-23T18:55:30Z,https://www.adzuna.in/land/ad/5812351005?se=YAF-cXSc8RGQor-L2zKR7A&utm_medium=api&utm_source=10d03a1b&v=2B69F1F861AAEB0FCBE77164B16C2ECC3216A99B,"India, Kerala, Thiruvananthapuram","Thiruvananthapuram, Kerala",Adzuna,,Coordinates from Adzuna,True
Adzuna,5822232532,Medical Sales Representative,Pfizer,"Trivandrum, Thiruvananthapuram","India, Kerala, Thiruvananthapuram, Trivandrum",Thiruvananthapuram,8.49239,76.93365,,,0,,,Sales Jobs,sales-jobs,"Pfizer is Hiring – Health Care Executive ( Trivandrum ) We are looking for an experienced Pharma Sales Professiona l. We are looking for an experienced Pharma Sales Professional with strong Cardio & Diabetic therapy exposure  Qualificati on: B SC/ B.Pharm / Life Science s  Experie nce: 2–10 years in Pharma Sales If you have solid Cardio & Diabetic doctor cov erage and a passion for scientific customer engagement, we’d love to connec t  Appl y Now: Tejaswini.Desai@pfizer. com  Co ntact: 9821593…",2026-07-31T15:27:15Z,https://www.adzuna.in/land/ad/5822232532?se=YAF-cXSc8RGQor-L2zKR7A&utm_medium=api&utm_source=10d03a1b&v=B0BC1E4FB63B7C5877E41C4E8AB1EC8E638EAFB2,"India, Kerala, Thiruvananthapuram, Trivandrum","Trivandrum, Thiruvananthapuram",Adzuna,,Coordinates from Adzuna,True
Adzuna,5821684844,Mobiliser - Alleppy,2coms,"Trivandrum, Thiruvananthapuram","India, Kerala, Thiruvananthapuram, Trivandrum",Thiruvananthapuram,8.46721,76.94,100000.0,300000.0,0,permanent,,Sales Jobs,sales-jobs,"Job Title:Mobiliser Location: Kerala (Local Candidates Only) Industry: Recruitment/Staffing Job Summary Global Talent Square is hiring an energetic and result-oriented Field Mobiliser to create awareness about international career opportunities and generate qualified candidate leads through field outreach and institutional partnerships. The ideal candidate should have excellent networking, communication, and relationship-building skills with a passion for field engagement. Key Responsibilities …",2026-07-31T04:46:34Z,https://www.adzuna.in/details/5821684844?utm_medium=api&utm_source=10d03a1b,"India, Kerala, Thiruvananthapuram, Trivandrum","Trivandrum, Thiruvananthapuram",Adzuna,,Coordinates from Adzuna,True
Adzuna,5719264096,Node JS Technical Lead,Tryzens Global,"Trivandrum, Thiruvananthapuram","India, Kerala, Thiruvananthapuram, Trivandrum",Thiruvananthapuram,8.51757,76.9241,,,0,,full_time,IT Jobs,it-jobs,"You will be part of our rapidly growing Adobe Commerce practice helping to shape and deliver the right outcomes for our clients. As a Technical Lead at Tryzens, this individual is responsible for developing and overseeing the Node JS development for eCommerce projects, specifically focused on using the latest technologies and practices to ensure the delivery of themes and packages of the highest quality. The core responsibilities are: Development of client solutions Participate in the discovery…",2026-05-05T14:59:21Z,https://www.adzuna.in/details/5719264096?utm_medium=api&utm_source=10d03a1b,"India, Kerala, Thiruvananthapuram, Trivandrum","Trivandrum, Thiruvananthapuram",Adzuna,,Coordinates from Adzuna,True
Adzuna,5821120655,Overseas Job Counselor,2coms,"Trivandrum, Thiruvananthapuram","India, Kerala, Thiruvananthapuram, Trivandrum",Thiruvananthapuram,8.46721,76.94,100000.0,300000.0,0,permanent,full_time,Admin Jobs,admin-jobs,"Job Title: Overseas Job Counselor Location: Kerala Job Type: Full-Time Job Summary Global Talent Square is looking for a dynamic Overseas Career Counselor to guide candidates seeking overseas employment opportunities. The ideal candidate should possess excellent counselling, communication, and sales skills with the ability to convert prospective candidates into successful enrollments while providing a seamless counselling experience. Key Responsibilities Counsel candidates on international job …",2026-07-30T18:48:36Z,https://www.adzuna.in/details/5821120655?utm_medium=api&utm_source=10d03a1b,"India, Kerala, Thiruvananthapuram, Trivandrum","Trivandrum, Thiruvananthapuram",Adzuna,,Coordinates from Adzuna,True
Adzuna,5821684886,Overseas Job Counselor,2coms,"Trivandrum, Thiruvananthapuram","India, Kerala, Thiruvananthapuram, Trivandrum",Thiruvananthapuram,8.46721,76.94,100000.0,300000.0,0,permanent,full_time,Admin Jobs,admin-jobs,"Job Title: Overseas Job Counselor Location: Kerala Job Type: Full-Time Job Summary Global Talent Square is looking for a dynamic Overseas Career Counselor to guide candidates seeking overseas employment opportunities. The ideal candidate should possess excellent counselling, communication, and sales skills with the ability to convert prospective candidates into successful enrollments while providing a seamless counselling experience. Key Responsibilities Counsel candidates on international job …",2026-07-31T04:46:34Z,https://www.adzuna.in/details/5821684886?utm_medium=api&utm_source=10d03a1b,"India, Kerala, Thiruvananthapuram, Trivandrum","Trivandrum, Thiruvananthapuram",Adzuna,,Coordinates from Adzuna,True
Adzuna,5838663067,PHP Developer-India Remote,RELQ TECHNOLOGIES LLC,"Trivandrum, Thiruvananthapuram","India, Kerala, Thiruvananthapuram, Trivandrum",Thiruvananthapuram,8.54904,76.92725,,,0,,,IT Jobs,it-jobs,"a { text-decoration: none; color: 464feb; } tr th, tr td { border: 1px solid e6e6e6; } tr th { background-color: f5f5f5; } PHP Developer Experience: 5 Years Location: Remote India Employment Type: Full-Time Note :Immediate joiner Responsibilities Develop, test, and maintain web applications using PHP. Build and integrate RESTful APIs. Work with MySQL databases and optimize queries. Collaborate with frontend developers to integrate user-facing elements. Troubleshoot, debug, and enhance applicati…",2026-08-12T23:33:57Z,https://www.adzuna.in/details/5838663067?utm_medium=api&utm_source=10d03a1b,"India, Kerala, Thiruvananthapuram, Trivandrum","Trivandrum, Thiruvananthapuram",Adzuna,,Coordinates from Adzuna,True
Adzuna,5684791461,Power Apps Developer,Hirestar job Bank,"Trivandrum, Thiruvananthapuram","India, Kerala, Thiruvananthapuram, Trivandrum",Thiruvananthapuram,8.49239,76.93365,800000.0,1200000.0,0,,,IT Jobs,it-jobs,"Urgent Hiring in IT Industry! Job Title: Power Apps Developer Location: Remote Experience: 5 years Qualification: BE / B. Tech (Computer Science) / Master’s degree in Computer Science, Information Technology. Job Type: Full-time Budget: Upto 12 LPA Should be able to design, develop, and deploy enterprise-grade Power Apps (Canvas & Model-driven apps) Strong hands-on experience in building complex Power Apps with rich, responsive UI/UX Extensive experience working with Dataverse including tables,…",2026-04-01T08:42:51Z,https://www.adzuna.in/details/5684791461?utm_medium=api&utm_source=10d03a1b,"India, Kerala, Thiruvananthapuram, Trivandrum","Trivandrum, Thiruvananthapuram",Adzuna,,Coordinates from Adzuna,True
Adzuna,5826767224,Power System Engineer Intern,Blue Ripples Technologies,"Trivandrum, Thiruvananthapuram","India, Kerala, Thiruvananthapuram, Trivandrum",Thiruvananthapuram,8.48925,76.95275,,,0,contract,full_time,IT Jobs,it-jobs,"Power System Engineer Intern Full-Time Experience - 0 - 1 Years Location: Thiruvananthapuram We are seeking a Power System Engineer Intern with a strong interest in Distributed Energy Resources (DER) integration and power system analysis. This role focuses on modeling, simulation, and analysis of DER‑rich power systems using modern, open‑source power system tools. The intern will work on real‑world grid planning and operational problems related to solar, storage, EVs, flexible loads, and active…",2026-08-03T22:52:09Z,https://www.adzuna.in/details/5826767224?utm_medium=api&utm_source=10d03a1b,"India, Kerala, Thiruvananthapuram, Trivandrum","Trivandrum, Thiruvananthapuram",Adzuna,,Coordinates from Adzuna,True
Adzuna,5823897712,Project Management Officer,Muthoot Fincorp Ltd.,"Trivandrum, Thiruvananthapuram","India, Kerala, Thiruvananthapuram, Trivandrum",Thiruvananthapuram,8.49239,76.93365,,,0,,,Accounting & Finance Jobs,accounting-finance-jobs,"About the Company The purpose of this role is to provide strategic and administrative support to the Chief Distribution Officer (CDO) by driving the understanding, planning, implementation, execution, and monitoring of projects and initiatives managed by the CDO's office. The incumbent will serve as a subject matter expert on market and industry trends and act as the primary point of contact for internal and external stakeholders on matters related to the CDO's office. Responsibilities Project …",2026-08-01T17:32:06Z,https://www.adzuna.in/land/ad/5823897712?se=YAF-cXSc8RGQor-L2zKR7A&utm_medium=api&utm_source=10d03a1b&v=5AC19E1B6CA4ED3018504ABA209594685A4908A0,"India, Kerala, Thiruvananthapuram, Trivandrum","Trivandrum, Thiruvananthapuram",Adzuna,,Coordinates from Adzuna,True
Adzuna,5829374085,QA Engineer,Terveys Technology Solutions Pvt Ltd,"Trivandrum, Thiruvananthapuram","India, Kerala, Thiruvananthapuram, Trivandrum",Thiruvananthapuram,8.49239,76.93365,,,0,,,IT Jobs,it-jobs,"QA Engineer – Healthcare Technology Location: Trivandrum, Hybrid Key Responsibilities Design, develop, and maintain automated test suites for healthcare applications using Java with Selenium or Playwright. Validate integration workflows across clinical systems such as HIS, EMR/EHR, RIS, PACS, and VNA. Test and validate healthcare interoperability standards including DICOM, HL7, and FHIR across integrated systems. Build and maintain automated API and integration test suites for REST APIs and mic…",2026-08-05T23:51:18Z,https://www.adzuna.in/land/ad/5829374085?se=YAF-cXSc8RGQor-L2zKR7A&utm_medium=api&utm_source=10d03a1b&v=82688D181989D6EBB671766EAC99693A6346FB8A,"India, Kerala, Thiruvananthapuram, Trivandrum","Trivandrum, Thiruvananthapuram",Adzuna,,Coordinates from Adzuna,True
Adzuna,4686701443,React Js Developer,,"Thiruvananthapuram, Kerala","India, Kerala, Thiruvananthapuram",Thiruvananthapuram,8.38159,77.0037,,,0,,,IT Jobs,it-jobs,"We SalesFon Technologies hiring for ReactJs Developers in Technopark,Trivandrum. Experienced Required : 6 Months to 1 Year Skills Sets: 1) Knowledge in Web Technology 2) Good understanding about Javascript and Typescript 3) Hands on experience or good knowledge in Redux and state management 4) Basic understanding of UI/UX concepts 5) Good understanding of HTML & CSS 6) Good understanding about Rest API's and SQL Looking for the candidates only from Inside Kerala. Candidates should be able to wo…",2024-05-10T07:38:25Z,https://www.adzuna.in/details/4686701443?utm_medium=api&utm_source=10d03a1b,"India, Kerala, Thiruvananthapuram","Thiruvananthapuram, Kerala",Adzuna,,Coordinates from Adzuna,True
Adzuna,5849116333,Reinforcement Learning (RL) Engineer (2 - 4 Years),Genrobotic Innovations Private Limited,"Thiruvananthapuram, Kerala","India, Kerala, Thiruvananthapuram",Thiruvananthapuram,8.38159,77.0037,480000.0,960000.0,0,permanent,full_time,Engineering Jobs,engineering-jobs,"We are seeking a highly skilled Reinforcement Learning (RL) Engineer to develop, implement, and optimize RL algorithms for real-world and simulation-based applications. The ideal candidate has strong foundations in machine learning, deep learning, control systems, and hands-on experience deploying RL models in production or embedded systems. Responsibilities Design, implement, and optimize RL algorithms such as PPO, SAC, TD3, DQN,A3C, TRPO, etc. Develop custom reward functions, policy architect…",2026-08-20T07:10:43Z,https://www.adzuna.in/details/5849116333?utm_medium=api&utm_source=10d03a1b,"India, Kerala, Thiruvananthapuram","Thiruvananthapuram, Kerala",Adzuna,,Coordinates from Adzuna,True
Adzuna,5814174618,Sales & Marketing Executive,Blue Ripples Technologies,"Trivandrum, Thiruvananthapuram","India, Kerala, Thiruvananthapuram, Trivandrum",Thiruvananthapuram,8.70012,76.84125,,,0,contract,full_time,Sales Jobs,sales-jobs,"This is a remote position. Sales & Marketing Executive Full-Time Experience- 0-2 Years Location- Hybrid/Remote Company Overview: Join Blue Ripples Technologies, a dynamic and innovative software services company committed to delivering cutting-edge technology solutions. We are looking for an enthusiastic and motivated Sales & Marketing Executive to help drive business growth, build strong customer relationships, and enhance our market presence. This is an excellent opportunity for energetic, re…",2026-07-24T22:45:30Z,https://www.adzuna.in/details/5814174618?utm_medium=api&utm_source=10d03a1b,"India, Kerala, Thiruvananthapuram, Trivandrum","Trivandrum, Thiruvananthapuram",Adzuna,,Coordinates from Adzuna,True
Adzuna,5835895535,Sales Executive,Chaosology Technologies Private Limited,"Trivandrum, Thiruvananthapuram","India, Kerala, Thiruvananthapuram, Trivandrum",Thiruvananthapuram,8.54904,76.92725,,,0,permanent,,Sales Jobs,sales-jobs,"Role Overview We are seeking a driven, target-oriented Sales Executive to be based at our Kazhakkoottam office. In this role, you will identify new business opportunities, build strong customer relationships, and expand our market presence across Trivandrum and nearby regions. You will manage the full sales process—from lead generation and product pitching to negotiation and deal closure. Key Responsibilities Prospecting & Lead Generation: Identify potential clients through local networking, co…",2026-08-11T00:54:20Z,https://www.adzuna.in/details/5835895535?utm_medium=api&utm_source=10d03a1b,"India, Kerala, Thiruvananthapuram, Trivandrum","Trivandrum, Thiruvananthapuram",Adzuna,,Coordinates from Adzuna,True
Adzuna,5753772512,Sales Executive / Sales Officer,Genrobotic Innovations Private Limited,"Thiruvananthapuram, Kerala","India, Kerala, Thiruvananthapuram",Thiruvananthapuram,8.38159,77.0037,300000.0,600000.0,0,permanent,full_time,Sales Jobs,sales-jobs,"Join our team as a Sales Executive, driving the adoption of advanced robotic solutions across various institutions. This role focuses on expanding market reach, building strong client relationships, and contributing to business growth. Job Location : Thiruvananthapuram Key Responsibilities Identify target markets and potential clients. Develop and execute plans to expand sales in new and existing markets. Build and maintain relationships with key decision-makers and stakeholders. Conduct market…",2026-06-06T06:12:01Z,https://www.adzuna.in/details/5753772512?utm_medium=api&utm_source=10d03a1b,"India, Kerala, Thiruvananthapuram","Thiruvananthapuram, Kerala",Adzuna,,Coordinates from Adzuna,True
Adzuna,5818524375,Senior Associate Insurance Operations (Accounts Receivable),Allianz Services,"Trivandrum, Thiruvananthapuram","India, Kerala, Thiruvananthapuram, Trivandrum",Thiruvananthapuram,8.49239,76.93365,,,0,,,Accounting & Finance Jobs,accounting-finance-jobs,"130 years of trust. One team shaping what's next. Allianz Group is one of the world's leading insurers and asset managers - built on over a century of stability, expertise, and financial strength. Allianz Services is where that legacy meets the future. 8,500 people. Twelve countries. Four continents. We deliver specialized services to clients within Allianz Group, powered by AI, advanced analytics, and a mindset that refuses to stand still. From core insurance operations to engineering and cons…",2026-07-28T21:18:32Z,https://www.adzuna.in/land/ad/5818524375?se=YAF-cXSc8RGQor-L2zKR7A&utm_medium=api&utm_source=10d03a1b&v=AFCA88CB75DDA971A1A2AF79D6B33B2B14EC4747,"India, Kerala, Thiruvananthapuram, Trivandrum","Trivandrum, Thiruvananthapuram",Adzuna,,Coordinates from Adzuna,True
Adzuna,5786195165,Senior HR Recruiter (3 - 6 Years),Genrobotic Innovations Private Limited,"Thiruvananthapuram, Kerala","India, Kerala, Thiruvananthapuram",Thiruvananthapuram,8.38159,77.0037,360000.0,540000.0,0,permanent,full_time,HR & Recruitment Jobs,hr-jobs,"We are seeking an experienced and dynamic Senior HR Recruiter to lead end-to-end recruitment activities across various functions within the organization. The ideal candidate will be responsible for sourcing, screening, interviewing, and hiring top talent while ensuring an excellent candidate experience and timely closure of positions. The role also involves mentoring recruiters, stakeholder management, and driving recruitment process improvements. Key Responsibilities Recruitment & Talent Acqui…",2026-07-03T06:24:17Z,https://www.adzuna.in/details/5786195165?utm_medium=api&utm_source=10d03a1b,"India, Kerala, Thiruvananthapuram","Thiruvananthapuram, Kerala",Adzuna,,Coordinates from Adzuna,True
Adzuna,5840224656,Senior Project Manager,Velodata Global Pvt Ltd,"Thiruvananthapuram, Kerala","India, Kerala, Thiruvananthapuram",Thiruvananthapuram,8.38159,77.0037,,,0,,,IT Jobs,it-jobs,"Senior Project Manager – Banking Transformation Location: Trivandrum | Initially office-based; eventually minimum 3 days/week hybrid Experience: 12–16 years Industry: Banking / Financial Technology The Opportunity We are looking for an exceptional Transformation Leader to drive complex banking technology and SaaS transformation programs for leading financial institutions. This is not a conventional project management role. You will work across business, product, engineering, architecture and ex…",2026-08-13T16:19:03Z,https://www.adzuna.in/land/ad/5840224656?se=YAF-cXSc8RGQor-L2zKR7A&utm_medium=api&utm_source=10d03a1b&v=D960C384221B3E5A652CEA5EE2CD0AD4AB1CC15C,"India, Kerala, Thiruvananthapuram","Thiruvananthapuram, Kerala",Adzuna,,Coordinates from Adzuna,True
Adzuna,5801396066,Senior Sales Manager,Avtar Career Creators Limited,"Trivandrum, Thiruvananthapuram","India, Kerala, Thiruvananthapuram, Trivandrum",Thiruvananthapuram,8.49239,76.93365,,,0,,,Sales Jobs,sales-jobs,"Sr. Manager – Sales & Relationships Locations : Cochin & Trivandrum Purpose of Jo bDrive business growth through new client acquisition, relationship management, and revenue generation. Identify market opportunities, build strategic client relationships, and contribute to expanding the organization's presence across target sectors . Accountabilities, Responsibilities and Main Duti esIdentify and pursue new business opportunities through market research and networkin g.Generate qualified leads t…",2026-07-15T22:26:32Z,https://www.adzuna.in/land/ad/5801396066?se=YAF-cXSc8RGQor-L2zKR7A&utm_medium=api&utm_source=10d03a1b&v=50FCD5AF0F85C68DB6D22AE7B198D786D4AB47EF,"India, Kerala, Thiruvananthapuram, Trivandrum","Trivandrum, Thiruvananthapuram",Adzuna,,Coordinates from Adzuna,True
Adzuna,5708096927,Shopify Senior Developer,Tryzens Global,"Trivandrum, Thiruvananthapuram","India, Kerala, Thiruvananthapuram, Trivandrum",Thiruvananthapuram,8.51757,76.9241,,,0,,full_time,IT Jobs,it-jobs,"Tryzens Limited is a fast-growing IT solutions consultancy head with headquarters based in London and a proven development centre in Trivandrum, India, a near shore office in Sofia, Bulgaria and in Melbourne, Australia. Our areas of expertise include delivery of digital solutions (eCommerce and Non commerce), multi-channel retail solutions and project management amongst others. We provide competitive solutions and services to several blue-chip clients primarily within retail, financial services…",2026-04-23T14:04:22Z,https://www.adzuna.in/details/5708096927?utm_medium=api&utm_source=10d03a1b,"India, Kerala, Thiruvananthapuram, Trivandrum","Trivandrum, Thiruvananthapuram",Adzuna,,Coordinates from Adzuna,True
Adzuna,5841755613,System Support Associate,Vensure Employer Solutions,"Thiruvananthapuram, Kerala","India, Kerala, Thiruvananthapuram",Thiruvananthapuram,8.38159,77.0037,,,0,,,IT Jobs,it-jobs,"Position Overview The System support Associate will be responsible for implementing and modifying EDI file feeds, utilizing programming languages like C#, Java, Python, and SQL. The candidate should have hands-on experience working within the US healthcare industry, understanding HIPAA compliance standards, and creating secure connections using SFTP (Secure File Transfer Protocol). As a member of our technical team, you will be responsible for integrating data feeds into our systems and ensurin…",2026-08-14T16:34:52Z,https://www.adzuna.in/land/ad/5841755613?se=YAF-cXSc8RGQor-L2zKR7A&utm_medium=api&utm_source=10d03a1b&v=E47455A362E2515F2EFA6CABFC39FDCE08CAE888,"India, Kerala, Thiruvananthapuram","Thiruvananthapuram, Kerala",Adzuna,,Coordinates from Adzuna,True
Adzuna,5829374029,US Payroll Manager,VensureHCM,"Thiruvananthapuram, Kerala","India, Kerala, Thiruvananthapuram",Thiruvananthapuram,8.38159,77.0037,,,0,,,Accounting & Finance Jobs,accounting-finance-jobs,"Job description Position Summary : As a Payroll Manager you will lead our growing payroll team. This position will be responsible for managing the day-to-day activities in the organization's client facing payroll function and being a resource for our payroll specialists, associates and assistants. Essential Duties and Responsibilities : This position is responsible for processing payroll as needed, training new hires, assigning new clients, problem resolution, and department procedures. Prepare…",2026-08-05T23:50:48Z,https://www.adzuna.in/land/ad/5829374029?se=YAF-cXSc8RGQor-L2zKR7A&utm_medium=api&utm_source=10d03a1b&v=AAADDB033386937BC9C6B6CBB099FAB173CD10F2,"India, Kerala, Thiruvananthapuram","Thiruvananthapuram, Kerala",Adzuna,,Coordinates from Adzuna,True
Adzuna,5733270240,US Payroll Manager,PrismHR,"Trivandrum, Thiruvananthapuram","India, Kerala, Thiruvananthapuram, Trivandrum",Thiruvananthapuram,8.70012,76.84125,,,0,,,HR & Recruitment Jobs,hr-jobs,"The Payroll associate position is designed to support our growing client facing payroll team with an array of payroll duties. This position provides the ability to learn and grown in a fast paced client facing organization. Essential Duties and Responsibilities: The payroll Manager will process payroll for our growing client base across the country As a payroll associate, you will enter client data and review employee time-sheets The associate level will learn how to import payroll information …",2026-05-18T22:15:17Z,https://www.adzuna.in/details/5733270240?utm_medium=api&utm_source=10d03a1b,"India, Kerala, Thiruvananthapuram, Trivandrum","Trivandrum, Thiruvananthapuram",Adzuna,,Coordinates from Adzuna,True
Adzuna,5767360880,Accounts & Audit Executive,Smart Work Consultants,"Thottiam, Tiruchirappalli","India, Tamil Nadu, Tiruchirappalli, Thottiam",Tiruchirappalli,10.96075,78.0801,,,0,,full_time,Accounting & Finance Jobs,accounting-finance-jobs,"We are looking for a detail-oriented and analytical Accounts & Audit Executive to evaluate business processes, strengthen internal controls, ensure compliance, and support operational excellence across manufacturing operations. If you have expertise in internal audits, risk assessment, process improvement, compliance, and financial controls , this is an excellent opportunity to contribute to organizational growth and governance. Key Responsibilities: ✔ Conduct operational, financial, and compli…",2026-06-18T05:48:25Z,https://www.adzuna.in/details/5767360880?utm_medium=api&utm_source=10d03a1b,"India, Tamil Nadu, Tiruchirappalli, Thottiam","Thottiam, Tiruchirappalli",Adzuna,,Coordinates from Adzuna,True
Adzuna,5830625066,Area Sales Executive,Loom Solar Pvt. Ltd.,"Srirangam, Tiruchirappalli","India, Tamil Nadu, Tiruchirappalli, Srirangam",Tiruchirappalli,10.61229,78.7583,200000.0,300000.0,0,permanent,,Sales Jobs,sales-jobs,Key Responsibilities (KRAs) 1. Sales & Revenue Growth • Achieve monthly and annual sales targets for the assigned territory • Drive primary and secondary sales through dealers and distributors • Identify new market opportunities and expand territory coverage 2. Channel Management • Appoint new distributors and dealers in the assigned area • Maintain strong relationships with existing channel partners • Ensure partner profitability and engagement 3. Market Development • Increase brand visibility…,2026-08-06T20:50:38Z,https://www.adzuna.in/details/5830625066?utm_medium=api&utm_source=10d03a1b,"India, Tamil Nadu, Tiruchirappalli, Srirangam","Srirangam, Tiruchirappalli",Adzuna,,Coordinates from Adzuna,True
Adzuna,5830625067,Area Sales Manager,Loom Solar Pvt. Ltd.,"Srirangam, Tiruchirappalli","India, Tamil Nadu, Tiruchirappalli, Srirangam",Tiruchirappalli,10.61229,78.7583,200000.0,300000.0,0,permanent,,Sales Jobs,sales-jobs,"Posting Title: Area Sales Manager Industry: Solar, Paints, Batteries Work Experience: 1 year Salary: Negotiable Location: Jodhpur Summary We are seeking a dynamic and results-driven Area Sales Manager to lead and expand our sales operations across key markets in the solar, paints, and batteries sector. This role is pivotal in driving revenue growth, strengthening distributor partnerships, and ensuring market penetration within assigned territories. The ideal candidate will leverage their expert…",2026-08-06T20:50:38Z,https://www.adzuna.in/details/5830625067?utm_medium=api&utm_source=10d03a1b,"India, Tamil Nadu, Tiruchirappalli, Srirangam","Srirangam, Tiruchirappalli",Adzuna,,Coordinates from Adzuna,True
Adzuna,5842095029,Associate - Developer,VDart Software Services Pvt. Ltd.,"Srirangam, Tiruchirappalli","India, Tamil Nadu, Tiruchirappalli, Srirangam",Tiruchirappalli,10.80595,78.69665,,,0,,,IT Jobs,it-jobs,"We are looking for a passionate and technically curious Full Stack Developer / AI & ML Fresher to join our technology team. The ideal candidate should have a strong foundation in full-stack development, Artificial Intelligence, Machine Learning, Python, databases, and modern web technologies . This is an excellent opportunity for fresh graduates who are eager to work on real-time applications, AI-powered solutions, web platforms, APIs, and data-driven projects while gaining hands-on industry ex…",2026-08-14T23:41:39Z,https://www.adzuna.in/details/5842095029?utm_medium=api&utm_source=10d03a1b,"India, Tamil Nadu, Tiruchirappalli, Srirangam","Srirangam, Tiruchirappalli",Adzuna,,Coordinates from Adzuna,True
Adzuna,4801494186,Audit Executive - IC&Q - MFB - Madurai - Thiruparakundram - J Grades,Tata Capital,"Tiruchirappalli, Tamil Nadu","India, Tamil Nadu, Tiruchirappalli",Tiruchirappalli,10.8091,78.66775,,,0,,full_time,Healthcare & Nursing Jobs,healthcare-nursing-jobs,Description Conduct Schedule and Surprise Visits for 8 branches as per schedule given by HO Gather market intelligence on MFI business in the area Maintain a record of Collection quality in the catchment and advice branches of caution areas Support field teams in difficult cases of collections Conduct investigation into special situation if need arises Qualification: Graduate/ Post Graduate in any discipline,2024-07-31T03:10:07Z,https://www.adzuna.in/details/4801494186?utm_medium=api&utm_source=10d03a1b,"India, Tamil Nadu, Tiruchirappalli","Tiruchirappalli, Tamil Nadu",Adzuna,,Coordinates from Adzuna,True
Adzuna,5280027181,Branch Manager - Retail MFB - Sales - Tiruchirappalli - GVR Complex - J Grades,Tata Capital,"Tiruchirappalli, Tamil Nadu","India, Tamil Nadu, Tiruchirappalli",Tiruchirappalli,10.8091,78.66775,,,0,,full_time,Sales Jobs,sales-jobs,"Description To ensure the achievement of disbursement targets with minimum delinquency Identifying Joint liability Groups & disbursed loans, to suit the target customers and geographies. Enabling business growth by developing and managing a teams across assigned territories for deeper market penetration and reach. Assess potential client base and product acceptability in new regions, areas & opportunities for geographical expansion of operational areas. Disbursement, repayment and delinquency m…",2025-07-02T20:34:03Z,https://www.adzuna.in/details/5280027181?utm_medium=api&utm_source=10d03a1b,"India, Tamil Nadu, Tiruchirappalli","Tiruchirappalli, Tamil Nadu",Adzuna,,Coordinates from Adzuna,True
Adzuna,5774455185,Chartered Accountant - Karur,Smart Work Consultants,"Thottiam, Tiruchirappalli","India, Tamil Nadu, Tiruchirappalli, Thottiam",Tiruchirappalli,10.96075,78.0801,,,0,permanent,full_time,Accounting & Finance Jobs,accounting-finance-jobs,"We are looking for a qualified , Inter and analytical Chartered Accountant (CA) to lead financial planning, statutory compliance, taxation, costing, audits, and business financial reporting. The ideal candidate will play a key role in strengthening financial controls and supporting strategic business decisions. If you're passionate about finance, compliance, manufacturing costing, and business performance , this is an excellent opportunity to grow with a leading manufacturing organization. Key …",2026-06-24T12:36:49Z,https://www.adzuna.in/details/5774455185?utm_medium=api&utm_source=10d03a1b,"India, Tamil Nadu, Tiruchirappalli, Thottiam","Thottiam, Tiruchirappalli",Adzuna,,Coordinates from Adzuna,True
Adzuna,5833752729,Client Handling Executive,Sisco Jobs,"Srirangam, Tiruchirappalli","India, Tamil Nadu, Tiruchirappalli, Srirangam",Tiruchirappalli,10.80595,78.69665,180000.0,240000.0,0,permanent,,IT Jobs,it-jobs,"We are Sisco Jobs, a recruitment consultancy based in Trichy, Tamil Nadu. We are hiring on behalf of our client for the position of Client Handling Executive in Trichy, Tamil Nadu. Our client is a reputed organization seeking skilled, motivated professionals. If you meet the requirements below, apply early as positions are limited. Key Responsibilities Manage client interactions and support day-to-day business operations. Build and maintain professional relationships with existing and prospecti…",2026-08-08T22:58:33Z,https://www.adzuna.in/details/5833752729?utm_medium=api&utm_source=10d03a1b,"India, Tamil Nadu, Tiruchirappalli, Srirangam","Srirangam, Tiruchirappalli",Adzuna,,Coordinates from Adzuna,True
Adzuna,5533859174,Cluster Relationship Manager - Government Business & TASC| Tiruchirappalli,CSB Bank,"Tiruchirappalli, Tamil Nadu","India, Tamil Nadu, Tiruchirappalli",Tiruchirappalli,10.8091,78.66775,,,0,,full_time,Accounting & Finance Jobs,accounting-finance-jobs,"Description Responsible for a) Managing & maintaining relationships with new & existing TASC & GB clients b) Opening TASC & GB accounts and Deliver an excellent service c) Generate leads for other banking products offered by the bank like Assets, insurance, TPP etc. Responsibilities Acquisition of HNI Govt & Institutional Banking clients eg: Municipal Corporations, State Government Departments, Central Government Departments, Govt. PF Trusts, Embassies, Gram Panchayats, Govt. Boards & Developme…",2025-12-09T00:24:35Z,https://www.adzuna.in/details/5533859174?utm_medium=api&utm_source=10d03a1b,"India, Tamil Nadu, Tiruchirappalli","Tiruchirappalli, Tamil Nadu",Adzuna,,Coordinates from Adzuna,True
Adzuna,4686699777,Customer Care,,"Tiruchirappalli, Tamil Nadu","India, Tamil Nadu, Tiruchirappalli",Tiruchirappalli,10.8091,78.66775,,,0,,,Customer Services Jobs,customer-services-jobs,Warm greetings from SUN BUSINESS SOLUTIONS PVT LTD Fresher & Experienced with good communication can apply Now… Opportunity to work for Leading BPO Sun Business Solutions for Domestic Tamil Voice Process Please go through the details below Work Location Trichy Name of Position Customer Support Executive No of openings 50 Gender Both (Male /Female) Age Between 18-29 Qualification HSC/Diploma/ITI/Any Graduation (Arts /Engineering) Requirements Fresher/Experienced should have excellent communicati…,2024-05-10T07:38:12Z,https://www.adzuna.in/details/4686699777?utm_medium=api&utm_source=10d03a1b,"India, Tamil Nadu, Tiruchirappalli","Tiruchirappalli, Tamil Nadu",Adzuna,,Coordinates from Adzuna,True
Adzuna,4872702145,Customer Service - Sales - Housing - EM - Sales - Tiruchirappalli - VIP Towers - CRE,Tata Capital,"Tiruchirappalli, Tamil Nadu","India, Tamil Nadu, Tiruchirappalli",Tiruchirappalli,10.8091,78.66775,,,0,,full_time,Sales Jobs,sales-jobs,Description Achieving business targets as laid down by acquiring new client relationships and maintaining them. Graduate in any discipline • Identify target areas for prospective business • Pre-screen customer segments as per the organization norms • Ensure the number of log in along with disbursement • Ensure high customer satisfaction level by proactively understanding customer needs and cross- sell multiple products as per the requirements • Execute sales promotion activities to build custom…,2024-09-22T17:39:45Z,https://www.adzuna.in/details/4872702145?utm_medium=api&utm_source=10d03a1b,"India, Tamil Nadu, Tiruchirappalli","Tiruchirappalli, Tamil Nadu",Adzuna,,Coordinates from Adzuna,True
Adzuna,5440535894,Data Engineer,eTalent Services,"Tiruchirappalli, Tamil Nadu","India, Tamil Nadu, Tiruchirappalli",Tiruchirappalli,10.8091,78.66775,1500000.0,2000000.0,0,,full_time,IT Jobs,it-jobs,"Senior Data Engineer Experience: 5 years Chennai/ Trichy (Hybrid) Type: Fulltime Skills: GCP  Airflow  Bigquery  Python  Docker The Role As a Senior Data Engineer, you own new initiatives, design and build world-class platforms to measure and optimize ad performance. You ensure industry-leading scalability and reliability of mission-critical systems processing billions of real-time transactions a day. You apply state-of-the-art technologies, frameworks, and strategies to address complex challen…",2025-10-10T09:21:38Z,https://www.adzuna.in/details/5440535894?utm_medium=api&utm_source=10d03a1b,"India, Tamil Nadu, Tiruchirappalli","Tiruchirappalli, Tamil Nadu",Adzuna,,Coordinates from Adzuna,True
Adzuna,4801526305,Deputy Sales Manager - Secured Business Loans Tiruchirappalli - Somarasampettai J Grades,Tata Capital,"Tiruchirappalli, Tamil Nadu","India, Tamil Nadu, Tiruchirappalli",Tiruchirappalli,10.8091,78.66775,,,0,,full_time,Sales Jobs,sales-jobs,"Description Looking sales executive for Secured Business Loan Expereince required minimum 1 year in Secured Business Loan Serves customers by selling products and meeting customer needs. Services existing accounts, obtains orders, and establishes new accounts by planning and organizing daily work schedule to call on existing or potential sales outlets and other trade factors. Focuses sales efforts by studying existing and potential volume of dealers. Keeps management informed by submitting acti…",2024-07-31T03:13:04Z,https://www.adzuna.in/details/4801526305?utm_medium=api&utm_source=10d03a1b,"India, Tamil Nadu, Tiruchirappalli","Tiruchirappalli, Tamil Nadu",Adzuna,,Coordinates from Adzuna,True
Adzuna,5833752728,Electronics / Electrical / Instrumentation Engineer,Sisco Jobs,"Srirangam, Tiruchirappalli","India, Tamil Nadu, Tiruchirappalli, Srirangam",Tiruchirappalli,10.80595,78.69665,180000.0,240000.0,0,permanent,,Engineering Jobs,engineering-jobs,"We are Sisco Jobs, a recruitment consultancy based in Trichy, Tamil Nadu. We are hiring on behalf of our client for the position of Electronics / Electrical / Instrumentation Engineer in Tiruchirappalli (Trichy), Tamil Nadu. Our client is a reputed organization seeking skilled, motivated professionals. If you meet the requirements below, apply early as positions are limited. Key Responsibilities Perform hardware testing and troubleshooting of electronic and electrical systems. Assemble LED disp…",2026-08-08T22:58:33Z,https://www.adzuna.in/details/5833752728?utm_medium=api&utm_source=10d03a1b,"India, Tamil Nadu, Tiruchirappalli, Srirangam","Srirangam, Tiruchirappalli",Adzuna,,Coordinates from Adzuna,True
Adzuna,5819297306,Engineer / Senior Engineer - Casting Development,Sanmar Matrix Metals Limited,"Tiruchirappalli, Tamil Nadu","India, Tamil Nadu, Tiruchirappalli",Tiruchirappalli,10.8091,78.66775,,,0,,,Engineering Jobs,engineering-jobs,"We Sanmar Matrix Metals limited looking for Casting Engineer / Casting Development Engineer a steel foundry based in Viralimalai location ( near Trichy ). Qualification : B.E / B.Tech or Diploma Experience: Minimun of 3 years into Casting Development from steel foundry. Indicative Tasks: 1. New Product (casting) Development Carry flexibility study (tolerance, complexities, infras tructure, new grade etc.,) upon receiving the RFQ from marketing department. Preparation of detailed technlogy of pa…",2026-07-29T09:20:24Z,https://www.adzuna.in/land/ad/5819297306?se=_p4-ZnSc8RGQor-L2zKR7A&utm_medium=api&utm_source=10d03a1b&v=B197A90F77F39E46DF92B8D2487BA46B18746A85,"India, Tamil Nadu, Tiruchirappalli","Tiruchirappalli, Tamil Nadu",Adzuna,,Coordinates from Adzuna,True
Adzuna,5425656201,Fashion Assistant,Hunarstreet Technologies Pvt Ltd,"Trichy, Tiruchirappalli","India, Tamil Nadu, Tiruchirappalli, Trichy",Tiruchirappalli,10.9256,78.78335,100000.0,200000.0,0,,full_time,Sales Jobs,sales-jobs,"Key Responsibilities: Assist in styling, fittings, and photoshoots. Coordinate with vendors for fabrics, trims, and accessories. Support in product development, cataloguing, and trend research. Maintain samples, mood boards, and fashion archives. Skills:- Sales",2025-10-02T07:00:22Z,https://www.adzuna.in/details/5425656201?utm_medium=api&utm_source=10d03a1b,"India, Tamil Nadu, Tiruchirappalli, Trichy","Trichy, Tiruchirappalli",Adzuna,,Coordinates from Adzuna,True
Adzuna,2160609470,Field Sales Executive,Elookads,"Trichy, Tiruchirappalli","India, Tamil Nadu, Tiruchirappalli, Trichy",Tiruchirappalli,10.9256,78.78335,0.0,300000.0,0,,full_time,Sales Jobs,sales-jobs,"Qualification : 12 th completed, degree. Job Types : Full-time, Fresher. JOB DESCRIPTION:  Build long-lasting client relationships and valuate customers needs.  Meet personal and team sales targets.  Attend meetings, sales events and trainings often.  Report and provide feedback to management using financial statistical data.  Manage your client database within your assigned area.  More you work, more is your gain. Skills:- Field Sales and Sales",2021-05-04T11:17:23Z,https://www.adzuna.in/details/2160609470?utm_medium=api&utm_source=10d03a1b,"India, Tamil Nadu, Tiruchirappalli, Trichy","Trichy, Tiruchirappalli",Adzuna,,Coordinates from Adzuna,True
Adzuna,5310701922,Gold Loan Officer| Tiruchirappalli,CSB Bank,"Tiruchirappalli, Tamil Nadu","India, Tamil Nadu, Tiruchirappalli",Tiruchirappalli,10.8091,78.66775,,,0,,full_time,Sales Jobs,sales-jobs,"Description Business sourcing and relationship management of sourcing channels , Co-ordination with internal stakeholders, End to End process coordination of loan disbursement Responsibilities Managing and motivating the sales team towards achieving targets. Responsible for empanelment of new dealers and resource allocation. Ensuring process & documentation compliance, FI, agreement execution & credit approval. Hiring, training & development of sales team to achieve targeted numbers. Qualificat…",2025-07-19T02:39:39Z,https://www.adzuna.in/details/5310701922?utm_medium=api&utm_source=10d03a1b,"India, Tamil Nadu, Tiruchirappalli","Tiruchirappalli, Tamil Nadu",Adzuna,,Coordinates from Adzuna,True
Adzuna,5845682613,Graphic Designer,Chithramaya creatives,"Tiruchirappalli, Tamil Nadu","India, Tamil Nadu, Tiruchirappalli",Tiruchirappalli,10.8091,78.66775,,,0,,full_time,Creative & Design Jobs,creative-design-jobs,"Company Description Chithramaya Creatives is a dynamic design agency dedicated to creating visually compelling and innovative solutions for businesses and brands. Our team specializes in delivering high-quality designs that inspire and elevate our clients' presence in their respective industries. We pride ourselves on creativity, attention to detail, and a passion for artistic excellence. At Chithramaya Creatives, we believe in nurturing talent and fostering a collaborative and inclusive work e…",2026-08-18T05:07:27Z,https://www.adzuna.in/land/ad/5845682613?se=_p4-ZnSc8RGQor-L2zKR7A&utm_medium=api&utm_source=10d03a1b&v=6D7CBB950D4ED837AE27C9DE3CA4E6BF630B5ABD,"India, Tamil Nadu, Tiruchirappalli","Tiruchirappalli, Tamil Nadu",Adzuna,,Coordinates from Adzuna,True
Adzuna,5822233211,Head of Quality Control,The Sanmar Group,"Tiruchirappalli, Tamil Nadu","India, Tamil Nadu, Tiruchirappalli",Tiruchirappalli,10.8091,78.66775,,,0,,,Engineering Jobs,engineering-jobs,"Dear Candidate, Greetings from Sanmar Group! We are looking for Quality Head ( Machine Shop) with 15 - 20 years of experience for our plant located in Viralimalai, Trichy. To lead and drive the overall Quality Assurance and Quality Control functions for Machine Shop operations by ensuring product quality, process compliance, customer satisfaction, and continuous improvement initiatives in line with organizational and customer standards. Key Responsibilities : 1. Establish and implement Quality …",2026-07-31T15:28:08Z,https://www.adzuna.in/land/ad/5822233211?se=_p4-ZnSc8RGQor-L2zKR7A&utm_medium=api&utm_source=10d03a1b&v=5151B3B7C4BDFB9D902FC9F91376D077239572D6,"India, Tamil Nadu, Tiruchirappalli","Tiruchirappalli, Tamil Nadu",Adzuna,,Coordinates from Adzuna,True
Adzuna,4686704863,IOS Developer,,"Tiruchirappalli, Tamil Nadu","India, Tamil Nadu, Tiruchirappalli",Tiruchirappalli,10.8091,78.66775,,,0,,,IT Jobs,it-jobs,"Needed young bright candidates for iOS, Android and Laravel developers. Attractive Salary package. For more information kindly send your resume to infokaarlo.in",2024-05-10T07:38:51Z,https://www.adzuna.in/details/4686704863?utm_medium=api&utm_source=10d03a1b,"India, Tamil Nadu, Tiruchirappalli","Tiruchirappalli, Tamil Nadu",Adzuna,,Coordinates from Adzuna,True
Adzuna,5333342188,Lead US IT Recruiter,VDart,"Tiruchirappalli, Tamil Nadu","India, Tamil Nadu, Tiruchirappalli",Tiruchirappalli,10.8091,78.66775,540000.0,720000.0,0,,full_time,HR & Recruitment Jobs,hr-jobs,"Job Title: Lead US IT Recruiter Location: Trichy, Tamil Nadu (Onsite) Company: VDart Inc. Experience: 5 – 8 Years Employment Type: Full-Time About VDart Inc. VDart Inc. is a global IT staffing and solutions company serving Fortune 500 clients across North America and India. With a strong track record in delivering high-quality tech talent across domains, we’re expanding our India team and are seeking a strategic, result-oriented Lead US IT Recruiter to join our Trichy office. Key Responsibiliti…",2025-08-02T05:31:53Z,https://www.adzuna.in/details/5333342188?utm_medium=api&utm_source=10d03a1b,"India, Tamil Nadu, Tiruchirappalli","Tiruchirappalli, Tamil Nadu",Adzuna,,Coordinates from Adzuna,True
Adzuna,5231412800,Loan Officer - Retail MFB - Sales - Alangudi - Gandhi Road - J Grades,Tata Capital,"Tiruchirappalli, Tamil Nadu","India, Tamil Nadu, Tiruchirappalli",Tiruchirappalli,10.8091,78.66775,,,0,,full_time,Sales Jobs,sales-jobs,"Description 10563 To ensure the achievement of disbursement targets with minimum delinquency Identifying Joint liability Groups & disbursed loans, to suit the target customers and geographies. Enabling business growth by developing and managing a teams across assigned territories for deeper market penetration and reach. Assess potential client base and product acceptability in new regions, areas & opportunities for geographical expansion of operational areas. Disbursement, repayment and delinqu…",2025-06-04T02:32:29Z,https://www.adzuna.in/details/5231412800?utm_medium=api&utm_source=10d03a1b,"India, Tamil Nadu, Tiruchirappalli","Tiruchirappalli, Tamil Nadu",Adzuna,,Coordinates from Adzuna,True
Adzuna,5231416343,Loan Officer - Retail MFB - Sales - Illuppur - Guru Complex - J Grades,Tata Capital,"Tiruchirappalli, Tamil Nadu","India, Tamil Nadu, Tiruchirappalli",Tiruchirappalli,10.8091,78.66775,,,0,,full_time,Sales Jobs,sales-jobs,"Description 10563 To ensure the achievement of disbursement targets with minimum delinquency Identifying Joint liability Groups & disbursed loans, to suit the target customers and geographies. Enabling business growth by developing and managing a teams across assigned territories for deeper market penetration and reach. Assess potential client base and product acceptability in new regions, areas & opportunities for geographical expansion of operational areas. Disbursement, repayment and delinqu…",2025-06-04T02:34:34Z,https://www.adzuna.in/details/5231416343?utm_medium=api&utm_source=10d03a1b,"India, Tamil Nadu, Tiruchirappalli","Tiruchirappalli, Tamil Nadu",Adzuna,,Coordinates from Adzuna,True
Adzuna,5231416819,Loan Officer - Retail MFB - Sales - Lalgudi - Balaji Complex - J Grades,Tata Capital,"Tiruchirappalli, Tamil Nadu","India, Tamil Nadu, Tiruchirappalli",Tiruchirappalli,10.8091,78.66775,,,0,,full_time,Sales Jobs,sales-jobs,"Description 10563 To ensure the achievement of disbursement targets with minimum delinquency Identifying Joint liability Groups & disbursed loans, to suit the target customers and geographies. Enabling business growth by developing and managing a teams across assigned territories for deeper market penetration and reach. Assess potential client base and product acceptability in new regions, areas & opportunities for geographical expansion of operational areas. Disbursement, repayment and delinqu…",2025-06-04T02:35:01Z,https://www.adzuna.in/details/5231416819?utm_medium=api&utm_source=10d03a1b,"India, Tamil Nadu, Tiruchirappalli","Tiruchirappalli, Tamil Nadu",Adzuna,,Coordinates from Adzuna,True
Adzuna,5231410329,Loan Officer - Retail MFB - Sales - Manapparai - AMC Complex - J Grades,Tata Capital,"Tiruchirappalli, Tamil Nadu","India, Tamil Nadu, Tiruchirappalli",Tiruchirappalli,10.8091,78.66775,,,0,,full_time,Sales Jobs,sales-jobs,"Description 10563 To ensure the achievement of disbursement targets with minimum delinquency Identifying Joint liability Groups & disbursed loans, to suit the target customers and geographies. Enabling business growth by developing and managing a teams across assigned territories for deeper market penetration and reach. Assess potential client base and product acceptability in new regions, areas & opportunities for geographical expansion of operational areas. Disbursement, repayment and delinqu…",2025-06-04T02:29:11Z,https://www.adzuna.in/details/5231410329?utm_medium=api&utm_source=10d03a1b,"India, Tamil Nadu, Tiruchirappalli","Tiruchirappalli, Tamil Nadu",Adzuna,,Coordinates from Adzuna,True
Adzuna,5231411661,Loan Officer - Retail MFB - Sales - Mannargudi - Asiriyar - J Grades,Tata Capital,"Tiruchirappalli, Tamil Nadu","India, Tamil Nadu, Tiruchirappalli",Tiruchirappalli,10.8091,78.66775,,,0,,full_time,Sales Jobs,sales-jobs,"Description 10563 To ensure the achievement of disbursement targets with minimum delinquency Identifying Joint liability Groups & disbursed loans, to suit the target customers and geographies. Enabling business growth by developing and managing a teams across assigned territories for deeper market penetration and reach. Assess potential client base and product acceptability in new regions, areas & opportunities for geographical expansion of operational areas. Disbursement, repayment and delinqu…",2025-06-04T02:31:47Z,https://www.adzuna.in/details/5231411661?utm_medium=api&utm_source=10d03a1b,"India, Tamil Nadu, Tiruchirappalli","Tiruchirappalli, Tamil Nadu",Adzuna,,Coordinates from Adzuna,True
Adzuna,5231411687,Loan Officer - Retail MFB - Sales - Nagapattinam - South Perumal Street - J Grades,Tata Capital,"Tiruchirappalli, Tamil Nadu","India, Tamil Nadu, Tiruchirappalli",Tiruchirappalli,10.8091,78.66775,,,0,,full_time,Sales Jobs,sales-jobs,"Description 10563 To ensure the achievement of disbursement targets with minimum delinquency Identifying Joint liability Groups & disbursed loans, to suit the target customers and geographies. Enabling business growth by developing and managing a teams across assigned territories for deeper market penetration and reach. Assess potential client base and product acceptability in new regions, areas & opportunities for geographical expansion of operational areas. Disbursement, repayment and delinqu…",2025-06-04T02:31:50Z,https://www.adzuna.in/details/5231411687?utm_medium=api&utm_source=10d03a1b,"India, Tamil Nadu, Tiruchirappalli","Tiruchirappalli, Tamil Nadu",Adzuna,,Coordinates from Adzuna,True
Adzuna,5231408521,Loan Officer - Retail MFB - Sales - Pudukkottai - Aranthangi - J Grades,Tata Capital,"Tiruchirappalli, Tamil Nadu","India, Tamil Nadu, Tiruchirappalli",Tiruchirappalli,10.8091,78.66775,,,0,,full_time,Sales Jobs,sales-jobs,"Description 10563 To ensure the achievement of disbursement targets with minimum delinquency Identifying Joint liability Groups & disbursed loans, to suit the target customers and geographies. Enabling business growth by developing and managing a teams across assigned territories for deeper market penetration and reach. Assess potential client base and product acceptability in new regions, areas & opportunities for geographical expansion of operational areas. Disbursement, repayment and delinqu…",2025-06-04T02:26:30Z,https://www.adzuna.in/details/5231408521?utm_medium=api&utm_source=10d03a1b,"India, Tamil Nadu, Tiruchirappalli","Tiruchirappalli, Tamil Nadu",Adzuna,,Coordinates from Adzuna,True
Adzuna,5231407444,Loan Officer - Retail MFB - Sales - Thanjavur - Pattukkottai - J Grades,Tata Capital,"Tiruchirappalli, Tamil Nadu","India, Tamil Nadu, Tiruchirappalli",Tiruchirappalli,10.8091,78.66775,,,0,,full_time,Sales Jobs,sales-jobs,"Description 10563 To ensure the achievement of disbursement targets with minimum delinquency Identifying Joint liability Groups & disbursed loans, to suit the target customers and geographies. Enabling business growth by developing and managing a teams across assigned territories for deeper market penetration and reach. Assess potential client base and product acceptability in new regions, areas & opportunities for geographical expansion of operational areas. Disbursement, repayment and delinqu…",2025-06-04T02:25:09Z,https://www.adzuna.in/details/5231407444?utm_medium=api&utm_source=10d03a1b,"India, Tamil Nadu, Tiruchirappalli","Tiruchirappalli, Tamil Nadu",Adzuna,,Coordinates from Adzuna,True
Adzuna,5231409978,Loan Officer - Retail MFB - Sales - Tiruchirappalli - Somarasampettai - J Grades,Tata Capital,"Tiruchirappalli, Tamil Nadu","India, Tamil Nadu, Tiruchirappalli",Tiruchirappalli,10.8091,78.66775,,,0,,full_time,Sales Jobs,sales-jobs,"Description 10563 To ensure the achievement of disbursement targets with minimum delinquency Identifying Joint liability Groups & disbursed loans, to suit the target customers and geographies. Enabling business growth by developing and managing a teams across assigned territories for deeper market penetration and reach. Assess potential client base and product acceptability in new regions, areas & opportunities for geographical expansion of operational areas. Disbursement, repayment and delinqu…",2025-06-04T02:28:37Z,https://www.adzuna.in/details/5231409978?utm_medium=api&utm_source=10d03a1b,"India, Tamil Nadu, Tiruchirappalli","Tiruchirappalli, Tamil Nadu",Adzuna,,Coordinates from Adzuna,True
Adzuna,5231411730,Loan Officer - Retail MFB - Sales - Vedaranyam - Siva Sakthi Complex - J Grades,Tata Capital,"Tiruchirappalli, Tamil Nadu","India, Tamil Nadu, Tiruchirappalli",Tiruchirappalli,10.8091,78.66775,,,0,,full_time,Sales Jobs,sales-jobs,"Description 10563 To ensure the achievement of disbursement targets with minimum delinquency Identifying Joint liability Groups & disbursed loans, to suit the target customers and geographies. Enabling business growth by developing and managing a teams across assigned territories for deeper market penetration and reach. Assess potential client base and product acceptability in new regions, areas & opportunities for geographical expansion of operational areas. Disbursement, repayment and delinqu…",2025-06-04T02:31:52Z,https://www.adzuna.in/details/5231411730?utm_medium=api&utm_source=10d03a1b,"India, Tamil Nadu, Tiruchirappalli","Tiruchirappalli, Tamil Nadu",Adzuna,,Coordinates from Adzuna,True
Adzuna,5833435150,Mobility Sales Lead,Jio,"Tiruchirappalli, Tamil Nadu","India, Tamil Nadu, Tiruchirappalli",Tiruchirappalli,10.8091,78.66775,,,0,,,Sales Jobs,sales-jobs,"We at Jio are hiring for Mobility Sales Lead for the location Tiruchirapalli. Key requirements are 1. Graduation and MBA preferred 2. Experience with 8 -12 years Job Description 1. Achieve sales target for assigned territory (Urban & Rural) 2. Manage various distribution channels (Direct, Indirect and Alternate) 3. Plan and achieve product wise and town wise growth 4. Develop channel in the new markets 5. Drive device, activation and recharge business through distributors 6. Manage key retail o…",2026-08-08T18:03:52Z,https://www.adzuna.in/land/ad/5833435150?se=_p4-ZnSc8RGQor-L2zKR7A&utm_medium=api&utm_source=10d03a1b&v=EC067DE3B461A8BE8852BCBE542C37A8D4BDFC97,"India, Tamil Nadu, Tiruchirappalli","Tiruchirappalli, Tamil Nadu",Adzuna,,Coordinates from Adzuna,True
Adzuna,3029274180,PHP DEVELOPER,INFOVENZ SOFTWARE SOLUTION,"Tiruchirappalli, Tamil Nadu","India, Tamil Nadu, Tiruchirappalli",Tiruchirappalli,10.8091,78.66775,500000.0,700000.0,0,,full_time,IT Jobs,it-jobs,"Infovenz is looking for a full stack web application developer who possess strong knowledge in web application development and a passion to build innovative enterprise applications using PHP framework technologies preferably in CodeIgniter and Laravel. You will create new applications from scratch, enhance existing systems and provide user support. You will be a part of a creative team that is responsible for all aspects of the ongoing software development from the initial specification, throug…",2022-04-06T05:16:03Z,https://www.adzuna.in/details/3029274180?utm_medium=api&utm_source=10d03a1b,"India, Tamil Nadu, Tiruchirappalli","Tiruchirappalli, Tamil Nadu",Adzuna,,Coordinates from Adzuna,True
Adzuna,5828375183,"PYP Coordinator needed in a School in Trichy, Tamil Nadu - ( Job ID - 23908)",EducoHire,"Srirangam, Tiruchirappalli","India, Tamil Nadu, Tiruchirappalli, Srirangam",Tiruchirappalli,10.77455,78.67095,1200000.0,1200000.0,0,permanent,,Teaching Jobs,teaching-jobs,"PYP Coordinator needed in a School in Trichy, Tamil Nadu. Immediate joining. Female Candidate needed. Role - Take responsibility for the holistic development, discipline, and wellbeing of students while ensuring they progress according to their abilities and perform strongly in board and internal assessments. Support curriculum delivery, student learning, and whole-school development through collaborative planning, positive classroom environments, mentoring, and active participation in school e…",2026-08-05T04:53:35Z,https://www.adzuna.in/details/5828375183?utm_medium=api&utm_source=10d03a1b,"India, Tamil Nadu, Tiruchirappalli, Srirangam","Srirangam, Tiruchirappalli",Adzuna,,Coordinates from Adzuna,True
Adzuna,4801492790,Product Coordinator - Microfinance Business - Tiruchirappalli - Ram Arcade - J-Grades,Tata Capital,"Tiruchirappalli, Tamil Nadu","India, Tamil Nadu, Tiruchirappalli",Tiruchirappalli,10.8091,78.66775,,,0,,full_time,Sales Jobs,sales-jobs,"Description Active engagement with sales team to resolve day to day hurdles related to product and processes Co-ordinating with various function like IT, Sales, Credit and Operations team to resolve query on time and provide adhoc support where so ever required. Identify the product gap, conduct research on the product development, test the viability of the product and process, communicate the new launch of product and processes. Ensure adequate training interventions on systems and processes w…",2024-07-31T03:10:01Z,https://www.adzuna.in/details/4801492790?utm_medium=api&utm_source=10d03a1b,"India, Tamil Nadu, Tiruchirappalli","Tiruchirappalli, Tamil Nadu",Adzuna,,Coordinates from Adzuna,True
Adzuna,5809616604,Production Planning & Control Engineer,Sisco Jobs,"Trichy, Tiruchirappalli","India, Tamil Nadu, Tiruchirappalli, Trichy",Tiruchirappalli,10.9256,78.78335,,,0,permanent,,Engineering Jobs,engineering-jobs,"Job Description We are Sisco Jobs, a recruitment consultancy based in Trichy, Tamil Nadu. We are hiring on behalf of our client for the position of Production Planning & Control Engineer in Trichy, Tamil Nadu . Our client is a reputed organization in the Manufacturing sector seeking skilled and motivated professionals. If you meet the requirements below, apply early as positions are limited. Key Responsibilities Develop and maintain production plans and schedules. Monitor production performance…",2026-07-22T00:39:37Z,https://www.adzuna.in/details/5809616604?utm_medium=api&utm_source=10d03a1b,"India, Tamil Nadu, Tiruchirappalli, Trichy","Trichy, Tiruchirappalli",Adzuna,,Coordinates from Adzuna,True
Adzuna,5809616600,Project Manager / Civil Engineer,Sisco Jobs,"Trichy, Tiruchirappalli","India, Tamil Nadu, Tiruchirappalli, Trichy",Tiruchirappalli,10.9256,78.78335,,,0,contract,,Trade & Construction Jobs,trade-construction-jobs,"Job Description We are Sisco Jobs, a recruitment consultancy based in Trichy, Tamil Nadu. We are hiring on behalf of our client for the position of Project Manager / Civil Engineer in Trichy, Tamil Nadu . Our client is a reputed organization in the Construction sector seeking skilled and motivated professionals. If you meet the requirements below, apply early as positions are limited. Key Responsibilities Manage construction projects from planning through completion. Coordinate with architects,…",2026-07-22T00:39:37Z,https://www.adzuna.in/details/5809616600?utm_medium=api&utm_source=10d03a1b,"India, Tamil Nadu, Tiruchirappalli, Trichy","Trichy, Tiruchirappalli",Adzuna,,Coordinates from Adzuna,True
Adzuna,4801532105,Quality Executive - MFB - Tiruchirappalli - Ram Arcade - J Grades,Tata Capital,"Tiruchirappalli, Tamil Nadu","India, Tamil Nadu, Tiruchirappalli",Tiruchirappalli,10.8091,78.66775,,,0,,full_time,Accounting & Finance Jobs,accounting-finance-jobs,"Description o Responsible for personal discussion of cases as per the laid down policies & procedures and maintain strict adherence to quality. o Adhere to agreed SLAs and timelines in completing the activities assigned. o A skill set of underwriting, disbursements, collateral, coordination with cross function sales operation function o Responsible for protecting company assets through proper evaluation of all credit requests, establishing credit limits and ensuring that all loans granted are a…",2024-07-31T03:13:42Z,https://www.adzuna.in/details/4801532105?utm_medium=api&utm_source=10d03a1b,"India, Tamil Nadu, Tiruchirappalli","Tiruchirappalli, Tamil Nadu",Adzuna,,Coordinates from Adzuna,True
Adzuna,4801439910,RCF Expert - Thoothukudi,Dalmia Bharat Group,"Trichy, Tiruchirappalli","India, Tamil Nadu, Tiruchirappalli, Trichy",Tiruchirappalli,10.9256,78.78335,,,0,,full_time,Sales Jobs,sales-jobs,Description 1. Financial Undertake pre and post-sales promotional activities for the period and take measures to increase the market share/sales targets using technical skills Control outstanding/over dues by vigilantly monitoring the dealers and ensure that the transactions are timely completed Take initiatives to drive growth for DCBL and ensure sustained growth in line with long-term and short-term objectives of the organization 2. Customer Coordinate with Regional Technical Services Manager…,2024-07-31T03:05:43Z,https://www.adzuna.in/details/4801439910?utm_medium=api&utm_source=10d03a1b,"India, Tamil Nadu, Tiruchirappalli, Trichy","Trichy, Tiruchirappalli",Adzuna,,Coordinates from Adzuna,True
Adzuna,1171509703,Recruitment Specialist,Vagus Technologies,"Tiruchirappalli, Tamil Nadu","India, Tamil Nadu, Tiruchirappalli",Tiruchirappalli,10.8091,78.66775,300000.0,700000.0,0,,full_time,IT Jobs,it-jobs,"Vagus Technologies is a global provider of enterprise business solutions to finance and banking, insurance, manufacturing, retail, education, technolog Skills: US IT, dice, monster and Recruitment/Talent Acquisition",2019-06-05T21:12:29Z,https://www.adzuna.in/details/1171509703?utm_medium=api&utm_source=10d03a1b,"India, Tamil Nadu, Tiruchirappalli","Tiruchirappalli, Tamil Nadu",Adzuna,,Coordinates from Adzuna,True
Adzuna,4686700552,Relationship Manager,,"Tiruchirappalli, Tamil Nadu","India, Tamil Nadu, Tiruchirappalli",Tiruchirappalli,10.8091,78.66775,,,0,,,Sales Jobs,sales-jobs,RELATIONSHIP MANAGER UG QUALIFICATION IS MANDATORY We are looking out for candidate for sales in Life Insurance Its a leading Life Insurance company offering package upto 4 lacs Interested candidates may send your updated resumes to info@kaarlo.in INDUSTRY:INSURANCE experience:2 yrs of sales experience in BFSI/ BANKING/ FINANCE/ INSURANCE/ SALES SECTOR TWO WHEELER MANDATORY SALARY:2.5-4 LAKHS LOCATION:CHENNAI contact:9994340369,2024-05-10T07:38:19Z,https://www.adzuna.in/details/4686700552?utm_medium=api&utm_source=10d03a1b,"India, Tamil Nadu, Tiruchirappalli","Tiruchirappalli, Tamil Nadu",Adzuna,,Coordinates from Adzuna,True
Adzuna,4801519348,Relationship Manager - Emerging Corporate - Sales -Tiruchirappalli - Ram Arcade- JM,Tata Capital,"Tiruchirappalli, Tamil Nadu","India, Tamil Nadu, Tiruchirappalli",Tiruchirappalli,10.8091,78.66775,,,0,,full_time,Sales Jobs,sales-jobs,"Description 1. Originate NTB prospects through direct sourcing and open market channels 2. Acquiring customers and taking their proposal up to the stage of disbursement. 3. Meeting existing customers to generate business opportunities thereby generating revenue 4. Catering to the business having a turnover of Rs 100 to 500 crs in Emerging Business, Rs 500 to 1000 crs in Mid Corporate and Rs 1000 crs & above in Large Corp with different working capital facilities such as Overdraft, Cash credit, …",2024-07-31T03:12:23Z,https://www.adzuna.in/details/4801519348?utm_medium=api&utm_source=10d03a1b,"India, Tamil Nadu, Tiruchirappalli","Tiruchirappalli, Tamil Nadu",Adzuna,,Coordinates from Adzuna,True
Adzuna,3858467873,Sales and Marketing,Intulogic private Limited,"Trichy, Tiruchirappalli","India, Tamil Nadu, Tiruchirappalli, Trichy",Tiruchirappalli,10.9256,78.78335,200000.0,300000.0,0,,full_time,Sales Jobs,sales-jobs,"2 years of experience in marketing with an added experience in software and/or healthcare sales would be a plus Excellent communication and interpersonal skills Inbound sales, negotiating and convincing skills Skills to promote our service to potential customers and close deals to maximize sales Actively seek out new sales opportunities through cold calling, networking, and social media Effectively managing feedback and escalations from customers and vendors. Working in close interface with the…",2023-01-19T09:10:25Z,https://www.adzuna.in/details/3858467873?utm_medium=api&utm_source=10d03a1b,"India, Tamil Nadu, Tiruchirappalli, Trichy","Trichy, Tiruchirappalli",Adzuna,,Coordinates from Adzuna,True
Adzuna,5055438370,Senior Full Stack Developer,ZyBiSys,"Tiruchirappalli, Tamil Nadu","India, Tamil Nadu, Tiruchirappalli",Tiruchirappalli,10.8091,78.66775,2000000.0,2500000.0,0,,full_time,IT Jobs,it-jobs,"Job Role: Senior Full Stack Developer Location: Trichy Job Type: Full Time Experience Required: 5 Years Reporting to : Product Head About Us: At Zybisys Consulting Services LLP , we are a leading company in Cloud Managed Services and Cloud Computing . We believe in creating a vibrant and inclusive workplace where talented people can grow and succeed. We are looking for a dedicated leader who is passionate about supporting our team, developing talent, and enhancing our company culture. Role Over…",2025-02-19T04:31:08Z,https://www.adzuna.in/details/5055438370?utm_medium=api&utm_source=10d03a1b,"India, Tamil Nadu, Tiruchirappalli","Tiruchirappalli, Tamil Nadu",Adzuna,,Coordinates from Adzuna,True
Adzuna,4801381571,State HR Manager - MFB - Tiruchirappalli - Ram Arcade - JM,Tata Capital,"Tiruchirappalli, Tamil Nadu","India, Tamil Nadu, Tiruchirappalli",Tiruchirappalli,10.8091,78.66775,,,0,,full_time,HR & Recruitment Jobs,hr-jobs,"Description To drive, understand, implement and focus on key HR initiatives in the state/s for the company. Oversee, manage and partner effectively with the Business to support and manage the people agenda in order to meet the Company’s goals Recruitment • Identify regional requirement of replacement hiring and coordinate with regional manager to initiate hiring approval. • Manage Recruitment costs by adopting right talent and scanning relevant industries for sourcing talent • Identify if there…",2024-07-31T03:01:21Z,https://www.adzuna.in/details/4801381571?utm_medium=api&utm_source=10d03a1b,"India, Tamil Nadu, Tiruchirappalli","Tiruchirappalli, Tamil Nadu",Adzuna,,Coordinates from Adzuna,True
Adzuna,5817452579,Store In Charge,Sisco Jobs,"Srirangam, Tiruchirappalli","India, Tamil Nadu, Tiruchirappalli, Srirangam",Tiruchirappalli,10.80595,78.69665,20000.0,20000.0,0,permanent,,Logistics & Warehouse Jobs,logistics-warehouse-jobs,"We are Sisco Jobs, a recruitment consultancy based in Trichy, Tamil Nadu. We are hiring on behalf of our client for the position of Store In Charge in Trichy, Tamil Nadu . Our client is a reputed organization in the Automobile sector seeking skilled and motivated professionals. If you meet the requirements below, apply early as positions are limited. Key Responsibilities Manage daily store operations and inventory. Receive, inspect, and record incoming materials. Monitor stock levels and initia…",2026-07-27T20:44:25Z,https://www.adzuna.in/details/5817452579?utm_medium=api&utm_source=10d03a1b,"India, Tamil Nadu, Tiruchirappalli, Srirangam","Srirangam, Tiruchirappalli",Adzuna,,Coordinates from Adzuna,True
Adzuna,1155089303,Supplier manager,Orangedolly,"Tiruchirappalli, Tamil Nadu","India, Tamil Nadu, Tiruchirappalli",Tiruchirappalli,10.8091,78.66775,100000.0,200000.0,0,,full_time,"PR, Advertising & Marketing Jobs",pr-advertising-marketing-jobs,"• Excellent communication skill- both written & verbal. • Willing to work at from early morning shift (starts at 6.30AM). • Ability to understand the business. • Do the market research for the products. • Need to work with the different supplier across the globe. • Ability to negotiate the price & maintain company standard. • Maintain good relationship with suppliers. Skills:- Supply Chain Management (SCM), Sales and Search Engine Optimization (SEO)",2019-05-17T21:02:44Z,https://www.adzuna.in/details/1155089303?utm_medium=api&utm_source=10d03a1b,"India, Tamil Nadu, Tiruchirappalli","Tiruchirappalli, Tamil Nadu",Adzuna,,Coordinates from Adzuna,True
Adzuna,5333342193,US IT Recruiter,VDart,"Tiruchirappalli, Tamil Nadu","India, Tamil Nadu, Tiruchirappalli",Tiruchirappalli,10.8091,78.66775,400000.0,450000.0,0,permanent,full_time,HR & Recruitment Jobs,hr-jobs,"US IT Recruiter Location: Trichy, Tamil Nadu (Onsite) Company: VDart Inc. Experience: 3 – 5 Years Employment Type: Full-Time About VDart Inc. VDart Inc. is a global IT staffing and solutions company with a strong presence in the United States and India. We partner with Fortune 500 clients and deliver talent across various domains and emerging technologies. We’re currently expanding our recruitment team and are looking for experienced US IT Recruiters to join our Trichy office. Key Responsibilit…",2025-08-02T05:31:53Z,https://www.adzuna.in/details/5333342193?utm_medium=api&utm_source=10d03a1b,"India, Tamil Nadu, Tiruchirappalli","Tiruchirappalli, Tamil Nadu",Adzuna,,Coordinates from Adzuna,True
Adzuna,5847766817,Weaving Production Planning,Smart Work Consultants,"Thottiam, Tiruchirappalli","India, Tamil Nadu, Tiruchirappalli, Thottiam",Tiruchirappalli,10.96075,78.0801,,,0,permanent,,Manufacturing Jobs,manufacturing-jobs,"We are looking for an experienced Weaving Production Planning professional to manage and coordinate weaving production schedules, ensuring optimum loom utilization, timely production, and on-time delivery of fabric as per customer requirements. Roles & Responsibilities Prepare and monitor daily, weekly, and monthly weaving production plans Plan loom allocation based on orders, fabric specifications, capacity, and delivery schedules Coordinate with Merchandising, PPC, Production, Dyeing, Sizing,…",2026-08-19T09:01:26Z,https://www.adzuna.in/details/5847766817?utm_medium=api&utm_source=10d03a1b,"India, Tamil Nadu, Tiruchirappalli, Thottiam","Thottiam, Tiruchirappalli",Adzuna,,Coordinates from Adzuna,True
Adzuna,5835741490,Acquisition Manager-Sales-Sales,Kotak Mahindra Bank,"Tirunelveli, Tamil Nadu","India, Tamil Nadu, Tirunelveli",Tirunelveli,8.7256,77.69625,,,0,,full_time,Sales Jobs,sales-jobs,"Description The Acquisition Manager – RL Sales is responsible for driving the acquisition of retail loan customers through direct and indirect channels. The role involves identifying potential customers, managing relationships with channel partners, ensuring compliance with documentation, and achieving sales targets for retail loan products such as home loans, LAP (Loan Against Property), and personal loans. Responsibilities Acquire new customers for retail loan products through DSAs, connector…",2026-08-10T21:00:01Z,https://www.adzuna.in/details/5835741490?utm_medium=api&utm_source=10d03a1b,"India, Tamil Nadu, Tirunelveli","Tirunelveli, Tamil Nadu",Adzuna,,Coordinates from Adzuna,True
Adzuna,5819865956,Area Manager,Apollo Tyres,"Tirunelveli, Tamil Nadu","India, Tamil Nadu, Tirunelveli",Tirunelveli,8.7256,77.69625,,,0,,,Sales Jobs,sales-jobs,"Apollo Tyres Ltd is an international tyre manufacturer and the leading tyre brand in India. The company has multiple manufacturing units in India and a unit each in The Netherlands and Hungary. The company markets its products under its two global brands – Apollo and Vredestein, and its products are available in over 100 countries through a vast network of branded, exclusive and multi-product outlets. Job Title : Area Manager Location : Tirunelveli Reports to (Position) : Regional Head Departme…",2026-07-29T20:45:14Z,https://www.adzuna.in/details/5819865956?utm_medium=api&utm_source=10d03a1b,"India, Tamil Nadu, Tirunelveli","Tirunelveli, Tamil Nadu",Adzuna,,Coordinates from Adzuna,True
Adzuna,5842393111,Area Manager - Tirunelveli,Fishmanhealthcare,"Palayankottai, Tirunelveli","India, Tamil Nadu, Tirunelveli, Palayankottai",Tirunelveli,8.7256,77.69625,30000.0,2000000.0,0,permanent,full_time,Sales Jobs,sales-jobs,"Area Manager - Pharmaceutical Sales Location: Tirunelveli, Tamil Nadu Employment Type: Full-time Experience: 1-3 Years Salary: ₹20,000 - ₹30,000 per month We are looking for an experienced and results-driven Area Manager to lead pharmaceutical sales operations in the Tirunelveli region. The ideal candidate will be responsible for achieving sales targets, managing territory performance, building strong relationships with healthcare professionals, and driving business growth. Key Responsibilities…",2026-08-15T05:03:44Z,https://www.adzuna.in/details/5842393111?utm_medium=api&utm_source=10d03a1b,"India, Tamil Nadu, Tirunelveli, Palayankottai","Palayankottai, Tirunelveli",Adzuna,,Coordinates from Adzuna,True
Adzuna,5842393112,Area Manager -Tenkasi,Fishmanhealthcare,"Tenkasi, Tirunelveli","India, Tamil Nadu, Tirunelveli, Tenkasi",Tirunelveli,8.94277,77.31025,30000.0,2000000.0,0,permanent,full_time,Sales Jobs,sales-jobs,"Area Manager - Pharmaceutical Sales Location: Tenkasi, Tamil Nadu Employment Type: Full-time Experience: 1-3 Years Salary: ₹20,000 - ₹30,000 per month We are looking for an experienced and results-driven Area Manager to lead pharmaceutical sales operations in the Tenkasi region. The ideal candidate will be responsible for achieving sales targets, managing territory performance, building strong relationships with healthcare professionals, and driving business growth. Key Responsibilities Achieve…",2026-08-15T05:03:44Z,https://www.adzuna.in/details/5842393112?utm_medium=api&utm_source=10d03a1b,"India, Tamil Nadu, Tirunelveli, Tenkasi","Tenkasi, Tirunelveli",Adzuna,,Coordinates from Adzuna,True
Adzuna,5845828834,BIM Modeler,Jersey Engineering Solutions Pvt Ltd,"Tirunelveli, Tamil Nadu","India, Tamil Nadu, Tirunelveli",Tirunelveli,8.7256,77.69625,,,0,,,Engineering Jobs,engineering-jobs,"Role: BIM Modeler - Mechanical/Electrical Job Summary Produces assigned model elements and drawing sheets under supervision, working to defined standards and templates. Output is reviewed by a Senior BIM Modeller before release. The role is a training track: the expectation is measurable progression toward independent ownership of a system or zone. Key Responsibilities Create and update 3D models per issued design/construction drawings. Follow modelling standards, templates, and naming conventi…",2026-08-18T07:18:18Z,https://www.adzuna.in/land/ad/5845828834?se=mA8yaHSc8RGqn_jkSy3S8Q&utm_medium=api&utm_source=10d03a1b&v=A6DC8EEDD7C978E9BF39C475EF6DB50735FDD9AF,"India, Tamil Nadu, Tirunelveli","Tirunelveli, Tamil Nadu",Adzuna,,Coordinates from Adzuna,True
Adzuna,2974404092,Back End Developer,Mediknit Private Limited,"Tirunelveli, Tamil Nadu","India, Tamil Nadu, Tirunelveli",Tirunelveli,8.7256,77.69625,400000.0,1000000.0,0,,full_time,IT Jobs,it-jobs,"Skills: Nodejs, ExpressJs, Loopback Framework, Laravel Database Knowledge: MongoDB, MySQL, PostgreSQL, Firebase Experience: 2 - 5 years Skills:- MongoDB, Mongoose and Express",2022-03-16T05:09:02Z,https://www.adzuna.in/details/2974404092?utm_medium=api&utm_source=10d03a1b,"India, Tamil Nadu, Tirunelveli","Tirunelveli, Tamil Nadu",Adzuna,,Coordinates from Adzuna,True
Adzuna,5716199452,Branch Manager| Radhapuram,CSB Bank,"Radhapuram, Tirunelveli","India, Tamil Nadu, Tirunelveli, Radhapuram",Tirunelveli,8.78541,77.64205,,,0,,full_time,Sales Jobs,sales-jobs,"Description Business sourcing and relationship management of sourcing channels , Co-ordination with internal stakeholders, End to End process coordination of loan disbursement Responsibilities Managing and motivating the sales team towards achieving targets. Responsible for empanelment of new dealers and resource allocation. Ensuring process & documentation compliance, FI, agreement execution & credit approval. Hiring, training & development of sales team to achieve targeted numbers. Qualificat…",2026-05-02T02:16:24Z,https://www.adzuna.in/details/5716199452?utm_medium=api&utm_source=10d03a1b,"India, Tamil Nadu, Tirunelveli, Radhapuram","Radhapuram, Tirunelveli",Adzuna,,Coordinates from Adzuna,True
Adzuna,5535035922,Branch Manager| Tirunelveli,CSB Bank,"Tirunelveli, Tamil Nadu","India, Tamil Nadu, Tirunelveli",Tirunelveli,8.7256,77.69625,,,0,,full_time,Sales Jobs,sales-jobs,"Description Business sourcing and relationship management of sourcing channels , Co-ordination with internal stakeholders, End to End process coordination of loan disbursement Responsibilities Managing and motivating the sales team towards achieving targets. Responsible for empanelment of new dealers and resource allocation. Ensuring process & documentation compliance, FI, agreement execution & credit approval. Hiring, training & development of sales team to achieve targeted numbers. Qualificat…",2025-12-10T00:09:37Z,https://www.adzuna.in/details/5535035922?utm_medium=api&utm_source=10d03a1b,"India, Tamil Nadu, Tirunelveli","Tirunelveli, Tamil Nadu",Adzuna,,Coordinates from Adzuna,True
Adzuna,5578267507,Business Development Executive - Gold Loan| Radhapuram,CSB Bank,"Radhapuram, Tirunelveli","India, Tamil Nadu, Tirunelveli, Radhapuram",Tirunelveli,8.78541,77.64205,,,0,,full_time,Sales Jobs,sales-jobs,"Description Conduct market research, including area mapping, to identify sales possibilities and evaluate customer needs. Actively seek out new sales opportunities through cold calling, networking, social media, existing customers and leads provided by the Bank. Plan and carry out sales and marketing activities, in the assigned areas/ markets. Plan and organize meeting with potential clients, evaluate their needs and achieve sales of products and services of the Bank. Help branches to plan and …",2026-01-11T00:39:43Z,https://www.adzuna.in/details/5578267507?utm_medium=api&utm_source=10d03a1b,"India, Tamil Nadu, Tirunelveli, Radhapuram","Radhapuram, Tirunelveli",Adzuna,,Coordinates from Adzuna,True
Adzuna,5830591878,Business Development Executive - Gold Loan| Tirunelveli,CSB Bank,"Tirunelveli, Tamil Nadu","India, Tamil Nadu, Tirunelveli",Tirunelveli,8.7256,77.69625,,,0,,full_time,Sales Jobs,sales-jobs,"Description Conduct market research, including area mapping, to identify sales possibilities and evaluate customer needs. Actively seek out new sales opportunities through cold calling, networking, social media, existing customers and leads provided by the Bank. Plan and carry out sales and marketing activities, in the assigned areas/ markets. Plan and organize meeting with potential clients, evaluate their needs and achieve sales of products and services of the Bank. Help branches to plan and …",2026-08-06T20:36:29Z,https://www.adzuna.in/details/5830591878?utm_medium=api&utm_source=10d03a1b,"India, Tamil Nadu, Tirunelveli","Tirunelveli, Tamil Nadu",Adzuna,,Coordinates from Adzuna,True
Adzuna,5845683499,Business Development Executive – US Recruitment & Staffing (Freshers),Confidential,"Tirunelveli, Tamil Nadu","India, Tamil Nadu, Tirunelveli",Tirunelveli,8.7256,77.69625,,,0,,,Sales Jobs,sales-jobs,"Business Development Executive – US Recruitment & Staffing (Freshers) Job Summary We are looking for a Business Development Executive to support client acquisition and business growth in the US Recruitment, Staffing, and Non-IT Services market. This is a great opportunity for freshers and early-career professionals interested in sales, client communication, lead generation, and business development. Key Responsibilities Generate leads through email, LinkedIn, networking, and referrals . Identif…",2026-08-18T05:08:47Z,https://www.adzuna.in/land/ad/5845683499?se=mA8yaHSc8RGqn_jkSy3S8Q&utm_medium=api&utm_source=10d03a1b&v=BD1D928521DE808A2D79BD4253775727F712E88F,"India, Tamil Nadu, Tirunelveli","Tirunelveli, Tamil Nadu",Adzuna,,Coordinates from Adzuna,True
Adzuna,5815987791,"Channel Sales Executive, Software Engineering, Hr Recruiter",AANZARA CORPORATE,"Tirunelveli, Tamil Nadu","India, Tamil Nadu, Tirunelveli",Tirunelveli,8.7256,77.69625,,,0,,,IT Jobs,it-jobs,"AANZARA CORPORATE IS HIRING! Join Our Growing Team AANZARA Corporate is looking for passionate and career-driven professionals to join our expanding team across multiple departments. Freshers and experienced candidates are welcome to apply. Locations: Vallioor Tirunelveli Nagercoil Coimbatore FMCG Department - Channel Sales Executive (Field Sales) Salary: 30,000 40,000/month Job Responsibilities: Visit retailers, Consumers, and supermarkets. Generate new business and maintain customer relations…",2026-07-26T06:32:35Z,https://www.adzuna.in/details/5815987791?utm_medium=api&utm_source=10d03a1b,"India, Tamil Nadu, Tirunelveli","Tirunelveli, Tamil Nadu",Adzuna,,Coordinates from Adzuna,True
Adzuna,4445061583,Company Trainee,TP Solar Limited,"Tirunelveli, Tamil Nadu","India, Tamil Nadu, Tirunelveli",Tirunelveli,8.7256,77.69625,14000.0,17000.0,0,,full_time,Trade & Construction Jobs,trade-construction-jobs,"Job Title : company trainees/ apprentice Online assessment Facilities: canteen, transportation and accommodations as subsidy basis. Interview details: Age: 18 to 30 (Women candidates Only) Qualification : 1. Diploma- ECE, EEE, MECH 2. B.E- ECE, EEE, Mech 3. B.SC- Chemistry, physics, mathematics. BSC -Electronics Salary: Best In Industry Experience : Immediate joiners Address and Location: SIPCOT Industrial , Gangaikondan, Tirunelveli ]]>",2023-11-21T22:03:00Z,https://www.adzuna.in/details/4445061583?utm_medium=api&utm_source=10d03a1b,"India, Tamil Nadu, Tirunelveli","Tirunelveli, Tamil Nadu",Adzuna,,Coordinates from Adzuna,True
Adzuna,5727116563,Consultant - Ophthalmologist,Dr Agarwal,"Tirunelveli, Tamil Nadu","India, Tamil Nadu, Tirunelveli",Tirunelveli,8.7256,77.69625,,,0,contract,,Consultancy Jobs,consultancy-jobs,Job Description Looking for a Medical Retina Consultant for Trichy. Interested Doctors please feel to apply for call at 91-9445003890 and send resumes to jobs@dragarwal.com Key Responsibilities: Looking for a Medical Retina Consultant for Trichy. Interested Doctors please feel to apply for call at 91-9445003890 and send resumes to jobs@dragarwal.com,2026-05-13T02:02:20Z,https://www.adzuna.in/details/5727116563?utm_medium=api&utm_source=10d03a1b,"India, Tamil Nadu, Tirunelveli","Tirunelveli, Tamil Nadu",Adzuna,,Coordinates from Adzuna,True
Adzuna,5817846809,Content Marketing - Social Media,Smart Work Consultants,"Palayankottai, Tirunelveli","India, Tamil Nadu, Tirunelveli, Palayankottai",Tirunelveli,8.7256,77.69625,,,0,permanent,,"PR, Advertising & Marketing Jobs",pr-advertising-marketing-jobs,"We are looking for a creative Content Creator – Digital Marketing to develop compelling content that enhances brand visibility, engages customers, and drives sales across digital platforms. If you love creating Reels, videos, graphics, and viral social media content , this is your chance to grow with a fast-growing retail brand. Key Responsibilities ✔ Create engaging content for Instagram, Facebook, YouTube, LinkedIn, and other social media platforms ✔ Plan and produce Reels, short videos, prod…",2026-07-28T06:49:22Z,https://www.adzuna.in/details/5817846809?utm_medium=api&utm_source=10d03a1b,"India, Tamil Nadu, Tirunelveli, Palayankottai","Palayankottai, Tirunelveli",Adzuna,,Coordinates from Adzuna,True
Adzuna,5811746409,Design Engineer – SAS (Switchgear),Hudson Manpower,"Tirunelveli, Tamil Nadu","India, Tamil Nadu, Tirunelveli",Tirunelveli,8.7256,77.69625,,,0,permanent,full_time,Engineering Jobs,engineering-jobs,"We are seeking an experienced Design Engineer – Substation Automation System (SAS) to handle engineering, configuration, testing, and commissioning activities related to MV/LV switchgear, protection relays, and control systems. The candidate will play a key role in delivering reliable and high-quality automation solutions for power substations. Key Responsibilities: Perform engineering activities related to Substation Automation Systems (SAS) for MV/LV switchgear, MCC, and HV/EHV relay & contro…",2026-07-23T07:37:31Z,https://www.adzuna.in/details/5811746409?utm_medium=api&utm_source=10d03a1b,"India, Tamil Nadu, Tirunelveli","Tirunelveli, Tamil Nadu",Adzuna,,Coordinates from Adzuna,True
Adzuna,5816686651,Digital Marketing Executive,Smart Work Consultants,"Palayankottai, Tirunelveli","India, Tamil Nadu, Tirunelveli, Palayankottai",Tirunelveli,8.7256,77.69625,,,0,permanent,full_time,"PR, Advertising & Marketing Jobs",pr-advertising-marketing-jobs,"We are looking for a creative and performance-driven Digital Marketing Executive to strengthen our online presence, increase customer engagement, and drive sales through innovative digital marketing campaigns. The ideal candidate should have expertise in social media marketing, paid advertising, SEO, content creation, and campaign analytics , preferably in the Retail industry . Key Responsibilities ✔ Plan and execute digital marketing campaigns across social media and search platforms ✔ Manage …",2026-07-27T00:44:36Z,https://www.adzuna.in/details/5816686651?utm_medium=api&utm_source=10d03a1b,"India, Tamil Nadu, Tirunelveli, Palayankottai","Palayankottai, Tirunelveli",Adzuna,,Coordinates from Adzuna,True
Adzuna,5804952105,Draftsman,Smart Work Consultants,"Palayankottai, Tirunelveli","India, Tamil Nadu, Tirunelveli, Palayankottai",Tirunelveli,8.7256,77.69625,,,0,permanent,full_time,Creative & Design Jobs,creative-design-jobs,"We are looking for a skilled and detail-oriented Draftsman to prepare accurate architectural drawings, construction layouts, and technical documentation. The ideal candidate should have strong expertise in AutoCAD, drafting standards, and coordination with architects and project teams . If you are passionate about transforming design concepts into precise technical drawings, we'd love to hear from you! Key Responsibilities: ✔ Prepare architectural and construction drawings using AutoCAD ✔ Devel…",2026-07-17T20:36:34Z,https://www.adzuna.in/details/5804952105?utm_medium=api&utm_source=10d03a1b,"India, Tamil Nadu, Tirunelveli, Palayankottai","Palayankottai, Tirunelveli",Adzuna,,Coordinates from Adzuna,True
Adzuna,4686701233,Engineer,,"Tirunelveli, Tamil Nadu","India, Tamil Nadu, Tirunelveli",Tirunelveli,8.7256,77.69625,,,0,,,Engineering Jobs,engineering-jobs,"JOB AVAILABLE IN KUWAIT , SINGAPORE APPLY NOW  DEAR APPLICANT KINDLY SEND YOUR CV FOR URGENT EMPLOYMENT IN SINGAPORE & KUWAIT .WE ARE CURRENTLY RECRUITING OVERSEAS EMPLOYMENT FOR VARIOUS POSITIONS IN CIVIL , MECHANICAL , LOGISTIC MANAGER /SUPERVISOR . ANY BACHELLOR DEGREE INTERESTED APPLICANTS SHOULD SEND THEIR UPDATED CV TO OUR MAIL ID GIVEN BELOW. QUALIFICATION : B.COM ,M COM , CA ,BE/B TECH ,ME /M TECH ,CIVIL ,MECHANICAL ENGINEERING , DIPLOMA IN CIVIL ,MECH ENGINEERING , ANY BASIC DEGREE ,MB…",2024-05-10T07:38:24Z,https://www.adzuna.in/details/4686701233?utm_medium=api&utm_source=10d03a1b,"India, Tamil Nadu, Tirunelveli","Tirunelveli, Tamil Nadu",Adzuna,,Coordinates from Adzuna,True
Adzuna,5817917308,Finance Executive,Varun Beverages Limited,"Tirunelveli, Tamil Nadu","India, Tamil Nadu, Tirunelveli",Tirunelveli,8.7256,77.69625,,,0,,,Accounting & Finance Jobs,accounting-finance-jobs,"Job Description We are seeking a Finance Executive to join our team. The ideal candidate will be responsible for managing financial processes, preparing reports, and providing analytical support to ensure the financial health of the organization. Responsibilities Prepare and analyze financial reports to assist management in decision making. Manage accounts payable and receivable processes to ensure timely payments and collections. Assist in budgeting and forecasting processes to align financial…",2026-07-28T07:44:29Z,https://www.adzuna.in/details/5817917308?utm_medium=api&utm_source=10d03a1b,"India, Tamil Nadu, Tirunelveli","Tirunelveli, Tamil Nadu",Adzuna,,Coordinates from Adzuna,True
Adzuna,5534870548,Gold Loan Officer| Tirunelveli,CSB Bank,"Tirunelveli, Tamil Nadu","India, Tamil Nadu, Tirunelveli",Tirunelveli,8.7256,77.69625,,,0,,full_time,Sales Jobs,sales-jobs,"Description Business sourcing and relationship management of sourcing channels , Co-ordination with internal stakeholders, End to End process coordination of loan disbursement Responsibilities Managing and motivating the sales team towards achieving targets. Responsible for empanelment of new dealers and resource allocation. Ensuring process & documentation compliance, FI, agreement execution & credit approval. Hiring, training & development of sales team to achieve targeted numbers. Qualificat…",2025-12-09T23:52:59Z,https://www.adzuna.in/details/5534870548?utm_medium=api&utm_source=10d03a1b,"India, Tamil Nadu, Tirunelveli","Tirunelveli, Tamil Nadu",Adzuna,,Coordinates from Adzuna,True
Adzuna,5717273123,Gold Loan Relationship Officer-LOANS AGAINST GOLD-Marketing Branches Operations,Kotak Mahindra Bank,"Tirunelveli, Tamil Nadu","India, Tamil Nadu, Tirunelveli",Tirunelveli,8.7256,77.69625,,,0,,full_time,Sales Jobs,sales-jobs,"Description We are looking for a motivated and customer-oriented Gold Loan Relationship Officer to drive business growth in the Loans Against Gold segment. The role involves sourcing new customers, managing existing relationships, and ensuring smooth processing of gold loan applications. The ideal candidate should have strong interpersonal skills, a sales mindset, and a good understanding of gold loan products and branch operations. Responsibilities Source new customers for gold loan products t…",2026-05-03T02:07:30Z,https://www.adzuna.in/details/5717273123?utm_medium=api&utm_source=10d03a1b,"India, Tamil Nadu, Tirunelveli","Tirunelveli, Tamil Nadu",Adzuna,,Coordinates from Adzuna,True
Adzuna,4686701174,Grinder Macine Operator,,"Tirunelveli, Tamil Nadu","India, Tamil Nadu, Tirunelveli",Tirunelveli,8.7256,77.69625,,,0,,,Trade & Construction Jobs,trade-construction-jobs,Industrial Grinder to do Piping and Structural material.Industrial Grinder to complete atleast 120 Inch Dia grinding per day,2024-05-10T07:38:24Z,https://www.adzuna.in/details/4686701174?utm_medium=api&utm_source=10d03a1b,"India, Tamil Nadu, Tirunelveli","Tirunelveli, Tamil Nadu",Adzuna,,Coordinates from Adzuna,True
Adzuna,5832800938,Hiring Lab Technician (Male) - Trichy,Captalent Hr,"Tirunelveli, Tamil Nadu","India, Tamil Nadu, Tirunelveli",Tirunelveli,8.7256,77.69625,,,0,,,Scientific & QA Jobs,scientific-qa-jobs,"Responsibilities: Collect blood samples from patients or donors, either within the laboratory or via home collection visits. Conduct diagnostic tests and analyze samples using appropriate lab equipment and standard procedures. Maintain the laboratory environment , ensuring it remains clean, organized, and fully stocked with necessary tools, reagents, and equipment. Ensure adherence to safety and hygiene protocols during sample handling and lab operations. Document and report results accurately …",2026-08-08T07:34:31Z,https://www.adzuna.in/details/5832800938?utm_medium=api&utm_source=10d03a1b,"India, Tamil Nadu, Tirunelveli","Tirunelveli, Tamil Nadu",Adzuna,,Coordinates from Adzuna,True
Adzuna,5744026744,Hypermarket Manager - Tirunelveli,Reliance Retail,"Tirunelveli, Tamil Nadu","India, Tamil Nadu, Tirunelveli",Tirunelveli,8.7256,77.69625,,,0,,,Retail Jobs,retail-jobs,"Hypermarket Manager Job Description The Manager will be responsible for leading and managing overall store operations, ensuring smooth functioning and achievement of business objectives. Key Responsibilities: Oversee end-to-end store operations, ensuring efficiency and compliance with company standards. Manage and drive the stores Profit & Loss (P&L) performance. Collaborate with internal and external stakeholders to support daily operations. Maintain high ethical standards and handle confident…",2026-05-29T05:57:00Z,https://www.adzuna.in/details/5744026744?utm_medium=api&utm_source=10d03a1b,"India, Tamil Nadu, Tirunelveli","Tirunelveli, Tamil Nadu",Adzuna,,Coordinates from Adzuna,True
Adzuna,5822377444,IN_RBIN_Plant HSE Lead,Bosch Group,"Tirunelveli, Tamil Nadu","India, Tamil Nadu, Tirunelveli",Tirunelveli,8.7256,77.69625,,,0,,,HR & Recruitment Jobs,hr-jobs,"Job Description Oversee and ensure the formulation and implementation of HSE (Health, Safety & Environment) strategy according to the regional/global strategy in the entire value chain.",2026-07-31T19:13:42Z,https://www.adzuna.in/details/5822377444?utm_medium=api&utm_source=10d03a1b,"India, Tamil Nadu, Tirunelveli","Tirunelveli, Tamil Nadu",Adzuna,,Coordinates from Adzuna,True
Adzuna,5845536900,IT Support & Systems Coordinator,2coms,"Sivagiri, Tirunelveli","India, Tamil Nadu, Tirunelveli, Sivagiri",Tirunelveli,9.36744,77.70605,500000.0,1000000.0,0,permanent,,IT Jobs,it-jobs,"Job Title: IT Support & Systems Coordinator Location: Udumalaipettai, Tamil Nadu Job Description We are looking for an experienced IT Support & Systems Coordinator to manage ERP systems, IT infrastructure, networks, cybersecurity, and CCTV surveillance operations in a manufacturing environment. The role involves supporting end users, coordinating with vendors, ensuring system uptime, and driving smooth ERP implementation and adoption across departments. Key Responsibilities Coordinate ERP imple…",2026-08-18T03:33:43Z,https://www.adzuna.in/details/5845536900?utm_medium=api&utm_source=10d03a1b,"India, Tamil Nadu, Tirunelveli, Sivagiri","Sivagiri, Tirunelveli",Adzuna,,Coordinates from Adzuna,True
Adzuna,5840574751,Junior Process Analyst,Chaosology Technologies Private Limited,"Palayankottai, Tirunelveli","India, Tamil Nadu, Tirunelveli, Palayankottai",Tirunelveli,8.7256,77.69625,,,0,permanent,,IT Jobs,it-jobs,"The Junior Process Analyst is responsible for evaluating, designing, and improving IT processes to enhance efficiency, reduce costs, and support business objectives. This role involves analyzing current workflows, identifying process gaps, implementing best practices, and ensuring alignment with IT service management ( ITSM ) frameworks. Note: This is a Night Shift position. The analyst collaborates with IT teams and business stakeholders to drive automation, optimize service delivery, and ensu…",2026-08-13T23:08:27Z,https://www.adzuna.in/details/5840574751?utm_medium=api&utm_source=10d03a1b,"India, Tamil Nadu, Tirunelveli, Palayankottai","Palayankottai, Tirunelveli",Adzuna,,Coordinates from Adzuna,True
Adzuna,4686704110,Medical Coder,,"Tirunelveli, Tamil Nadu","India, Tamil Nadu, Tirunelveli",Tirunelveli,8.7256,77.69625,,,0,,,Healthcare & Nursing Jobs,healthcare-nursing-jobs,"Graduates or Post Graduates in Life Sciences Nursing Physiotherapy Pharmacy Bio-Technology/Bio-Medical Engineering /B. Pharm / D.Pharm Good knowledge in Physiology and Anatomy Competent in Reading and Comprehending English language Punctuality, Attendance and General Adherence to company policies, procedures and practices Be a team player and active participant in meetings & reviews Should understand the Client SoP and code the chart received from the client Meet the production and quality targ…",2024-05-10T07:38:45Z,https://www.adzuna.in/details/4686704110?utm_medium=api&utm_source=10d03a1b,"India, Tamil Nadu, Tirunelveli","Tirunelveli, Tamil Nadu",Adzuna,,Coordinates from Adzuna,True
Adzuna,5831924986,Piano Instructor (Male),Chaosology Technologies Private Limited,"Palayankottai, Tirunelveli","India, Tamil Nadu, Tirunelveli, Palayankottai",Tirunelveli,8.7256,77.69625,,,0,contract,part_time,Teaching Jobs,teaching-jobs,"Role Overview We are seeking a structured and patient Male Piano Instructor to conduct 1-on-1 piano lessons for a beginner student. This is a part-time, hourly-based position ideal for a music student, freelance tutor, or experienced church pianist who can simplify musical concepts and help a beginner build a strong foundation in practical playing and basic music theory. Key Responsibilities Practical Instruction: Teach foundational piano techniques, including correct finger positioning, postur…",2026-08-07T16:52:21Z,https://www.adzuna.in/details/5831924986?utm_medium=api&utm_source=10d03a1b,"India, Tamil Nadu, Tirunelveli, Palayankottai","Palayankottai, Tirunelveli",Adzuna,,Coordinates from Adzuna,True
Adzuna,4801616980,RCF Expert - Tirunelveli,Dalmia Bharat Group,"Tirunelveli, Tamil Nadu","India, Tamil Nadu, Tirunelveli",Tirunelveli,8.7256,77.69625,,,0,,full_time,Sales Jobs,sales-jobs,Description 1. Financial Undertake pre and post-sales promotional activities for the period and take measures to increase the market share/sales targets using technical skills Control outstanding/over dues by vigilantly monitoring the dealers and ensure that the transactions are timely completed Take initiatives to drive growth for DCBL and ensure sustained growth in line with long-term and short-term objectives of the organization 2. Customer Coordinate with Regional Technical Services Manager…,2024-07-31T03:19:13Z,https://www.adzuna.in/details/4801616980?utm_medium=api&utm_source=10d03a1b,"India, Tamil Nadu, Tirunelveli","Tirunelveli, Tamil Nadu",Adzuna,,Coordinates from Adzuna,True
Adzuna,5843890077,Regional Manager - Tirunelveli,Veerix Biotech,"Palayankottai, Tirunelveli","India, Tamil Nadu, Tirunelveli, Palayankottai",Tirunelveli,8.7256,77.69625,,,0,permanent,full_time,Sales Jobs,sales-jobs,"Regional Manager - Pharmaceutical Sales Location: Tirunelveli, Tamilnadu Employment Type: Full-time Experience: 5 Years Salary: Based on Experience Job Summary We are seeking an experienced and results-oriented Regional Manager to lead pharmaceutical sales operations across the assigned region. The ideal candidate will be responsible for driving regional sales growth, managing and mentoring sales teams, expanding market presence, and building strong relationships with healthcare professionals, …",2026-08-16T08:54:19Z,https://www.adzuna.in/details/5843890077?utm_medium=api&utm_source=10d03a1b,"India, Tamil Nadu, Tirunelveli, Palayankottai","Palayankottai, Tirunelveli",Adzuna,,Coordinates from Adzuna,True
Adzuna,5535017060,Relationship Manager - FI & Agriculture| Tirunelveli,CSB Bank,"Tirunelveli, Tamil Nadu","India, Tamil Nadu, Tirunelveli",Tirunelveli,8.7256,77.69625,,,0,,full_time,Accounting & Finance Jobs,accounting-finance-jobs,Description . Responsibilities 1) Business development and achivement of assigned targets 2) Laisoning with the branches for the business development and for servicing of the borrowers 3) Comply with the product and regularory policies and processes 4) Maintain the TAT in the end to end delivery of the credit 5) Cross selling of other products of the bank 6) Optimise the interest and fees to ensure the profitability of the business Qualifications Experience Range : 2 to 5 Years Qualifications :…,2025-12-10T00:06:52Z,https://www.adzuna.in/details/5535017060?utm_medium=api&utm_source=10d03a1b,"India, Tamil Nadu, Tirunelveli","Tirunelveli, Tamil Nadu",Adzuna,,Coordinates from Adzuna,True
Adzuna,5835210946,Rotating Engineer – Onshore Reliability,Hudson Manpower,"Tirunelveli, Tamil Nadu","India, Tamil Nadu, Tirunelveli",Tirunelveli,8.7256,77.69625,,,0,permanent,full_time,Engineering Jobs,engineering-jobs,"Job Title: Rotating Engineer – Onshore Reliability Experience: Minimum 12 Years Qualification: Bachelor’s Degree in Mechanical Engineering Industry: Oil & Gas / Refinery (Onshore) Work Location : Saudi Arab Job Description: The Rotating Engineer – Onshore Reliability will be responsible for ensuring the optimal performance, maintenance, and reliability of rotating equipment in onshore oil & gas and refinery facilities. The role involves monitoring equipment condition, implementing reliability i…",2026-08-10T07:43:46Z,https://www.adzuna.in/details/5835210946?utm_medium=api&utm_source=10d03a1b,"India, Tamil Nadu, Tirunelveli","Tirunelveli, Tamil Nadu",Adzuna,,Coordinates from Adzuna,True
Adzuna,5847084479,Sales Supervisor,Chaosology Technologies Private Limited,"Palayankottai, Tirunelveli","India, Tamil Nadu, Tirunelveli, Palayankottai",Tirunelveli,8.74448,77.64205,,,0,permanent,part_time,Sales Jobs,sales-jobs,"Job Title: Part-Time Telemarketing Executive Company: Sister Concern of Chaosology Location: Sankar Colony, Palayamkottai, Tirunelveli Location Preference: Candidates only from Tirunelveli , specifically in and around Sankar Colony, Palayamkottai Work Mode: Office Working Hours: Shift1 - 9.00 AM to 1.30 PM, Shift2 - 1.30 PM to 6.00 PM Role Overview: We are looking for a motivated and confident Part-Time Telemarketing Executive to join our sister concern of Chaosology. The role involves calling …",2026-08-18T23:16:56Z,https://www.adzuna.in/details/5847084479?utm_medium=api&utm_source=10d03a1b,"India, Tamil Nadu, Tirunelveli, Palayankottai","Palayankottai, Tirunelveli",Adzuna,,Coordinates from Adzuna,True
Adzuna,1892747754,Sales and Marketing Officer,Elookads,"Tenkasi, Tirunelveli","India, Tamil Nadu, Tirunelveli, Tenkasi",Tirunelveli,8.95222,77.2464,0.0,480000.0,0,,full_time,Sales Jobs,sales-jobs,Must possess strong customer service skills Excellent written and verbal communication Must have good negotiation skills and must be able to create good presentations Must have excellent interpersonal skills and must be detail-oriented and an active listener Ability to work under pressure Should have your own laptop / Vehicle Ability to think pro-actively to attain the task assigned. Employee support is highly required to stay a long period with the company. A passion for sales & willing to vis…,2020-12-21T03:30:35Z,https://www.adzuna.in/details/1892747754?utm_medium=api&utm_source=10d03a1b,"India, Tamil Nadu, Tirunelveli, Tenkasi","Tenkasi, Tirunelveli",Adzuna,,Coordinates from Adzuna,True
Adzuna,5835624708,Senior Engineer / Assistant Manager - Electrical & Electronic Maintenance,Bosch Group,"Tirunelveli, Tamil Nadu","India, Tamil Nadu, Tirunelveli",Tirunelveli,8.7256,77.69625,,,0,,,Maintenance Jobs,maintenance-jobs,"Job Description The purpose of this position is to manage daily maintenance operations with a team of maintenance personnel to ensure machine and equipment availability, reliability, efficiency, and adherence to quality and safety standards for production. Working in Shift is a requirement.",2026-08-10T19:24:13Z,https://www.adzuna.in/details/5835624708?utm_medium=api&utm_source=10d03a1b,"India, Tamil Nadu, Tirunelveli","Tirunelveli, Tamil Nadu",Adzuna,,Coordinates from Adzuna,True
Adzuna,5768626802,Team Leader - O&G Adjacent 1 - Tirunelveli,Paytm Payments Services,"Tirunelveli, Tamil Nadu","India, Tamil Nadu, Tirunelveli",Tirunelveli,8.7256,77.69625,,,0,,full_time,Sales Jobs,sales-jobs,"About Us: Paytm is India's leading mobile payments and financial services distribution company. Pioneer of the mobile QR payments revolution in India, Paytm builds technologies that help small businesses with payments and commerce. Paytm’s mission is to serve half a billion Indians and bring them to the mainstream economy with the help of technology. About the Team : The Oil and gas vertical Focused Offline payment solution team. Includes payment of oil/petrol and gas bills via QR Codes and POS…",2026-06-19T02:49:07Z,https://www.adzuna.in/details/5768626802?utm_medium=api&utm_source=10d03a1b,"India, Tamil Nadu, Tirunelveli","Tirunelveli, Tamil Nadu",Adzuna,,Coordinates from Adzuna,True
Adzuna,5736754658,Team Leader - O&G Adjacent 2 - Tirunelveli,Paytm Payments Services,"Tirunelveli, Tamil Nadu","India, Tamil Nadu, Tirunelveli",Tirunelveli,8.7256,77.69625,,,0,,full_time,Sales Jobs,sales-jobs,"About us: Paytm is India's leading mobile payments and financial services distribution company. Pioneer of the mobile QR payments revolution in India, Paytm builds technologies that help small businesses with payments and commerce. Paytm’s mission is to serve half a billion Indians and bring them to the mainstream economy with the help of technology. About the team: EDC Retail is one of Paytm‘s business tools to help merchants grow and manage their business through simplicity and data driven te…",2026-05-22T02:05:24Z,https://www.adzuna.in/details/5736754658?utm_medium=api&utm_source=10d03a1b,"India, Tamil Nadu, Tirunelveli","Tirunelveli, Tamil Nadu",Adzuna,,Coordinates from Adzuna,True
Adzuna,5825759914,Team Member - Gold Loans| Tirunelveli,CSB Bank,"Tirunelveli, Tamil Nadu","India, Tamil Nadu, Tirunelveli",Tirunelveli,8.7256,77.69625,,,0,,full_time,Accounting & Finance Jobs,accounting-finance-jobs,"Description Audit of gold and conduct of small branch audits Responsibilities Conducting gold audits of Branches to ensure units adhering to internal policies, RBI and other regulators notifications and circulars. Suggesting measures to strengthen internal controls, cost control. Identify revenue leakages and frauds, if any. Ensuring timely completion of audits / assignments with quality Qualifications Qualifications: B Com Experience: 1 to 3 years",2026-08-02T20:45:32Z,https://www.adzuna.in/details/5825759914?utm_medium=api&utm_source=10d03a1b,"India, Tamil Nadu, Tirunelveli","Tirunelveli, Tamil Nadu",Adzuna,,Coordinates from Adzuna,True
Adzuna,5848338906,Territory Account Manager,Johnson & Johnson,"Tirunelveli, Tamil Nadu","India, Tamil Nadu, Tirunelveli",Tirunelveli,8.7256,77.69625,,,0,,full_time,Sales Jobs,sales-jobs,"At Johnson & Johnson, we believe health is everything. Our strength in healthcare innovation empowers us to build a world where complex diseases are prevented, treated, and cured, where treatments are smarter and less invasive, and solutions are personal. Through our expertise in Innovative Medicine and MedTech, we are uniquely positioned to innovate across the full spectrum of healthcare solutions today to deliver the breakthroughs of tomorrow, and profoundly impact health for humanity. Learn …",2026-08-19T20:40:23Z,https://www.adzuna.in/details/5848338906?utm_medium=api&utm_source=10d03a1b,"India, Tamil Nadu, Tirunelveli","Tirunelveli, Tamil Nadu",Adzuna,,Coordinates from Adzuna,True
Adzuna,5756717695,Transformation partner,Hire Xpert,"Tirunelveli, Tamil Nadu","India, Tamil Nadu, Tirunelveli",Tirunelveli,8.7256,77.69625,,,0,,,IT Jobs,it-jobs,"We're Hiring Transformation Partner Locations: Tirunelveli & Hyderabad CTC: Up to 6 LPA Are you passionate about education and creating meaningful impact? We are looking for individuals who can drive educational and cultural transformation across schools by working closely with school leaders, teachers, and students. Position: Transformation Partner Qualification: Any Graduate Experience: Minimum 3 years of work experience (any field) Travel: Willingness to travel 1520 days per month Key Respon…",2026-06-09T06:01:12Z,https://www.adzuna.in/details/5756717695?utm_medium=api&utm_source=10d03a1b,"India, Tamil Nadu, Tirunelveli","Tirunelveli, Tamil Nadu",Adzuna,,Coordinates from Adzuna,True
Adzuna,5823803142,3 Roller Hydraulic Plate Bending Machine Manufacturers In Vellore,Inforce Engineering,"Vellore, Tamil Nadu","India, Tamil Nadu, Vellore",Vellore,12.93975,79.3664,,,0,,full_time,Engineering Jobs,engineering-jobs,"Offers 3 Roller Hydraulic Plate Bending Machine Manufacturers In Vellore Call Now 91-8488800020 WhatsApp 91-8488800020 Availability In Stock Eligible Region Vellore Category Plate Bending Machine, Hydraulic Bending Machine, Plate Bending Rolls, Plate Bender, Plate Roller Payment Methods Cash, COD, DirectDebit Message Now Select Country India (91) Please send me full details/specifications and the best price for ""3 Roller Hydraulic Plate Bending Machine"". Details of 3 Roller Hydraulic Plate Bend…",2026-08-01T15:56:31Z,https://www.adzuna.in/details/5823803142?utm_medium=api&utm_source=10d03a1b,"India, Tamil Nadu, Vellore","Vellore, Tamil Nadu",Adzuna,,Coordinates from Adzuna,True
Adzuna,5847067233,Backend  Agentic Architect,People Prime Worldwide,"Vellore, Tamil Nadu","India, Tamil Nadu, Vellore",Vellore,12.93975,79.3664,,,0,,full_time,IT Jobs,it-jobs,"We are looking for an experienced Backend  Agentic AI Architect to design and build scalable backend platforms and intelligent agentic AI systems. The candidate will be responsible for backend architecture, AI agent orchestration, LLM integrations, APIs, microservices, data platforms, and enterprise-grade AI solutions. Key Responsibilities Design and architect scalable, secure, and high-performance backend systems. Architect Agentic AI solutions capable of planning, reasoning, tool usage, and a…",2026-08-18T21:52:15Z,https://www.adzuna.in/details/5847067233?utm_medium=api&utm_source=10d03a1b,"India, Tamil Nadu, Vellore","Vellore, Tamil Nadu",Adzuna,,Coordinates from Adzuna,True
Adzuna,5707480346,Business Development Executive - Gold Loan| Vellore,CSB Bank,"Vellore, Tamil Nadu","India, Tamil Nadu, Vellore",Vellore,12.93975,79.3664,,,0,,full_time,Sales Jobs,sales-jobs,"Description Conduct market research, including area mapping, to identify sales possibilities and evaluate customer needs. Actively seek out new sales opportunities through cold calling, networking, social media, existing customers and leads provided by the Bank. Plan and carry out sales and marketing activities, in the assigned areas/ markets. Plan and organize meeting with potential clients, evaluate their needs and achieve sales of products and services of the Bank. Help branches to plan and …",2026-04-23T02:01:30Z,https://www.adzuna.in/details/5707480346?utm_medium=api&utm_source=10d03a1b,"India, Tamil Nadu, Vellore","Vellore, Tamil Nadu",Adzuna,,Coordinates from Adzuna,True
Adzuna,5846723305,Client & Customer Service Analyst,Deutsche Bank,"Vellore, Tamil Nadu","India, Tamil Nadu, Vellore",Vellore,12.93975,79.3664,,,0,,full_time,Accounting & Finance Jobs,accounting-finance-jobs,"This job is with Deutsche Bank, an inclusive employer and a member of myGwork – the largest global platform for the LGBTQ business community. Please do not contact the recruiter directly. Position Overview Role Description Ensuring DB Service Standards w.r.t. to Customer Service, Compliance and Corporate Security are adhered too. Ensure total Compliance of all audit guidelines set by External (RBI, NSDL) and Internal OR Auditors. Error Free Processing of transactions with in specified SLA’s. En…",2026-08-18T18:03:36Z,https://www.adzuna.in/land/ad/5846723305?se=mGgEanSc8RGlrvMe-VN8Yg&utm_medium=api&utm_source=10d03a1b&v=EDA1F6966260F576633ECD2DC16A0DEC3E2E6852,"India, Tamil Nadu, Vellore","Vellore, Tamil Nadu",Adzuna,,Coordinates from Adzuna,True
Adzuna,5843171485,Client & Customer Service Analyst,Deutsche Bank,"Vellore, Tamil Nadu","India, Tamil Nadu, Vellore",Vellore,12.93975,79.3664,,,0,,full_time,Accounting & Finance Jobs,accounting-finance-jobs,"Job Description: Job Title: Client & Customer Service Analyst Corporate Title: NCT Location: Vellor, India Role Description Ensuring DB Service Standards w.r.t. to Customer Service, Compliance and Corporate Security are adhered too. Ensure total Compliance of all audit guidelines set by External (RBI, NSDL) and Internal OR Auditors. Error Free Processing of transactions with in specified SLA’s. Ensure laid down processes are being followed; DB internal security standards are followed. What we’l…",2026-08-15T21:00:46Z,https://www.adzuna.in/details/5843171485?utm_medium=api&utm_source=10d03a1b,"India, Tamil Nadu, Vellore","Vellore, Tamil Nadu",Adzuna,,Coordinates from Adzuna,True
Adzuna,5533681499,Cluster Relationship Manager - Government Business & TASC| Vellore,CSB Bank,"Vellore, Tamil Nadu","India, Tamil Nadu, Vellore",Vellore,12.93975,79.3664,,,0,,full_time,Accounting & Finance Jobs,accounting-finance-jobs,"Description Responsible for a) Managing & maintaining relationships with new & existing TASC & GB clients b) Opening TASC & GB accounts and Deliver an excellent service c) Generate leads for other banking products offered by the bank like Assets, insurance, TPP etc. Responsibilities Acquisition of HNI Govt & Institutional Banking clients eg: Municipal Corporations, State Government Departments, Central Government Departments, Govt. PF Trusts, Embassies, Gram Panchayats, Govt. Boards & Developme…",2025-12-08T23:51:13Z,https://www.adzuna.in/details/5533681499?utm_medium=api&utm_source=10d03a1b,"India, Tamil Nadu, Vellore","Vellore, Tamil Nadu",Adzuna,,Coordinates from Adzuna,True
Adzuna,5779392787,Collection Manager - Team Lead- Lending Collections,Paytm,"Vellore, Tamil Nadu","India, Tamil Nadu, Vellore",Vellore,12.93975,79.3664,,,0,,,Accounting & Finance Jobs,accounting-finance-jobs,"About Us: Paytm is India's leading mobile payments and financial services distribution company. Pioneer of the mobile QR payments revolution in India, Paytm builds technologies that help small businesses with payments and commerce. Paytm's mission is to serve half a billion Indians and bring them to the mainstream economy with the help of technology. About the team: Liaison between the creditors and consumers. They are in charge of observing accounts to identify overdue payments, report collect…",2026-06-28T02:31:05Z,https://www.adzuna.in/details/5779392787?utm_medium=api&utm_source=10d03a1b,"India, Tamil Nadu, Vellore","Vellore, Tamil Nadu",Adzuna,,Coordinates from Adzuna,True
Adzuna,4686701358,Content Developer,,"Vellore, Tamil Nadu","India, Tamil Nadu, Vellore",Vellore,12.93975,79.3664,,,0,,,"PR, Advertising & Marketing Jobs",pr-advertising-marketing-jobs,Job Description: . Research industry-related topics Write a clear marketing copy to promote our products/services Prepare well-structured drafts using Content Management Systems Proofread and edit blog posts before publication. Hands-on experience with Content Management Systems (e.g. Word Press) Coordinate with marketing and design teams to illustrate articles Conduct simple keyword research and use SEO guidelines to increase web traffic Promote content on social media Identify customers’ need…,2024-05-10T07:38:25Z,https://www.adzuna.in/details/4686701358?utm_medium=api&utm_source=10d03a1b,"India, Tamil Nadu, Vellore","Vellore, Tamil Nadu",Adzuna,,Coordinates from Adzuna,True
Adzuna,5541089814,Customer Relationship Officer| Vellore,CSB Bank,"Vellore, Tamil Nadu","India, Tamil Nadu, Vellore",Vellore,12.93975,79.3664,,,0,,full_time,Sales Jobs,sales-jobs,"Description Business sourcing and relationship management of sourcing channels , Co-ordination with internal stakeholders, End to End process coordination of loan disbursement Responsibilities Managing and motivating the sales team towards achieving targets. Responsible for empanelment of new dealers and resource allocation. Ensuring process & documentation compliance, FI, agreement execution & credit approval. Hiring, training & development of sales team to achieve targeted numbers. Qualificat…",2025-12-14T00:11:41Z,https://www.adzuna.in/details/5541089814?utm_medium=api&utm_source=10d03a1b,"India, Tamil Nadu, Vellore","Vellore, Tamil Nadu",Adzuna,,Coordinates from Adzuna,True
Adzuna,5797506428,Customer Service,Home First Finance Company,"Vellore, Tamil Nadu","India, Tamil Nadu, Vellore",Vellore,12.93975,79.3664,,,0,,,Customer Services Jobs,customer-services-jobs,"You are in charge of delighting our customers Make them understand the loan parameter Help them with loan signing, cross-sell products and guide them to complete their loan transaction You will move disbursals, branch operations and reconciliations Its mandatory, that you work from the office, so treat it like home first and office later! Skills: Branch Operations, Incharge, Customer Service Experience: 2.00-5.00 Years",2026-07-12T07:19:31Z,https://www.adzuna.in/details/5797506428?utm_medium=api&utm_source=10d03a1b,"India, Tamil Nadu, Vellore","Vellore, Tamil Nadu",Adzuna,,Coordinates from Adzuna,True
Adzuna,5819664894,Deputy Manager - SME MICRO BLSE,Bajaj Finserv,"Vellore, Tamil Nadu","India, Tamil Nadu, Vellore",Vellore,12.93975,79.3664,,,0,,full_time,Accounting & Finance Jobs,accounting-finance-jobs,"Location Name: Vellore Job Purpose Creating a strong & compliant sales culture across the channel to drive acquisitions, profitability and employee development.Culture Anchor:Work Hard - Consistently puts in effort. plans and tracks daily progress to achieve targetsExecute with Rigor - Takes responsibility for meeting targets with focus and effortOwn It - Maintains honesty and fairness in all interactions in line with organization’s policiesAct with Integrity Duties And Responsibilities Managin…",2026-07-29T15:57:24Z,https://www.adzuna.in/details/5819664894?utm_medium=api&utm_source=10d03a1b,"India, Tamil Nadu, Vellore","Vellore, Tamil Nadu",Adzuna,,Coordinates from Adzuna,True
Adzuna,5835895681,EV 2 Wheeler Sales Executive - Kerala,2coms,"Vellore, Tamil Nadu","India, Tamil Nadu, Vellore",Vellore,13.19565,79.10045,200000.0,300000.0,0,contract,,Sales Jobs,sales-jobs,Job Summary We have an excellent opportunity for male candidates to work as EV 2-Wheeler Sales Executives with a leading Indian multinational ride-sharing company that also operates across financial services and cloud kitchens. This role is ideal for candidates with prior automobile sales experience who are passionate about electric vehicles and customer engagement. Job Details Role: EV 2-Wheeler Sales Executive Industry: Electric Vehicles / Automobile Employment Type: On-roll / Contract (as ap…,2026-08-11T00:54:33Z,https://www.adzuna.in/details/5835895681?utm_medium=api&utm_source=10d03a1b,"India, Tamil Nadu, Vellore","Vellore, Tamil Nadu",Adzuna,,Coordinates from Adzuna,True
Adzuna,4951654656,Gold Loan Officer| Vellore,CSB Bank,"Vellore, Tamil Nadu","India, Tamil Nadu, Vellore",Vellore,12.93975,79.3664,,,0,,full_time,Sales Jobs,sales-jobs,"Description Business sourcing and relationship management of sourcing channels , Co-ordination with internal stakeholders, End to End process coordination of loan disbursement Responsibilities Managing and motivating the sales team towards achieving targets. Responsible for empanelment of new dealers and resource allocation. Ensuring process & documentation compliance, FI, agreement execution & credit approval. Hiring, training & development of sales team to achieve targeted numbers. Qualificat…",2024-11-26T17:05:50Z,https://www.adzuna.in/details/4951654656?utm_medium=api&utm_source=10d03a1b,"India, Tamil Nadu, Vellore","Vellore, Tamil Nadu",Adzuna,,Coordinates from Adzuna,True
Adzuna,5782690969,MD Dermatologist,Bodycraft,"Vellore, Tamil Nadu","India, Tamil Nadu, Vellore",Vellore,12.93975,79.3664,,,0,,,Healthcare & Nursing Jobs,healthcare-nursing-jobs,An aesthetic doctor diagnoses and treats a variety of skin conditions and performs cosmetic procedures to enhance patients' appearance. They provide personalized care and stay updated with the latest advancements in aesthetic medicine. Responsibilities Patient Consultation: Conduct thorough consultations to understand patients' aesthetic goals and medical history. Physical Examinations: Perform skin health assessments and physical examinations. Personalized Treatment Plans: Design treatment pla…,2026-07-01T07:18:33Z,https://www.adzuna.in/details/5782690969?utm_medium=api&utm_source=10d03a1b,"India, Tamil Nadu, Vellore","Vellore, Tamil Nadu",Adzuna,,Coordinates from Adzuna,True
Adzuna,5640780810,Officer – Programme Delivery-HARIPRIYA,JOBS n TA HR Services,"Vellore, Tamil Nadu","India, Tamil Nadu, Vellore",Vellore,12.93975,79.3664,380000.0,450000.0,0,,,Teaching Jobs,teaching-jobs,"Experience & Skills: • Minimum 2 years in adult/teacher training (English/phonics preferred) • Basic Excel knowledge • Willingness to travel extensively Language: • Fluent in English & Tamil mandatory • Phonics training proficiency is an added advantage. Gender: Male Age: 24 - 30 years (preferable) Package: 3.8 – 4.5 LPA (32K–37K/month), based on experience Key Responsibilities: • Train teachers and support schools across Vellore region • Ensure effective programme delivery and student impact •…",2026-02-22T08:27:52Z,https://www.adzuna.in/details/5640780810?utm_medium=api&utm_source=10d03a1b,"India, Tamil Nadu, Vellore","Vellore, Tamil Nadu",Adzuna,,Coordinates from Adzuna,True
Adzuna,5817921697,PHP Developer,Colan Infotech,"Vellore, Tamil Nadu","India, Tamil Nadu, Vellore",Vellore,12.93975,79.3664,,,0,,,IT Jobs,it-jobs,"Programming Languages: PHP, JavaScript, WordPress is plus Laravel / CodeIgniter PHP Framework for both front-end and back-end preferred HTML Bootstrap for responsive design JQuery for data processing and querying Social Media Integration Web Site/Graphic Design experience preferred Other Open Source Tools and Technologies Skills: Laravel, Php, Javascript, Css, Html, Codeigniter Experience: 1.00-3.00 Years",2026-07-28T07:45:35Z,https://www.adzuna.in/details/5817921697?utm_medium=api&utm_source=10d03a1b,"India, Tamil Nadu, Vellore","Vellore, Tamil Nadu",Adzuna,,Coordinates from Adzuna,True
Adzuna,5834562184,Project Coordinator,Qure.ai,"Vellore, Tamil Nadu","India, Tamil Nadu, Vellore",Vellore,12.93975,79.3664,,,0,contract,,Healthcare & Nursing Jobs,healthcare-nursing-jobs,"About Qure.AI: Qure.AI is an equal opportunity employer. Qure.ai is a leading Healthcare Artificial Intelligence (AI) company disrupting the ‘status quo’ by enhancing diagnostic imaging and improving health outcomes with the assistance of machine-supported tools. Qure.ai taps deep learning technology to provide an automated interpretation of radiology exams like X-rays, and CT scans for time and resource-strapped medical imaging professionals, enabling faster diagnosis and speed to treatment. Q…",2026-08-09T16:00:52Z,https://www.adzuna.in/details/5834562184?utm_medium=api&utm_source=10d03a1b,"India, Tamil Nadu, Vellore","Vellore, Tamil Nadu",Adzuna,,Coordinates from Adzuna,True
Adzuna,5834744519,Relationship Manager-COMMERCIAL VEHICLE-Marketing Branches Operations,Kotak Mahindra Bank,"Vellore, Tamil Nadu","India, Tamil Nadu, Vellore",Vellore,12.93975,79.3664,,,0,,full_time,Accounting & Finance Jobs,accounting-finance-jobs,"Description We are looking for a service-oriented and sales-driven Relationship Manager to manage customer relationships and drive business in the Commercial Vehicle (CV) segment. The role involves handling customer service requests, selling liability and investment products, and enhancing customer value through cross-selling and referrals. The ideal candidate should have experience in financial services or banking, with a strong focus on customer engagement and sales performance. Responsibilit…",2026-08-09T20:41:55Z,https://www.adzuna.in/details/5834744519?utm_medium=api&utm_source=10d03a1b,"India, Tamil Nadu, Vellore","Vellore, Tamil Nadu",Adzuna,,Coordinates from Adzuna,True
Adzuna,5709667540,Relationship Officer-811-Digital Banking Kotak 811-Sales,Kotak Mahindra Bank,"Vellore, Tamil Nadu","India, Tamil Nadu, Vellore",Vellore,12.93975,79.3664,,,0,,full_time,Sales Jobs,sales-jobs,"Description As a Relationship Officer for Kotak 811 Digital Sales, you will be responsible for acquiring new customers through open market activities and driving sales of financial products. This is a high-energy, field-based role focused on building relationships, achieving sales targets, and expanding the bank’s digital footprint. Responsibilities Conduct 100% field-based customer acquisition for Savings and Current Accounts through: Canopy and Umbrella activities Cold calling Referrals and o…",2026-04-25T02:14:47Z,https://www.adzuna.in/details/5709667540?utm_medium=api&utm_source=10d03a1b,"India, Tamil Nadu, Vellore","Vellore, Tamil Nadu",Adzuna,,Coordinates from Adzuna,True
Adzuna,3104610462,Robotics trainer cum research engineer,Otomatiks,"Vellore, Tamil Nadu","India, Tamil Nadu, Vellore",Vellore,12.93975,79.3664,100000.0,180000.0,0,,full_time,Teaching Jobs,teaching-jobs,"We Otomatiks has been established in the year 2011, with the aim to spread high level knowledge based practical education, we introduce our state of art training center with all advance facilities and unique course modules with aim of implementing activity based learning from grass root. Looking for a fresher willing to learn and upgrade themselves on future trends. Skills:- Robotics, Robot Framework, Mobile Robotics and Technical Training",2022-05-05T05:52:06Z,https://www.adzuna.in/details/3104610462?utm_medium=api&utm_source=10d03a1b,"India, Tamil Nadu, Vellore","Vellore, Tamil Nadu",Adzuna,,Coordinates from Adzuna,True
Adzuna,5831404224,Sales Manager - DSA,Hero Housing Finance,"Vellore, Tamil Nadu","India, Tamil Nadu, Vellore",Vellore,12.93975,79.3664,,,0,,,Sales Jobs,sales-jobs,"We are seeking a highly motivated Sales Manager - DSA to lead and drive business outcomes. In this role, you will be responsible for generating Home Loan leads primarily through Direct Selling Agents (DSA) and other channels, building a strong DSA network in your assigned territory, and maintaining productive relationships with channel partners and customers. Roles and Responsibilities: Generate Home Loan leads primarily from DSA (Direct Selling Agent) channels and through other diversified cha…",2026-08-07T07:34:33Z,https://www.adzuna.in/details/5831404224?utm_medium=api&utm_source=10d03a1b,"India, Tamil Nadu, Vellore","Vellore, Tamil Nadu",Adzuna,,Coordinates from Adzuna,True
Adzuna,5794761590,Sales Manager - Vellore,Kissht,"Vellore, Tamil Nadu","India, Tamil Nadu, Vellore",Vellore,12.93975,79.3664,,,0,,,Property Jobs,property-jobs,"Job Description Building and managing the Micro Loan Against Property (secured) product. ? Sourcing loans with a maximum ticket size of ?10 Lakhs. ? Responsible for collections of the cases that are sourced. ? Ensure the files are processed from login stage to disbursement and liaise with internal departments (Operations and Credit) for completion. ? Sourcing of customers through DSA, Connector and Open Market Channels. ? Ensuring high levels of customer engagement and satisfaction. ? Maintaini…",2026-07-10T03:41:31Z,https://www.adzuna.in/details/5794761590?utm_medium=api&utm_source=10d03a1b,"India, Tamil Nadu, Vellore","Vellore, Tamil Nadu",Adzuna,,Coordinates from Adzuna,True
Adzuna,5813701404,Senior Executive - Debt Management Services - Consumer,Bajaj Finserv,"Vellore, Tamil Nadu","India, Tamil Nadu, Vellore",Vellore,12.93975,79.3664,,,0,,full_time,Accounting & Finance Jobs,accounting-finance-jobs,Location Name: Vellore Ext Job Purpose The Debt Management Specialist will be responsible for managing and coordinating the recovery of overdue payments on loans or credit accounts. Duties And Responsibilities Achieve collections target by visiting customers/agency.Monitor performance against set parameters and provide regular updates.Ensure legal guidelines are complied with while repossessing products.Maintain accurate records of customer interactions and transactions.Provide regular reports …,2026-07-24T15:55:45Z,https://www.adzuna.in/details/5813701404?utm_medium=api&utm_source=10d03a1b,"India, Tamil Nadu, Vellore","Vellore, Tamil Nadu",Adzuna,,Coordinates from Adzuna,True
Adzuna,5818417612,"Senior Officer, Sales Manager, Customer Loan Against Property, Consumer Banking Group",DBS Bank,"Vellore, Tamil Nadu","India, Tamil Nadu, Vellore",Vellore,12.93975,79.3664,,,0,,full_time,Sales Jobs,sales-jobs,Sales Manager - C LAP Location: Vellore Job: Product Sales Schedule: Regular Employee Status: Full time,2026-07-28T20:47:22Z,https://www.adzuna.in/details/5818417612?utm_medium=api&utm_source=10d03a1b,"India, Tamil Nadu, Vellore","Vellore, Tamil Nadu",Adzuna,,Coordinates from Adzuna,True
Adzuna,5846549800,SnapLogic Developer,People Prime Worldwide,"Vellore, Tamil Nadu","India, Tamil Nadu, Vellore",Vellore,12.93975,79.3664,,,0,,,IT Jobs,it-jobs,"We are looking for an experienced SnapLogic Developer to design, develop, integrate, and support enterprise applications using the SnapLogic Intelligent Integration Platform. The candidate will be responsible for building scalable integration pipelines, API integrations, data transformations, and supporting end-to-end integration solutions. Key Responsibilities Design and develop integration pipelines using SnapLogic. Build and maintain SnapLogic pipelines, tasks, and reusable components. Integ…",2026-08-18T16:03:18Z,https://www.adzuna.in/details/5846549800?utm_medium=api&utm_source=10d03a1b,"India, Tamil Nadu, Vellore","Vellore, Tamil Nadu",Adzuna,,Coordinates from Adzuna,True
Adzuna,5746741025,Sr. Business Development Executive - Gold Loan| Vellore,CSB Bank,"Vellore, Tamil Nadu","India, Tamil Nadu, Vellore",Vellore,12.93975,79.3664,,,0,,full_time,Sales Jobs,sales-jobs,"Description Conduct market research, including area mapping, to identify sales possibilities and evaluate customer needs. Actively seek out new sales opportunities through cold calling, networking, social media, existing customers and leads provided by the Bank. Plan and carry out sales and marketing activities, in the assigned areas/ markets. Plan and organize meeting with potential clients, evaluate their needs and achieve sales of products and services of the Bank. Help branches to plan and …",2026-06-01T02:34:09Z,https://www.adzuna.in/details/5746741025?utm_medium=api&utm_source=10d03a1b,"India, Tamil Nadu, Vellore","Vellore, Tamil Nadu",Adzuna,,Coordinates from Adzuna,True
Adzuna,4801438166,Teacher,Sunbeam Schools,"Vellore, Tamil Nadu","India, Tamil Nadu, Vellore",Vellore,12.93975,79.3664,,,0,,full_time,Teaching Jobs,teaching-jobs,"Sunbeam Schools (CBSE, ICSE, MATRIC and PRIMARY) - Vellore, Walaja and Chennai invite applications for the following post: CBSE o Primary Teachers o IIT/NEET Foundation Teachers o Post Graduate Teachers English Physics Chemistry Mathematics Economics Academic Coordinators Vice Principal Qualification: UG/PG with B.Ed in Relevant field and As Per Norms",2024-07-31T03:05:36Z,https://www.adzuna.in/details/4801438166?utm_medium=api&utm_source=10d03a1b,"India, Tamil Nadu, Vellore","Vellore, Tamil Nadu",Adzuna,,Coordinates from Adzuna,True
Adzuna,5813701408,"Teacher Recruitment 2026 – Pre-Primary, PRT & TGT Teachers | Vellore Elite School (CBSE)",IITEDU – International Institute of Teacher Education,"Vellore, Tamil Nadu","India, Tamil Nadu, Vellore",Vellore,12.93975,79.3664,,,0,,full_time,Teaching Jobs,teaching-jobs,"91 9606100309 Suvarnakiran Building Sattur Colony Vidyagiri Dharwad Mon - Sat: 9:00AM - 5:30PM Login / Register Follow Us Home About Us Our Courses Career Contact us Register Now Login Register Teacher Recruitment 2026 – Pre-Primary, PRT & TGT Teachers | Vellore Elite School (CBSE) Home / Careers / Teacher Recruitment 2026 – Pre-Primary, PRT & TGT Teachers | Vellore Elite School (CBSE) Full-time Vellore, Tamil Nadu, India Teacher Recruitment 2026 – Pre-Primary, PRT & TGT Teachers | Vellore Elit…",2026-07-24T15:55:45Z,https://www.adzuna.in/details/5813701408?utm_medium=api&utm_source=10d03a1b,"India, Tamil Nadu, Vellore","Vellore, Tamil Nadu",Adzuna,,Coordinates from Adzuna,True
Adzuna,5768542221,Team Leader - O&G Adj 4 - Vellore,Paytm Payments Services,"Vellore, Tamil Nadu","India, Tamil Nadu, Vellore",Vellore,12.93975,79.3664,,,0,,full_time,Sales Jobs,sales-jobs,"About Us : Paytm is India’s leading mobile payments and financial services platform. As the pioneer of mobile QR payments, we empower millions of merchants and consumers to transact digitally. Our mission is to bring half a billion Indians into the mainstream economy using innovative technology. About the team : EDC & Soundbox is one of Paytm‘s business tools to help merchants grow and manage their business through simplicity and data driven technology. About the Role : We’re looking for a dyna…",2026-06-19T02:30:34Z,https://www.adzuna.in/details/5768542221?utm_medium=api&utm_source=10d03a1b,"India, Tamil Nadu, Vellore","Vellore, Tamil Nadu",Adzuna,,Coordinates from Adzuna,True
Adzuna,5848369665,Team Leader - Railway Transit - Vellore,Paytm Payments Services,"Vellore, Tamil Nadu","India, Tamil Nadu, Vellore",Vellore,12.93975,79.3664,,,0,,full_time,Sales Jobs,sales-jobs,"About us: Paytm is India's leading mobile payments and financial services distribution company. Pioneer of the mobile QR payments revolution in India, Paytm builds technologies that help small businesses with payments and commerce. Paytm’s mission is to serve half a billion Indians and bring them to the mainstream economy with the help of technology. About the team: QR & Soundbox is one of Paytm‘s business tools to help merchants grow and manage their business through simplicity and data driven…",2026-08-19T20:50:46Z,https://www.adzuna.in/details/5848369665?utm_medium=api&utm_source=10d03a1b,"India, Tamil Nadu, Vellore","Vellore, Tamil Nadu",Adzuna,,Coordinates from Adzuna,True
Adzuna,4686702656,Telecaller Executive,,"Vellore, Tamil Nadu","India, Tamil Nadu, Vellore",Vellore,12.93975,79.3664,,,0,,,Sales Jobs,sales-jobs,• Good Communication and Interpersonal Skills • Promotional Activities • Direct Sales • Ability to Achieve set targets every month on month,2024-05-10T07:38:34Z,https://www.adzuna.in/details/4686702656?utm_medium=api&utm_source=10d03a1b,"India, Tamil Nadu, Vellore","Vellore, Tamil Nadu",Adzuna,,Coordinates from Adzuna,True
Adzuna,5830315810,Territory Manager - Rural Mass Retail,airtel,"Vellore, Tamil Nadu","India, Tamil Nadu, Vellore",Vellore,12.93975,79.3664,,,0,,full_time,Sales Jobs,sales-jobs,"Territory Manager – Mass Retail About The Job Territory Managers (TM) at Airtel are the pillars of Mass Retail Organisation at Airtel serving ~ 360 Million consumers across the length and breadth of the country. Just to put things in perspective, Territory managers have helped us onboard, sustain and serve ‘one in every four’ Indians living in our vast and diverse country. A territory manager typically contributes towards 10 to 15 Million revenue monthly, directly to company’s topline. A TM is …",2026-08-06T16:05:19Z,https://www.adzuna.in/details/5830315810?utm_medium=api&utm_source=10d03a1b,"India, Tamil Nadu, Vellore","Vellore, Tamil Nadu",Adzuna,,Coordinates from Adzuna,True
