job_title,company,location,detected_job_role,skill_match_percentage,matched_skills,role_skill_gaps,exact_role_match,final_precise_score,redirect_url,latitude,longitude,company_address
Physician MD General Medicine or equivalent,Grace Kennett Foundation Hospital,"Madurai, Tamil Nadu",Doctor / Physician,36.36,"doctor, general medicine, mbbs, md","patient care, medical records, medical coding",True,68.18,https://www.adzuna.in/land/ad/5830416661?se=TpmqX3Sc8RGlrvMe-VN8Yg&utm_medium=api&utm_source=10d03a1b&v=DAA341BFE8F0847FB49BFC1C0EE6F89A69C153C8,9.91051,78.1158,"India, Tamil Nadu, Madurai"
MBBS Doctor,Al Amani Human Resources Consultancy,"Koyilandi, Kozhikode",Doctor / Physician,27.27,"diagnosis, doctor, mbbs","patient care, medical records, medical coding",True,63.63,https://www.adzuna.in/details/5782107375?utm_medium=api&utm_source=10d03a1b,11.2293,75.8395,"India, Kerala, Kozhikode, Koyilandi"
Medical Coding fresher Job-Dentist 2025/2026 Freshers Wanted,I Skills Solutions,"Chennai, Tamil Nadu",Doctor / Physician,18.18,"diagnosis, doctor","patient care, medical records, medical coding",True,59.09,https://www.adzuna.in/land/ad/5818747306?se=BHmyXXSc8RGQor-L2zKR7A&utm_medium=api&utm_source=10d03a1b&v=51CCA91C40F802D7628CC02DAE4ED62B8F617A15,13.06041,80.24963,"India, Tamil Nadu, Chennai"
MD Dermatologist,Bodycraft,"Vellore, Tamil Nadu",Doctor / Physician,18.18,"doctor, md","patient care, medical records, medical coding",True,59.09,https://www.adzuna.in/details/5782690969?utm_medium=api&utm_source=10d03a1b,12.93975,79.3664,"India, Tamil Nadu, Vellore"
Consultant - Ophthalmologist,Dr Agarwal,"Tirunelveli, Tamil Nadu",Doctor / Physician,9.09,doctor,"patient care, medical records, medical coding",True,54.55,https://www.adzuna.in/details/5727116563?utm_medium=api&utm_source=10d03a1b,8.7256,77.69625,"India, Tamil Nadu, Tirunelveli"
Interior Project Coordinator,HealthSy Pharmacy,"Coimbatore, Tamil Nadu",Other,9.09,doctor,,False,9.54,https://www.adzuna.in/land/ad/5838134352?se=OO_RYXSc8RGqn_jkSy3S8Q&utm_medium=api&utm_source=10d03a1b&v=95A432166F92630229DFAA88AE0BB76F9A321EC5,11.017171,77.100203,"India, Tamil Nadu, Coimbatore"
Senior Specialist.Cardiology.MIMS Hospital Calicut,Aster DM Healthcare,"Kozhikode, Kerala",Other,9.09,doctor,,False,9.54,https://www.adzuna.in/details/4801380584?utm_medium=api&utm_source=10d03a1b,,,"India, Kerala, Kozhikode"
Commercial Vehicle Technician – Truck Segment,2coms,"Trivandrum, Thiruvananthapuram",Other,9.09,diagnosis,,False,9.54,https://www.adzuna.in/details/5614767689?utm_medium=api&utm_source=10d03a1b,8.48925,76.95275,"India, Kerala, Thiruvananthapuram, Trivandrum"
Hiring Lab Technician (Male) - Trichy,Captalent Hr,"Tirunelveli, Tamil Nadu",Other,9.09,diagnosis,,False,9.54,https://www.adzuna.in/details/5832800938?utm_medium=api&utm_source=10d03a1b,8.7256,77.69625,"India, Tamil Nadu, Tirunelveli"
Project Coordinator,Qure.ai,"Vellore, Tamil Nadu",Other,9.09,diagnosis,,False,9.54,https://www.adzuna.in/details/5834562184?utm_medium=api&utm_source=10d03a1b,12.93975,79.3664,"India, Tamil Nadu, Vellore"
Medical Coding fresher Job- Life science Graduates 2025/2026 Freshers Wanted,I Skills Solutions,"Chennai, Tamil Nadu",Medical Coder,18.18,"diagnosis, doctor",,False,9.09,https://www.adzuna.in/land/ad/5837120885?se=IpgZZHSc8RGlrvMe-VN8Yg&utm_medium=api&utm_source=10d03a1b&v=77046BA78973C478BE014C4A25A831E6407FEFDF,11.56305,77.99725,"India, Tamil Nadu, Chennai"
"AVP/VP - Principal, Governance, Risk & Compliance (India based)",Spot Your Leaders & Consulting,"Bangalore, Karnataka",Other,0.0,,,False,5.0,https://www.adzuna.in/land/ad/5825072254?se=9FyUa3Sc8RGvGrvTGRxIcA&utm_medium=api&utm_source=10d03a1b&v=D7727D2B7B834A0A3CA83F3583D053E2F27807A1,12.9767936,77.590082,"India, Karnataka, Bangalore"
Consultant Copywriter,WPP Production,"Bangalore, Karnataka",Other,0.0,,,False,5.0,https://www.adzuna.in/land/ad/5785771868?se=9FyUa3Sc8RGvGrvTGRxIcA&utm_medium=api&utm_source=10d03a1b&v=AD2CE66DE5CDBCDFEB8764F7C2EAE2B5F98BAD18,12.95703,77.59837,"India, Karnataka, Bangalore"
Customer Success Manager,Atomicwork,"Bangalore, Karnataka",Other,0.0,,,False,5.0,https://www.adzuna.in/land/ad/5729067546?se=9FyUa3Sc8RGvGrvTGRxIcA&utm_medium=api&utm_source=10d03a1b&v=98066A6D4F6CBA7F8FA837A2A70FFD30ABD83802,,,"India, Karnataka, Bangalore"
Deal Team Analyst 2026,EQT Group,"Bangalore, Karnataka",Other,0.0,,,False,5.0,https://www.adzuna.in/land/ad/5785773081?se=9FyUa3Sc8RGvGrvTGRxIcA&utm_medium=api&utm_source=10d03a1b&v=145BA59D10C0F8189F14BC6249717ECC603A7E4A,,,"India, Karnataka, Bangalore"
Executive – Retail & Cafeteria Operations,SmartQ,"Bangalore, Karnataka",Other,0.0,,,False,5.0,https://www.adzuna.in/land/ad/5801148439?se=9FyUa3Sc8RGvGrvTGRxIcA&utm_medium=api&utm_source=10d03a1b&v=CA6082634CC1AA15F87CAA950DD425D1708E2FA7,,,"India, Karnataka, Bangalore"
Hedge Accounting Professional,Radiant Digital,"Bangalore, Karnataka",Other,0.0,,,False,5.0,https://www.adzuna.in/land/ad/5806136368?se=9FyUa3Sc8RGvGrvTGRxIcA&utm_medium=api&utm_source=10d03a1b&v=8520E4AF11130C88589DA76854C665A5ADA9764F,,,"India, Karnataka, Bangalore"
"IT Infrastructure Architect - Cloud (Azure, GCP)",Colt Technology Services,"Bangalore, Karnataka",Other,0.0,,,False,5.0,https://www.adzuna.in/land/ad/5793571642?se=9FyUa3Sc8RGvGrvTGRxIcA&utm_medium=api&utm_source=10d03a1b&v=654C5B2261A8A68DDD8265F970776755E3E1B6D6,12.95703,77.59837,"India, Karnataka, Bangalore"
IT Infrastructure Specialist (Linux),Colt Technology Services,"Bangalore, Karnataka",Other,0.0,,,False,5.0,https://www.adzuna.in/land/ad/5785772754?se=9FyUa3Sc8RGvGrvTGRxIcA&utm_medium=api&utm_source=10d03a1b&v=838BF859DAD182AA280D5FF077CC6839C936AC06,12.95703,77.59837,"India, Karnataka, Bangalore"
Inside Sales,Onsurity,"Bangalore, Karnataka",Other,0.0,,,False,5.0,https://www.adzuna.in/land/ad/5831966274?se=9FyUa3Sc8RGvGrvTGRxIcA&utm_medium=api&utm_source=10d03a1b&v=D59B363E40542E99E20C0242600FA7D07F714517,,,"India, Karnataka, Bangalore"
Integrated Media Planner (2-4 Years),Omnicom Global Solutions,"Bangalore, Karnataka",Other,0.0,,,False,5.0,https://www.adzuna.in/land/ad/5812352039?se=9FyUa3Sc8RGvGrvTGRxIcA&utm_medium=api&utm_source=10d03a1b&v=99BD18A6523F9E8602AF30BA084496F7ABF56468,,,"India, Karnataka, Bangalore"
Intern - Inside Sales,greytHR,"Bangalore, Karnataka",Other,0.0,,,False,5.0,https://www.adzuna.in/land/ad/5819622173?se=9FyUa3Sc8RGvGrvTGRxIcA&utm_medium=api&utm_source=10d03a1b&v=D1814A3881EDF8A8E081E096B17F1A322FD36130,,,"India, Karnataka, Bangalore"
Key Account Manager (Ads Business),Navi,"Bangalore, Karnataka",Other,0.0,,,False,5.0,https://www.adzuna.in/land/ad/5822233089?se=9FyUa3Sc8RGvGrvTGRxIcA&utm_medium=api&utm_source=10d03a1b&v=C2EFACBF9D58774418BEB6F3913F5A95FCCA7129,,,"India, Karnataka, Bangalore"
Key Accounts Manager – Car Rental Operations | Bengaluru,Eminent Transit | Leading Corporate Travel Management Company,"Bangalore, Karnataka",Other,0.0,,,False,5.0,https://www.adzuna.in/land/ad/5801395184?se=9FyUa3Sc8RGvGrvTGRxIcA&utm_medium=api&utm_source=10d03a1b&v=38438A8B27AEEDEB5A1236F65139E9C4A94C76E5,,,"India, Karnataka, Bangalore"
Product Support Analyst,SteelEye,"Bangalore, Karnataka",Other,0.0,,,False,5.0,https://www.adzuna.in/land/ad/5812612762?se=9FyUa3Sc8RGvGrvTGRxIcA&utm_medium=api&utm_source=10d03a1b&v=E6B0EEE87F2057EEDDF88CC8C08A1F53ED5168B1,,,"India, Karnataka, Bangalore"
Programmatic Performance Specialist,Adprime,"Bangalore, Karnataka",Other,0.0,,,False,5.0,https://www.adzuna.in/land/ad/5820158611?se=9FyUa3Sc8RGvGrvTGRxIcA&utm_medium=api&utm_source=10d03a1b&v=C4DD0C14CAD15529F4128F8F70922F58473D4A27,,,"India, Karnataka, Bangalore"
Project Manager,"MaxVal Group, Inc.","Bangalore, Karnataka",Other,0.0,,,False,5.0,https://www.adzuna.in/land/ad/5834572473?se=9FyUa3Sc8RGvGrvTGRxIcA&utm_medium=api&utm_source=10d03a1b&v=FB677266BD5DE13703A8AB253DC657522E7F59A3,,,"India, Karnataka, Bangalore"
Regional Manager - Sales,ARK Infosolutions Pvt. Ltd.,"Bangalore, Karnataka",Other,0.0,,,False,5.0,https://www.adzuna.in/land/ad/5818524551?se=9FyUa3Sc8RGvGrvTGRxIcA&utm_medium=api&utm_source=10d03a1b&v=29F11D8D07F7069922A520E9AD81136B8A3A89D3,,,"India, Karnataka, Bangalore"
SF Compensation Technical Consultant,Colt Technology Services,"Bangalore, Karnataka",Other,0.0,,,False,5.0,https://www.adzuna.in/land/ad/5785771300?se=9FyUa3Sc8RGvGrvTGRxIcA&utm_medium=api&utm_source=10d03a1b&v=31A7CF20B57C3483499AE15EFEB5F82B3107E064,12.95703,77.59837,"India, Karnataka, Bangalore"
Sales Agent (DMC Experiences Required),CÔNG TY TNHH VN BIKE TOUR,"Bangalore, Karnataka",Other,0.0,,,False,5.0,https://www.adzuna.in/land/ad/5785411099?se=9FyUa3Sc8RGvGrvTGRxIcA&utm_medium=api&utm_source=10d03a1b&v=39EA1AF122B5E3731A95BA8BB74A4C318289AFCC,,,"India, Karnataka, Bangalore"
Senior Finance Associate,Pixis,"Bangalore, Karnataka",Other,0.0,,,False,5.0,https://www.adzuna.in/land/ad/5820158161?se=9FyUa3Sc8RGvGrvTGRxIcA&utm_medium=api&utm_source=10d03a1b&v=05C4140F604146D2F3CBF332A2BFD009C5F3FBBB,,,"India, Karnataka, Bangalore"
Senior Interior Designer,Livspace,"Bangalore, Karnataka",Other,0.0,,,False,5.0,https://www.adzuna.in/land/ad/5810846194?se=9FyUa3Sc8RGvGrvTGRxIcA&utm_medium=api&utm_source=10d03a1b&v=3877D3CC6F4EE5F8C02D0840F2914B508DFA3079,,,"India, Karnataka, Bangalore"
Senior Lead - Operational Excellence,Page Industries Ltd,"Bangalore, Karnataka",Other,0.0,,,False,5.0,https://www.adzuna.in/land/ad/5818524931?se=9FyUa3Sc8RGvGrvTGRxIcA&utm_medium=api&utm_source=10d03a1b&v=555E42703C13E740C5F0A3DA651EC056881E3787,,,"India, Karnataka, Bangalore"
"Senior Manager, GBS Global Planning and Performance Management FP&A",Kraft Heinz,"Bangalore, Karnataka",Other,0.0,,,False,5.0,https://www.adzuna.in/land/ad/5820906205?se=9FyUa3Sc8RGvGrvTGRxIcA&utm_medium=api&utm_source=10d03a1b&v=4A7E34222EA2CC0DD4C8CB674F08CE1C69E29581,12.95703,77.59837,"India, Karnataka, Bangalore"
Strength And Conditioning Coach,Curefit,"Bangalore, Karnataka",Other,0.0,,,False,5.0,https://www.adzuna.in/land/ad/5820964079?se=9FyUa3Sc8RGvGrvTGRxIcA&utm_medium=api&utm_source=10d03a1b&v=20038FD842B3A0E3313FD8DE5AA0C5E3DD53109D,,,"India, Karnataka, Bangalore"
Subject Matter Expert - Clinical Team,Triomics,"Bangalore, Karnataka",Other,0.0,,,False,5.0,https://www.adzuna.in/land/ad/5808332684?se=9FyUa3Sc8RGvGrvTGRxIcA&utm_medium=api&utm_source=10d03a1b&v=073AF42037D056B4717AD35E1D9B6F8FC00F2A9C,,,"India, Karnataka, Bangalore"
Subject Matter Expert - Motor Claims,Navi,"Bangalore, Karnataka",Other,0.0,,,False,5.0,https://www.adzuna.in/land/ad/5821438362?se=9FyUa3Sc8RGvGrvTGRxIcA&utm_medium=api&utm_source=10d03a1b&v=D74BC6CFA3533175A34317F89C2CEE8245CBAFF2,,,"India, Karnataka, Bangalore"
Team Lead,TP,"Bangalore, Karnataka",Other,0.0,,,False,5.0,https://www.adzuna.in/land/ad/5813878167?se=9FyUa3Sc8RGvGrvTGRxIcA&utm_medium=api&utm_source=10d03a1b&v=4163F5EA7D04FF3FF4E3CCD49598FA1589DFE714,,,"India, Karnataka, Bangalore"
Walk in Drive For Credit Analyst on 23rd July at Bangalore,Infosys BPM,"Bangalore, Karnataka",Other,0.0,,,False,5.0,https://www.adzuna.in/land/ad/5810845527?se=9FyUa3Sc8RGvGrvTGRxIcA&utm_medium=api&utm_source=10d03a1b&v=1B396CF40D970D586B9398806696DE5FDB676888,,,"India, Karnataka, Bangalore"
Alliance Manager,TECEZE,"Chennai, Tamil Nadu",Other,0.0,,,False,5.0,https://www.adzuna.in/land/ad/5806140349?se=BHmyXXSc8RGQor-L2zKR7A&utm_medium=api&utm_source=10d03a1b&v=B033C500FAEEE7FB88AC812300F77CFAD67B6246,13.06041,80.24963,"India, Tamil Nadu, Chennai"
Associate Manager - Indirect Taxation,Pfizer,"Chennai, Tamil Nadu",Other,0.0,,,False,5.0,https://www.adzuna.in/land/ad/5785771513?se=BHmyXXSc8RGQor-L2zKR7A&utm_medium=api&utm_source=10d03a1b&v=AF6D47C5C5728C56587E554479580939AEEC9961,13.06041,80.24963,"India, Tamil Nadu, Chennai"
Automotive Interior/Lighting Designer,Satyam Venture Engineering Services,"Chennai, Tamil Nadu",Other,0.0,,,False,5.0,https://www.adzuna.in/land/ad/5829374248?se=BHmyXXSc8RGQor-L2zKR7A&utm_medium=api&utm_source=10d03a1b&v=63F1551B929B4F9205E9A09DC91ADCAF0FA7CF69,13.06041,80.24963,"India, Tamil Nadu, Chennai"
Channel Sales Lead,Reliance Jio Infocomm Limited,"Chennai, Tamil Nadu",Other,0.0,,,False,5.0,https://www.adzuna.in/land/ad/5836625247?se=BHmyXXSc8RGQor-L2zKR7A&utm_medium=api&utm_source=10d03a1b&v=FE180B7A99A8993A4EE22971FB6A6E6CD1576AF9,13.06041,80.24963,"India, Tamil Nadu, Chennai"
Commis I / II / III – Corporate Cafeteria Kitchen | Chennai,FOOD TECH COMPANY,"Chennai, Tamil Nadu",Other,0.0,,,False,5.0,https://www.adzuna.in/land/ad/5822232461?se=BHmyXXSc8RGQor-L2zKR7A&utm_medium=api&utm_source=10d03a1b&v=586C91985F218370902CA34A87DA525E41E62E80,13.06041,80.24963,"India, Tamil Nadu, Chennai"
Creative Technologist,WPP Production,"Chennai, Tamil Nadu",Other,0.0,,,False,5.0,https://www.adzuna.in/land/ad/5801462843?se=BHmyXXSc8RGQor-L2zKR7A&utm_medium=api&utm_source=10d03a1b&v=3364D668480E304FD333DED2E34D0BB3BB1B55F5,13.06041,80.24963,"India, Tamil Nadu, Chennai"
DCO Front End Developer,WPP Production,"Chennai, Tamil Nadu",Other,0.0,,,False,5.0,https://www.adzuna.in/land/ad/5822403452?se=BHmyXXSc8RGQor-L2zKR7A&utm_medium=api&utm_source=10d03a1b&v=CDEBFC029E6041E15B60F56174F5B6ABB580F4F2,13.06041,80.24963,"India, Tamil Nadu, Chennai"
Director of Marketing Operations,CBTS,"Chennai, Tamil Nadu",Other,0.0,,,False,5.0,https://www.adzuna.in/land/ad/5820963602?se=BHmyXXSc8RGQor-L2zKR7A&utm_medium=api&utm_source=10d03a1b&v=447744B5F428416FE9A8C7F3B1CCC4751472566C,13.06041,80.24963,"India, Tamil Nadu, Chennai"
Finance Manager -Research Sales and Revenue,Elsevier,"Chennai, Tamil Nadu",Other,0.0,,,False,5.0,https://www.adzuna.in/land/ad/5790410123?se=BHmyXXSc8RGQor-L2zKR7A&utm_medium=api&utm_source=10d03a1b&v=714EA7ECAEA80B67C2A1CB0863BC161E0B0385CF,13.06041,80.24963,"India, Tamil Nadu, Chennai"
GL Planning & Information Architecture – Manager,Pfizer,"Chennai, Tamil Nadu",Other,0.0,,,False,5.0,https://www.adzuna.in/land/ad/5829141715?se=BHmyXXSc8RGQor-L2zKR7A&utm_medium=api&utm_source=10d03a1b&v=4EFD1FDFDBC796483642D00446BF19B26A7C83B7,13.06041,80.24963,"India, Tamil Nadu, Chennai"
Geographic Information System Developer,Kumaran Systems,"Chennai, Tamil Nadu",Other,0.0,,,False,5.0,https://www.adzuna.in/land/ad/5825675568?se=BHmyXXSc8RGQor-L2zKR7A&utm_medium=api&utm_source=10d03a1b&v=A04F8F113FCAAFFBD4F85C11D8D524C41494D703,13.06041,80.24963,"India, Tamil Nadu, Chennai"
Geographic Information Systems Analyst,Tata Consultancy Services,"Chennai, Tamil Nadu",Other,0.0,,,False,5.0,https://www.adzuna.in/land/ad/5830416841?se=BHmyXXSc8RGQor-L2zKR7A&utm_medium=api&utm_source=10d03a1b&v=FEC7D1EE1AA6A4B6A26ECD8DABAFA0FB15700B42,13.06041,80.24963,"India, Tamil Nadu, Chennai"
Global Loan Operations - 1 yrs Loan IQ & Syndication loan,Mizuho,"Chennai, Tamil Nadu",Other,0.0,,,False,5.0,https://www.adzuna.in/land/ad/5822659424?se=BHmyXXSc8RGQor-L2zKR7A&utm_medium=api&utm_source=10d03a1b&v=FF0417341BC910C95C8C1943C651913F14CF7A54,13.06041,80.24963,"India, Tamil Nadu, Chennai"
HCLTech is hiring for International contact Center - Senior Process Associate and Analyst on 31st July 2026( Voice Process),HCLTech,"Chennai, Tamil Nadu",Other,0.0,,,False,5.0,https://www.adzuna.in/land/ad/5822660115?se=BHmyXXSc8RGQor-L2zKR7A&utm_medium=api&utm_source=10d03a1b&v=67BCA356DABE3DBC7EEAA464EED03F0CF5B3D5A1,13.06041,80.24963,"India, Tamil Nadu, Chennai"
Head of Sales,Cabot Sanmar Ltd.,"Chennai, Tamil Nadu",Other,0.0,,,False,5.0,https://www.adzuna.in/land/ad/5822233011?se=BHmyXXSc8RGQor-L2zKR7A&utm_medium=api&utm_source=10d03a1b&v=8A8EE25A8DA09D8E326EF4798D0C21CC1FD80EAB,13.06041,80.24963,"India, Tamil Nadu, Chennai"
Hiring for US Healthcare Medical Billing Team Lead - Chennai,HCLTech,"Chennai, Tamil Nadu",Other,0.0,,,False,5.0,https://www.adzuna.in/land/ad/5818523165?se=BHmyXXSc8RGQor-L2zKR7A&utm_medium=api&utm_source=10d03a1b&v=2E51AF72786A50A98A9E194E78F90C4C6D812863,13.06041,80.24963,"India, Tamil Nadu, Chennai"
Instructional Designer (Exp: 2 Years),Novac Technology Solutions,"Chennai, Tamil Nadu",Other,0.0,,,False,5.0,https://www.adzuna.in/land/ad/5834576806?se=BHmyXXSc8RGQor-L2zKR7A&utm_medium=api&utm_source=10d03a1b&v=11734FE1EBE2B93E370C5C4F9A441FF3B86E4F3D,13.06041,80.24963,"India, Tamil Nadu, Chennai"
Key Account Director - IT services and consulting : BFSI clients,QualityKiosk Technologies,"Chennai, Tamil Nadu",Other,0.0,,,False,5.0,https://www.adzuna.in/land/ad/5783570113?se=BHmyXXSc8RGQor-L2zKR7A&utm_medium=api&utm_source=10d03a1b&v=BFA327C23F723C8E4C467EF8D5D6F1DC21F56424,13.06041,80.24963,"India, Tamil Nadu, Chennai"
Key Account Sales Specialist,Soft Suave Technologies,"Chennai, Tamil Nadu",Other,0.0,,,False,5.0,https://www.adzuna.in/land/ad/5818523842?se=BHmyXXSc8RGQor-L2zKR7A&utm_medium=api&utm_source=10d03a1b&v=C734551B742274C416E04531BE9F040FD1A7D47C,13.06041,80.24963,"India, Tamil Nadu, Chennai"
Management Trainee,Straive,"Chennai, Tamil Nadu",Other,0.0,,,False,5.0,https://www.adzuna.in/land/ad/5829060430?se=BHmyXXSc8RGQor-L2zKR7A&utm_medium=api&utm_source=10d03a1b&v=25119E3057D196174639E88E602CBF1BE33B2CFF,13.06041,80.24963,"India, Tamil Nadu, Chennai"
Manager – Customer Relationship & Automation Services,BASE Automation,"Chennai, Tamil Nadu",Other,0.0,,,False,5.0,https://www.adzuna.in/land/ad/5803594699?se=BHmyXXSc8RGQor-L2zKR7A&utm_medium=api&utm_source=10d03a1b&v=4814C43621D35798F91A41035624328DCD3E8692,13.06041,80.24963,"India, Tamil Nadu, Chennai"
NFR Tester / Test Lead,Kyndryl,"Chennai, Tamil Nadu",Other,0.0,,,False,5.0,https://www.adzuna.in/land/ad/5837139324?se=BHmyXXSc8RGQor-L2zKR7A&utm_medium=api&utm_source=10d03a1b&v=E7C8096B5B4E9A43D6C5029FE8C20F08F1569F3A,13.06041,80.24963,"India, Tamil Nadu, Chennai"
Operations Manager- AML KYC,TP,"Chennai, Tamil Nadu",Other,0.0,,,False,5.0,https://www.adzuna.in/land/ad/5818525114?se=BHmyXXSc8RGQor-L2zKR7A&utm_medium=api&utm_source=10d03a1b&v=092FE0C57E417D41041B5720116E8A0177FEECDC,13.06041,80.24963,"India, Tamil Nadu, Chennai"
Performance Tester / Test Lead,Kyndryl,"Chennai, Tamil Nadu",Other,0.0,,,False,5.0,https://www.adzuna.in/land/ad/5837139314?se=BHmyXXSc8RGQor-L2zKR7A&utm_medium=api&utm_source=10d03a1b&v=9CEF39B16CE176CE3DF3886D731317BE23D7D5E2,13.06041,80.24963,"India, Tamil Nadu, Chennai"
Process Associate,HCLTech,"Chennai, Tamil Nadu",Other,0.0,,,False,5.0,https://www.adzuna.in/land/ad/5835510668?se=BHmyXXSc8RGQor-L2zKR7A&utm_medium=api&utm_source=10d03a1b&v=540BB54E2E66F1A85DA0CDA92BF2B36C6EBD22FF,13.06041,80.24963,"India, Tamil Nadu, Chennai"
Regional Operations Manager - Bharat,Aditya Birla Lifestyle Brands Limited,"Chennai, Tamil Nadu",Other,0.0,,,False,5.0,https://www.adzuna.in/land/ad/5818524385?se=BHmyXXSc8RGQor-L2zKR7A&utm_medium=api&utm_source=10d03a1b&v=50E5F4868D1037F4B9813C9FAA933BC0A931C2EB,13.06041,80.24963,"India, Tamil Nadu, Chennai"
Relationship Manager,Policybazaar.com,"Chennai, Tamil Nadu",Other,0.0,,,False,5.0,https://www.adzuna.in/land/ad/5823898220?se=BHmyXXSc8RGQor-L2zKR7A&utm_medium=api&utm_source=10d03a1b&v=E562575B4B5D5A759D6C50BF123D2122B5B00475,13.06041,80.24963,"India, Tamil Nadu, Chennai"
Sales Coordinator,NTL India Limited,"Chennai, Tamil Nadu",Other,0.0,,,False,5.0,https://www.adzuna.in/land/ad/5724227502?se=BHmyXXSc8RGQor-L2zKR7A&utm_medium=api&utm_source=10d03a1b&v=17EFC2E69D040124E879985E6463AB0053D8F50F,13.06041,80.24963,"India, Tamil Nadu, Chennai"
Senior Compliance Manager,Straive,"Chennai, Tamil Nadu",Other,0.0,,,False,5.0,https://www.adzuna.in/land/ad/5830532224?se=BHmyXXSc8RGQor-L2zKR7A&utm_medium=api&utm_source=10d03a1b&v=31274EF4F30BB1CD78EA33B3BB980B865B24544A,13.06041,80.24963,"India, Tamil Nadu, Chennai"
Team Lead,TP,"Chennai, Tamil Nadu",Other,0.0,,,False,5.0,https://www.adzuna.in/land/ad/5838134820?se=BHmyXXSc8RGQor-L2zKR7A&utm_medium=api&utm_source=10d03a1b&v=C34BCFAE61C592D631166BBB828B5E586697F692,13.06041,80.24963,"India, Tamil Nadu, Chennai"
Test Manager,Kyndryl,"Chennai, Tamil Nadu",Other,0.0,,,False,5.0,https://www.adzuna.in/land/ad/5837139316?se=BHmyXXSc8RGQor-L2zKR7A&utm_medium=api&utm_source=10d03a1b&v=4679ECA64914ABA6CA70FCA506A03FFAB7625AD0,13.06041,80.24963,"India, Tamil Nadu, Chennai"
Trade Finance - Associate,Mizuho,"Chennai, Tamil Nadu",Other,0.0,,,False,5.0,https://www.adzuna.in/land/ad/5833789608?se=BHmyXXSc8RGQor-L2zKR7A&utm_medium=api&utm_source=10d03a1b&v=14443EA4D2EC75E9C5BD56F994E2B7DE9637594D,13.06041,80.24963,"India, Tamil Nadu, Chennai"
Transcreation Account Manager,WPP Production,"Chennai, Tamil Nadu",Other,0.0,,,False,5.0,https://www.adzuna.in/land/ad/5785772992?se=BHmyXXSc8RGQor-L2zKR7A&utm_medium=api&utm_source=10d03a1b&v=E13B570F1EFBC9A8198BA31EC2ADFD587F3CE160,13.06041,80.24963,"India, Tamil Nadu, Chennai"
Travel Consultant,Pickyourtrail,"Chennai, Tamil Nadu",Other,0.0,,,False,5.0,https://www.adzuna.in/land/ad/5823897269?se=BHmyXXSc8RGQor-L2zKR7A&utm_medium=api&utm_source=10d03a1b&v=85E11CC0E69CDB8E0201FCD3DAA3664A726387F0,13.06041,80.24963,"India, Tamil Nadu, Chennai"
VP - Fund Raising & Banking Relations,Randstad India,"Chennai, Tamil Nadu",Other,0.0,,,False,5.0,https://www.adzuna.in/land/ad/5825070466?se=BHmyXXSc8RGQor-L2zKR7A&utm_medium=api&utm_source=10d03a1b&v=BD4A6B30637798189441E01CF9A008C2F3C90E19,13.06041,80.24963,"India, Tamil Nadu, Chennai"
Web Governance Specialist,Elsevier,"Chennai, Tamil Nadu",Other,0.0,,,False,5.0,https://www.adzuna.in/land/ad/5785773179?se=BHmyXXSc8RGQor-L2zKR7A&utm_medium=api&utm_source=10d03a1b&v=745590EA1D47591C5B5CE7049AF0C96C9EF76BBE,13.06041,80.24963,"India, Tamil Nadu, Chennai"
AGM / DGM Operations-Coimbatore,The Banyan HR Consults Chennai,"Coimbatore, Tamil Nadu",Other,0.0,,,False,5.0,https://www.adzuna.in/land/ad/5848119710?se=OO_RYXSc8RGqn_jkSy3S8Q&utm_medium=api&utm_source=10d03a1b&v=E2676EBF0E9DC14FC1CA8AE898792DE057751CAD,11.017171,77.100203,"India, Tamil Nadu, Coimbatore"
Admin Assistant,"CIRCOR International, Inc.","Coimbatore, Tamil Nadu",Other,0.0,,,False,5.0,https://www.adzuna.in/land/ad/5810845525?se=OO_RYXSc8RGqn_jkSy3S8Q&utm_medium=api&utm_source=10d03a1b&v=B3AF006D7397B387B9650A007EC431C2EB1A0973,11.017171,77.100203,"India, Tamil Nadu, Coimbatore"
Client Services Manager,Verticurl,"Coimbatore, Tamil Nadu",Other,0.0,,,False,5.0,https://www.adzuna.in/land/ad/5818523164?se=OO_RYXSc8RGqn_jkSy3S8Q&utm_medium=api&utm_source=10d03a1b&v=FB6C35B05573719F834DC0F9881AD8BF942F6E92,11.017171,77.100203,"India, Tamil Nadu, Coimbatore"
Commercial Sales Specialist,Brick & Bolt,"Coimbatore, Tamil Nadu",Other,0.0,,,False,5.0,https://www.adzuna.in/land/ad/5848642091?se=OO_RYXSc8RGqn_jkSy3S8Q&utm_medium=api&utm_source=10d03a1b&v=4559A49CC43E7F30708A01A3DC4E5F94BCC4A3F1,11.017171,77.100203,"India, Tamil Nadu, Coimbatore"
Costing - Finance,Walkaroo International Private Limited,"Coimbatore, Tamil Nadu",Other,0.0,,,False,5.0,https://www.adzuna.in/land/ad/5811114876?se=OO_RYXSc8RGqn_jkSy3S8Q&utm_medium=api&utm_source=10d03a1b&v=DCFE9BCC8001BB78C97732A48C0DA986B762D92A,11.017171,77.100203,"India, Tamil Nadu, Coimbatore"
Design lead,Livspace,"Coimbatore, Tamil Nadu",Other,0.0,,,False,5.0,https://www.adzuna.in/land/ad/5813877074?se=OO_RYXSc8RGqn_jkSy3S8Q&utm_medium=api&utm_source=10d03a1b&v=38DDDAC5DE5A634718068BBB5550C8AAFC3FDEFD,11.017171,77.100203,"India, Tamil Nadu, Coimbatore"
Document Controller,HCLTech,"Coimbatore, Tamil Nadu",Other,0.0,,,False,5.0,https://www.adzuna.in/land/ad/5827246618?se=OO_RYXSc8RGqn_jkSy3S8Q&utm_medium=api&utm_source=10d03a1b&v=ABB5B51DFE4C201886DA2F17A04A8B61438345C4,11.017171,77.100203,"India, Tamil Nadu, Coimbatore"
Embedded Developer with C++ Programming,Mindpool Technologies,"Coimbatore, Tamil Nadu",Other,0.0,,,False,5.0,https://www.adzuna.in/details/4725867379?utm_medium=api&utm_source=10d03a1b,11.017171,77.100203,"India, Tamil Nadu, Coimbatore"
Fashion Designer,STITCH HUB The Designer Boutique,"Coimbatore, Tamil Nadu",Other,0.0,,,False,5.0,https://www.adzuna.in/land/ad/5813878175?se=OO_RYXSc8RGqn_jkSy3S8Q&utm_medium=api&utm_source=10d03a1b&v=1BDA07CA6CB1A2681A79F83E318DD3295B9064A1,11.017171,77.100203,"India, Tamil Nadu, Coimbatore"
Head Coach / Trainer Development Lead – Strength & Conditioning (NSCA-CSCS),EMS Xperience,"Coimbatore, Tamil Nadu",Other,0.0,,,False,5.0,https://www.adzuna.in/land/ad/5845683160?se=OO_RYXSc8RGqn_jkSy3S8Q&utm_medium=api&utm_source=10d03a1b&v=03F4F87D23DCE49D3AA94AC101DF62E8CA03A8D7,11.017171,77.100203,"India, Tamil Nadu, Coimbatore"
Interior Designer,Livspace,"Coimbatore, Tamil Nadu",Other,0.0,,,False,5.0,https://www.adzuna.in/land/ad/5834573627?se=OO_RYXSc8RGqn_jkSy3S8Q&utm_medium=api&utm_source=10d03a1b&v=C35E69822D3101508F9F2AC8C7D474BFE38ED941,11.017171,77.100203,"India, Tamil Nadu, Coimbatore"
Junior Analyst,Objectways,"Coimbatore, Tamil Nadu",Other,0.0,,,False,5.0,https://www.adzuna.in/land/ad/5830532251?se=OO_RYXSc8RGqn_jkSy3S8Q&utm_medium=api&utm_source=10d03a1b&v=766D9238A7EC2DA2C0A9D762C6B1DCD97CFE30B9,11.017171,77.100203,"India, Tamil Nadu, Coimbatore"
Key Account/MT Manager – Modern Trade & Stand Alone super markets-Coimbatore RO-TN,The Banyan HR Consults Chennai,"Coimbatore, Tamil Nadu",Other,0.0,,,False,5.0,https://www.adzuna.in/land/ad/5823898342?se=OO_RYXSc8RGqn_jkSy3S8Q&utm_medium=api&utm_source=10d03a1b&v=1B33B042F78A8D817B7B37ED1E4A4113F40817D9,11.017171,77.100203,"India, Tamil Nadu, Coimbatore"
Knitting Manager,Global Textile Alliance India Pvt Ltd,"Coimbatore, Tamil Nadu",Other,0.0,,,False,5.0,https://www.adzuna.in/land/ad/5750505814?se=OO_RYXSc8RGqn_jkSy3S8Q&utm_medium=api&utm_source=10d03a1b&v=FE7EDD44B19420A67A94288E64EAC4F7D1E1DD22,11.017171,77.100203,"India, Tamil Nadu, Coimbatore"
Lead - Data Operations - Automation & Transitions,MSCI,"Coimbatore, Tamil Nadu",Other,0.0,,,False,5.0,https://www.adzuna.in/land/ad/5785772266?se=OO_RYXSc8RGqn_jkSy3S8Q&utm_medium=api&utm_source=10d03a1b&v=199755D6E3B241E317BC69BC4015DF69D84D19EE,11.017171,77.100203,"India, Tamil Nadu, Coimbatore"
Lead Internal Auditor,Walkaroo International Private Limited,"Coimbatore, Tamil Nadu",Other,0.0,,,False,5.0,https://www.adzuna.in/land/ad/5813877014?se=OO_RYXSc8RGqn_jkSy3S8Q&utm_medium=api&utm_source=10d03a1b&v=D1F14A59F697839782C721CE8A640BBE64D75215,11.017171,77.100203,"India, Tamil Nadu, Coimbatore"
Media Planner,Walkaroo International Private Limited,"Coimbatore, Tamil Nadu",Other,0.0,,,False,5.0,https://www.adzuna.in/land/ad/5819622854?se=OO_RYXSc8RGqn_jkSy3S8Q&utm_medium=api&utm_source=10d03a1b&v=0C3366293CF30CE265D0914E63F9D92FD398638A,11.017171,77.100203,"India, Tamil Nadu, Coimbatore"
Project Manager,Foxsense Innovations,"Coimbatore, Tamil Nadu",Other,0.0,,,False,5.0,https://www.adzuna.in/land/ad/5848120839?se=OO_RYXSc8RGqn_jkSy3S8Q&utm_medium=api&utm_source=10d03a1b&v=74B987D968589FAF0C5184CE23625C273625706B,11.017171,77.100203,"India, Tamil Nadu, Coimbatore"
Relationship Manager,Policybazaar.com,"Coimbatore, Tamil Nadu",Other,0.0,,,False,5.0,https://www.adzuna.in/land/ad/5801404394?se=OO_RYXSc8RGqn_jkSy3S8Q&utm_medium=api&utm_source=10d03a1b&v=060C9B23ED7FA52AADC77D165A10ED2D32615F65,11.017171,77.100203,"India, Tamil Nadu, Coimbatore"
Sales Head -FMCG -Oil divn-TN @ Coimbatore,The Banyan HR Consults Chennai,"Coimbatore, Tamil Nadu",Other,0.0,,,False,5.0,https://www.adzuna.in/land/ad/5802782282?se=OO_RYXSc8RGqn_jkSy3S8Q&utm_medium=api&utm_source=10d03a1b&v=E2D1811250F0F83DE4594E6DFD9FE22602D29039,11.017171,77.100203,"India, Tamil Nadu, Coimbatore"
Sales Lead,Livspace,"Coimbatore, Tamil Nadu",Other,0.0,,,False,5.0,https://www.adzuna.in/land/ad/5813877496?se=OO_RYXSc8RGqn_jkSy3S8Q&utm_medium=api&utm_source=10d03a1b&v=E226ED27BFBF2DF57B93C4C2A8FA32867DC6D3D8,11.017171,77.100203,"India, Tamil Nadu, Coimbatore"
Senior Internal Auditor,Ideal Consultants,"Coimbatore, Tamil Nadu",Other,0.0,,,False,5.0,https://www.adzuna.in/land/ad/5848119708?se=OO_RYXSc8RGqn_jkSy3S8Q&utm_medium=api&utm_source=10d03a1b&v=701AE489790F14CEA0A43949F6A0A2BFD8762C26,11.017171,77.100203,"India, Tamil Nadu, Coimbatore"
Team Lead,King Cardinal Products & Services Private Limited,"Coimbatore, Tamil Nadu",Other,0.0,,,False,5.0,https://www.adzuna.in/land/ad/5822232421?se=OO_RYXSc8RGqn_jkSy3S8Q&utm_medium=api&utm_source=10d03a1b&v=2FAA13E0FEA8B7CCF167CB979924CB40CE28EE84,11.017171,77.100203,"India, Tamil Nadu, Coimbatore"
Valuation Associate,STARLETTE PROPERTY VALUATIONS  PVT LTD,"Coimbatore, Tamil Nadu",Other,0.0,,,False,5.0,https://www.adzuna.in/land/ad/5832843227?se=OO_RYXSc8RGqn_jkSy3S8Q&utm_medium=api&utm_source=10d03a1b&v=60C7301AF04000D64E221EB4E3AC123132288432,11.017171,77.100203,"India, Tamil Nadu, Coimbatore"
Vice President Data Operations - Transformation & Automation,MSCI,"Coimbatore, Tamil Nadu",Other,0.0,,,False,5.0,https://www.adzuna.in/land/ad/5785771397?se=OO_RYXSc8RGqn_jkSy3S8Q&utm_medium=api&utm_source=10d03a1b&v=9FB87F5D2ED64B39DBC4C8AF4F231B7D3664AE1D,11.017171,77.100203,"India, Tamil Nadu, Coimbatore"
Accordion India - Manager Salesforce CRM,Accordion India,"Hyderabad, Telangana",Other,0.0,,,False,5.0,https://www.adzuna.in/land/ad/5827735609?se=qGKmbXSc8RGYIIxpq9ttlQ&utm_medium=api&utm_source=10d03a1b&v=9F8770D0DDA028FE7BC382BAC257FB82033AA7BA,17.40275,78.50806,"India, Telangana, Hyderabad"
"Administrator 2, SMA",Invesco,"Hyderabad, Telangana",Other,0.0,,,False,5.0,https://www.adzuna.in/land/ad/5785771657?se=qGKmbXSc8RGYIIxpq9ttlQ&utm_medium=api&utm_source=10d03a1b&v=C536ECFFEF47C8BDE3631C49D7FC053FB045F0AE,17.40275,78.50806,"India, Telangana, Hyderabad"
Associate (Billing/O2C),Clifford Chance,"Hyderabad, Telangana",Other,0.0,,,False,5.0,https://www.adzuna.in/land/ad/5806276284?se=qGKmbXSc8RGYIIxpq9ttlQ&utm_medium=api&utm_source=10d03a1b&v=EA57080A0E652D7433789FC3CC08E5378F8234CC,17.40275,78.50806,"India, Telangana, Hyderabad"
Associate Relationship Manager,SmartQ,"Hyderabad, Telangana",Other,0.0,,,False,5.0,https://www.adzuna.in/land/ad/5812352056?se=qGKmbXSc8RGYIIxpq9ttlQ&utm_medium=api&utm_source=10d03a1b&v=56922BC30DC111C8F2D52574475773BC91723DBD,17.40275,78.50806,"India, Telangana, Hyderabad"
Asst Manager-Client Reporting,Invesco,"Hyderabad, Telangana",Other,0.0,,,False,5.0,https://www.adzuna.in/land/ad/5785770855?se=qGKmbXSc8RGYIIxpq9ttlQ&utm_medium=api&utm_source=10d03a1b&v=575B098094D91582BF3FCD9BC89DCC1D57B6F0D4,17.40275,78.50806,"India, Telangana, Hyderabad"
Automation Developer,WPP Production,"Hyderabad, Telangana",Other,0.0,,,False,5.0,https://www.adzuna.in/land/ad/5785771269?se=qGKmbXSc8RGYIIxpq9ttlQ&utm_medium=api&utm_source=10d03a1b&v=1DDE4440D25853CB5AC581E115C01B6AAF4DD064,17.40275,78.50806,"India, Telangana, Hyderabad"
Business Manager,Tint Tone & Shade,"Hyderabad, Telangana",Other,0.0,,,False,5.0,https://www.adzuna.in/land/ad/5836622739?se=qGKmbXSc8RGYIIxpq9ttlQ&utm_medium=api&utm_source=10d03a1b&v=1173EEF94BCF62614818BE441B51F01E26515638,17.40275,78.50806,"India, Telangana, Hyderabad"
CA Representative,Invesco,"Hyderabad, Telangana",Other,0.0,,,False,5.0,https://www.adzuna.in/land/ad/5832204981?se=qGKmbXSc8RGYIIxpq9ttlQ&utm_medium=api&utm_source=10d03a1b&v=DF15493CD6F74739E287800B2491B72484CEED29,17.40275,78.50806,"India, Telangana, Hyderabad"
Content Writer,Doveriye,"Hyderabad, Telangana",Other,0.0,,,False,5.0,https://www.adzuna.in/land/ad/5801536888?se=qGKmbXSc8RGYIIxpq9ttlQ&utm_medium=api&utm_source=10d03a1b&v=BA924CE66E84FC2090D2A502F4A983B0A90D000E,17.40275,78.50806,"India, Telangana, Hyderabad"
"Coordinator, Accounting Operations [T500-28344]",McDonald's Global Office in India,"Hyderabad, Telangana",Other,0.0,,,False,5.0,https://www.adzuna.in/land/ad/5838134588?se=qGKmbXSc8RGYIIxpq9ttlQ&utm_medium=api&utm_source=10d03a1b&v=C84631C06075088BFB0C92256ED48B867835F212,17.40275,78.50806,"India, Telangana, Hyderabad"
"Coordinator, Accounting Operations [T500-28345]",McDonald's Global Office in India,"Hyderabad, Telangana",Other,0.0,,,False,5.0,https://www.adzuna.in/land/ad/5838134014?se=qGKmbXSc8RGYIIxpq9ttlQ&utm_medium=api&utm_source=10d03a1b&v=403D89D8C315C9BF91359CB3EB257593F5E58859,17.40275,78.50806,"India, Telangana, Hyderabad"
Creative Lead,WPP Production,"Hyderabad, Telangana",Other,0.0,,,False,5.0,https://www.adzuna.in/land/ad/5838614015?se=qGKmbXSc8RGYIIxpq9ttlQ&utm_medium=api&utm_source=10d03a1b&v=D91EB79A0795BD632716614BECF3833047E8A4BB,17.40275,78.50806,"India, Telangana, Hyderabad"
Cybersecurity Consultant,TekWissen India,"Hyderabad, Telangana",Other,0.0,,,False,5.0,https://www.adzuna.in/land/ad/5834573375?se=qGKmbXSc8RGYIIxpq9ttlQ&utm_medium=api&utm_source=10d03a1b&v=6363791DD87EAD40DA6F073BDCD3BF3D9AD2A8A8,17.40275,78.50806,"India, Telangana, Hyderabad"
EDI Project Coordinator,ValueLabs,"Hyderabad, Telangana",Other,0.0,,,False,5.0,https://www.adzuna.in/land/ad/5830417550?se=qGKmbXSc8RGYIIxpq9ttlQ&utm_medium=api&utm_source=10d03a1b&v=EF3B852DA019229F932B0F5F01C0FDF1DA817A49,17.40275,78.50806,"India, Telangana, Hyderabad"
"Eng II., Eng Run",Invesco,"Hyderabad, Telangana",Other,0.0,,,False,5.0,https://www.adzuna.in/land/ad/5830301733?se=qGKmbXSc8RGYIIxpq9ttlQ&utm_medium=api&utm_source=10d03a1b&v=CF2EEBF4CEDE71B9A0ABCFD8E3CF8B36CD4DF5DA,17.40275,78.50806,"India, Telangana, Hyderabad"
Finance Officer,United Brothers Company,"Hyderabad, Telangana",Other,0.0,,,False,5.0,https://www.adzuna.in/land/ad/5810845249?se=qGKmbXSc8RGYIIxpq9ttlQ&utm_medium=api&utm_source=10d03a1b&v=8899D3CD24564E3AC27587CC3DF7E118669C4C13,17.40275,78.50806,"India, Telangana, Hyderabad"
"Head of Legal, India",Invesco,"Hyderabad, Telangana",Other,0.0,,,False,5.0,https://www.adzuna.in/land/ad/5798926185?se=qGKmbXSc8RGYIIxpq9ttlQ&utm_medium=api&utm_source=10d03a1b&v=D80EAB51208B9A9E21FB062812B6E6DFE27160D0,17.40275,78.50806,"India, Telangana, Hyderabad"
Infrastructure Specialist,Kyndryl,"Hyderabad, Telangana",Other,0.0,,,False,5.0,https://www.adzuna.in/land/ad/5837139310?se=qGKmbXSc8RGYIIxpq9ttlQ&utm_medium=api&utm_source=10d03a1b&v=DD4F96FDFD2CAED03AAEBB5AFCEA8F72AF29C3C4,17.40275,78.50806,"India, Telangana, Hyderabad"
Inside Sales Specialist,WaferWire Cloud Technologies,"Hyderabad, Telangana",Other,0.0,,,False,5.0,https://www.adzuna.in/land/ad/5830417585?se=qGKmbXSc8RGYIIxpq9ttlQ&utm_medium=api&utm_source=10d03a1b&v=B07445F5ACDF4F5AC337778F2B908627939F13A3,17.40275,78.50806,"India, Telangana, Hyderabad"
Inside Sales Specialist (APJ-MENA),"Prudent Technologies and Consulting, Inc.","Hyderabad, Telangana",Other,0.0,,,False,5.0,https://www.adzuna.in/land/ad/5829060683?se=qGKmbXSc8RGYIIxpq9ttlQ&utm_medium=api&utm_source=10d03a1b&v=7F2BBC50886BF24A9F11B92013CCA78C836FD933,17.40275,78.50806,"India, Telangana, Hyderabad"
Massage Therapist,Hyatt Place Hyderabad Banjara Hills,"Hyderabad, Telangana",Other,0.0,,,False,5.0,https://www.adzuna.in/land/ad/5804792863?se=qGKmbXSc8RGYIIxpq9ttlQ&utm_medium=api&utm_source=10d03a1b&v=4F9C6752D556B6B1F22D57CC3592B885E2229970,17.40275,78.50806,"India, Telangana, Hyderabad"
NATA Trainee,Invesco,"Hyderabad, Telangana",Other,0.0,,,False,5.0,https://www.adzuna.in/land/ad/5829141655?se=qGKmbXSc8RGYIIxpq9ttlQ&utm_medium=api&utm_source=10d03a1b&v=154DE59CCB4E16F501FD18F6A5E7108D0B82C8B1,17.40275,78.50806,"India, Telangana, Hyderabad"
Performance Analyst II,Invesco,"Hyderabad, Telangana",Other,0.0,,,False,5.0,https://www.adzuna.in/land/ad/5790410667?se=qGKmbXSc8RGYIIxpq9ttlQ&utm_medium=api&utm_source=10d03a1b&v=B7A472E9F75746D97DC48B1D3F7645AB15B38CA1,17.40275,78.50806,"India, Telangana, Hyderabad"
Sales Development Representative,People Tech Group Inc,"Hyderabad, Telangana",Other,0.0,,,False,5.0,https://www.adzuna.in/land/ad/5820962956?se=qGKmbXSc8RGYIIxpq9ttlQ&utm_medium=api&utm_source=10d03a1b&v=5F57B30885D2EF02065B9B10DCEC464DE8FE42F3,17.40275,78.50806,"India, Telangana, Hyderabad"
Security Professional,HTC Global Services,"Hyderabad, Telangana",Other,0.0,,,False,5.0,https://www.adzuna.in/land/ad/5820962645?se=qGKmbXSc8RGYIIxpq9ttlQ&utm_medium=api&utm_source=10d03a1b&v=5F5DD51CBC9DDAFD867EA46ADE7AFB8C30F88A36,17.40275,78.50806,"India, Telangana, Hyderabad"
Senior Interior Designer,Flow Interio Private Limited,"Hyderabad, Telangana",Other,0.0,,,False,5.0,https://www.adzuna.in/land/ad/5835509028?se=qGKmbXSc8RGYIIxpq9ttlQ&utm_medium=api&utm_source=10d03a1b&v=30B93D8F8F257C046FAD4FFEBC6FE63DAB11E30C,17.40275,78.50806,"India, Telangana, Hyderabad"
Sr Client Reporting Analyst,Invesco,"Hyderabad, Telangana",Other,0.0,,,False,5.0,https://www.adzuna.in/land/ad/5785771686?se=qGKmbXSc8RGYIIxpq9ttlQ&utm_medium=api&utm_source=10d03a1b&v=583D8127E9E147E445E61F89F4F710175BE2E4D4,17.40275,78.50806,"India, Telangana, Hyderabad"
Sr Designer- Automotive Interior/Exterior Design,Satyam Venture Engineering Services,"Hyderabad, Telangana",Other,0.0,,,False,5.0,https://www.adzuna.in/land/ad/5823897183?se=qGKmbXSc8RGYIIxpq9ttlQ&utm_medium=api&utm_source=10d03a1b&v=7152B3E5F896D12CE6EA490589E1246D2F16AED7,17.40275,78.50806,"India, Telangana, Hyderabad"
Sr Mgr/AGM Dealer Development EV (LCV/HCV),OEM Automobile EV,"Hyderabad, Telangana",Other,0.0,,,False,5.0,https://www.adzuna.in/land/ad/5818524878?se=qGKmbXSc8RGYIIxpq9ttlQ&utm_medium=api&utm_source=10d03a1b&v=3337FF532EADE45C4B931B55ED58DDAE603586F4,17.40275,78.50806,"India, Telangana, Hyderabad"
Sr Principal Architect,Invesco,"Hyderabad, Telangana",Other,0.0,,,False,5.0,https://www.adzuna.in/land/ad/5785770939?se=qGKmbXSc8RGYIIxpq9ttlQ&utm_medium=api&utm_source=10d03a1b&v=E19D4AF56A77F88F124BE854BAE358EFF0C1DEBB,17.40275,78.50806,"India, Telangana, Hyderabad"
"Sr. Analyst, SMA",Invesco,"Hyderabad, Telangana",Other,0.0,,,False,5.0,https://www.adzuna.in/land/ad/5785773028?se=qGKmbXSc8RGYIIxpq9ttlQ&utm_medium=api&utm_source=10d03a1b&v=4C024B4D0EF44D63779BB6ECCC39804CA278ECDD,17.40275,78.50806,"India, Telangana, Hyderabad"
"Sr. Eng. I, Digital Dist & Ent Eng",Invesco,"Hyderabad, Telangana",Other,0.0,,,False,5.0,https://www.adzuna.in/land/ad/5785771380?se=qGKmbXSc8RGYIIxpq9ttlQ&utm_medium=api&utm_source=10d03a1b&v=6A8E62151C6137D2B4EFF8659EA0B0F79A94BB93,17.40275,78.50806,"India, Telangana, Hyderabad"
Vice President of Sales,QualiZeal,"Hyderabad, Telangana",Other,0.0,,,False,5.0,https://www.adzuna.in/land/ad/5804795218?se=qGKmbXSc8RGYIIxpq9ttlQ&utm_medium=api&utm_source=10d03a1b&v=2FE26925FC0088B04F6FCD81938947D75223CED0,17.40275,78.50806,"India, Telangana, Hyderabad"
Workday Offshore Delivery Head,IQNOUS TECHNOLOGIES,"Hyderabad, Telangana",Other,0.0,,,False,5.0,https://www.adzuna.in/land/ad/5830416620?se=qGKmbXSc8RGYIIxpq9ttlQ&utm_medium=api&utm_source=10d03a1b&v=8ACBBAFB1F4CC354088C262BFBDE3A59F83467C7,17.40275,78.50806,"India, Telangana, Hyderabad"
architect & designers,SPACE INTERIORS INDIA,"Hyderabad, Telangana",Other,0.0,,,False,5.0,https://www.adzuna.in/land/ad/5818746689?se=qGKmbXSc8RGYIIxpq9ttlQ&utm_medium=api&utm_source=10d03a1b&v=0304A4E04B2DBA08EC873D243BABF5949C95E48D,17.40275,78.50806,"India, Telangana, Hyderabad"
ASIC RTL Design Lead,Mulya Technologies,"Kochi, Ernakulam",Other,0.0,,,False,5.0,https://www.adzuna.in/land/ad/5848119772?se=RBaWb3Sc8RGQor-L2zKR7A&utm_medium=api&utm_source=10d03a1b&v=6B251488CB244F15CF4A7B2A106C3C587B38001D,9.98011,76.24637,"India, Kerala, Ernakulam, Kochi"
Australian-Based Tour & Travel Company Hiring: Experienced Travel & Tour Manager – Kochi Office,Pauls Travel,"Kochi, Ernakulam",Other,0.0,,,False,5.0,https://www.adzuna.in/land/ad/5848119998?se=RBaWb3Sc8RGQor-L2zKR7A&utm_medium=api&utm_source=10d03a1b&v=31715F20E1CE6BE2EC05274992CAAC18D02C0E9B,9.98011,76.24637,"India, Kerala, Ernakulam, Kochi"
Business Immigration Coordinator II - French Language,Fragomen,"Kochi, Ernakulam",Other,0.0,,,False,5.0,https://www.adzuna.in/land/ad/5831966502?se=RBaWb3Sc8RGQor-L2zKR7A&utm_medium=api&utm_source=10d03a1b&v=EA9CBA8B72A607C9699FDC89A189DD5EF7D82C65,9.98011,76.24637,"India, Kerala, Ernakulam, Kochi"
Chief Financial Officer,EnerZ,"Kochi, Ernakulam",Other,0.0,,,False,5.0,https://www.adzuna.in/land/ad/5840637267?se=RBaWb3Sc8RGQor-L2zKR7A&utm_medium=api&utm_source=10d03a1b&v=23B51E2ABA65D95587A5277CA291A010F3034D3E,9.98011,76.24637,"India, Kerala, Ernakulam, Kochi"
Client Relationship Manager,"Katha - Sharing Stories, Scaling Impact","Kochi, Ernakulam",Other,0.0,,,False,5.0,https://www.adzuna.in/land/ad/5833435050?se=RBaWb3Sc8RGQor-L2zKR7A&utm_medium=api&utm_source=10d03a1b&v=B66AD4CA945896195AF5A5E1B465C5756EBF009E,9.98011,76.24637,"India, Kerala, Ernakulam, Kochi"
Client Servicing & Social Media Lead (Account Management  Content Strategy),Wanderoo Creative Services,"Kochi, Ernakulam",Other,0.0,,,False,5.0,https://www.adzuna.in/land/ad/5848120359?se=RBaWb3Sc8RGQor-L2zKR7A&utm_medium=api&utm_source=10d03a1b&v=7244AD4558D7E961F2725D3823F9715FA04C6280,9.98011,76.24637,"India, Kerala, Ernakulam, Kochi"
Content Creator,Cochin International School,"Kochi, Ernakulam",Other,0.0,,,False,5.0,https://www.adzuna.in/land/ad/5838675832?se=RBaWb3Sc8RGQor-L2zKR7A&utm_medium=api&utm_source=10d03a1b&v=C77D9EA519452F35F1E53FB8FE97BD42F9254B5B,9.98011,76.24637,"India, Kerala, Ernakulam, Kochi"
Creative Designer,Admaren Tech Private Limited,"Kochi, Ernakulam",Other,0.0,,,False,5.0,https://www.adzuna.in/land/ad/5836624618?se=RBaWb3Sc8RGQor-L2zKR7A&utm_medium=api&utm_source=10d03a1b&v=926FE6A7B115B1FDA7D738DD2346353C53F8F6F2,9.98011,76.24637,"India, Kerala, Ernakulam, Kochi"
Finance Controller – GCC operations,I Know A Guy,"Kochi, Ernakulam",Other,0.0,,,False,5.0,https://www.adzuna.in/land/ad/5845682585?se=RBaWb3Sc8RGQor-L2zKR7A&utm_medium=api&utm_source=10d03a1b&v=8CF13165FC73E67FCBF62391F86E3DDFEF9F2093,9.98011,76.24637,"India, Kerala, Ernakulam, Kochi"
Financial Controller,Focaloid Technologies,"Kochi, Ernakulam",Other,0.0,,,False,5.0,https://www.adzuna.in/land/ad/5818747334?se=RBaWb3Sc8RGQor-L2zKR7A&utm_medium=api&utm_source=10d03a1b&v=30EAD008E2847B38E57CC85C8E3353881491ACAA,9.98011,76.24637,"India, Kerala, Ernakulam, Kochi"
German Language Trainer,Care Gates,"Kochi, Ernakulam",Other,0.0,,,False,5.0,https://www.adzuna.in/land/ad/5840225866?se=RBaWb3Sc8RGQor-L2zKR7A&utm_medium=api&utm_source=10d03a1b&v=E3A21C790D2732D0C3220106DD0F072E3BCEC8EE,9.98011,76.24637,"India, Kerala, Ernakulam, Kochi"
Google Ads Specialist,Lascade,"Kochi, Ernakulam",Other,0.0,,,False,5.0,https://www.adzuna.in/land/ad/5798139218?se=RBaWb3Sc8RGQor-L2zKR7A&utm_medium=api&utm_source=10d03a1b&v=4761CFC9D870A554C84336167ADCC8BE10B40175,9.98011,76.24637,"India, Kerala, Ernakulam, Kochi"
House Parent / Hostel Warden,Cochin International School,"Kochi, Ernakulam",Other,0.0,,,False,5.0,https://www.adzuna.in/land/ad/5838134344?se=RBaWb3Sc8RGQor-L2zKR7A&utm_medium=api&utm_source=10d03a1b&v=4B2CBF8621CFCF25D3A9EB8F405C8D489B7830B5,9.98011,76.24637,"India, Kerala, Ernakulam, Kochi"
Influencer Marketing & Outreach Specialist,Lascade,"Kochi, Ernakulam",Other,0.0,,,False,5.0,https://www.adzuna.in/land/ad/5798139403?se=RBaWb3Sc8RGQor-L2zKR7A&utm_medium=api&utm_source=10d03a1b&v=C5E1A8641FAC0DDEE2240114FCEFB3526534578C,9.98011,76.24637,"India, Kerala, Ernakulam, Kochi"
Information Security Consultant,Soffit Infrastructure Services  Ltd,"Kochi, Ernakulam",Other,0.0,,,False,5.0,https://www.adzuna.in/land/ad/5838134054?se=RBaWb3Sc8RGQor-L2zKR7A&utm_medium=api&utm_source=10d03a1b&v=72D513D0BD4012B738E7FB094D5552067BBD68C2,9.98011,76.24637,"India, Kerala, Ernakulam, Kochi"
Manager Clinical Data Management,IQVIA India,"Kochi, Ernakulam",Other,0.0,,,False,5.0,https://www.adzuna.in/land/ad/5680961222?se=RBaWb3Sc8RGQor-L2zKR7A&utm_medium=api&utm_source=10d03a1b&v=90AF69E7C93FCFEFABF3C70C9FF4DB636CF03C80,9.98011,76.24637,"India, Kerala, Ernakulam, Kochi"
Meta Ads Specialist,Lascade,"Kochi, Ernakulam",Other,0.0,,,False,5.0,https://www.adzuna.in/land/ad/5798139136?se=RBaWb3Sc8RGQor-L2zKR7A&utm_medium=api&utm_source=10d03a1b&v=01C49912B1C4F95AFF254C02D061885252133D26,9.98011,76.24637,"India, Kerala, Ernakulam, Kochi"
Migration Case Officer,Hola World,"Kochi, Ernakulam",Other,0.0,,,False,5.0,https://www.adzuna.in/land/ad/5831966213?se=RBaWb3Sc8RGQor-L2zKR7A&utm_medium=api&utm_source=10d03a1b&v=F98FCB6B7C2CC40434161D36945F2F1C545D8C39,9.98011,76.24637,"India, Kerala, Ernakulam, Kochi"
Performance Marketer,Nakshathra Gold and Diamonds,"Kochi, Ernakulam",Other,0.0,,,False,5.0,https://www.adzuna.in/land/ad/5808815071?se=RBaWb3Sc8RGQor-L2zKR7A&utm_medium=api&utm_source=10d03a1b&v=E2AC7288B8CA8916DB59AAD327A9E5B9794F7482,9.98011,76.24637,"India, Kerala, Ernakulam, Kochi"
Performance Marketer,TheNarrate.in,"Kochi, Ernakulam",Other,0.0,,,False,5.0,https://www.adzuna.in/land/ad/5833789558?se=RBaWb3Sc8RGQor-L2zKR7A&utm_medium=api&utm_source=10d03a1b&v=375EF65B9659D3D57F48F99CD426FA44B3D5A76C,9.98011,76.24637,"India, Kerala, Ernakulam, Kochi"
Project Management Specialist,Fragomen,"Kochi, Ernakulam",Other,0.0,,,False,5.0,https://www.adzuna.in/land/ad/5837120867?se=RBaWb3Sc8RGQor-L2zKR7A&utm_medium=api&utm_source=10d03a1b&v=CAA48BBEC80CE9E4E7CB050912B6B620B7AC2CC2,9.98011,76.24637,"India, Kerala, Ernakulam, Kochi"
Project Manager,Exult Global,"Kochi, Ernakulam",Other,0.0,,,False,5.0,https://www.adzuna.in/land/ad/5845683565?se=RBaWb3Sc8RGQor-L2zKR7A&utm_medium=api&utm_source=10d03a1b&v=5C6DDC68C7A73869B2D2AD67244B6C1A2B771CA0,9.98011,76.24637,"India, Kerala, Ernakulam, Kochi"
RHEL Administrator,Kyndryl,"Kochi, Ernakulam",Other,0.0,,,False,5.0,https://www.adzuna.in/land/ad/5837138871?se=RBaWb3Sc8RGQor-L2zKR7A&utm_medium=api&utm_source=10d03a1b&v=390F21389409966100B1C6C10515B3B5AF1218F6,9.98011,76.24637,"India, Kerala, Ernakulam, Kochi"
Relationship Manager,Policybazaar.com,"Kochi, Ernakulam",Other,0.0,,,False,5.0,https://www.adzuna.in/land/ad/5823897710?se=RBaWb3Sc8RGQor-L2zKR7A&utm_medium=api&utm_source=10d03a1b&v=0A86E41B100EDC8773026AB24FE20A1DC5E436DE,9.98011,76.24637,"India, Kerala, Ernakulam, Kochi"
Sales Leader - Critical Care - Kochi Based,Romsons Group,"Kochi, Ernakulam",Other,0.0,,,False,5.0,https://www.adzuna.in/land/ad/5845683048?se=RBaWb3Sc8RGQor-L2zKR7A&utm_medium=api&utm_source=10d03a1b&v=3473176630119E5D824A6133C2BD06B576FF49FF,9.98011,76.24637,"India, Kerala, Ernakulam, Kochi"
Sales Team Lead,IndiaMART InterMESH Limited,"Kochi, Ernakulam",Other,0.0,,,False,5.0,https://www.adzuna.in/land/ad/5840224578?se=RBaWb3Sc8RGQor-L2zKR7A&utm_medium=api&utm_source=10d03a1b&v=A92763D955AB36553AADF89C58DF7DC575EA0D6D,9.98011,76.24637,"India, Kerala, Ernakulam, Kochi"
Senior FP&A Analyst @Resonate CX,Acquarius Capstorm Limited,"Kochi, Ernakulam",Other,0.0,,,False,5.0,https://www.adzuna.in/land/ad/5845683494?se=RBaWb3Sc8RGQor-L2zKR7A&utm_medium=api&utm_source=10d03a1b&v=10DBE8C2839A3A13471DB8547075F66743083B36,9.98011,76.24637,"India, Kerala, Ernakulam, Kochi"
Senior Manager,Dream Hunters Holidays India Pvt Ltd,"Kochi, Ernakulam",Other,0.0,,,False,5.0,https://www.adzuna.in/land/ad/5845682634?se=RBaWb3Sc8RGQor-L2zKR7A&utm_medium=api&utm_source=10d03a1b&v=14F09867301F16C2B8643C3A366B4AA1F0056BBD,9.98011,76.24637,"India, Kerala, Ernakulam, Kochi"
Speech Therapist,Unfold Learning Studio,"Kochi, Ernakulam",Other,0.0,,,False,5.0,https://www.adzuna.in/land/ad/5794280089?se=RBaWb3Sc8RGQor-L2zKR7A&utm_medium=api&utm_source=10d03a1b&v=EB3B606CA884A43690E0C136036242020E41412B,9.98011,76.24637,"India, Kerala, Ernakulam, Kochi"
Sports Community Specialist,Cosmos Sports,"Kochi, Ernakulam",Other,0.0,,,False,5.0,https://www.adzuna.in/land/ad/5838134790?se=RBaWb3Sc8RGQor-L2zKR7A&utm_medium=api&utm_source=10d03a1b&v=9AF91EF5F20C4A3109218D6421CD82D9E08EBAAF,9.98011,76.24637,"India, Kerala, Ernakulam, Kochi"
Sr Lead – Network & Security [Cisco ACI],Kyndryl,"Kochi, Ernakulam",Other,0.0,,,False,5.0,https://www.adzuna.in/land/ad/5837138998?se=RBaWb3Sc8RGQor-L2zKR7A&utm_medium=api&utm_source=10d03a1b&v=796B1AA122C3C1FCE2B8B301188E464185D24E99,9.98011,76.24637,"India, Kerala, Ernakulam, Kochi"
Study Abroad Advisor,Magnate Study Abroad,"Kochi, Ernakulam",Other,0.0,,,False,5.0,https://www.adzuna.in/land/ad/5848641142?se=RBaWb3Sc8RGQor-L2zKR7A&utm_medium=api&utm_source=10d03a1b&v=79454E24B556500D0752D7D243D0C8A3121CE1E5,9.98011,76.24637,"India, Kerala, Ernakulam, Kochi"
Technical Project Manager,Geojit Technologies,"Kochi, Ernakulam",Other,0.0,,,False,5.0,https://www.adzuna.in/land/ad/5840637171?se=RBaWb3Sc8RGQor-L2zKR7A&utm_medium=api&utm_source=10d03a1b&v=7F73DE7EA3070C6C7CF9D4F79B998FDB8EE97A84,9.98011,76.24637,"India, Kerala, Ernakulam, Kochi"
Technical Project Manager,Exult Global,"Kochi, Ernakulam",Other,0.0,,,False,5.0,https://www.adzuna.in/land/ad/5840637260?se=RBaWb3Sc8RGQor-L2zKR7A&utm_medium=api&utm_source=10d03a1b&v=305B5A1F99395C55F931B8388E3C608091CC947C,9.98011,76.24637,"India, Kerala, Ernakulam, Kochi"
Visa Officer,Visa Roots,"Kochi, Ernakulam",Other,0.0,,,False,5.0,https://www.adzuna.in/land/ad/5838134532?se=RBaWb3Sc8RGQor-L2zKR7A&utm_medium=api&utm_source=10d03a1b&v=FC2D7A2612448E088BB5EA1A68BC74584F8F0A12,9.98011,76.24637,"India, Kerala, Ernakulam, Kochi"
Branch Manager-GOLD LOAN,JOBS n TA HR Services,"Kollam, Kerala",Other,0.0,,,False,5.0,https://www.adzuna.in/details/5658286500?utm_medium=api&utm_source=10d03a1b,9.01303,76.6143,"India, Kerala, Kollam"
Branch Manager| Kollam,CSB Bank,"Kollam, Kerala",Other,0.0,,,False,5.0,https://www.adzuna.in/details/5309018963?utm_medium=api&utm_source=10d03a1b,9.01303,76.6143,"India, Kerala, Kollam"
Centre Manager – Operations & Sales,Hirestar job Bank,"Kollam, Kerala",Other,0.0,,,False,5.0,https://www.adzuna.in/details/5827393121?utm_medium=api&utm_source=10d03a1b,9.01303,76.6143,"India, Kerala, Kollam"
Relationship Manager - Branch Banking| Kollam,CSB Bank,"Kollam, Kerala",Other,0.0,,,False,5.0,https://www.adzuna.in/details/5758909392?utm_medium=api&utm_source=10d03a1b,9.01303,76.6143,"India, Kerala, Kollam"
Relationship Manager-Two Wheeler Finance-Sales,Kotak Mahindra Bank,"Kollam, Kerala",Other,0.0,,,False,5.0,https://www.adzuna.in/details/5833600735?utm_medium=api&utm_source=10d03a1b,9.01303,76.6143,"India, Kerala, Kollam"
SALES,jk,"Kollam, Kerala",Other,0.0,,,False,5.0,https://www.adzuna.in/details/5750260057?utm_medium=api&utm_source=10d03a1b,9.01303,76.6143,"India, Kerala, Kollam"
SMART Bazaar Store Manager- Kerala,Reliance Retail,"Kollam, Kerala",Other,0.0,,,False,5.0,https://www.adzuna.in/details/5823107036?utm_medium=api&utm_source=10d03a1b,9.01303,76.6143,"India, Kerala, Kollam"
Service Technician,Happiest Resume,"Kollam, Kerala",Other,0.0,,,False,5.0,https://www.adzuna.in/details/5828879806?utm_medium=api&utm_source=10d03a1b,9.01303,76.6143,"India, Kerala, Kollam"
Team Leader - O&G Adjacent 1 - Kollam,Paytm Payments Services,"Kollam, Kerala",Other,0.0,,,False,5.0,https://www.adzuna.in/details/5769830561?utm_medium=api&utm_source=10d03a1b,9.01303,76.6143,"India, Kerala, Kollam"
Team leader - O&G Adjacent 2 - Kollam,Paytm Payments Services,"Kollam, Kerala",Other,0.0,,,False,5.0,https://www.adzuna.in/details/5798264191?utm_medium=api&utm_source=10d03a1b,9.01303,76.6143,"India, Kerala, Kollam"
Android Developer,Brainpan Innovations,"Kozhikode, Kerala",Other,0.0,,,False,5.0,https://www.adzuna.in/details/5015653229?utm_medium=api&utm_source=10d03a1b,11.16223,75.81366,"India, Kerala, Kozhikode"
Assistant Service Manager,Hirestar job Bank,"Kozhikode, Kerala",Other,0.0,,,False,5.0,https://www.adzuna.in/details/5653201435?utm_medium=api&utm_source=10d03a1b,11.2450558,75.7754716,"India, Kerala, Kozhikode"
Associate Account Manager,Wattlecorp Cybersecurity Labs,"Kozhikode, Kerala",Other,0.0,,,False,5.0,https://www.adzuna.in/details/5503836290?utm_medium=api&utm_source=10d03a1b,11.16223,75.81366,"India, Kerala, Kozhikode"
Associate Account Manager - Outbound,Wattlecorp Cybersecurity Labs,"Kozhikode, Kerala",Other,0.0,,,False,5.0,https://www.adzuna.in/details/5503836286?utm_medium=api&utm_source=10d03a1b,11.16223,75.81366,"India, Kerala, Kozhikode"
Branch Manager| Kozhikode,CSB Bank,"Kozhikode, Kerala",Other,0.0,,,False,5.0,https://www.adzuna.in/details/5310696099?utm_medium=api&utm_source=10d03a1b,11.16223,75.81366,"India, Kerala, Kozhikode"
Branch Operations Manager| Kozhikode,CSB Bank,"Kozhikode, Kerala",Other,0.0,,,False,5.0,https://www.adzuna.in/details/5725355494?utm_medium=api&utm_source=10d03a1b,11.16223,75.81366,"India, Kerala, Kozhikode"
Content Creator,HiLITE Group,"Kozhikode, Kerala",Other,0.0,,,False,5.0,https://www.adzuna.in/land/ad/5822659670?se=bLSAc3Sc8RGQor-L2zKR7A&utm_medium=api&utm_source=10d03a1b&v=384BC8149D40A11228B35BBCAA62FD027D82B842,11.16223,75.81366,"India, Kerala, Kozhikode"
Creative Copywriter,HiLITE Group,"Kozhikode, Kerala",Other,0.0,,,False,5.0,https://www.adzuna.in/land/ad/5822232680?se=bLSAc3Sc8RGQor-L2zKR7A&utm_medium=api&utm_source=10d03a1b&v=3DFD4D8EEE592E78CC772154EEE931D734C34DF0,11.16223,75.81366,"India, Kerala, Kozhikode"
Customer Relations Executive,Acaflix,"Kozhikode, Kerala",Other,0.0,,,False,5.0,https://www.adzuna.in/land/ad/5845683104?se=bLSAc3Sc8RGQor-L2zKR7A&utm_medium=api&utm_source=10d03a1b&v=63C869F781B3D81AD16567C61DE44F8EA6D18748,11.16223,75.81366,"India, Kerala, Kozhikode"
Front End Developer,,"Kozhikode, Kerala",Other,0.0,,,False,5.0,https://www.adzuna.in/details/4686702162?utm_medium=api&utm_source=10d03a1b,11.16223,75.81366,"India, Kerala, Kozhikode"
Full-Stack Developer,Apistride,"Koyilandi, Kozhikode",Other,0.0,,,False,5.0,https://www.adzuna.in/details/5846281345?utm_medium=api&utm_source=10d03a1b,11.20095,75.80415,"India, Kerala, Kozhikode, Koyilandi"
Fullstack Developer,Coddle Technologies,"Kozhikode, Kerala",Other,0.0,,,False,5.0,https://www.adzuna.in/details/2121631481?utm_medium=api&utm_source=10d03a1b,,,"India, Kerala, Kozhikode"
Gold Loan Officer| Kozhikode,CSB Bank,"Kozhikode, Kerala",Other,0.0,,,False,5.0,https://www.adzuna.in/details/5707401052?utm_medium=api&utm_source=10d03a1b,11.16223,75.81366,"India, Kerala, Kozhikode"
Hiring Branch Head for a leading Indian MNC Bank,talchemist consultancy,"Kozhikode, Kerala",Other,0.0,,,False,5.0,https://www.adzuna.in/details/1239763164?utm_medium=api&utm_source=10d03a1b,11.16223,75.81366,"India, Kerala, Kozhikode"
Laravel Developer - 1 Years Exp,Glaubetech Inventions Pvt Ltd,"Kozhikode, Kerala",Other,0.0,,,False,5.0,https://www.adzuna.in/details/4659076441?utm_medium=api&utm_source=10d03a1b,11.16223,75.81366,"India, Kerala, Kozhikode"
Lead Architect,Galaxy Builders,"Kozhikode, Kerala",Other,0.0,,,False,5.0,https://www.adzuna.in/land/ad/5845683483?se=bLSAc3Sc8RGQor-L2zKR7A&utm_medium=api&utm_source=10d03a1b&v=B0F91733C152876446DC7307097E9E66A3FF436D,11.16223,75.81366,"India, Kerala, Kozhikode"
MERN (Full Stack) Developer,ICohort Business Ventures Private Limited,"Kozhikode, Kerala",Other,0.0,,,False,5.0,https://www.adzuna.in/details/4862170189?utm_medium=api&utm_source=10d03a1b,11.16223,75.81366,"India, Kerala, Kozhikode"
PHP Developer,Trogon Media Pvt Ltd,"Kozhikode, Kerala",Other,0.0,,,False,5.0,https://www.adzuna.in/details/3815361623?utm_medium=api&utm_source=10d03a1b,11.16223,75.81366,"India, Kerala, Kozhikode"
Preferred Relationship Manager,Anand Rathi Share and Stock Brokers Ltd,"Kozhikode, Kerala",Other,0.0,,,False,5.0,https://www.adzuna.in/land/ad/5818747015?se=bLSAc3Sc8RGQor-L2zKR7A&utm_medium=api&utm_source=10d03a1b&v=CEA9332B3B3163CE081796A390F18DF9835BEBCF,11.16223,75.81366,"India, Kerala, Kozhikode"
Product Development Internship,ClientCue Business Solutions,"Kozhikode, Kerala",Other,0.0,,,False,5.0,https://www.adzuna.in/details/5448174056?utm_medium=api&utm_source=10d03a1b,11.16223,75.81366,"India, Kerala, Kozhikode"
Python/Odoo Developer Trainee,Cybrosys,"Kozhikode, Kerala",Other,0.0,,,False,5.0,https://www.adzuna.in/details/4801503827?utm_medium=api&utm_source=10d03a1b,11.16223,75.81366,"India, Kerala, Kozhikode"
Relationship Manager-CEQ-Sales-Kozhikode - City Mall (5th Floor)-M1-M3,Tata Capital,"Kozhikode, Kerala",Other,0.0,,,False,5.0,https://www.adzuna.in/details/4801594855?utm_medium=api&utm_source=10d03a1b,11.16223,75.81366,"India, Kerala, Kozhikode"
Sales Administrative Associate,Wattlecorp Cybersecurity Labs,"Kozhikode, Kerala",Other,0.0,,,False,5.0,https://www.adzuna.in/details/5503836357?utm_medium=api&utm_source=10d03a1b,11.16223,75.81366,"India, Kerala, Kozhikode"
Specialist – Pre-Sales (A2),Nucore Software Solutions,"Kozhikode, Kerala",Other,0.0,,,False,5.0,https://www.adzuna.in/land/ad/5840225940?se=bLSAc3Sc8RGQor-L2zKR7A&utm_medium=api&utm_source=10d03a1b&v=6913A88DE53D6ECADDCD4AC86950718338D1FD28,11.16223,75.81366,"India, Kerala, Kozhikode"
TSM/ASM,Hirestar job Bank,"Kozhikode, Kerala",Other,0.0,,,False,5.0,https://www.adzuna.in/details/5686790546?utm_medium=api&utm_source=10d03a1b,,,"India, Kerala, Kozhikode"
Technical Content Writer,wattlecorp cybersecurity labs,"Kozhikode, Kerala",Other,0.0,,,False,5.0,https://www.adzuna.in/details/4324798262?utm_medium=api&utm_source=10d03a1b,11.16223,75.81366,"India, Kerala, Kozhikode"
Technical Writer,Zennode Technologies,"Kozhikode, Kerala",Other,0.0,,,False,5.0,https://www.adzuna.in/details/4420550017?utm_medium=api&utm_source=10d03a1b,11.16223,75.81366,"India, Kerala, Kozhikode"
Urgent Opening | Sr. React Native Developer,AC INFOTECH,"Kozhikode, Kerala",Other,0.0,,,False,5.0,https://www.adzuna.in/details/2850994551?utm_medium=api&utm_source=10d03a1b,11.16223,75.81366,"India, Kerala, Kozhikode"
Videographer cum Video Editor,Zenfident HR Solutions,"Kozhikode, Kerala",Other,0.0,,,False,5.0,https://www.adzuna.in/details/5680028593?utm_medium=api&utm_source=10d03a1b,11.16223,75.81366,"India, Kerala, Kozhikode"
Wordpress Developer,Coddle Technologies,"Kozhikode, Kerala",Other,0.0,,,False,5.0,https://www.adzuna.in/details/2121631462?utm_medium=api&utm_source=10d03a1b,,,"India, Kerala, Kozhikode"
Zonal Head TPP - Branch Banking| Kozhikode,CSB Bank,"Kozhikode, Kerala",Other,0.0,,,False,5.0,https://www.adzuna.in/details/5595972855?utm_medium=api&utm_source=10d03a1b,11.16223,75.81366,"India, Kerala, Kozhikode"
Airline Ticketing Executive at Madurai Airport in Leading Airline.,Fronix Services,"Melur, Madurai",Other,0.0,,,False,5.0,https://www.adzuna.in/details/5845541890?utm_medium=api&utm_source=10d03a1b,9.9357,78.1158,"India, Tamil Nadu, Madurai, Melur"
BIM Architect,Smart Work Consultants,"Melur, Madurai",Other,0.0,,,False,5.0,https://www.adzuna.in/details/5817846815?utm_medium=api&utm_source=10d03a1b,9.91051,78.1158,"India, Tamil Nadu, Madurai, Melur"
Billing and Supply Staff — Paanai Eatery @ GKF Hospital,GKF,"Madurai South, Madurai",Other,0.0,,,False,5.0,https://www.adzuna.in/details/5837548571?utm_medium=api&utm_source=10d03a1b,9.91995,78.087,"India, Tamil Nadu, Madurai, Madurai South"
Business Developer,Uplogic Technologies Pvt ltd,"Madurai, Tamil Nadu",Other,0.0,,,False,5.0,https://www.adzuna.in/details/2115053128?utm_medium=api&utm_source=10d03a1b,9.91051,78.1158,"India, Tamil Nadu, Madurai"
Business Intelligence & Analytics Manager,Smart Work Consultants,"Melur, Madurai",Other,0.0,,,False,5.0,https://www.adzuna.in/details/5810415914?utm_medium=api&utm_source=10d03a1b,9.91051,78.1158,"India, Tamil Nadu, Madurai, Melur"
Customer Relationship Executive,Smart Work Consultants,"Melur, Madurai",Other,0.0,,,False,5.0,https://www.adzuna.in/details/5835453573?utm_medium=api&utm_source=10d03a1b,9.91051,78.1158,"India, Tamil Nadu, Madurai, Melur"
EDP Executive,Smart Work Consultants,"Melur, Madurai",Other,0.0,,,False,5.0,https://www.adzuna.in/details/5818315723?utm_medium=api&utm_source=10d03a1b,9.91051,78.1158,"India, Tamil Nadu, Madurai, Melur"
Electrician,GKF,"Madurai South, Madurai",Other,0.0,,,False,5.0,https://www.adzuna.in/details/5840603337?utm_medium=api&utm_source=10d03a1b,9.91995,78.087,"India, Tamil Nadu, Madurai, Madurai South"
Factory Manager - Garments,Smart Work Consultants,"Melur, Madurai",Other,0.0,,,False,5.0,https://www.adzuna.in/details/5835453569?utm_medium=api&utm_source=10d03a1b,9.91051,78.1158,"India, Tamil Nadu, Madurai, Melur"
Finance & Accounts Head,Smart Work Consultants,"Melur, Madurai",Other,0.0,,,False,5.0,https://www.adzuna.in/details/5812267009?utm_medium=api&utm_source=10d03a1b,9.91051,78.1158,"India, Tamil Nadu, Madurai, Melur"
Flutter Developer,M8 IT Solutions,"Madurai, Tamil Nadu",Other,0.0,,,False,5.0,https://www.adzuna.in/details/5451110566?utm_medium=api&utm_source=10d03a1b,9.91051,78.1158,"India, Tamil Nadu, Madurai"
HCL Hiring Fresher (2024/2026) Process associate _non-Voice process for Madurai Location Virtual interview drive on 29th July 2026_12:30 PM - 1:30 PM,HCLTech,"Madurai, Tamil Nadu",Other,0.0,,,False,5.0,https://www.adzuna.in/land/ad/5820963782?se=TpmqX3Sc8RGlrvMe-VN8Yg&utm_medium=api&utm_source=10d03a1b&v=F2BB828ACFB12059A31453BE9EE05FD40A2A1681,9.91051,78.1158,"India, Tamil Nadu, Madurai"
Head of School,The Indian Public School Globeducate India,"Madurai, Tamil Nadu",Other,0.0,,,False,5.0,https://www.adzuna.in/land/ad/5845682586?se=TpmqX3Sc8RGlrvMe-VN8Yg&utm_medium=api&utm_source=10d03a1b&v=6E82E915AB4BC90E4CAA6BE8C55BD9B10FCF4498,9.91051,78.1158,"India, Tamil Nadu, Madurai"
Hiring For Airport Ground Staff Executive Freshers,Fronix Services,"Melur, Madurai",Other,0.0,,,False,5.0,https://www.adzuna.in/details/5847087518?utm_medium=api&utm_source=10d03a1b,9.91051,78.1158,"India, Tamil Nadu, Madurai, Melur"
"IT, AI & Digital Media Executive",GKF,"Madurai South, Madurai",Other,0.0,,,False,5.0,https://www.adzuna.in/details/5836846671?utm_medium=api&utm_source=10d03a1b,9.91995,78.087,"India, Tamil Nadu, Madurai, Madurai South"
Junior Developer,,"Madurai, Tamil Nadu",Other,0.0,,,False,5.0,https://www.adzuna.in/details/4686702219?utm_medium=api&utm_source=10d03a1b,9.91051,78.1158,"India, Tamil Nadu, Madurai"
Key Account Manager,Biotech Healthcare,"Madurai, Tamil Nadu",Other,0.0,,,False,5.0,https://www.adzuna.in/land/ad/5801395771?se=TpmqX3Sc8RGlrvMe-VN8Yg&utm_medium=api&utm_source=10d03a1b&v=7D209C1CCA4AE5FEEC76DF86BB57EA216239ABF6,9.91051,78.1158,"India, Tamil Nadu, Madurai"
Production Manager Rubber products Manufacturing-Madurai,The Banyan HR Consults Chennai,"Madurai, Tamil Nadu",Other,0.0,,,False,5.0,https://www.adzuna.in/land/ad/5789116518?se=TpmqX3Sc8RGlrvMe-VN8Yg&utm_medium=api&utm_source=10d03a1b&v=16CBCEE601E4D1800FB6EDF44C54E111B25D0AE2,9.91051,78.1158,"India, Tamil Nadu, Madurai"
Production Supervisor,Smart Work Consultants,"Melur, Madurai",Other,0.0,,,False,5.0,https://www.adzuna.in/details/5818315724?utm_medium=api&utm_source=10d03a1b,9.91051,78.1158,"India, Tamil Nadu, Madurai, Melur"
Regional Manager - Theni,Nvron Life science Limited,"Peraiyur, Madurai",Other,0.0,,,False,5.0,https://www.adzuna.in/details/5828376094?utm_medium=api&utm_source=10d03a1b,10.0453,77.49195,"India, Tamil Nadu, Madurai, Peraiyur"
Sales Coordinator,Smart Work Consultants,"Melur, Madurai",Other,0.0,,,False,5.0,https://www.adzuna.in/details/5831925279?utm_medium=api&utm_source=10d03a1b,9.91051,78.1158,"India, Tamil Nadu, Madurai, Melur"
Sound-Box service - Troubleshooting/Replacement/Repair,Paytm,"Madurai, Tamil Nadu",Other,0.0,,,False,5.0,https://www.adzuna.in/details/4444041133?utm_medium=api&utm_source=10d03a1b,9.91051,78.1158,"India, Tamil Nadu, Madurai"
Technical Content Writer,IdeaLaunch Tech Solution,"Madurai, Tamil Nadu",Other,0.0,,,False,5.0,https://www.adzuna.in/details/5447911617?utm_medium=api&utm_source=10d03a1b,9.91051,78.1158,"India, Tamil Nadu, Madurai"
Wordpress Developer,IdeaLaunch Tech Solution,"Madurai, Tamil Nadu",Other,0.0,,,False,5.0,https://www.adzuna.in/details/5447911585?utm_medium=api&utm_source=10d03a1b,9.91051,78.1158,"India, Tamil Nadu, Madurai"
iOS Developer,Introvc,"Madurai, Tamil Nadu",Other,0.0,,,False,5.0,https://www.adzuna.in/details/3576196162?utm_medium=api&utm_source=10d03a1b,9.91051,78.1158,"India, Tamil Nadu, Madurai"
AI & ML Intern,LezDo TechMed Private Limited,"Omalur, Salem",Other,0.0,,,False,5.0,https://www.adzuna.in/details/5822617788?utm_medium=api&utm_source=10d03a1b,11.711,78.1292,"India, Tamil Nadu, Salem, Omalur"
Acquisition Manager-Sales-Sales,Kotak Mahindra Bank,"Salem, Tamil Nadu",Other,0.0,,,False,5.0,https://www.adzuna.in/details/5749673281?utm_medium=api&utm_source=10d03a1b,11.56305,77.99725,"India, Tamil Nadu, Salem"
Acquisition Manager-Sales-Sales,Kotak Mahindra Bank,"Sankari, Salem",Other,0.0,,,False,5.0,https://www.adzuna.in/details/5797378803?utm_medium=api&utm_source=10d03a1b,11.42595,77.9269,"India, Tamil Nadu, Salem, Sankari"
Area manager - Namakkal,Nvron Life science Limited,"Edappadi, Salem",Other,0.0,,,False,5.0,https://www.adzuna.in/details/5828376077?utm_medium=api&utm_source=10d03a1b,11.2204,78.17115,"India, Tamil Nadu, Salem, Edappadi"
Auto Branding Verification Executive- Salem,2coms,"Omalur, Salem",Other,0.0,,,False,5.0,https://www.adzuna.in/details/5822617784?utm_medium=api&utm_source=10d03a1b,11.6512,78.1453,"India, Tamil Nadu, Salem, Omalur"
Branch Manager - Salem,Nippon India Mutual Fund,"Salem, Tamil Nadu",Other,0.0,,,False,5.0,https://www.adzuna.in/details/5467668006?utm_medium=api&utm_source=10d03a1b,11.56305,77.99725,"India, Tamil Nadu, Salem"
Customer Relationship Officer| Salem,CSB Bank,"Salem, Tamil Nadu",Other,0.0,,,False,5.0,https://www.adzuna.in/details/5725372175?utm_medium=api&utm_source=10d03a1b,11.56305,77.99725,"India, Tamil Nadu, Salem"
Deputy Manager - GL RCU & Vigilance,Bajaj Finserv,"Salem, Tamil Nadu",Other,0.0,,,False,5.0,https://www.adzuna.in/details/5813701457?utm_medium=api&utm_source=10d03a1b,11.56305,77.99725,"India, Tamil Nadu, Salem"
Director of Development,Salem Academy Charter School,"Salem, Tamil Nadu",Other,0.0,,,False,5.0,https://www.adzuna.in/details/5412332465?utm_medium=api&utm_source=10d03a1b,11.56305,77.99725,"India, Tamil Nadu, Salem"
Facilities and Supplies Specialist,Frontier Dermatology,"Salem, Tamil Nadu",Other,0.0,,,False,5.0,https://www.adzuna.in/details/5788466433?utm_medium=api&utm_source=10d03a1b,11.56305,77.99725,"India, Tamil Nadu, Salem"
Immediate Openings For Certified ED Facility Coders @ Vee Healthtek,Vee Healthtek Private Limited,"Salem, Tamil Nadu",Other,0.0,,,False,5.0,https://www.adzuna.in/details/5804149625?utm_medium=api&utm_source=10d03a1b,11.56305,77.99725,"India, Tamil Nadu, Salem"
KRAFTFAHRER BETONMISCHFAHRZEUG/ STELLVERTR. MISCHMEISTER/MASCHINIST (M/W/D),Betonwerk Sa,"Salem, Tamil Nadu",Other,0.0,,,False,5.0,https://www.adzuna.in/details/5817333264?utm_medium=api&utm_source=10d03a1b,11.56305,77.99725,"India, Tamil Nadu, Salem"
Key Relationship Manager - Banca Channel,SkillLabs,"Omalur, Salem",Other,0.0,,,False,5.0,https://www.adzuna.in/details/5842099472?utm_medium=api&utm_source=10d03a1b,11.6512,78.1453,"India, Tamil Nadu, Salem, Omalur"
"PYP Coordinator needed in a School in Salem, Tamil Nadu - ( Job ID - 23909)",EducoHire,"Omalur, Salem",Other,0.0,,,False,5.0,https://www.adzuna.in/details/5828375192?utm_medium=api&utm_source=10d03a1b,11.7204,78.1678,"India, Tamil Nadu, Salem, Omalur"
Physical Therapy Assistant PRN (55319),Livingston Hospital,"Salem, Tamil Nadu",Other,0.0,,,False,5.0,https://www.adzuna.in/details/5752355253?utm_medium=api&utm_source=10d03a1b,11.56305,77.99725,"India, Tamil Nadu, Salem"
Relationship Manager,Altum Credo,"Salem, Tamil Nadu",Other,0.0,,,False,5.0,https://www.adzuna.in/details/5727273996?utm_medium=api&utm_source=10d03a1b,11.56305,77.99725,"India, Tamil Nadu, Salem"
Relationship Manager-CONSTRUCTION EQUIPMENT (CE)-Marketing Branches Operations,Kotak Mahindra Bank,"Salem, Tamil Nadu",Other,0.0,,,False,5.0,https://www.adzuna.in/details/5808484004?utm_medium=api&utm_source=10d03a1b,11.56305,77.99725,"India, Tamil Nadu, Salem"
Relationship Manager-Sales-Commercial Vehicle-Salem-Raja Towers-JM,Tata Capital,"Salem, Tamil Nadu",Other,0.0,,,False,5.0,https://www.adzuna.in/details/4801597912?utm_medium=api&utm_source=10d03a1b,11.56305,77.99725,"India, Tamil Nadu, Salem"
Relationship manager,kaldan soft,"Salem, Tamil Nadu",Other,0.0,,,False,5.0,https://www.adzuna.in/details/5313121412?utm_medium=api&utm_source=10d03a1b,11.56305,77.99725,"India, Tamil Nadu, Salem"
Reservations Host - Six Senses Fort Barwara,IHG Hotels & Resorts,"Salem, Tamil Nadu",Other,0.0,,,False,5.0,https://www.adzuna.in/details/5813701481?utm_medium=api&utm_source=10d03a1b,11.56305,77.99725,"India, Tamil Nadu, Salem"
Salem,btone FITNESS,"Salem, Tamil Nadu",Other,0.0,,,False,5.0,https://www.adzuna.in/details/5812518187?utm_medium=api&utm_source=10d03a1b,11.56305,77.99725,"India, Tamil Nadu, Salem"
Sales Director,Telth Healthcare Pvt Ltd,"Salem, Tamil Nadu",Other,0.0,,,False,5.0,https://www.adzuna.in/details/5590143346?utm_medium=api&utm_source=10d03a1b,11.56305,77.99725,"India, Tamil Nadu, Salem"
Special Education Paraprofessional,Salem Academy Charter School,"Salem, Tamil Nadu",Other,0.0,,,False,5.0,https://www.adzuna.in/details/5412312380?utm_medium=api&utm_source=10d03a1b,11.56305,77.99725,"India, Tamil Nadu, Salem"
Team Leader - Offline Merchants QR - Salem,Paytm Payments Services,"Salem, Tamil Nadu",Other,0.0,,,False,5.0,https://www.adzuna.in/details/5805326617?utm_medium=api&utm_source=10d03a1b,11.56305,77.99725,"India, Tamil Nadu, Salem"
Tele caller,Salem ss travel,"Salem, Tamil Nadu",Other,0.0,,,False,5.0,https://www.adzuna.in/land/ad/5671629224?se=IpgZZHSc8RGlrvMe-VN8Yg&utm_medium=api&utm_source=10d03a1b&v=AA8E5A56EB0CFC980A0FD0CF8F7348FFC450B1B6,11.56305,77.99725,"India, Tamil Nadu, Salem"
Territory Business Manager-SBE-Small Business Enterprise-Sales,Kotak Mahindra Bank,"Salem, Tamil Nadu",Other,0.0,,,False,5.0,https://www.adzuna.in/details/5801792868?utm_medium=api&utm_source=10d03a1b,11.56305,77.99725,"India, Tamil Nadu, Salem"
Territory Manager - Used Car Loans,SkillLabs,"Omalur, Salem",Other,0.0,,,False,5.0,https://www.adzuna.in/details/5847115537?utm_medium=api&utm_source=10d03a1b,11.6512,78.1453,"India, Tamil Nadu, Salem, Omalur"
WE ARE HIRING FEMALE TELECALLER,AdPost4U Classifieds,"Salem, Tamil Nadu",Other,0.0,,,False,5.0,https://www.adzuna.in/details/5812180169?utm_medium=api&utm_source=10d03a1b,11.56305,77.99725,"India, Tamil Nadu, Salem"
WE ARE HIRING FOR HOSPITAL RECEP,AdPost4U Classifieds,"Salem, Tamil Nadu",Other,0.0,,,False,5.0,https://www.adzuna.in/details/5811055034?utm_medium=api&utm_source=10d03a1b,11.56305,77.99725,"India, Tamil Nadu, Salem"
Area Manager,Policybazaar.com,"Thiruvananthapuram, Kerala",Other,0.0,,,False,5.0,https://www.adzuna.in/land/ad/5823898207?se=YAF-cXSc8RGQor-L2zKR7A&utm_medium=api&utm_source=10d03a1b&v=9EBD46555432A7B5912E25BF88052E5E56BD3B63,8.38159,77.0037,"India, Kerala, Thiruvananthapuram"
Assistant Manager,Paperchase Accountancy,"Trivandrum, Thiruvananthapuram",Other,0.0,,,False,5.0,https://www.adzuna.in/land/ad/5845683279?se=YAF-cXSc8RGQor-L2zKR7A&utm_medium=api&utm_source=10d03a1b&v=F2F9643DF2BA16CE98B92B51D9016E5E31EF1C9E,8.49239,76.93365,"India, Kerala, Thiruvananthapuram, Trivandrum"
Assistant Manager – Insurance Operations (Property & Casualty),Allianz Services,"Thiruvananthapuram, Kerala",Other,0.0,,,False,5.0,https://www.adzuna.in/land/ad/5823897162?se=YAF-cXSc8RGQor-L2zKR7A&utm_medium=api&utm_source=10d03a1b&v=0525FA049C2F4358E406890066A59BE2469DCF55,8.38159,77.0037,"India, Kerala, Thiruvananthapuram"
Associate – Product Support,VoiceStack,"Trivandrum, Thiruvananthapuram",Other,0.0,,,False,5.0,https://www.adzuna.in/land/ad/5814245534?se=YAF-cXSc8RGQor-L2zKR7A&utm_medium=api&utm_source=10d03a1b&v=AD683ED203526644DC8D25874737BC546BD22A28,8.49239,76.93365,"India, Kerala, Thiruvananthapuram, Trivandrum"
Automotive Technician,2coms,"Trivandrum, Thiruvananthapuram",Other,0.0,,,False,5.0,https://www.adzuna.in/details/5769486313?utm_medium=api&utm_source=10d03a1b,8.48925,76.95275,"India, Kerala, Thiruvananthapuram, Trivandrum"
Automotive Technician,2coms,"Trivandrum, Thiruvananthapuram",Other,0.0,,,False,5.0,https://www.adzuna.in/details/5769486292?utm_medium=api&utm_source=10d03a1b,8.48925,76.95275,"India, Kerala, Thiruvananthapuram, Trivandrum"
BPO-Associate(3 Months Contract),UST,"Thiruvananthapuram, Kerala",Other,0.0,,,False,5.0,https://www.adzuna.in/land/ad/5838134562?se=YAF-cXSc8RGQor-L2zKR7A&utm_medium=api&utm_source=10d03a1b&v=C27D61C16539C8016F80200F9B0496A53F1EDD3E,8.38159,77.0037,"India, Kerala, Thiruvananthapuram"
Business Manager -Sales and Design,Livspace,"Trivandrum, Thiruvananthapuram",Other,0.0,,,False,5.0,https://www.adzuna.in/land/ad/5838134019?se=YAF-cXSc8RGQor-L2zKR7A&utm_medium=api&utm_source=10d03a1b&v=EC7EC87D4F62653269C1F52E00BE9DAB591A4689,8.49239,76.93365,"India, Kerala, Thiruvananthapuram, Trivandrum"
Clinical Sales Specialist - Neuro Rehabilitation,Genrobotic Innovations Private Limited,"Thiruvananthapuram, Kerala",Other,0.0,,,False,5.0,https://www.adzuna.in/details/5739278047?utm_medium=api&utm_source=10d03a1b,8.38159,77.0037,"India, Kerala, Thiruvananthapuram"
Counselor - Cochin,2coms,"Trivandrum, Thiruvananthapuram",Other,0.0,,,False,5.0,https://www.adzuna.in/details/5821120644?utm_medium=api&utm_source=10d03a1b,8.46721,76.94,"India, Kerala, Thiruvananthapuram, Trivandrum"
Finance Controller,Adani Ports and SEZ,"Thiruvananthapuram, Kerala",Other,0.0,,,False,5.0,https://www.adzuna.in/land/ad/5833434924?se=YAF-cXSc8RGQor-L2zKR7A&utm_medium=api&utm_source=10d03a1b&v=D11CEFF748D4D7BEBCA3167A6000D06CEED7428B,8.38159,77.0037,"India, Kerala, Thiruvananthapuram"
Finance Intern (6-Month Internship),Genrobotic Innovations Private Limited,"Thiruvananthapuram, Kerala",Other,0.0,,,False,5.0,https://www.adzuna.in/details/5823130066?utm_medium=api&utm_source=10d03a1b,8.38159,77.0037,"India, Kerala, Thiruvananthapuram"
Full-Stack Tech Lead – AI Best Practices - Remote,McFadyen Digital,"Trivandrum, Thiruvananthapuram",Other,0.0,,,False,5.0,https://www.adzuna.in/details/5831647781?utm_medium=api&utm_source=10d03a1b,8.49239,76.93365,"India, Kerala, Thiruvananthapuram, Trivandrum"
Ground Staff Required in Thiruvananthapuram Airport,Fronix Services,"Trivandrum, Thiruvananthapuram",Other,0.0,,,False,5.0,https://www.adzuna.in/details/5847087495?utm_medium=api&utm_source=10d03a1b,8.48925,76.95275,"India, Kerala, Thiruvananthapuram, Trivandrum"
Junior Campus Outreach Executive – Field Sales & Admissions,LeadIAS Private Limited,"Thiruvananthapuram, Kerala",Other,0.0,,,False,5.0,https://www.adzuna.in/details/5837542512?utm_medium=api&utm_source=10d03a1b,8.38159,77.0037,"India, Kerala, Thiruvananthapuram"
Junior Drone Show Designer,Skyvertise,"Trivandrum, Thiruvananthapuram",Other,0.0,,,False,5.0,https://www.adzuna.in/land/ad/5802782489?se=YAF-cXSc8RGQor-L2zKR7A&utm_medium=api&utm_source=10d03a1b&v=88841E8E579841750E16729FDB347BD893163E3E,8.49239,76.93365,"India, Kerala, Thiruvananthapuram, Trivandrum"
Junior Project Manager (Job Location: Trivandrum),Reflections Info Systems,"Trivandrum, Thiruvananthapuram",Other,0.0,,,False,5.0,https://www.adzuna.in/land/ad/5818523666?se=YAF-cXSc8RGQor-L2zKR7A&utm_medium=api&utm_source=10d03a1b&v=1E7387643E11AD4CAC4614F17E70D95324DFEBFC,8.49239,76.93365,"India, Kerala, Thiruvananthapuram, Trivandrum"
Lead – Pre-Sales,Betterbeans Consultants Pvt Ltd,"Thiruvananthapuram, Kerala",Other,0.0,,,False,5.0,https://www.adzuna.in/land/ad/5812351005?se=YAF-cXSc8RGQor-L2zKR7A&utm_medium=api&utm_source=10d03a1b&v=2B69F1F861AAEB0FCBE77164B16C2ECC3216A99B,8.38159,77.0037,"India, Kerala, Thiruvananthapuram"
Mobiliser - Alleppy,2coms,"Trivandrum, Thiruvananthapuram",Other,0.0,,,False,5.0,https://www.adzuna.in/details/5821684844?utm_medium=api&utm_source=10d03a1b,8.46721,76.94,"India, Kerala, Thiruvananthapuram, Trivandrum"
Node JS Technical Lead,Tryzens Global,"Trivandrum, Thiruvananthapuram",Other,0.0,,,False,5.0,https://www.adzuna.in/details/5719264096?utm_medium=api&utm_source=10d03a1b,8.51757,76.9241,"India, Kerala, Thiruvananthapuram, Trivandrum"
Overseas Job Counselor,2coms,"Trivandrum, Thiruvananthapuram",Other,0.0,,,False,5.0,https://www.adzuna.in/details/5821120655?utm_medium=api&utm_source=10d03a1b,8.46721,76.94,"India, Kerala, Thiruvananthapuram, Trivandrum"
Overseas Job Counselor,2coms,"Trivandrum, Thiruvananthapuram",Other,0.0,,,False,5.0,https://www.adzuna.in/details/5821684886?utm_medium=api&utm_source=10d03a1b,8.46721,76.94,"India, Kerala, Thiruvananthapuram, Trivandrum"
PHP Developer-India Remote,RELQ TECHNOLOGIES LLC,"Trivandrum, Thiruvananthapuram",Other,0.0,,,False,5.0,https://www.adzuna.in/details/5838663067?utm_medium=api&utm_source=10d03a1b,8.54904,76.92725,"India, Kerala, Thiruvananthapuram, Trivandrum"
Power Apps Developer,Hirestar job Bank,"Trivandrum, Thiruvananthapuram",Other,0.0,,,False,5.0,https://www.adzuna.in/details/5684791461?utm_medium=api&utm_source=10d03a1b,8.49239,76.93365,"India, Kerala, Thiruvananthapuram, Trivandrum"
Project Management Officer,Muthoot Fincorp Ltd.,"Trivandrum, Thiruvananthapuram",Other,0.0,,,False,5.0,https://www.adzuna.in/land/ad/5823897712?se=YAF-cXSc8RGQor-L2zKR7A&utm_medium=api&utm_source=10d03a1b&v=5AC19E1B6CA4ED3018504ABA209594685A4908A0,8.49239,76.93365,"India, Kerala, Thiruvananthapuram, Trivandrum"
React Js Developer,,"Thiruvananthapuram, Kerala",Other,0.0,,,False,5.0,https://www.adzuna.in/details/4686701443?utm_medium=api&utm_source=10d03a1b,8.38159,77.0037,"India, Kerala, Thiruvananthapuram"
Senior Project Manager,Velodata Global Pvt Ltd,"Thiruvananthapuram, Kerala",Other,0.0,,,False,5.0,https://www.adzuna.in/land/ad/5840224656?se=YAF-cXSc8RGQor-L2zKR7A&utm_medium=api&utm_source=10d03a1b&v=D960C384221B3E5A652CEA5EE2CD0AD4AB1CC15C,8.38159,77.0037,"India, Kerala, Thiruvananthapuram"
Shopify Senior Developer,Tryzens Global,"Trivandrum, Thiruvananthapuram",Other,0.0,,,False,5.0,https://www.adzuna.in/details/5708096927?utm_medium=api&utm_source=10d03a1b,8.51757,76.9241,"India, Kerala, Thiruvananthapuram, Trivandrum"
System Support Associate,Vensure Employer Solutions,"Thiruvananthapuram, Kerala",Other,0.0,,,False,5.0,https://www.adzuna.in/land/ad/5841755613?se=YAF-cXSc8RGQor-L2zKR7A&utm_medium=api&utm_source=10d03a1b&v=E47455A362E2515F2EFA6CABFC39FDCE08CAE888,8.38159,77.0037,"India, Kerala, Thiruvananthapuram"
US Payroll Manager,VensureHCM,"Thiruvananthapuram, Kerala",Other,0.0,,,False,5.0,https://www.adzuna.in/land/ad/5829374029?se=YAF-cXSc8RGQor-L2zKR7A&utm_medium=api&utm_source=10d03a1b&v=AAADDB033386937BC9C6B6CBB099FAB173CD10F2,8.38159,77.0037,"India, Kerala, Thiruvananthapuram"
US Payroll Manager,PrismHR,"Trivandrum, Thiruvananthapuram",Other,0.0,,,False,5.0,https://www.adzuna.in/details/5733270240?utm_medium=api&utm_source=10d03a1b,8.70012,76.84125,"India, Kerala, Thiruvananthapuram, Trivandrum"
Accounts & Audit Executive,Smart Work Consultants,"Thottiam, Tiruchirappalli",Other,0.0,,,False,5.0,https://www.adzuna.in/details/5767360880?utm_medium=api&utm_source=10d03a1b,10.96075,78.0801,"India, Tamil Nadu, Tiruchirappalli, Thottiam"
Associate - Developer,VDart Software Services Pvt. Ltd.,"Srirangam, Tiruchirappalli",Other,0.0,,,False,5.0,https://www.adzuna.in/details/5842095029?utm_medium=api&utm_source=10d03a1b,10.80595,78.69665,"India, Tamil Nadu, Tiruchirappalli, Srirangam"
Audit Executive - IC&Q - MFB - Madurai - Thiruparakundram - J Grades,Tata Capital,"Tiruchirappalli, Tamil Nadu",Other,0.0,,,False,5.0,https://www.adzuna.in/details/4801494186?utm_medium=api&utm_source=10d03a1b,10.8091,78.66775,"India, Tamil Nadu, Tiruchirappalli"
Branch Manager - Retail MFB - Sales - Tiruchirappalli - GVR Complex - J Grades,Tata Capital,"Tiruchirappalli, Tamil Nadu",Other,0.0,,,False,5.0,https://www.adzuna.in/details/5280027181?utm_medium=api&utm_source=10d03a1b,10.8091,78.66775,"India, Tamil Nadu, Tiruchirappalli"
Client Handling Executive,Sisco Jobs,"Srirangam, Tiruchirappalli",Other,0.0,,,False,5.0,https://www.adzuna.in/details/5833752729?utm_medium=api&utm_source=10d03a1b,10.80595,78.69665,"India, Tamil Nadu, Tiruchirappalli, Srirangam"
Cluster Relationship Manager - Government Business & TASC| Tiruchirappalli,CSB Bank,"Tiruchirappalli, Tamil Nadu",Other,0.0,,,False,5.0,https://www.adzuna.in/details/5533859174?utm_medium=api&utm_source=10d03a1b,10.8091,78.66775,"India, Tamil Nadu, Tiruchirappalli"
Fashion Assistant,Hunarstreet Technologies Pvt Ltd,"Trichy, Tiruchirappalli",Other,0.0,,,False,5.0,https://www.adzuna.in/details/5425656201?utm_medium=api&utm_source=10d03a1b,10.9256,78.78335,"India, Tamil Nadu, Tiruchirappalli, Trichy"
Gold Loan Officer| Tiruchirappalli,CSB Bank,"Tiruchirappalli, Tamil Nadu",Other,0.0,,,False,5.0,https://www.adzuna.in/details/5310701922?utm_medium=api&utm_source=10d03a1b,10.8091,78.66775,"India, Tamil Nadu, Tiruchirappalli"
Head of Quality Control,The Sanmar Group,"Tiruchirappalli, Tamil Nadu",Other,0.0,,,False,5.0,https://www.adzuna.in/land/ad/5822233211?se=_p4-ZnSc8RGQor-L2zKR7A&utm_medium=api&utm_source=10d03a1b&v=5151B3B7C4BDFB9D902FC9F91376D077239572D6,10.8091,78.66775,"India, Tamil Nadu, Tiruchirappalli"
IOS Developer,,"Tiruchirappalli, Tamil Nadu",Other,0.0,,,False,5.0,https://www.adzuna.in/details/4686704863?utm_medium=api&utm_source=10d03a1b,10.8091,78.66775,"India, Tamil Nadu, Tiruchirappalli"
Loan Officer - Retail MFB - Sales - Alangudi - Gandhi Road - J Grades,Tata Capital,"Tiruchirappalli, Tamil Nadu",Other,0.0,,,False,5.0,https://www.adzuna.in/details/5231412800?utm_medium=api&utm_source=10d03a1b,10.8091,78.66775,"India, Tamil Nadu, Tiruchirappalli"
Loan Officer - Retail MFB - Sales - Illuppur - Guru Complex - J Grades,Tata Capital,"Tiruchirappalli, Tamil Nadu",Other,0.0,,,False,5.0,https://www.adzuna.in/details/5231416343?utm_medium=api&utm_source=10d03a1b,10.8091,78.66775,"India, Tamil Nadu, Tiruchirappalli"
Loan Officer - Retail MFB - Sales - Lalgudi - Balaji Complex - J Grades,Tata Capital,"Tiruchirappalli, Tamil Nadu",Other,0.0,,,False,5.0,https://www.adzuna.in/details/5231416819?utm_medium=api&utm_source=10d03a1b,10.8091,78.66775,"India, Tamil Nadu, Tiruchirappalli"
Loan Officer - Retail MFB - Sales - Manapparai - AMC Complex - J Grades,Tata Capital,"Tiruchirappalli, Tamil Nadu",Other,0.0,,,False,5.0,https://www.adzuna.in/details/5231410329?utm_medium=api&utm_source=10d03a1b,10.8091,78.66775,"India, Tamil Nadu, Tiruchirappalli"
Loan Officer - Retail MFB - Sales - Mannargudi - Asiriyar - J Grades,Tata Capital,"Tiruchirappalli, Tamil Nadu",Other,0.0,,,False,5.0,https://www.adzuna.in/details/5231411661?utm_medium=api&utm_source=10d03a1b,10.8091,78.66775,"India, Tamil Nadu, Tiruchirappalli"
Loan Officer - Retail MFB - Sales - Nagapattinam - South Perumal Street - J Grades,Tata Capital,"Tiruchirappalli, Tamil Nadu",Other,0.0,,,False,5.0,https://www.adzuna.in/details/5231411687?utm_medium=api&utm_source=10d03a1b,10.8091,78.66775,"India, Tamil Nadu, Tiruchirappalli"
Loan Officer - Retail MFB - Sales - Pudukkottai - Aranthangi - J Grades,Tata Capital,"Tiruchirappalli, Tamil Nadu",Other,0.0,,,False,5.0,https://www.adzuna.in/details/5231408521?utm_medium=api&utm_source=10d03a1b,10.8091,78.66775,"India, Tamil Nadu, Tiruchirappalli"
Loan Officer - Retail MFB - Sales - Thanjavur - Pattukkottai - J Grades,Tata Capital,"Tiruchirappalli, Tamil Nadu",Other,0.0,,,False,5.0,https://www.adzuna.in/details/5231407444?utm_medium=api&utm_source=10d03a1b,10.8091,78.66775,"India, Tamil Nadu, Tiruchirappalli"
Loan Officer - Retail MFB - Sales - Tiruchirappalli - Somarasampettai - J Grades,Tata Capital,"Tiruchirappalli, Tamil Nadu",Other,0.0,,,False,5.0,https://www.adzuna.in/details/5231409978?utm_medium=api&utm_source=10d03a1b,10.8091,78.66775,"India, Tamil Nadu, Tiruchirappalli"
Loan Officer - Retail MFB - Sales - Vedaranyam - Siva Sakthi Complex - J Grades,Tata Capital,"Tiruchirappalli, Tamil Nadu",Other,0.0,,,False,5.0,https://www.adzuna.in/details/5231411730?utm_medium=api&utm_source=10d03a1b,10.8091,78.66775,"India, Tamil Nadu, Tiruchirappalli"
Mobility Sales Lead,Jio,"Tiruchirappalli, Tamil Nadu",Other,0.0,,,False,5.0,https://www.adzuna.in/land/ad/5833435150?se=_p4-ZnSc8RGQor-L2zKR7A&utm_medium=api&utm_source=10d03a1b&v=EC067DE3B461A8BE8852BCBE542C37A8D4BDFC97,10.8091,78.66775,"India, Tamil Nadu, Tiruchirappalli"
PHP DEVELOPER,INFOVENZ SOFTWARE SOLUTION,"Tiruchirappalli, Tamil Nadu",Other,0.0,,,False,5.0,https://www.adzuna.in/details/3029274180?utm_medium=api&utm_source=10d03a1b,10.8091,78.66775,"India, Tamil Nadu, Tiruchirappalli"
"PYP Coordinator needed in a School in Trichy, Tamil Nadu - ( Job ID - 23908)",EducoHire,"Srirangam, Tiruchirappalli",Other,0.0,,,False,5.0,https://www.adzuna.in/details/5828375183?utm_medium=api&utm_source=10d03a1b,10.77455,78.67095,"India, Tamil Nadu, Tiruchirappalli, Srirangam"
Product Coordinator - Microfinance Business - Tiruchirappalli - Ram Arcade - J-Grades,Tata Capital,"Tiruchirappalli, Tamil Nadu",Other,0.0,,,False,5.0,https://www.adzuna.in/details/4801492790?utm_medium=api&utm_source=10d03a1b,10.8091,78.66775,"India, Tamil Nadu, Tiruchirappalli"
Quality Executive - MFB - Tiruchirappalli - Ram Arcade - J Grades,Tata Capital,"Tiruchirappalli, Tamil Nadu",Other,0.0,,,False,5.0,https://www.adzuna.in/details/4801532105?utm_medium=api&utm_source=10d03a1b,10.8091,78.66775,"India, Tamil Nadu, Tiruchirappalli"
RCF Expert - Thoothukudi,Dalmia Bharat Group,"Trichy, Tiruchirappalli",Other,0.0,,,False,5.0,https://www.adzuna.in/details/4801439910?utm_medium=api&utm_source=10d03a1b,10.9256,78.78335,"India, Tamil Nadu, Tiruchirappalli, Trichy"
Relationship Manager,,"Tiruchirappalli, Tamil Nadu",Other,0.0,,,False,5.0,https://www.adzuna.in/details/4686700552?utm_medium=api&utm_source=10d03a1b,10.8091,78.66775,"India, Tamil Nadu, Tiruchirappalli"
Relationship Manager - Emerging Corporate - Sales -Tiruchirappalli - Ram Arcade- JM,Tata Capital,"Tiruchirappalli, Tamil Nadu",Other,0.0,,,False,5.0,https://www.adzuna.in/details/4801519348?utm_medium=api&utm_source=10d03a1b,10.8091,78.66775,"India, Tamil Nadu, Tiruchirappalli"
Sales and Marketing,Intulogic private Limited,"Trichy, Tiruchirappalli",Other,0.0,,,False,5.0,https://www.adzuna.in/details/3858467873?utm_medium=api&utm_source=10d03a1b,10.9256,78.78335,"India, Tamil Nadu, Tiruchirappalli, Trichy"
Store In Charge,Sisco Jobs,"Srirangam, Tiruchirappalli",Other,0.0,,,False,5.0,https://www.adzuna.in/details/5817452579?utm_medium=api&utm_source=10d03a1b,10.80595,78.69665,"India, Tamil Nadu, Tiruchirappalli, Srirangam"
Supplier manager,Orangedolly,"Tiruchirappalli, Tamil Nadu",Other,0.0,,,False,5.0,https://www.adzuna.in/details/1155089303?utm_medium=api&utm_source=10d03a1b,10.8091,78.66775,"India, Tamil Nadu, Tiruchirappalli"
Weaving Production Planning,Smart Work Consultants,"Thottiam, Tiruchirappalli",Other,0.0,,,False,5.0,https://www.adzuna.in/details/5847766817?utm_medium=api&utm_source=10d03a1b,10.96075,78.0801,"India, Tamil Nadu, Tiruchirappalli, Thottiam"
Acquisition Manager-Sales-Sales,Kotak Mahindra Bank,"Tirunelveli, Tamil Nadu",Other,0.0,,,False,5.0,https://www.adzuna.in/details/5835741490?utm_medium=api&utm_source=10d03a1b,8.7256,77.69625,"India, Tamil Nadu, Tirunelveli"
Area Manager,Apollo Tyres,"Tirunelveli, Tamil Nadu",Other,0.0,,,False,5.0,https://www.adzuna.in/details/5819865956?utm_medium=api&utm_source=10d03a1b,8.7256,77.69625,"India, Tamil Nadu, Tirunelveli"
Area Manager - Tirunelveli,Fishmanhealthcare,"Palayankottai, Tirunelveli",Other,0.0,,,False,5.0,https://www.adzuna.in/details/5842393111?utm_medium=api&utm_source=10d03a1b,8.7256,77.69625,"India, Tamil Nadu, Tirunelveli, Palayankottai"
Area Manager -Tenkasi,Fishmanhealthcare,"Tenkasi, Tirunelveli",Other,0.0,,,False,5.0,https://www.adzuna.in/details/5842393112?utm_medium=api&utm_source=10d03a1b,8.94277,77.31025,"India, Tamil Nadu, Tirunelveli, Tenkasi"
BIM Modeler,Jersey Engineering Solutions Pvt Ltd,"Tirunelveli, Tamil Nadu",Other,0.0,,,False,5.0,https://www.adzuna.in/land/ad/5845828834?se=mA8yaHSc8RGqn_jkSy3S8Q&utm_medium=api&utm_source=10d03a1b&v=A6DC8EEDD7C978E9BF39C475EF6DB50735FDD9AF,8.7256,77.69625,"India, Tamil Nadu, Tirunelveli"
Back End Developer,Mediknit Private Limited,"Tirunelveli, Tamil Nadu",Other,0.0,,,False,5.0,https://www.adzuna.in/details/2974404092?utm_medium=api&utm_source=10d03a1b,8.7256,77.69625,"India, Tamil Nadu, Tirunelveli"
Branch Manager| Radhapuram,CSB Bank,"Radhapuram, Tirunelveli",Other,0.0,,,False,5.0,https://www.adzuna.in/details/5716199452?utm_medium=api&utm_source=10d03a1b,8.78541,77.64205,"India, Tamil Nadu, Tirunelveli, Radhapuram"
Branch Manager| Tirunelveli,CSB Bank,"Tirunelveli, Tamil Nadu",Other,0.0,,,False,5.0,https://www.adzuna.in/details/5535035922?utm_medium=api&utm_source=10d03a1b,8.7256,77.69625,"India, Tamil Nadu, Tirunelveli"
Company Trainee,TP Solar Limited,"Tirunelveli, Tamil Nadu",Other,0.0,,,False,5.0,https://www.adzuna.in/details/4445061583?utm_medium=api&utm_source=10d03a1b,8.7256,77.69625,"India, Tamil Nadu, Tirunelveli"
Content Marketing - Social Media,Smart Work Consultants,"Palayankottai, Tirunelveli",Other,0.0,,,False,5.0,https://www.adzuna.in/details/5817846809?utm_medium=api&utm_source=10d03a1b,8.7256,77.69625,"India, Tamil Nadu, Tirunelveli, Palayankottai"
Draftsman,Smart Work Consultants,"Palayankottai, Tirunelveli",Other,0.0,,,False,5.0,https://www.adzuna.in/details/5804952105?utm_medium=api&utm_source=10d03a1b,8.7256,77.69625,"India, Tamil Nadu, Tirunelveli, Palayankottai"
Gold Loan Officer| Tirunelveli,CSB Bank,"Tirunelveli, Tamil Nadu",Other,0.0,,,False,5.0,https://www.adzuna.in/details/5534870548?utm_medium=api&utm_source=10d03a1b,8.7256,77.69625,"India, Tamil Nadu, Tirunelveli"
Gold Loan Relationship Officer-LOANS AGAINST GOLD-Marketing Branches Operations,Kotak Mahindra Bank,"Tirunelveli, Tamil Nadu",Other,0.0,,,False,5.0,https://www.adzuna.in/details/5717273123?utm_medium=api&utm_source=10d03a1b,8.7256,77.69625,"India, Tamil Nadu, Tirunelveli"
Grinder Macine Operator,,"Tirunelveli, Tamil Nadu",Other,0.0,,,False,5.0,https://www.adzuna.in/details/4686701174?utm_medium=api&utm_source=10d03a1b,8.7256,77.69625,"India, Tamil Nadu, Tirunelveli"
Hypermarket Manager - Tirunelveli,Reliance Retail,"Tirunelveli, Tamil Nadu",Other,0.0,,,False,5.0,https://www.adzuna.in/details/5744026744?utm_medium=api&utm_source=10d03a1b,8.7256,77.69625,"India, Tamil Nadu, Tirunelveli"
IN_RBIN_Plant HSE Lead,Bosch Group,"Tirunelveli, Tamil Nadu",Other,0.0,,,False,5.0,https://www.adzuna.in/details/5822377444?utm_medium=api&utm_source=10d03a1b,8.7256,77.69625,"India, Tamil Nadu, Tirunelveli"
Junior Process Analyst,Chaosology Technologies Private Limited,"Palayankottai, Tirunelveli",Other,0.0,,,False,5.0,https://www.adzuna.in/details/5840574751?utm_medium=api&utm_source=10d03a1b,8.7256,77.69625,"India, Tamil Nadu, Tirunelveli, Palayankottai"
Piano Instructor (Male),Chaosology Technologies Private Limited,"Palayankottai, Tirunelveli",Other,0.0,,,False,5.0,https://www.adzuna.in/details/5831924986?utm_medium=api&utm_source=10d03a1b,8.7256,77.69625,"India, Tamil Nadu, Tirunelveli, Palayankottai"
RCF Expert - Tirunelveli,Dalmia Bharat Group,"Tirunelveli, Tamil Nadu",Other,0.0,,,False,5.0,https://www.adzuna.in/details/4801616980?utm_medium=api&utm_source=10d03a1b,8.7256,77.69625,"India, Tamil Nadu, Tirunelveli"
Regional Manager - Tirunelveli,Veerix Biotech,"Palayankottai, Tirunelveli",Other,0.0,,,False,5.0,https://www.adzuna.in/details/5843890077?utm_medium=api&utm_source=10d03a1b,8.7256,77.69625,"India, Tamil Nadu, Tirunelveli, Palayankottai"
Relationship Manager - FI & Agriculture| Tirunelveli,CSB Bank,"Tirunelveli, Tamil Nadu",Other,0.0,,,False,5.0,https://www.adzuna.in/details/5535017060?utm_medium=api&utm_source=10d03a1b,8.7256,77.69625,"India, Tamil Nadu, Tirunelveli"
Sales Supervisor,Chaosology Technologies Private Limited,"Palayankottai, Tirunelveli",Other,0.0,,,False,5.0,https://www.adzuna.in/details/5847084479?utm_medium=api&utm_source=10d03a1b,8.74448,77.64205,"India, Tamil Nadu, Tirunelveli, Palayankottai"
Sales and Marketing Officer,Elookads,"Tenkasi, Tirunelveli",Other,0.0,,,False,5.0,https://www.adzuna.in/details/1892747754?utm_medium=api&utm_source=10d03a1b,8.95222,77.2464,"India, Tamil Nadu, Tirunelveli, Tenkasi"
Team Leader - O&G Adjacent 1 - Tirunelveli,Paytm Payments Services,"Tirunelveli, Tamil Nadu",Other,0.0,,,False,5.0,https://www.adzuna.in/details/5768626802?utm_medium=api&utm_source=10d03a1b,8.7256,77.69625,"India, Tamil Nadu, Tirunelveli"
Team Leader - O&G Adjacent 2 - Tirunelveli,Paytm Payments Services,"Tirunelveli, Tamil Nadu",Other,0.0,,,False,5.0,https://www.adzuna.in/details/5736754658?utm_medium=api&utm_source=10d03a1b,8.7256,77.69625,"India, Tamil Nadu, Tirunelveli"
Team Member - Gold Loans| Tirunelveli,CSB Bank,"Tirunelveli, Tamil Nadu",Other,0.0,,,False,5.0,https://www.adzuna.in/details/5825759914?utm_medium=api&utm_source=10d03a1b,8.7256,77.69625,"India, Tamil Nadu, Tirunelveli"
Territory Account Manager,Johnson & Johnson,"Tirunelveli, Tamil Nadu",Other,0.0,,,False,5.0,https://www.adzuna.in/details/5848338906?utm_medium=api&utm_source=10d03a1b,8.7256,77.69625,"India, Tamil Nadu, Tirunelveli"
Transformation partner,Hire Xpert,"Tirunelveli, Tamil Nadu",Other,0.0,,,False,5.0,https://www.adzuna.in/details/5756717695?utm_medium=api&utm_source=10d03a1b,8.7256,77.69625,"India, Tamil Nadu, Tirunelveli"
3 Roller Hydraulic Plate Bending Machine Manufacturers In Vellore,Inforce Engineering,"Vellore, Tamil Nadu",Other,0.0,,,False,5.0,https://www.adzuna.in/details/5823803142?utm_medium=api&utm_source=10d03a1b,12.93975,79.3664,"India, Tamil Nadu, Vellore"
Backend  Agentic Architect,People Prime Worldwide,"Vellore, Tamil Nadu",Other,0.0,,,False,5.0,https://www.adzuna.in/details/5847067233?utm_medium=api&utm_source=10d03a1b,12.93975,79.3664,"India, Tamil Nadu, Vellore"
Cluster Relationship Manager - Government Business & TASC| Vellore,CSB Bank,"Vellore, Tamil Nadu",Other,0.0,,,False,5.0,https://www.adzuna.in/details/5533681499?utm_medium=api&utm_source=10d03a1b,12.93975,79.3664,"India, Tamil Nadu, Vellore"
Collection Manager - Team Lead- Lending Collections,Paytm,"Vellore, Tamil Nadu",Other,0.0,,,False,5.0,https://www.adzuna.in/details/5779392787?utm_medium=api&utm_source=10d03a1b,12.93975,79.3664,"India, Tamil Nadu, Vellore"
Content Developer,,"Vellore, Tamil Nadu",Other,0.0,,,False,5.0,https://www.adzuna.in/details/4686701358?utm_medium=api&utm_source=10d03a1b,12.93975,79.3664,"India, Tamil Nadu, Vellore"
Customer Relationship Officer| Vellore,CSB Bank,"Vellore, Tamil Nadu",Other,0.0,,,False,5.0,https://www.adzuna.in/details/5541089814?utm_medium=api&utm_source=10d03a1b,12.93975,79.3664,"India, Tamil Nadu, Vellore"
Deputy Manager - SME MICRO BLSE,Bajaj Finserv,"Vellore, Tamil Nadu",Other,0.0,,,False,5.0,https://www.adzuna.in/details/5819664894?utm_medium=api&utm_source=10d03a1b,12.93975,79.3664,"India, Tamil Nadu, Vellore"
Gold Loan Officer| Vellore,CSB Bank,"Vellore, Tamil Nadu",Other,0.0,,,False,5.0,https://www.adzuna.in/details/4951654656?utm_medium=api&utm_source=10d03a1b,12.93975,79.3664,"India, Tamil Nadu, Vellore"
Officer – Programme Delivery-HARIPRIYA,JOBS n TA HR Services,"Vellore, Tamil Nadu",Other,0.0,,,False,5.0,https://www.adzuna.in/details/5640780810?utm_medium=api&utm_source=10d03a1b,12.93975,79.3664,"India, Tamil Nadu, Vellore"
PHP Developer,Colan Infotech,"Vellore, Tamil Nadu",Other,0.0,,,False,5.0,https://www.adzuna.in/details/5817921697?utm_medium=api&utm_source=10d03a1b,12.93975,79.3664,"India, Tamil Nadu, Vellore"
Relationship Manager-COMMERCIAL VEHICLE-Marketing Branches Operations,Kotak Mahindra Bank,"Vellore, Tamil Nadu",Other,0.0,,,False,5.0,https://www.adzuna.in/details/5834744519?utm_medium=api&utm_source=10d03a1b,12.93975,79.3664,"India, Tamil Nadu, Vellore"
Relationship Officer-811-Digital Banking Kotak 811-Sales,Kotak Mahindra Bank,"Vellore, Tamil Nadu",Other,0.0,,,False,5.0,https://www.adzuna.in/details/5709667540?utm_medium=api&utm_source=10d03a1b,12.93975,79.3664,"India, Tamil Nadu, Vellore"
Senior Executive - Debt Management Services - Consumer,Bajaj Finserv,"Vellore, Tamil Nadu",Other,0.0,,,False,5.0,https://www.adzuna.in/details/5813701404?utm_medium=api&utm_source=10d03a1b,12.93975,79.3664,"India, Tamil Nadu, Vellore"
SnapLogic Developer,People Prime Worldwide,"Vellore, Tamil Nadu",Other,0.0,,,False,5.0,https://www.adzuna.in/details/5846549800?utm_medium=api&utm_source=10d03a1b,12.93975,79.3664,"India, Tamil Nadu, Vellore"
Team Leader - O&G Adj 4 - Vellore,Paytm Payments Services,"Vellore, Tamil Nadu",Other,0.0,,,False,5.0,https://www.adzuna.in/details/5768542221?utm_medium=api&utm_source=10d03a1b,12.93975,79.3664,"India, Tamil Nadu, Vellore"
Team Leader - Railway Transit - Vellore,Paytm Payments Services,"Vellore, Tamil Nadu",Other,0.0,,,False,5.0,https://www.adzuna.in/details/5848369665?utm_medium=api&utm_source=10d03a1b,12.93975,79.3664,"India, Tamil Nadu, Vellore"
Telecaller Executive,,"Vellore, Tamil Nadu",Other,0.0,,,False,5.0,https://www.adzuna.in/details/4686702656?utm_medium=api&utm_source=10d03a1b,12.93975,79.3664,"India, Tamil Nadu, Vellore"
Territory Manager - Rural Mass Retail,airtel,"Vellore, Tamil Nadu",Other,0.0,,,False,5.0,https://www.adzuna.in/details/5830315810?utm_medium=api&utm_source=10d03a1b,12.93975,79.3664,"India, Tamil Nadu, Vellore"
Field Services Engineer,Yield Engineering Systems,"Coimbatore, Tamil Nadu",Engineer,9.09,diagnosis,,False,4.54,https://www.adzuna.in/land/ad/5834882906?se=OO_RYXSc8RGqn_jkSy3S8Q&utm_medium=api&utm_source=10d03a1b&v=4DB009FC4B98A8A527BB718FBC00646FFFC6AF96,11.017171,77.100203,"India, Tamil Nadu, Coimbatore"
Marketing Executive (Medical Representative),Tablets India,"Salem, Tamil Nadu",Marketing Professional,9.09,doctor,,False,4.54,https://www.adzuna.in/details/5797506905?utm_medium=api&utm_source=10d03a1b,11.56305,77.99725,"India, Tamil Nadu, Salem"
Homecare Nurse,2coms,"Trivandrum, Thiruvananthapuram",Nurse,9.09,doctor,"patient care, nursing, communication",False,4.54,https://www.adzuna.in/details/5446778881?utm_medium=api&utm_source=10d03a1b,8.46721,76.94,"India, Kerala, Thiruvananthapuram, Trivandrum"
Medical Sales Representative,Pfizer,"Trivandrum, Thiruvananthapuram",Sales Professional,9.09,doctor,"sales, communication, business development",False,4.54,https://www.adzuna.in/land/ad/5822232532?se=YAF-cXSc8RGQor-L2zKR7A&utm_medium=api&utm_source=10d03a1b&v=B0BC1E4FB63B7C5877E41C4E8AB1EC8E638EAFB2,8.49239,76.93365,"India, Kerala, Thiruvananthapuram, Trivandrum"
Account Executive,TrueFoundry,"Bangalore, Karnataka",Sales Professional,0.0,,"sales, communication, business development",False,0.0,https://www.adzuna.in/land/ad/5820963869?se=9FyUa3Sc8RGvGrvTGRxIcA&utm_medium=api&utm_source=10d03a1b&v=3E07C0569E61517E30CC87B6A9224BD82AC99604,,,"India, Karnataka, Bangalore"
Accounts Payable,MSI Services Pvt Ltd,"Bangalore, Karnataka",Finance / Accounting,0.0,,"excel, accounting, documentation",False,0.0,https://www.adzuna.in/land/ad/5831966402?se=9FyUa3Sc8RGvGrvTGRxIcA&utm_medium=api&utm_source=10d03a1b&v=C6E0B98A50C6AF0EAFAFBCA35EBF55422651EE35,,,"India, Karnataka, Bangalore"
"Analyst II, HRBP",Kraft Heinz,"Bangalore, Karnataka",HR Professional,0.0,,,False,0.0,https://www.adzuna.in/land/ad/5820906243?se=9FyUa3Sc8RGvGrvTGRxIcA&utm_medium=api&utm_source=10d03a1b&v=A6A9C8ADBACB7902D87F5DD714080FE206935060,12.95703,77.59837,"India, Karnataka, Bangalore"
Business Development Executive,RAC IT Solutions,"Bangalore, Karnataka",Sales Professional,0.0,,"sales, communication, business development",False,0.0,https://www.adzuna.in/land/ad/5801403890?se=9FyUa3Sc8RGvGrvTGRxIcA&utm_medium=api&utm_source=10d03a1b&v=4660E44292294C870C61917CD9528938FB66EF0B,,,"India, Karnataka, Bangalore"
Business Development Executive .,Airtribe,"Bangalore, Karnataka",Sales Professional,0.0,,"sales, communication, business development",False,0.0,https://www.adzuna.in/land/ad/5801400190?se=9FyUa3Sc8RGvGrvTGRxIcA&utm_medium=api&utm_source=10d03a1b&v=AEF47F09CE360C0E82EA1EF6A3B931A4BF3CDB90,,,"India, Karnataka, Bangalore"
Business Development Manager,"Acara Solutions India, An Aleron Company","Bangalore, Karnataka",Sales Professional,0.0,,"sales, communication, business development",False,0.0,https://www.adzuna.in/land/ad/5818524649?se=9FyUa3Sc8RGvGrvTGRxIcA&utm_medium=api&utm_source=10d03a1b&v=0B7B952591945AC2EA128E0AFA143F7822B083CC,,,"India, Karnataka, Bangalore"
Business Development Manager - US,illumine,"Bangalore, Karnataka",Sales Professional,0.0,,"sales, communication, business development",False,0.0,https://www.adzuna.in/land/ad/5813877969?se=9FyUa3Sc8RGvGrvTGRxIcA&utm_medium=api&utm_source=10d03a1b&v=20503CDE36DD1401BFFDD8BF675B988610A77920,,,"India, Karnataka, Bangalore"
Customer Service Representative,Alorica,"Bangalore, Karnataka",Customer Support,0.0,,,False,0.0,https://www.adzuna.in/land/ad/5823898096?se=9FyUa3Sc8RGvGrvTGRxIcA&utm_medium=api&utm_source=10d03a1b&v=A6046698E1897C774A3C61979CEA45CF5AD6AC85,,,"India, Karnataka, Bangalore"
Customer Service Representative,Policybazaar.com,"Bangalore, Karnataka",Customer Support,0.0,,,False,0.0,https://www.adzuna.in/land/ad/5795463566?se=9FyUa3Sc8RGvGrvTGRxIcA&utm_medium=api&utm_source=10d03a1b&v=D1A644DA6C57767113B166D8205C994B50AF552B,,,"India, Karnataka, Bangalore"
Enterprise Sales Manager,Ratham,"Bangalore, Karnataka",Sales Professional,0.0,,"sales, communication, business development",False,0.0,https://www.adzuna.in/land/ad/5822232661?se=9FyUa3Sc8RGvGrvTGRxIcA&utm_medium=api&utm_source=10d03a1b&v=C7A7693A3BF52048036B3B0DC49ADCFC3FACF102,,,"India, Karnataka, Bangalore"
Executive Assistant,Acuity Analytics,"Bangalore, Karnataka",Administration,0.0,,,False,0.0,https://www.adzuna.in/land/ad/5819623234?se=9FyUa3Sc8RGvGrvTGRxIcA&utm_medium=api&utm_source=10d03a1b&v=BD8DBEF8428CA5552354FF4D576B2CFB835A72F9,,,"India, Karnataka, Bangalore"
Inside Sales Executive - US Market,Creative Synergies Group,"Bangalore, Karnataka",Sales Professional,0.0,,"sales, communication, business development",False,0.0,https://www.adzuna.in/land/ad/5820963896?se=9FyUa3Sc8RGvGrvTGRxIcA&utm_medium=api&utm_source=10d03a1b&v=91DAF4863ED716EE4694BB0A35330A7A72A7B2E5,,,"India, Karnataka, Bangalore"
Inside Sales Executive – B2B Conferences (Delegate Sales),Exxocon Global,"Bangalore, Karnataka",Sales Professional,0.0,,"sales, communication, business development",False,0.0,https://www.adzuna.in/land/ad/5818524816?se=9FyUa3Sc8RGvGrvTGRxIcA&utm_medium=api&utm_source=10d03a1b&v=286C31D684547A5808B318780DE6D4532A2515D0,,,"India, Karnataka, Bangalore"
Junior Graphic Designer,Sequel Logistics,"Bangalore, Karnataka",Graphic Designer,0.0,,,False,0.0,https://www.adzuna.in/land/ad/5830417644?se=9FyUa3Sc8RGvGrvTGRxIcA&utm_medium=api&utm_source=10d03a1b&v=A5EC09082EF9F29D3C28E8BD31A2C0AEEA4285C6,,,"India, Karnataka, Bangalore"
"Manager, IT - Data Engineering",Kraft Heinz,"Bangalore, Karnataka",Data Professional,0.0,,,False,0.0,https://www.adzuna.in/land/ad/5822403362?se=9FyUa3Sc8RGvGrvTGRxIcA&utm_medium=api&utm_source=10d03a1b&v=25353A0612E96F750642694811844BA1E9BF3623,12.95703,77.59837,"India, Karnataka, Bangalore"
Presales Executive - Showroom Specialist,Livspace,"Bangalore, Karnataka",Sales Professional,0.0,,"sales, communication, business development",False,0.0,https://www.adzuna.in/land/ad/5777491190?se=9FyUa3Sc8RGvGrvTGRxIcA&utm_medium=api&utm_source=10d03a1b&v=E3E0DF219DB6F1904C63B2E20E1ED83185C6E1E0,,,"India, Karnataka, Bangalore"
Regional Sales Manager,"IRISS, Inc.","Bangalore, Karnataka",Sales Professional,0.0,,"sales, communication, business development",False,0.0,https://www.adzuna.in/land/ad/5804796084?se=9FyUa3Sc8RGvGrvTGRxIcA&utm_medium=api&utm_source=10d03a1b&v=0AF5788893EC9FD5B88641D030633371B86B0CE2,,,"India, Karnataka, Bangalore"
Senior Dam Design Engineer (Hydraulics),Dar,"Bangalore, Karnataka",Engineer,0.0,,,False,0.0,https://www.adzuna.in/land/ad/5825674978?se=9FyUa3Sc8RGvGrvTGRxIcA&utm_medium=api&utm_source=10d03a1b&v=5B444320DB3AF6E8492154D8C606A2B0E0F49436,,,"India, Karnataka, Bangalore"
Senior Quality Test Engineer II,Elsevier,"Bangalore, Karnataka",Engineer,0.0,,,False,0.0,https://www.adzuna.in/land/ad/5785770938?se=9FyUa3Sc8RGvGrvTGRxIcA&utm_medium=api&utm_source=10d03a1b&v=EA1DAE07601172858CF05BE67EFC9EC558A8EFC9,,,"India, Karnataka, Bangalore"
Senior Sales Manager - Staff Augmentation,PeopleLogic,"Bangalore, Karnataka",Sales Professional,0.0,,"sales, communication, business development",False,0.0,https://www.adzuna.in/land/ad/5784732003?se=9FyUa3Sc8RGvGrvTGRxIcA&utm_medium=api&utm_source=10d03a1b&v=C335EA04F2BE92E561FE0E83EDC732F8E755B5F9,,,"India, Karnataka, Bangalore"
Senior Verification Engineer,ACL Digital,"Bangalore, Karnataka",Engineer,0.0,,,False,0.0,https://www.adzuna.in/land/ad/5369874016?se=9FyUa3Sc8RGvGrvTGRxIcA&utm_medium=api&utm_source=10d03a1b&v=AD0BD5326796283853A1E1D74F98CFEE1E326140,,,"India, Karnataka, Bangalore"
Sr. OpenBMC Firmware Engineer,Jabil,"Bangalore, Karnataka",Engineer,0.0,,,False,0.0,https://www.adzuna.in/land/ad/5785772971?se=9FyUa3Sc8RGvGrvTGRxIcA&utm_medium=api&utm_source=10d03a1b&v=280294F11A4E774C7DA07AB9713658AE47E093C1,12.95703,77.59837,"India, Karnataka, Bangalore"
"Associate Data Manager, Clinical Data Sciences",Pfizer,"Chennai, Tamil Nadu",Data Professional,0.0,,,False,0.0,https://www.adzuna.in/land/ad/5833433926?se=BHmyXXSc8RGQor-L2zKR7A&utm_medium=api&utm_source=10d03a1b&v=3EC5E3EC6BC07AF1EB0B165CEE5682502F3BC78E,13.06041,80.24963,"India, Tamil Nadu, Chennai"
Channel Sales Executive,Hexnode,"Chennai, Tamil Nadu",Sales Professional,0.0,,"sales, communication, business development",False,0.0,https://www.adzuna.in/land/ad/5818523837?se=BHmyXXSc8RGQor-L2zKR7A&utm_medium=api&utm_source=10d03a1b&v=FFF1D94577D9F1F937A2D3F10D00C3558FA2B12B,13.06041,80.24963,"India, Tamil Nadu, Chennai"
Dance Teacher,aLphabet internationaL schooL,"Chennai, Tamil Nadu",Teacher / Educator,0.0,,"communication, training, assessment",False,0.0,https://www.adzuna.in/land/ad/5794151113?se=BHmyXXSc8RGQor-L2zKR7A&utm_medium=api&utm_source=10d03a1b&v=A1C365BEB7A501AD8C3A995639E110C49F3C8191,13.06041,80.24963,"India, Tamil Nadu, Chennai"
Enterprise Sales Manager,L&T EduTech,"Chennai, Tamil Nadu",Sales Professional,0.0,,"sales, communication, business development",False,0.0,https://www.adzuna.in/land/ad/5813878220?se=BHmyXXSc8RGQor-L2zKR7A&utm_medium=api&utm_source=10d03a1b&v=439396431FB203A109ADFC49DF513C4584A78D0B,13.06041,80.24963,"India, Tamil Nadu, Chennai"
Fashion Sales Executive,EDWAN by Rushab Khandelwal,"Chennai, Tamil Nadu",Sales Professional,0.0,,"sales, communication, business development",False,0.0,https://www.adzuna.in/land/ad/5830416670?se=BHmyXXSc8RGQor-L2zKR7A&utm_medium=api&utm_source=10d03a1b&v=90EB5FFC81540F9E9B27C60208C9C1EE24BCE445,13.06041,80.24963,"India, Tamil Nadu, Chennai"
Media Sales Manager,AdOnMo,"Chennai, Tamil Nadu",Sales Professional,0.0,,"sales, communication, business development",False,0.0,https://www.adzuna.in/land/ad/5830416758?se=BHmyXXSc8RGQor-L2zKR7A&utm_medium=api&utm_source=10d03a1b&v=E3E444868C106574631799B2F003F9F82EAB73C3,13.06041,80.24963,"India, Tamil Nadu, Chennai"
Modern Trade sales officer,Sundrop Brands Limited,"Chennai, Tamil Nadu",Sales Professional,0.0,,"sales, communication, business development",False,0.0,https://www.adzuna.in/land/ad/5822232380?se=BHmyXXSc8RGQor-L2zKR7A&utm_medium=api&utm_source=10d03a1b&v=3659D4771246683B063536022A74FCA5C68906CA,13.06041,80.24963,"India, Tamil Nadu, Chennai"
Principal Software Engineer,RX Global,"Chennai, Tamil Nadu",Software Developer,0.0,,"git, python, javascript, testing",False,0.0,https://www.adzuna.in/land/ad/5815106125?se=BHmyXXSc8RGQor-L2zKR7A&utm_medium=api&utm_source=10d03a1b&v=80F0F8FE9E1AFDA9090DFC486BEE2F062FFD8EFB,13.06041,80.24963,"India, Tamil Nadu, Chennai"
Sales Manager,CRIF,"Chennai, Tamil Nadu",Sales Professional,0.0,,"sales, communication, business development",False,0.0,https://www.adzuna.in/land/ad/5829060878?se=BHmyXXSc8RGQor-L2zKR7A&utm_medium=api&utm_source=10d03a1b&v=0A7587D91E36A517FA9AB08B8B058033B30AA9B1,13.06041,80.24963,"India, Tamil Nadu, Chennai"
Senior Software Engineer II,RX Global,"Chennai, Tamil Nadu",Software Developer,0.0,,"git, python, javascript, testing",False,0.0,https://www.adzuna.in/land/ad/5785771123?se=BHmyXXSc8RGQor-L2zKR7A&utm_medium=api&utm_source=10d03a1b&v=A7509E19AA9E1EFB1242D687D2987520929EE791,13.06041,80.24963,"India, Tamil Nadu, Chennai"
Senior Statistical Data Scientist,Pfizer,"Chennai, Tamil Nadu",Data Professional,0.0,,,False,0.0,https://www.adzuna.in/land/ad/5833433942?se=BHmyXXSc8RGQor-L2zKR7A&utm_medium=api&utm_source=10d03a1b&v=8BB1FFF1D47E9CCEE2B37D38387813F6BEE5AFCA,13.06041,80.24963,"India, Tamil Nadu, Chennai"
Social Media Manager,Matrimony.com Limited,"Chennai, Tamil Nadu",Marketing Professional,0.0,,,False,0.0,https://www.adzuna.in/land/ad/5825071444?se=BHmyXXSc8RGQor-L2zKR7A&utm_medium=api&utm_source=10d03a1b&v=3BEDEE86B436264E2D8862D46E35668BB5BF8760,13.06041,80.24963,"India, Tamil Nadu, Chennai"
"​​Manager, Authentication Engineer​",Pfizer,"Chennai, Tamil Nadu",Engineer,0.0,,,False,0.0,https://www.adzuna.in/land/ad/5840277153?se=BHmyXXSc8RGQor-L2zKR7A&utm_medium=api&utm_source=10d03a1b&v=70483380F37BC1863C212C4B3B681EA0C2048255,13.06041,80.24963,"India, Tamil Nadu, Chennai"
Accountant (Night Shift),Ampstek,"Coimbatore, Tamil Nadu",Finance / Accounting,0.0,,"excel, accounting, documentation",False,0.0,https://www.adzuna.in/land/ad/5827735986?se=OO_RYXSc8RGqn_jkSy3S8Q&utm_medium=api&utm_source=10d03a1b&v=61F220E57416BC222490C5735F674E67E627F5EC,11.017171,77.100203,"India, Tamil Nadu, Coimbatore"
Assistant Professor - Commerce,Kumaraguru College of Liberal Arts and Science,"Coimbatore, Tamil Nadu",Teacher / Educator,0.0,,"communication, training, assessment",False,0.0,https://www.adzuna.in/land/ad/5848119929?se=OO_RYXSc8RGqn_jkSy3S8Q&utm_medium=api&utm_source=10d03a1b&v=D8C408789E94A557CBCA43C5B3D290CCF3DECE25,11.017171,77.100203,"India, Tamil Nadu, Coimbatore"
Business Development Executive,ENN CONSULTANCY,"Coimbatore, Tamil Nadu",Sales Professional,0.0,,"sales, communication, business development",False,0.0,https://www.adzuna.in/land/ad/5807302499?se=OO_RYXSc8RGqn_jkSy3S8Q&utm_medium=api&utm_source=10d03a1b&v=5FF8FCC533D211C6194282E5512F389C9D37CAD9,11.017171,77.100203,"India, Tamil Nadu, Coimbatore"
"Business Development Executive (Non-Life Insurance) - Coimbatore, India",Doo Group,"Coimbatore, Tamil Nadu",Sales Professional,0.0,,"sales, communication, business development",False,0.0,https://www.adzuna.in/land/ad/5818522970?se=OO_RYXSc8RGqn_jkSy3S8Q&utm_medium=api&utm_source=10d03a1b&v=5E542B36C4CC75B88898C8975025A33A28B6DDCC,11.017171,77.100203,"India, Tamil Nadu, Coimbatore"
Business Development Executive – Coimbatore,Bolt Digitech,"Coimbatore, Tamil Nadu",Sales Professional,0.0,,"sales, communication, business development",False,0.0,https://www.adzuna.in/land/ad/5801400353?se=OO_RYXSc8RGqn_jkSy3S8Q&utm_medium=api&utm_source=10d03a1b&v=7C0C089912BAACA661EBDE16DE9E53DF47871243,11.017171,77.100203,"India, Tamil Nadu, Coimbatore"
Design Engineer,"CIRCOR International, Inc.","Coimbatore, Tamil Nadu",Engineer,0.0,,,False,0.0,https://www.adzuna.in/land/ad/5842123670?se=OO_RYXSc8RGqn_jkSy3S8Q&utm_medium=api&utm_source=10d03a1b&v=0ED506A950643C4AF4EDACF395B83CADB14A9C9F,11.017171,77.100203,"India, Tamil Nadu, Coimbatore"
Design Engineer - Temp role,"CIRCOR International, Inc.","Coimbatore, Tamil Nadu",Engineer,0.0,,,False,0.0,https://www.adzuna.in/land/ad/5814245461?se=OO_RYXSc8RGqn_jkSy3S8Q&utm_medium=api&utm_source=10d03a1b&v=C445FEE39304E7033CEAF13B2589B6B9735B740C,11.017171,77.100203,"India, Tamil Nadu, Coimbatore"
Economics Teacher,The Indian Public School Globeducate India,"Coimbatore, Tamil Nadu",Teacher / Educator,0.0,,"communication, training, assessment",False,0.0,https://www.adzuna.in/land/ad/5819622868?se=OO_RYXSc8RGqn_jkSy3S8Q&utm_medium=api&utm_source=10d03a1b&v=58D983E1ED0CCBE1AC26A13DC7D311CCAB0783CA,11.017171,77.100203,"India, Tamil Nadu, Coimbatore"
Field Sales Manager,Policybazaar.com,"Coimbatore, Tamil Nadu",Sales Professional,0.0,,"sales, communication, business development",False,0.0,https://www.adzuna.in/land/ad/5801402868?se=OO_RYXSc8RGqn_jkSy3S8Q&utm_medium=api&utm_source=10d03a1b&v=E8E899A2B51502B2EA2A1F1133DAEE004F855874,11.017171,77.100203,"India, Tamil Nadu, Coimbatore"
Field Sales Representative,AVnester,"Coimbatore, Tamil Nadu",Sales Professional,0.0,,"sales, communication, business development",False,0.0,https://www.adzuna.in/land/ad/5801403932?se=OO_RYXSc8RGqn_jkSy3S8Q&utm_medium=api&utm_source=10d03a1b&v=58F165363B16F2C129BE563C65B4F450FDA52D74,11.017171,77.100203,"India, Tamil Nadu, Coimbatore"
Graphic Designer,Harvee Designs,"Coimbatore, Tamil Nadu",Graphic Designer,0.0,,,False,0.0,https://www.adzuna.in/land/ad/5840225851?se=OO_RYXSc8RGqn_jkSy3S8Q&utm_medium=api&utm_source=10d03a1b&v=E8DB3791C0C5172CFE51F8A6428A843A9C65878C,11.017171,77.100203,"India, Tamil Nadu, Coimbatore"
"IGSCE Chemistry Teacher ,Yellow Train School, Coimbatore",Yellow Train School,"Coimbatore, Tamil Nadu",Teacher / Educator,0.0,,"communication, training, assessment",False,0.0,https://www.adzuna.in/land/ad/5818523763?se=OO_RYXSc8RGqn_jkSy3S8Q&utm_medium=api&utm_source=10d03a1b&v=449EF60B0B48105DB94EDB1B4D5929F133698D9A,11.017171,77.100203,"India, Tamil Nadu, Coimbatore"
Key Account Sales Manager,Avani Consulting,"Coimbatore, Tamil Nadu",Sales Professional,0.0,,"sales, communication, business development",False,0.0,https://www.adzuna.in/land/ad/5841755249?se=OO_RYXSc8RGqn_jkSy3S8Q&utm_medium=api&utm_source=10d03a1b&v=1B9D43F9D297491DE4504B8E24146B905D3A4491,11.017171,77.100203,"India, Tamil Nadu, Coimbatore"
MBA - Teaching Faculty,MH Cockpit,"Coimbatore, Tamil Nadu",Teacher / Educator,0.0,,"communication, training, assessment",False,0.0,https://www.adzuna.in/land/ad/5848641608?se=OO_RYXSc8RGqn_jkSy3S8Q&utm_medium=api&utm_source=10d03a1b&v=41BC66659C7FB877CA3BE5F5ABAA359065720EA3,11.017171,77.100203,"India, Tamil Nadu, Coimbatore"
Medical Coding Trainer - offline,Zentra MedTech,"Coimbatore, Tamil Nadu",Medical Coder,0.0,,,False,0.0,https://www.adzuna.in/land/ad/5813878264?se=OO_RYXSc8RGqn_jkSy3S8Q&utm_medium=api&utm_source=10d03a1b&v=B072223D3BB452E00197F9C6491B9E14AF0A8260,11.017171,77.100203,"India, Tamil Nadu, Coimbatore"
Model Based Development Engineer EPC,Mindpool Technologies,"Coimbatore, Tamil Nadu",Engineer,0.0,,,False,0.0,https://www.adzuna.in/details/4725867117?utm_medium=api&utm_source=10d03a1b,11.017171,77.100203,"India, Tamil Nadu, Coimbatore"
Office Administrator,J&J Sourcing,"Coimbatore, Tamil Nadu",Administration,0.0,,,False,0.0,https://www.adzuna.in/land/ad/5831965536?se=OO_RYXSc8RGqn_jkSy3S8Q&utm_medium=api&utm_source=10d03a1b&v=38A2ABEBA30CA2CA5DE04294816C24373368C260,11.017171,77.100203,"India, Tamil Nadu, Coimbatore"
Physiotherapist,Kinergy Physio,"Coimbatore, Tamil Nadu",Physiotherapist,0.0,,,False,0.0,https://www.adzuna.in/land/ad/5697210237?se=OO_RYXSc8RGqn_jkSy3S8Q&utm_medium=api&utm_source=10d03a1b&v=8A4BECA5E486BE6BBECC1247BE5E6B50067B71D3,11.017171,77.100203,"India, Tamil Nadu, Coimbatore"
Poitical Science Legal studies Teacher,Yuvabharathi Public School,"Coimbatore, Tamil Nadu",Teacher / Educator,0.0,,"communication, training, assessment",False,0.0,https://www.adzuna.in/land/ad/5841755253?se=OO_RYXSc8RGqn_jkSy3S8Q&utm_medium=api&utm_source=10d03a1b&v=4A7B02ADEFEF0FDA2D1FDA26D932CD67EB43FF42,11.017171,77.100203,"India, Tamil Nadu, Coimbatore"
Sales Executive,Wild Honey Hunters,"Udamalpet, Coimbatore",Sales Professional,0.0,,"sales, communication, business development",False,0.0,https://www.adzuna.in/details/5799859581?utm_medium=api&utm_source=10d03a1b,10.6283,77.06205,"India, Tamil Nadu, Coimbatore, Udamalpet"
Senior Business Development Manager,"CIRCOR International, Inc.","Coimbatore, Tamil Nadu",Sales Professional,0.0,,"sales, communication, business development",False,0.0,https://www.adzuna.in/land/ad/5818747389?se=OO_RYXSc8RGqn_jkSy3S8Q&utm_medium=api&utm_source=10d03a1b&v=4D7F9F7878ABB1AB189B875CBED020077898F003,11.017171,77.100203,"India, Tamil Nadu, Coimbatore"
Senior Business Development Manager - Interior Designers & Architects,Jaipur Rugs,"Coimbatore, Tamil Nadu",Sales Professional,0.0,,"sales, communication, business development",False,0.0,https://www.adzuna.in/land/ad/5841833193?se=OO_RYXSc8RGqn_jkSy3S8Q&utm_medium=api&utm_source=10d03a1b&v=B319F6B6C60BA880BCC1C3DF6C9CFF8DFE7FFC89,11.017171,77.100203,"India, Tamil Nadu, Coimbatore"
Senior Manufacturing Engineer,"CIRCOR International, Inc.","Coimbatore, Tamil Nadu",Engineer,0.0,,,False,0.0,https://www.adzuna.in/land/ad/5819622109?se=OO_RYXSc8RGqn_jkSy3S8Q&utm_medium=api&utm_source=10d03a1b&v=FDAB7C172415B5AB0F66E9BFE2950149E0E9E847,11.017171,77.100203,"India, Tamil Nadu, Coimbatore"
Adv Engineer QE II,Invesco,"Hyderabad, Telangana",Engineer,0.0,,,False,0.0,https://www.adzuna.in/land/ad/5785770983?se=qGKmbXSc8RGYIIxpq9ttlQ&utm_medium=api&utm_source=10d03a1b&v=DC0013D553E8F3F7254DD6155F522B2F5C823532,17.40275,78.50806,"India, Telangana, Hyderabad"
Apprenticeship – Technical Support,Kyndryl,"Hyderabad, Telangana",IT Support,0.0,,,False,0.0,https://www.adzuna.in/land/ad/5837138819?se=qGKmbXSc8RGYIIxpq9ttlQ&utm_medium=api&utm_source=10d03a1b&v=BFE4206F48A49C457BCDCDABA513CB22C63F0EFA,17.40275,78.50806,"India, Telangana, Hyderabad"
Business Development Executive,System Soft Technologies,"Hyderabad, Telangana",Sales Professional,0.0,,"sales, communication, business development",False,0.0,https://www.adzuna.in/land/ad/5823897279?se=qGKmbXSc8RGYIIxpq9ttlQ&utm_medium=api&utm_source=10d03a1b&v=DEDC0CCB611248193F2EAD112354A1E8D3E0EA59,17.40275,78.50806,"India, Telangana, Hyderabad"
Business Development Manager,Godrej & Boyce Mfg. Co. Ltd.,"Hyderabad, Telangana",Sales Professional,0.0,,"sales, communication, business development",False,0.0,https://www.adzuna.in/land/ad/5818524436?se=qGKmbXSc8RGYIIxpq9ttlQ&utm_medium=api&utm_source=10d03a1b&v=4B35C4C91F1722930332C9ABFDA8110AF14053F7,17.40275,78.50806,"India, Telangana, Hyderabad"
Chartered Accountant,Skyroot Aerospace,"Hyderabad, Telangana",Finance / Accounting,0.0,,"excel, accounting, documentation",False,0.0,https://www.adzuna.in/land/ad/5836624132?se=qGKmbXSc8RGYIIxpq9ttlQ&utm_medium=api&utm_source=10d03a1b&v=A2B5D11EF7651432513D2FD57363C6982253C096,17.40275,78.50806,"India, Telangana, Hyderabad"
Civil Design Engineer,PVinsight Inc.,"Hyderabad, Telangana",Engineer,0.0,,,False,0.0,https://www.adzuna.in/land/ad/5822659987?se=qGKmbXSc8RGYIIxpq9ttlQ&utm_medium=api&utm_source=10d03a1b&v=678EF886B7D5AE02741BA3659D661FB82E5B32CD,17.40275,78.50806,"India, Telangana, Hyderabad"
Executive Assistant,Sales Co Asia,"Hyderabad, Telangana",Administration,0.0,,,False,0.0,https://www.adzuna.in/land/ad/5836624188?se=qGKmbXSc8RGYIIxpq9ttlQ&utm_medium=api&utm_source=10d03a1b&v=AFD30F23AC10013DEC878F624B1E3DE76C3BE9FE,17.40275,78.50806,"India, Telangana, Hyderabad"
Exercise Science Lecturer,Curefit,"Hyderabad, Telangana",Teacher / Educator,0.0,,"communication, training, assessment",False,0.0,https://www.adzuna.in/land/ad/5836624046?se=qGKmbXSc8RGYIIxpq9ttlQ&utm_medium=api&utm_source=10d03a1b&v=B3D26A587DA4E6D4BE40ACB658B4EE90B9C8769B,17.40275,78.50806,"India, Telangana, Hyderabad"
RTL Design Engineer,ACL Digital,"Hyderabad, Telangana",Engineer,0.0,,,False,0.0,https://www.adzuna.in/land/ad/5289679800?se=qGKmbXSc8RGYIIxpq9ttlQ&utm_medium=api&utm_source=10d03a1b&v=D575E01C62CA85F7F695E4805CB1F0CECC86187D,17.40275,78.50806,"India, Telangana, Hyderabad"
Regional Sales Manager – B2B Cosmetic Ingredients,Flychem,"Hyderabad, Telangana",Sales Professional,0.0,,"sales, communication, business development",False,0.0,https://www.adzuna.in/land/ad/5836624536?se=qGKmbXSc8RGYIIxpq9ttlQ&utm_medium=api&utm_source=10d03a1b&v=0ABC18A8E97720044CC846C206358C8E207B2D9A,17.40275,78.50806,"India, Telangana, Hyderabad"
Sales Engineer,Metal Power Analytical Pvt. Ltd.,"Hyderabad, Telangana",Engineer,0.0,,,False,0.0,https://www.adzuna.in/land/ad/5823898456?se=qGKmbXSc8RGYIIxpq9ttlQ&utm_medium=api&utm_source=10d03a1b&v=FA0A65E7523B96A666BB6868BCDF700033BC3D2A,17.40275,78.50806,"India, Telangana, Hyderabad"
Sales and Business Development Manager,People Tech Group Inc,"Hyderabad, Telangana",Sales Professional,0.0,,"sales, communication, business development",False,0.0,https://www.adzuna.in/land/ad/5823898801?se=qGKmbXSc8RGYIIxpq9ttlQ&utm_medium=api&utm_source=10d03a1b&v=038A6819EBAD5580ED099DCF5912D98390188F58,17.40275,78.50806,"India, Telangana, Hyderabad"
Senior Design Engineer,Puzzolana India,"Hyderabad, Telangana",Engineer,0.0,,,False,0.0,https://www.adzuna.in/land/ad/5834573230?se=qGKmbXSc8RGYIIxpq9ttlQ&utm_medium=api&utm_source=10d03a1b&v=ED48224812E1CFD4F87E7DBFED66A354AABF1256,17.40275,78.50806,"India, Telangana, Hyderabad"
Senior Graphic Designer,SUVARCHALA ADVERTISERS,"Hyderabad, Telangana",Graphic Designer,0.0,,,False,0.0,https://www.adzuna.in/land/ad/5707858962?se=qGKmbXSc8RGYIIxpq9ttlQ&utm_medium=api&utm_source=10d03a1b&v=33033F462CAD12AC51F455D8EDD3E9560D936EFD,17.40275,78.50806,"India, Telangana, Hyderabad"
Sr. Design Engineer - PPRTL / Prime Power,ACL Digital,"Hyderabad, Telangana",Engineer,0.0,,,False,0.0,https://www.adzuna.in/land/ad/5161234153?se=qGKmbXSc8RGYIIxpq9ttlQ&utm_medium=api&utm_source=10d03a1b&v=E6F67D7FBF13872D1D58CFECE11B3A3A47684018,17.40275,78.50806,"India, Telangana, Hyderabad"
Accounts Payable Specialist,Xeinadin,"Kochi, Ernakulam",Finance / Accounting,0.0,,"excel, accounting, documentation",False,0.0,https://www.adzuna.in/land/ad/5831965604?se=RBaWb3Sc8RGQor-L2zKR7A&utm_medium=api&utm_source=10d03a1b&v=F701B42B81C9B68BCDF5545F60E88510536A7429,9.98011,76.24637,"India, Kerala, Ernakulam, Kochi"
Business Development Executive,"Nexgen, Inc","Kochi, Ernakulam",Sales Professional,0.0,,"sales, communication, business development",False,0.0,https://www.adzuna.in/land/ad/5848119672?se=RBaWb3Sc8RGQor-L2zKR7A&utm_medium=api&utm_source=10d03a1b&v=A98DF6BEA0C7F9ABB382DBD71784F03D75F18993,9.98011,76.24637,"India, Kerala, Ernakulam, Kochi"
Business Development Executive — Software Sales,Zartek Technologies,"Kochi, Ernakulam",Sales Professional,0.0,,"sales, communication, business development",False,0.0,https://www.adzuna.in/land/ad/5841755331?se=RBaWb3Sc8RGQor-L2zKR7A&utm_medium=api&utm_source=10d03a1b&v=A0A6D42F0ECCFA6F20E23DA2B3AF702231F02E6E,9.98011,76.24637,"India, Kerala, Ernakulam, Kochi"
Business Development Manager,Lascade,"Kochi, Ernakulam",Sales Professional,0.0,,"sales, communication, business development",False,0.0,https://www.adzuna.in/land/ad/5801399603?se=RBaWb3Sc8RGQor-L2zKR7A&utm_medium=api&utm_source=10d03a1b&v=A7830ED3E6EAC5CB3A093414618E426F4DD3AB75,9.98011,76.24637,"India, Kerala, Ernakulam, Kochi"
Business Development Manager,EduVerifi | Credential & Identity Verification,"Kochi, Ernakulam",Sales Professional,0.0,,"sales, communication, business development",False,0.0,https://www.adzuna.in/land/ad/5847658421?se=RBaWb3Sc8RGQor-L2zKR7A&utm_medium=api&utm_source=10d03a1b&v=20F25CAC1EFA706FFCC11CAB57399F980D6AEEAA,9.98011,76.24637,"India, Kerala, Ernakulam, Kochi"
Business Development Manager - Partnership Management,PFEC Global,"Kochi, Ernakulam",Sales Professional,0.0,,"sales, communication, business development",False,0.0,https://www.adzuna.in/land/ad/5836622631?se=RBaWb3Sc8RGQor-L2zKR7A&utm_medium=api&utm_source=10d03a1b&v=964E05E0DBCB7BA8B4F551D506CEA838C1CEDB3D,9.98011,76.24637,"India, Kerala, Ernakulam, Kochi"
Business Development Manager- BFSI,Iron Mountain,"Kochi, Ernakulam",Sales Professional,0.0,,"sales, communication, business development",False,0.0,https://www.adzuna.in/land/ad/5818524880?se=RBaWb3Sc8RGQor-L2zKR7A&utm_medium=api&utm_source=10d03a1b&v=C45AFBE92BD479B347497F71C5D7F908DB78445D,9.98011,76.24637,"India, Kerala, Ernakulam, Kochi"
Customer Support Executive,KeyValue,"Kochi, Ernakulam",Customer Support,0.0,,,False,0.0,https://www.adzuna.in/land/ad/5818747367?se=RBaWb3Sc8RGQor-L2zKR7A&utm_medium=api&utm_source=10d03a1b&v=2D63A91DE2CE70E7C027BB322EC9A9D813ACEFDB,9.98011,76.24637,"India, Kerala, Ernakulam, Kochi"
Graphic Designer,Fragomen,"Kochi, Ernakulam",Graphic Designer,0.0,,,False,0.0,https://www.adzuna.in/land/ad/5818746191?se=RBaWb3Sc8RGQor-L2zKR7A&utm_medium=api&utm_source=10d03a1b&v=2C308F8614CB3EA9DDB2C0D615647C950BE4DF85,9.98011,76.24637,"India, Kerala, Ernakulam, Kochi"
Presales Manager,ThoughtFocus,"Kochi, Ernakulam",Sales Professional,0.0,,"sales, communication, business development",False,0.0,https://www.adzuna.in/land/ad/5846664249?se=RBaWb3Sc8RGQor-L2zKR7A&utm_medium=api&utm_source=10d03a1b&v=9F61B910480E929F761FBA877932688617EBB42F,9.98011,76.24637,"India, Kerala, Ernakulam, Kochi"
Sales Account Executive,SalesOne,"Kochi, Ernakulam",Sales Professional,0.0,,"sales, communication, business development",False,0.0,https://www.adzuna.in/land/ad/5838133970?se=RBaWb3Sc8RGQor-L2zKR7A&utm_medium=api&utm_source=10d03a1b&v=6067A076074EA11ECB223D597E66993AA9F4459C,9.98011,76.24637,"India, Kerala, Ernakulam, Kochi"
Sales Executive,Policybazaar.com,"Kochi, Ernakulam",Sales Professional,0.0,,"sales, communication, business development",False,0.0,https://www.adzuna.in/land/ad/5823897839?se=RBaWb3Sc8RGQor-L2zKR7A&utm_medium=api&utm_source=10d03a1b&v=1AC96372C87F646868DCCFC1F554FEFA7F181E54,9.98011,76.24637,"India, Kerala, Ernakulam, Kochi"
Sales Manager - Team Leader,TekPillar®,"Kochi, Ernakulam",Sales Professional,0.0,,"sales, communication, business development",False,0.0,https://www.adzuna.in/land/ad/5834649711?se=RBaWb3Sc8RGQor-L2zKR7A&utm_medium=api&utm_source=10d03a1b&v=0FA4EE916615A8BDFBF5C0DA397A41271933677C,9.98011,76.24637,"India, Kerala, Ernakulam, Kochi"
Senior Accountant – GCC Operations,I Know A Guy,"Kochi, Ernakulam",Finance / Accounting,0.0,,"excel, accounting, documentation",False,0.0,https://www.adzuna.in/land/ad/5841754967?se=RBaWb3Sc8RGQor-L2zKR7A&utm_medium=api&utm_source=10d03a1b&v=C52B2D943FA087FD1E1530ABBEB1D1594BAD2F5E,9.98011,76.24637,"India, Kerala, Ernakulam, Kochi"
Senior Trainer (Customer Service ),Policybazaar.com,"Kochi, Ernakulam",Customer Support,0.0,,,False,0.0,https://www.adzuna.in/land/ad/5819621541?se=RBaWb3Sc8RGQor-L2zKR7A&utm_medium=api&utm_source=10d03a1b&v=23DA62105284232424949B25894223FEEC895558,9.98011,76.24637,"India, Kerala, Ernakulam, Kochi"
Business Development Executive,ZIZA Build,"Kollam, Kerala",Sales Professional,0.0,,"sales, communication, business development",False,0.0,https://www.adzuna.in/details/4980579429?utm_medium=api&utm_source=10d03a1b,9.01303,76.6143,"India, Kerala, Kollam"
Business Development Executive - Gold Loan| Kollam,CSB Bank,"Kollam, Kerala",Sales Professional,0.0,,"sales, communication, business development",False,0.0,https://www.adzuna.in/details/5442626195?utm_medium=api&utm_source=10d03a1b,9.01303,76.6143,"India, Kerala, Kollam"
Business Development Manager,AIDAN GLOBAL,"Kollam, Kerala",Sales Professional,0.0,,"sales, communication, business development",False,0.0,https://www.adzuna.in/land/ad/5845682596?se=_Dl4dXSc8RGYIIxpq9ttlQ&utm_medium=api&utm_source=10d03a1b&v=A145AAE99693BCA7E726BEA46C78C6AFB1E09E71,9.01303,76.6143,"India, Kerala, Kollam"
Business Development Manager,MP Dominic & Co,"Kollam, Kerala",Sales Professional,0.0,,"sales, communication, business development",False,0.0,https://www.adzuna.in/details/5829888528?utm_medium=api&utm_source=10d03a1b,9.01303,76.6143,"India, Kerala, Kollam"
Data Entry Operator,,"Kollam, Kerala",Administration,0.0,,,False,0.0,https://www.adzuna.in/details/5701147861?utm_medium=api&utm_source=10d03a1b,9.01303,76.6143,"India, Kerala, Kollam"
Gulf Recruiter - Kerala,2coms,"Kollam, Kerala",HR Professional,0.0,,,False,0.0,https://www.adzuna.in/details/5814178773?utm_medium=api&utm_source=10d03a1b,9.01303,76.6143,"India, Kerala, Kollam"
International Recruiter - Kollam,2coms,"Kollam, Kerala",HR Professional,0.0,,,False,0.0,https://www.adzuna.in/details/5842393129?utm_medium=api&utm_source=10d03a1b,9.01303,76.6143,"India, Kerala, Kollam"
Staff Nurse,,"Kollam, Kerala",Nurse,0.0,,"patient care, nursing, communication",False,0.0,https://www.adzuna.in/details/4686700219?utm_medium=api&utm_source=10d03a1b,9.01303,76.6143,"India, Kerala, Kollam"
Web Developer (HTML or CSS),,"Kollam, Kerala",Software Developer,0.0,,"git, python, javascript, testing",False,0.0,https://www.adzuna.in/details/4686702077?utm_medium=api&utm_source=10d03a1b,9.01303,76.6143,"India, Kerala, Kollam"
stores sales manager,Bethliving lifestyle Private limited,"Kottarakara, Kollam",Sales Professional,0.0,,"sales, communication, business development",False,0.0,https://www.adzuna.in/details/5464864591?utm_medium=api&utm_source=10d03a1b,8.99729,76.85025,"India, Kerala, Kollam, Kottarakara"
Accounts Executive,,"Kozhikode, Kerala",Finance / Accounting,0.0,,"excel, accounting, documentation",False,0.0,https://www.adzuna.in/details/4686701177?utm_medium=api&utm_source=10d03a1b,11.16223,75.81366,"India, Kerala, Kozhikode"
Field Marketing Executive,Zenfident HR Solutions,"Kozhikode, Kerala",Marketing Professional,0.0,,,False,0.0,https://www.adzuna.in/details/5712485236?utm_medium=api&utm_source=10d03a1b,,,"India, Kerala, Kozhikode"
German Faculty,Lanstitut,"Kozhikode, Kerala",Teacher / Educator,0.0,,"communication, training, assessment",False,0.0,https://www.adzuna.in/details/5612505671?utm_medium=api&utm_source=10d03a1b,11.16223,75.81366,"India, Kerala, Kozhikode"
Graphic Designer,Sidmec Technologies,"Kozhikode, Kerala",Graphic Designer,0.0,,,False,0.0,https://www.adzuna.in/details/5645814085?utm_medium=api&utm_source=10d03a1b,11.16223,75.81366,"India, Kerala, Kozhikode"
HR Executive,Hirestar job Bank,"Kozhikode, Kerala",HR Professional,0.0,,,False,0.0,https://www.adzuna.in/details/5686790249?utm_medium=api&utm_source=10d03a1b,,,"India, Kerala, Kozhikode"
HR MANAGER,Seintiv,"Kozhikode, Kerala",HR Professional,0.0,,,False,0.0,https://www.adzuna.in/details/3436021900?utm_medium=api&utm_source=10d03a1b,,,"India, Kerala, Kozhikode"
Registered Nurse,A-Class Marble India Pvt. Ltd.,"Kozhikode, Kerala",Nurse,0.0,,"patient care, nursing, communication",False,0.0,https://www.adzuna.in/land/ad/5830417651?se=bLSAc3Sc8RGQor-L2zKR7A&utm_medium=api&utm_source=10d03a1b&v=72CF0E1CEE65CFC30DC348D65F8FDEB9DF5F4BAE,11.16223,75.81366,"India, Kerala, Kozhikode"
Sales Executive,MECHON INTERNATIONAL,"Kozhikode, Kerala",Sales Professional,0.0,,"sales, communication, business development",False,0.0,https://www.adzuna.in/land/ad/5848119755?se=bLSAc3Sc8RGQor-L2zKR7A&utm_medium=api&utm_source=10d03a1b&v=8BC3977485D3E4BC2C799E90083352889116D7EB,11.16223,75.81366,"India, Kerala, Kozhikode"
Sales Officer,Property Hub kozhikode,"Kozhikode, Kerala",Sales Professional,0.0,,"sales, communication, business development",False,0.0,https://www.adzuna.in/land/ad/5798755422?se=bLSAc3Sc8RGQor-L2zKR7A&utm_medium=api&utm_source=10d03a1b&v=28995E0F455E736F4707AFD48288C4E323BD8518,11.16223,75.81366,"India, Kerala, Kozhikode"
Senior Business Development,Veloris Global,"Kozhikode, Kerala",Sales Professional,0.0,,"sales, communication, business development",False,0.0,https://www.adzuna.in/land/ad/5822232697?se=bLSAc3Sc8RGQor-L2zKR7A&utm_medium=api&utm_source=10d03a1b&v=DB3EC1229A96A10844EF74680259C37C7260778C,11.16223,75.81366,"India, Kerala, Kozhikode"
Senior Test Engineer-Test Lead,Coddle Technologies,"Kozhikode, Kerala",Engineer,0.0,,,False,0.0,https://www.adzuna.in/details/3304263795?utm_medium=api&utm_source=10d03a1b,,,"India, Kerala, Kozhikode"
Software Engineer (Backend-Java),retailcloud,"Koyilandi, Kozhikode",Software Developer,0.0,,"git, python, javascript, testing",False,0.0,https://www.adzuna.in/details/5829382505?utm_medium=api&utm_source=10d03a1b,11.21355,75.817,"India, Kerala, Kozhikode, Koyilandi"
Software QA Engineer I,Blackhawk Network,"Kozhikode, Kerala",Engineer,0.0,,,False,0.0,https://www.adzuna.in/details/4504412615?utm_medium=api&utm_source=10d03a1b,11.16223,75.81366,"India, Kerala, Kozhikode"
Sr. Business Development Executive - Gold Loan| Kozhikode,CSB Bank,"Kozhikode, Kerala",Sales Professional,0.0,,"sales, communication, business development",False,0.0,https://www.adzuna.in/details/5533765171?utm_medium=api&utm_source=10d03a1b,11.16223,75.81366,"India, Kerala, Kozhikode"
Sr. PHP Backend Developer,Hexwhale,"Kozhikode, Kerala",Software Developer,0.0,,"git, python, javascript, testing",False,0.0,https://www.adzuna.in/details/2625145643?utm_medium=api&utm_source=10d03a1b,11.16223,75.81366,"India, Kerala, Kozhikode"
Talent Acquisition & HR Intern (Paid),Blend-ed,"Koyilandi, Kozhikode",HR Professional,0.0,,,False,0.0,https://www.adzuna.in/details/5840603050?utm_medium=api&utm_source=10d03a1b,11.19155,75.82985,"India, Kerala, Kozhikode, Koyilandi"
UI/UX Designer,Brainpan Innovations,"Kozhikode, Kerala",Graphic Designer,0.0,,,False,0.0,https://www.adzuna.in/details/5015663484?utm_medium=api&utm_source=10d03a1b,11.16223,75.81366,"India, Kerala, Kozhikode"
"Associate Professor(CSE, IT, ECE) Assistant Professor(IT,CYS)",jk,"Coimbatore, Tamil Nadu",Teacher / Educator,0.0,,"communication, training, assessment",False,0.0,https://www.adzuna.in/details/5658374643?utm_medium=api&utm_source=10d03a1b,9.91051,78.1158,"India, Tamil Nadu, Coimbatore"
Business Development Executive,Smart Work Consultants,"Melur, Madurai",Sales Professional,0.0,,"sales, communication, business development",False,0.0,https://www.adzuna.in/details/5838169718?utm_medium=api&utm_source=10d03a1b,9.91051,78.1158,"India, Tamil Nadu, Madurai, Melur"
Business Development Executive,Fourchain Technologies,"Madurai, Tamil Nadu",Sales Professional,0.0,,"sales, communication, business development",False,0.0,https://www.adzuna.in/details/5235501949?utm_medium=api&utm_source=10d03a1b,9.91051,78.1158,"India, Tamil Nadu, Madurai"
Business Development Manager,Smart Work Consultants,"Melur, Madurai",Sales Professional,0.0,,"sales, communication, business development",False,0.0,https://www.adzuna.in/details/5812267299?utm_medium=api&utm_source=10d03a1b,9.91051,78.1158,"India, Tamil Nadu, Madurai, Melur"
Chemistry Faculty - (10th&12th CBSE Board),Extramarks,"Madurai, Tamil Nadu",Teacher / Educator,0.0,,"communication, training, assessment",False,0.0,https://www.adzuna.in/land/ad/5829374335?se=TpmqX3Sc8RGlrvMe-VN8Yg&utm_medium=api&utm_source=10d03a1b&v=5018632F746E218D21FB74A830AA1ABBAB84C9C4,9.91051,78.1158,"India, Tamil Nadu, Madurai"
Cook,GKF,"Madurai South, Madurai",Hospitality Professional,0.0,,,False,0.0,https://www.adzuna.in/details/5830627061?utm_medium=api&utm_source=10d03a1b,9.91995,78.087,"India, Tamil Nadu, Madurai, Madurai South"
Customer Care Executive,,"Madurai, Tamil Nadu",Customer Support,0.0,,,False,0.0,https://www.adzuna.in/details/4686700585?utm_medium=api&utm_source=10d03a1b,9.91051,78.1158,"India, Tamil Nadu, Madurai"
Digital Marketing Executive,Smart Work Consultants,"Melur, Madurai",Marketing Professional,0.0,,,False,0.0,https://www.adzuna.in/details/5838170398?utm_medium=api&utm_source=10d03a1b,9.91051,78.1158,"India, Tamil Nadu, Madurai, Melur"
Digital Marketing Executive,IdeaLaunch Tech Solution,"Madurai, Tamil Nadu",Marketing Professional,0.0,,,False,0.0,https://www.adzuna.in/details/5447911634?utm_medium=api&utm_source=10d03a1b,9.91051,78.1158,"India, Tamil Nadu, Madurai"
Electrical Engineer MEP,Smart Work Consultants,"Melur, Madurai",Engineer,0.0,,,False,0.0,https://www.adzuna.in/details/5817452657?utm_medium=api&utm_source=10d03a1b,9.91051,78.1158,"India, Tamil Nadu, Madurai, Melur"
Female HR Recruitment,,"Madurai, Tamil Nadu",HR Professional,0.0,,,False,0.0,https://www.adzuna.in/details/4686705152?utm_medium=api&utm_source=10d03a1b,9.91051,78.1158,"India, Tamil Nadu, Madurai"
"General Manager – 3PL, Warehousing & Logistics",Smart Work Consultants,"Melur, Madurai",Logistics Professional,0.0,,,False,0.0,https://www.adzuna.in/details/5818315722?utm_medium=api&utm_source=10d03a1b,9.91051,78.1158,"India, Tamil Nadu, Madurai, Melur"
German Teacher,Eurocas,"Madurai, Tamil Nadu",Teacher / Educator,0.0,,"communication, training, assessment",False,0.0,https://www.adzuna.in/land/ad/5841755308?se=TpmqX3Sc8RGlrvMe-VN8Yg&utm_medium=api&utm_source=10d03a1b&v=4EE80CA568651E9C0E44F7DD6BACF8866574DD26,9.91051,78.1158,"India, Tamil Nadu, Madurai"
Hiring -Business Development Executive,Pixel Web Solutions,"Madurai, Tamil Nadu",Sales Professional,0.0,,"sales, communication, business development",False,0.0,https://www.adzuna.in/details/5836259383?utm_medium=api&utm_source=10d03a1b,9.91051,78.1158,"India, Tamil Nadu, Madurai"
Mechanical Engineer - MEP,Smart Work Consultants,"Melur, Madurai",Engineer,0.0,,,False,0.0,https://www.adzuna.in/details/5817452654?utm_medium=api&utm_source=10d03a1b,9.91051,78.1158,"India, Tamil Nadu, Madurai, Melur"
Nurse,,"Madurai, Tamil Nadu",Nurse,0.0,,"patient care, nursing, communication",False,0.0,https://www.adzuna.in/details/4686706103?utm_medium=api&utm_source=10d03a1b,9.91051,78.1158,"India, Tamil Nadu, Madurai"
PHP Web Developer,Blaze Web Services Private Limited,"Madurai, Tamil Nadu",Software Developer,0.0,,"git, python, javascript, testing",False,0.0,https://www.adzuna.in/details/2179590995?utm_medium=api&utm_source=10d03a1b,9.91051,78.1158,"India, Tamil Nadu, Madurai"
Require a Technical Support Engineer in Madurai.,TestHiring,"Melur, Madurai",IT Support,0.0,,,False,0.0,https://www.adzuna.in/details/5829382873?utm_medium=api&utm_source=10d03a1b,9.91051,78.1158,"India, Tamil Nadu, Madurai, Melur"
SEO Analyst,RadicalStart Infolab Private Limted,"Madurai, Tamil Nadu",Marketing Professional,0.0,,,False,0.0,https://www.adzuna.in/details/5051646080?utm_medium=api&utm_source=10d03a1b,9.91051,78.1158,"India, Tamil Nadu, Madurai"
SEO Specialist,Uplogic Technologies Pvt ltd,"Madurai, Tamil Nadu",Marketing Professional,0.0,,,False,0.0,https://www.adzuna.in/details/2115053039?utm_medium=api&utm_source=10d03a1b,9.91051,78.1158,"India, Tamil Nadu, Madurai"
Sales Executive,Smart Work Consultants,"Melur, Madurai",Sales Professional,0.0,,"sales, communication, business development",False,0.0,https://www.adzuna.in/details/5813466828?utm_medium=api&utm_source=10d03a1b,9.91051,78.1158,"India, Tamil Nadu, Madurai, Melur"
Senior Specialist Engineering - Software,Aparajitha Corporate Services  Ltd,"Melur, Madurai",Engineer,0.0,,,False,0.0,https://www.adzuna.in/details/5836846707?utm_medium=api&utm_source=10d03a1b,9.9357,78.1158,"India, Tamil Nadu, Madurai, Melur"
Site Engineer,Smart Work Consultants,"Melur, Madurai",Engineer,0.0,,,False,0.0,https://www.adzuna.in/details/5791110303?utm_medium=api&utm_source=10d03a1b,9.91051,78.1158,"India, Tamil Nadu, Madurai, Melur"
Structural Engineer,Smart Work Consultants,"Melur, Madurai",Engineer,0.0,,,False,0.0,https://www.adzuna.in/details/5816686656?utm_medium=api&utm_source=10d03a1b,9.91051,78.1158,"India, Tamil Nadu, Madurai, Melur"
Area Sales Executive,Loom Solar Pvt. Ltd.,"Edappadi, Salem",Sales Professional,0.0,,"sales, communication, business development",False,0.0,https://www.adzuna.in/details/5812266913?utm_medium=api&utm_source=10d03a1b,11.2204,78.17115,"India, Tamil Nadu, Salem, Edappadi"
Business Development Executive,Unitos Aero Drone,"Salem, Tamil Nadu",Sales Professional,0.0,,"sales, communication, business development",False,0.0,https://www.adzuna.in/land/ad/5848120078?se=IpgZZHSc8RGlrvMe-VN8Yg&utm_medium=api&utm_source=10d03a1b&v=29545E33D629DA3281D83393EF7E0492F291EBAD,11.56305,77.99725,"India, Tamil Nadu, Salem"
Business Development Manager – TW Loans| Salem,CSB Bank,"Salem, Tamil Nadu",Sales Professional,0.0,,"sales, communication, business development",False,0.0,https://www.adzuna.in/details/5725363928?utm_medium=api&utm_source=10d03a1b,11.56305,77.99725,"India, Tamil Nadu, Salem"
Customer Care Manager,Mahindra Finance,"Salem, Tamil Nadu",Customer Support,0.0,,,False,0.0,https://www.adzuna.in/details/5778438069?utm_medium=api&utm_source=10d03a1b,11.56305,77.99725,"India, Tamil Nadu, Salem"
Customer Service,Home First Finance Company,"Salem, Tamil Nadu",Customer Support,0.0,,,False,0.0,https://www.adzuna.in/details/5797506410?utm_medium=api&utm_source=10d03a1b,11.56305,77.99725,"India, Tamil Nadu, Salem"
Electronics Service Engineer,Vishwakarma Consultancy,"Salem, Tamil Nadu",Engineer,0.0,,,False,0.0,https://www.adzuna.in/details/5796417065?utm_medium=api&utm_source=10d03a1b,11.56305,77.99725,"India, Tamil Nadu, Salem"
HR Apprentice (Talent Acquisition & HR Operations),Springreen,"Salem, Tamil Nadu",HR Professional,0.0,,,False,0.0,https://www.adzuna.in/details/5794911151?utm_medium=api&utm_source=10d03a1b,11.56305,77.99725,"India, Tamil Nadu, Salem"
HR Recruiter - Talent Acquisition,SR UNIVERSE TECH,"Salem, Tamil Nadu",HR Professional,0.0,,,False,0.0,https://www.adzuna.in/details/5150834323?utm_medium=api&utm_source=10d03a1b,11.56305,77.99725,"India, Tamil Nadu, Salem"
High School History Teacher,Salem Academy Charter School,"Salem, Tamil Nadu",Teacher / Educator,0.0,,"communication, training, assessment",False,0.0,https://www.adzuna.in/details/5412326317?utm_medium=api&utm_source=10d03a1b,11.56305,77.99725,"India, Tamil Nadu, Salem"
High School Math Teacher,Salem Academy Charter School,"Salem, Tamil Nadu",Teacher / Educator,0.0,,"communication, training, assessment",False,0.0,https://www.adzuna.in/details/5412331800?utm_medium=api&utm_source=10d03a1b,11.56305,77.99725,"India, Tamil Nadu, Salem"
Human Resources Officer,Isha Life Private Limited,"Salem, Tamil Nadu",HR Professional,0.0,,,False,0.0,https://www.adzuna.in/details/5802074646?utm_medium=api&utm_source=10d03a1b,11.56305,77.99725,"India, Tamil Nadu, Salem"
Medical Coder,Vee Healthtek Private Limited,"Salem, Tamil Nadu",Medical Coder,0.0,,,False,0.0,https://www.adzuna.in/details/5794934996?utm_medium=api&utm_source=10d03a1b,11.56305,77.99725,"India, Tamil Nadu, Salem"
"Require a Technical Support Engineer in Salem, Tamil Nadu",TestHiring,"Omalur, Salem",IT Support,0.0,,,False,0.0,https://www.adzuna.in/details/5829382853?utm_medium=api&utm_source=10d03a1b,11.6512,78.1453,"India, Tamil Nadu, Salem, Omalur"
Retail Sales Executive for Footwear Brand company,Atai Marketing Division LLP,"Salem, Tamil Nadu",Sales Professional,0.0,,"sales, communication, business development",False,0.0,https://www.adzuna.in/details/5503837363?utm_medium=api&utm_source=10d03a1b,11.56305,77.99725,"India, Tamil Nadu, Salem"
Sales Executives,Niffa Fmcg Ventures,"Salem, Tamil Nadu",Sales Professional,0.0,,"sales, communication, business development",False,0.0,https://www.adzuna.in/details/5146509182?utm_medium=api&utm_source=10d03a1b,11.56305,77.99725,"India, Tamil Nadu, Salem"
Sales Manager,Poonik Technology Private Limited,"Salem, Tamil Nadu",Sales Professional,0.0,,"sales, communication, business development",False,0.0,https://www.adzuna.in/details/5794935026?utm_medium=api&utm_source=10d03a1b,11.56305,77.99725,"India, Tamil Nadu, Salem"
Sr. Business Development Executive - Gold Loan| Salem,CSB Bank,"Salem, Tamil Nadu",Sales Professional,0.0,,"sales, communication, business development",False,0.0,https://www.adzuna.in/details/5707445122?utm_medium=api&utm_source=10d03a1b,11.56305,77.99725,"India, Tamil Nadu, Salem"
WE ARE HIRIING FOR STAFF NURSE I,AdPost4U Classifieds,"Salem, Tamil Nadu",Nurse,0.0,,"patient care, nursing, communication",False,0.0,https://www.adzuna.in/details/5812180146?utm_medium=api&utm_source=10d03a1b,11.56305,77.99725,"India, Tamil Nadu, Salem"
WE ARE HIRING HR EXECUTIVE IN SA,AdPost4U Classifieds,"Salem, Tamil Nadu",HR Professional,0.0,,,False,0.0,https://www.adzuna.in/details/5812180126?utm_medium=api&utm_source=10d03a1b,11.56305,77.99725,"India, Tamil Nadu, Salem"
A-Levels Mathematics Teacher,Trivandrum International School,"Thiruvananthapuram, Kerala",Teacher / Educator,0.0,,"communication, training, assessment",False,0.0,https://www.adzuna.in/land/ad/5818525026?se=YAF-cXSc8RGQor-L2zKR7A&utm_medium=api&utm_source=10d03a1b&v=749FA7387B0B09735F244967D0B105C2C101494D,8.38159,77.0037,"India, Kerala, Thiruvananthapuram"
B2B Sales Manager,Extramarks,"Trivandrum, Thiruvananthapuram",Sales Professional,0.0,,"sales, communication, business development",False,0.0,https://www.adzuna.in/land/ad/5829060169?se=YAF-cXSc8RGQor-L2zKR7A&utm_medium=api&utm_source=10d03a1b&v=4B090184572F7035B5CC1B1E11B8D98A586AEAFA,8.49239,76.93365,"India, Kerala, Thiruvananthapuram, Trivandrum"
Business Development Executive / Manager ( Medical Device /Medical Equipment),Genrobotic Innovations Private Limited,"Thiruvananthapuram, Kerala",Sales Professional,0.0,,"sales, communication, business development",False,0.0,https://www.adzuna.in/details/5739278098?utm_medium=api&utm_source=10d03a1b,8.38159,77.0037,"India, Kerala, Thiruvananthapuram"
Business Development Intern,Genrobotic Innovations Private Limited,"Thiruvananthapuram, Kerala",Sales Professional,0.0,,"sales, communication, business development",False,0.0,https://www.adzuna.in/details/5828584430?utm_medium=api&utm_source=10d03a1b,8.38159,77.0037,"India, Kerala, Thiruvananthapuram"
Control System Engineer ( 3 - 4 Years),Genrobotic Innovations Private Limited,"Thiruvananthapuram, Kerala",Engineer,0.0,,,False,0.0,https://www.adzuna.in/details/5849116172?utm_medium=api&utm_source=10d03a1b,8.38159,77.0037,"India, Kerala, Thiruvananthapuram"
"Counter sales Executive - Kerala (Kowdiar, Thiruvananthapuram)",2coms,"Trivandrum, Thiruvananthapuram",Sales Professional,0.0,,"sales, communication, business development",False,0.0,https://www.adzuna.in/details/5818782078?utm_medium=api&utm_source=10d03a1b,8.50498,76.9623,"India, Kerala, Thiruvananthapuram, Trivandrum"
Data Analyst,,"Thiruvananthapuram, Kerala",Data Professional,0.0,,,False,0.0,https://www.adzuna.in/details/4686704238?utm_medium=api&utm_source=10d03a1b,8.38159,77.0037,"India, Kerala, Thiruvananthapuram"
Power System Engineer Intern,Blue Ripples Technologies,"Trivandrum, Thiruvananthapuram",Engineer,0.0,,,False,0.0,https://www.adzuna.in/details/5826767224?utm_medium=api&utm_source=10d03a1b,8.48925,76.95275,"India, Kerala, Thiruvananthapuram, Trivandrum"
QA Engineer,Terveys Technology Solutions Pvt Ltd,"Trivandrum, Thiruvananthapuram",Engineer,0.0,,,False,0.0,https://www.adzuna.in/land/ad/5829374085?se=YAF-cXSc8RGQor-L2zKR7A&utm_medium=api&utm_source=10d03a1b&v=82688D181989D6EBB671766EAC99693A6346FB8A,8.49239,76.93365,"India, Kerala, Thiruvananthapuram, Trivandrum"
Reinforcement Learning (RL) Engineer (2 - 4 Years),Genrobotic Innovations Private Limited,"Thiruvananthapuram, Kerala",Engineer,0.0,,,False,0.0,https://www.adzuna.in/details/5849116333?utm_medium=api&utm_source=10d03a1b,8.38159,77.0037,"India, Kerala, Thiruvananthapuram"
Sales & Marketing Executive,Blue Ripples Technologies,"Trivandrum, Thiruvananthapuram",Marketing Professional,0.0,,,False,0.0,https://www.adzuna.in/details/5814174618?utm_medium=api&utm_source=10d03a1b,8.70012,76.84125,"India, Kerala, Thiruvananthapuram, Trivandrum"
Sales Executive,Chaosology Technologies Private Limited,"Trivandrum, Thiruvananthapuram",Sales Professional,0.0,,"sales, communication, business development",False,0.0,https://www.adzuna.in/details/5835895535?utm_medium=api&utm_source=10d03a1b,8.54904,76.92725,"India, Kerala, Thiruvananthapuram, Trivandrum"
Sales Executive / Sales Officer,Genrobotic Innovations Private Limited,"Thiruvananthapuram, Kerala",Sales Professional,0.0,,"sales, communication, business development",False,0.0,https://www.adzuna.in/details/5753772512?utm_medium=api&utm_source=10d03a1b,8.38159,77.0037,"India, Kerala, Thiruvananthapuram"
Senior Associate Insurance Operations (Accounts Receivable),Allianz Services,"Trivandrum, Thiruvananthapuram",Finance / Accounting,0.0,,"excel, accounting, documentation",False,0.0,https://www.adzuna.in/land/ad/5818524375?se=YAF-cXSc8RGQor-L2zKR7A&utm_medium=api&utm_source=10d03a1b&v=AFCA88CB75DDA971A1A2AF79D6B33B2B14EC4747,8.49239,76.93365,"India, Kerala, Thiruvananthapuram, Trivandrum"
Senior HR Recruiter (3 - 6 Years),Genrobotic Innovations Private Limited,"Thiruvananthapuram, Kerala",HR Professional,0.0,,,False,0.0,https://www.adzuna.in/details/5786195165?utm_medium=api&utm_source=10d03a1b,8.38159,77.0037,"India, Kerala, Thiruvananthapuram"
Senior Sales Manager,Avtar Career Creators Limited,"Trivandrum, Thiruvananthapuram",Sales Professional,0.0,,"sales, communication, business development",False,0.0,https://www.adzuna.in/land/ad/5801396066?se=YAF-cXSc8RGQor-L2zKR7A&utm_medium=api&utm_source=10d03a1b&v=50FCD5AF0F85C68DB6D22AE7B198D786D4AB47EF,8.49239,76.93365,"India, Kerala, Thiruvananthapuram, Trivandrum"
Area Sales Executive,Loom Solar Pvt. Ltd.,"Srirangam, Tiruchirappalli",Sales Professional,0.0,,"sales, communication, business development",False,0.0,https://www.adzuna.in/details/5830625066?utm_medium=api&utm_source=10d03a1b,10.61229,78.7583,"India, Tamil Nadu, Tiruchirappalli, Srirangam"
Area Sales Manager,Loom Solar Pvt. Ltd.,"Srirangam, Tiruchirappalli",Sales Professional,0.0,,"sales, communication, business development",False,0.0,https://www.adzuna.in/details/5830625067?utm_medium=api&utm_source=10d03a1b,10.61229,78.7583,"India, Tamil Nadu, Tiruchirappalli, Srirangam"
Chartered Accountant - Karur,Smart Work Consultants,"Thottiam, Tiruchirappalli",Finance / Accounting,0.0,,"excel, accounting, documentation",False,0.0,https://www.adzuna.in/details/5774455185?utm_medium=api&utm_source=10d03a1b,10.96075,78.0801,"India, Tamil Nadu, Tiruchirappalli, Thottiam"
Customer Care,,"Tiruchirappalli, Tamil Nadu",Customer Support,0.0,,,False,0.0,https://www.adzuna.in/details/4686699777?utm_medium=api&utm_source=10d03a1b,10.8091,78.66775,"India, Tamil Nadu, Tiruchirappalli"
Customer Service - Sales - Housing - EM - Sales - Tiruchirappalli - VIP Towers - CRE,Tata Capital,"Tiruchirappalli, Tamil Nadu",Customer Support,0.0,,,False,0.0,https://www.adzuna.in/details/4872702145?utm_medium=api&utm_source=10d03a1b,10.8091,78.66775,"India, Tamil Nadu, Tiruchirappalli"
Data Engineer,eTalent Services,"Tiruchirappalli, Tamil Nadu",Data Professional,0.0,,,False,0.0,https://www.adzuna.in/details/5440535894?utm_medium=api&utm_source=10d03a1b,10.8091,78.66775,"India, Tamil Nadu, Tiruchirappalli"
Deputy Sales Manager - Secured Business Loans Tiruchirappalli - Somarasampettai J Grades,Tata Capital,"Tiruchirappalli, Tamil Nadu",Sales Professional,0.0,,"sales, communication, business development",False,0.0,https://www.adzuna.in/details/4801526305?utm_medium=api&utm_source=10d03a1b,10.8091,78.66775,"India, Tamil Nadu, Tiruchirappalli"
Electronics / Electrical / Instrumentation Engineer,Sisco Jobs,"Srirangam, Tiruchirappalli",Engineer,0.0,,,False,0.0,https://www.adzuna.in/details/5833752728?utm_medium=api&utm_source=10d03a1b,10.80595,78.69665,"India, Tamil Nadu, Tiruchirappalli, Srirangam"
Engineer / Senior Engineer - Casting Development,Sanmar Matrix Metals Limited,"Tiruchirappalli, Tamil Nadu",Engineer,0.0,,,False,0.0,https://www.adzuna.in/land/ad/5819297306?se=_p4-ZnSc8RGQor-L2zKR7A&utm_medium=api&utm_source=10d03a1b&v=B197A90F77F39E46DF92B8D2487BA46B18746A85,10.8091,78.66775,"India, Tamil Nadu, Tiruchirappalli"
Field Sales Executive,Elookads,"Trichy, Tiruchirappalli",Sales Professional,0.0,,"sales, communication, business development",False,0.0,https://www.adzuna.in/details/2160609470?utm_medium=api&utm_source=10d03a1b,10.9256,78.78335,"India, Tamil Nadu, Tiruchirappalli, Trichy"
Graphic Designer,Chithramaya creatives,"Tiruchirappalli, Tamil Nadu",Graphic Designer,0.0,,,False,0.0,https://www.adzuna.in/land/ad/5845682613?se=_p4-ZnSc8RGQor-L2zKR7A&utm_medium=api&utm_source=10d03a1b&v=6D7CBB950D4ED837AE27C9DE3CA4E6BF630B5ABD,10.8091,78.66775,"India, Tamil Nadu, Tiruchirappalli"
Lead US IT Recruiter,VDart,"Tiruchirappalli, Tamil Nadu",HR Professional,0.0,,,False,0.0,https://www.adzuna.in/details/5333342188?utm_medium=api&utm_source=10d03a1b,10.8091,78.66775,"India, Tamil Nadu, Tiruchirappalli"
Production Planning & Control Engineer,Sisco Jobs,"Trichy, Tiruchirappalli",Engineer,0.0,,,False,0.0,https://www.adzuna.in/details/5809616604?utm_medium=api&utm_source=10d03a1b,10.9256,78.78335,"India, Tamil Nadu, Tiruchirappalli, Trichy"
Project Manager / Civil Engineer,Sisco Jobs,"Trichy, Tiruchirappalli",Engineer,0.0,,,False,0.0,https://www.adzuna.in/details/5809616600?utm_medium=api&utm_source=10d03a1b,10.9256,78.78335,"India, Tamil Nadu, Tiruchirappalli, Trichy"
Recruitment Specialist,Vagus Technologies,"Tiruchirappalli, Tamil Nadu",HR Professional,0.0,,,False,0.0,https://www.adzuna.in/details/1171509703?utm_medium=api&utm_source=10d03a1b,10.8091,78.66775,"India, Tamil Nadu, Tiruchirappalli"
Senior Full Stack Developer,ZyBiSys,"Tiruchirappalli, Tamil Nadu",Software Developer,0.0,,"git, python, javascript, testing",False,0.0,https://www.adzuna.in/details/5055438370?utm_medium=api&utm_source=10d03a1b,10.8091,78.66775,"India, Tamil Nadu, Tiruchirappalli"
State HR Manager - MFB - Tiruchirappalli - Ram Arcade - JM,Tata Capital,"Tiruchirappalli, Tamil Nadu",HR Professional,0.0,,,False,0.0,https://www.adzuna.in/details/4801381571?utm_medium=api&utm_source=10d03a1b,10.8091,78.66775,"India, Tamil Nadu, Tiruchirappalli"
US IT Recruiter,VDart,"Tiruchirappalli, Tamil Nadu",HR Professional,0.0,,,False,0.0,https://www.adzuna.in/details/5333342193?utm_medium=api&utm_source=10d03a1b,10.8091,78.66775,"India, Tamil Nadu, Tiruchirappalli"
Business Development Executive - Gold Loan| Radhapuram,CSB Bank,"Radhapuram, Tirunelveli",Sales Professional,0.0,,"sales, communication, business development",False,0.0,https://www.adzuna.in/details/5578267507?utm_medium=api&utm_source=10d03a1b,8.78541,77.64205,"India, Tamil Nadu, Tirunelveli, Radhapuram"
Business Development Executive - Gold Loan| Tirunelveli,CSB Bank,"Tirunelveli, Tamil Nadu",Sales Professional,0.0,,"sales, communication, business development",False,0.0,https://www.adzuna.in/details/5830591878?utm_medium=api&utm_source=10d03a1b,8.7256,77.69625,"India, Tamil Nadu, Tirunelveli"
Business Development Executive – US Recruitment & Staffing (Freshers),Confidential,"Tirunelveli, Tamil Nadu",Sales Professional,0.0,,"sales, communication, business development",False,0.0,https://www.adzuna.in/land/ad/5845683499?se=mA8yaHSc8RGqn_jkSy3S8Q&utm_medium=api&utm_source=10d03a1b&v=BD1D928521DE808A2D79BD4253775727F712E88F,8.7256,77.69625,"India, Tamil Nadu, Tirunelveli"
"Channel Sales Executive, Software Engineering, Hr Recruiter",AANZARA CORPORATE,"Tirunelveli, Tamil Nadu",Software Developer,0.0,,"git, python, javascript, testing",False,0.0,https://www.adzuna.in/details/5815987791?utm_medium=api&utm_source=10d03a1b,8.7256,77.69625,"India, Tamil Nadu, Tirunelveli"
Design Engineer – SAS (Switchgear),Hudson Manpower,"Tirunelveli, Tamil Nadu",Engineer,0.0,,,False,0.0,https://www.adzuna.in/details/5811746409?utm_medium=api&utm_source=10d03a1b,8.7256,77.69625,"India, Tamil Nadu, Tirunelveli"
Digital Marketing Executive,Smart Work Consultants,"Palayankottai, Tirunelveli",Marketing Professional,0.0,,,False,0.0,https://www.adzuna.in/details/5816686651?utm_medium=api&utm_source=10d03a1b,8.7256,77.69625,"India, Tamil Nadu, Tirunelveli, Palayankottai"
Engineer,,"Tirunelveli, Tamil Nadu",Engineer,0.0,,,False,0.0,https://www.adzuna.in/details/4686701233?utm_medium=api&utm_source=10d03a1b,8.7256,77.69625,"India, Tamil Nadu, Tirunelveli"
Finance Executive,Varun Beverages Limited,"Tirunelveli, Tamil Nadu",Finance / Accounting,0.0,,"excel, accounting, documentation",False,0.0,https://www.adzuna.in/details/5817917308?utm_medium=api&utm_source=10d03a1b,8.7256,77.69625,"India, Tamil Nadu, Tirunelveli"
IT Support & Systems Coordinator,2coms,"Sivagiri, Tirunelveli",IT Support,0.0,,,False,0.0,https://www.adzuna.in/details/5845536900?utm_medium=api&utm_source=10d03a1b,9.36744,77.70605,"India, Tamil Nadu, Tirunelveli, Sivagiri"
Medical Coder,,"Tirunelveli, Tamil Nadu",Medical Coder,0.0,,,False,0.0,https://www.adzuna.in/details/4686704110?utm_medium=api&utm_source=10d03a1b,8.7256,77.69625,"India, Tamil Nadu, Tirunelveli"
Rotating Engineer – Onshore Reliability,Hudson Manpower,"Tirunelveli, Tamil Nadu",Engineer,0.0,,,False,0.0,https://www.adzuna.in/details/5835210946?utm_medium=api&utm_source=10d03a1b,8.7256,77.69625,"India, Tamil Nadu, Tirunelveli"
Senior Engineer / Assistant Manager - Electrical & Electronic Maintenance,Bosch Group,"Tirunelveli, Tamil Nadu",Engineer,0.0,,,False,0.0,https://www.adzuna.in/details/5835624708?utm_medium=api&utm_source=10d03a1b,8.7256,77.69625,"India, Tamil Nadu, Tirunelveli"
Business Development Executive - Gold Loan| Vellore,CSB Bank,"Vellore, Tamil Nadu",Sales Professional,0.0,,"sales, communication, business development",False,0.0,https://www.adzuna.in/details/5707480346?utm_medium=api&utm_source=10d03a1b,12.93975,79.3664,"India, Tamil Nadu, Vellore"
Client & Customer Service Analyst,Deutsche Bank,"Vellore, Tamil Nadu",Customer Support,0.0,,,False,0.0,https://www.adzuna.in/land/ad/5846723305?se=mGgEanSc8RGlrvMe-VN8Yg&utm_medium=api&utm_source=10d03a1b&v=EDA1F6966260F576633ECD2DC16A0DEC3E2E6852,12.93975,79.3664,"India, Tamil Nadu, Vellore"
Client & Customer Service Analyst,Deutsche Bank,"Vellore, Tamil Nadu",Customer Support,0.0,,,False,0.0,https://www.adzuna.in/details/5843171485?utm_medium=api&utm_source=10d03a1b,12.93975,79.3664,"India, Tamil Nadu, Vellore"
Customer Service,Home First Finance Company,"Vellore, Tamil Nadu",Customer Support,0.0,,,False,0.0,https://www.adzuna.in/details/5797506428?utm_medium=api&utm_source=10d03a1b,12.93975,79.3664,"India, Tamil Nadu, Vellore"
EV 2 Wheeler Sales Executive - Kerala,2coms,"Vellore, Tamil Nadu",Sales Professional,0.0,,"sales, communication, business development",False,0.0,https://www.adzuna.in/details/5835895681?utm_medium=api&utm_source=10d03a1b,13.19565,79.10045,"India, Tamil Nadu, Vellore"
Robotics trainer cum research engineer,Otomatiks,"Vellore, Tamil Nadu",Engineer,0.0,,,False,0.0,https://www.adzuna.in/details/3104610462?utm_medium=api&utm_source=10d03a1b,12.93975,79.3664,"India, Tamil Nadu, Vellore"
Sales Manager - DSA,Hero Housing Finance,"Vellore, Tamil Nadu",Sales Professional,0.0,,"sales, communication, business development",False,0.0,https://www.adzuna.in/details/5831404224?utm_medium=api&utm_source=10d03a1b,12.93975,79.3664,"India, Tamil Nadu, Vellore"
Sales Manager - Vellore,Kissht,"Vellore, Tamil Nadu",Sales Professional,0.0,,"sales, communication, business development",False,0.0,https://www.adzuna.in/details/5794761590?utm_medium=api&utm_source=10d03a1b,12.93975,79.3664,"India, Tamil Nadu, Vellore"
"Senior Officer, Sales Manager, Customer Loan Against Property, Consumer Banking Group",DBS Bank,"Vellore, Tamil Nadu",Sales Professional,0.0,,"sales, communication, business development",False,0.0,https://www.adzuna.in/details/5818417612?utm_medium=api&utm_source=10d03a1b,12.93975,79.3664,"India, Tamil Nadu, Vellore"
Sr. Business Development Executive - Gold Loan| Vellore,CSB Bank,"Vellore, Tamil Nadu",Sales Professional,0.0,,"sales, communication, business development",False,0.0,https://www.adzuna.in/details/5746741025?utm_medium=api&utm_source=10d03a1b,12.93975,79.3664,"India, Tamil Nadu, Vellore"
Teacher,Sunbeam Schools,"Vellore, Tamil Nadu",Teacher / Educator,0.0,,"communication, training, assessment",False,0.0,https://www.adzuna.in/details/4801438166?utm_medium=api&utm_source=10d03a1b,12.93975,79.3664,"India, Tamil Nadu, Vellore"
"Teacher Recruitment 2026 – Pre-Primary, PRT & TGT Teachers | Vellore Elite School (CBSE)",IITEDU – International Institute of Teacher Education,"Vellore, Tamil Nadu",Teacher / Educator,0.0,,"communication, training, assessment",False,0.0,https://www.adzuna.in/details/5813701408?utm_medium=api&utm_source=10d03a1b,12.93975,79.3664,"India, Tamil Nadu, Vellore"
