source,source_job_id,job_title,company,location,location_area,searched_location,latitude,longitude,salary_min,salary_max,salary_is_predicted,contract_type,contract_time,category,description,created,redirect_url,profession_category,search_term,detected_job_profession,skill_match_percentage,matched_skills,missing_candidate_skills,matched_skill_count,missing_skill_count,final_match_score,candidate_role,job_role,role_score,role_skill_gaps,final_role_aware_score
Adzuna,5842123230,"MBBS,MD MPH / MHA - Appeals",PrimEra Medical Technologies,"Hyderabad, Telangana","['India', 'Telangana', 'Hyderabad']",Hyderabad,17.40275,78.50806,,,0,,,Healthcare & Nursing Jobs,"Job Description Ø Clinical audit of a patient’s Electronic Hospital Records (EHR) Ø Focusing on evaluation, assessment, treatment, and monitoring of existing or missing clinical conditions in EHR Ø Query the physician on missing documentation for final diagnosis, leading to strengthening of documentation on medical records Ø Clinical interpretation of medical diagnosis and assigning of the ICD-10 (International Classification of Diseases) codes based on the available clinical documentation for …",2026-08-15T00:26:10Z,https://www.adzuna.in/land/ad/5842123230?se=rGN7MIec8RGwBe63zKMEtw&utm_medium=api&utm_source=10d03a1b&v=963350E02DC141E4270F947D9543FD8F1059464B,Healthcare,physician,Healthcare,36.36,"MBBS, MD, Diagnosis, Clinical Documentation","General Medicine, Doctor, Patient Assessment, Emergency Care, BLS, ACLS, Patient Counselling",4,7,45.91,Doctor / Physician,Doctor / Physician,50,Medical Records,73.64
Adzuna,5809616602,Medical Consultant,Tricog Health Pvt. Ltd.,"Venkatarangapura, Bangalore","['India', 'Karnataka', 'Bangalore', 'Venkatarangapura']",Bengaluru,13.00835,77.56145,400000.0,400000.0,0,permanent,,Healthcare & Nursing Jobs,This is a remote position. Position: Consultant Physician/ Non-invasive Cardiologist. Qualification: MBBS MD[General Medicine/Internal Medicine] MBBS DNB[General Medicine/Internal Medicine] MBBSPGDCC/FNIC Experience: 5 years post MBBS. Responsibilities: Identify and report ECGs accurately and promptly within the TAT and extend support by guiding the Doctors/ Customers. Review the patient's ECG and send the reports to hospitals/ clinics/ diagnostic centers/ nursing homes around the clock without…,2026-07-22T00:39:37Z,https://www.adzuna.in/details/5809616602?utm_medium=api&utm_source=10d03a1b,Healthcare,physician,Healthcare,36.36,"MBBS, MD, General Medicine, Doctor","Patient Assessment, Diagnosis, Emergency Care, BLS, ACLS, Clinical Documentation, Patient Counselling",4,7,30.91,Doctor / Physician,Doctor / Physician,50,,73.64
Adzuna,5834649543,MD General Medicine Doctor,Dr. Kennedys Saraswathy Multispeciality Hospital,"Chennai, Tamil Nadu","['India', 'Tamil Nadu', 'Chennai']",Chennai,13.06041,80.24963,,,0,,,Healthcare & Nursing Jobs,"We're Hiring – MD General Medicine Doctor Join Saraswathy Multispeciality Hospital and be part of a team dedicated to delivering quality, patient-centered healthcare. Position: MD General Medicine Doctor Locations: Tambaram & Madipakkam What We're Looking For: MD in General Medicine Strong clinical and diagnostic skills Excellent patient care and communication Commitment to ethical medical practice Ability to work collaboratively in a multidisciplinary team If you're passionate about making a m…",2026-08-09T18:06:22Z,https://www.adzuna.in/land/ad/5834649543?se=_vMKtYac8RGwBe63zKMEtw&utm_medium=api&utm_source=10d03a1b&v=8C82AE16BAF8190D9B412CEE3F01B0887E469837,Healthcare,doctor,Healthcare,27.27,"MD, General Medicine, Doctor","MBBS, Patient Assessment, Diagnosis, Emergency Care, BLS, ACLS, Clinical Documentation, Patient Counselling",3,8,38.18,Doctor / Physician,Doctor / Physician,50,Patient Care,67.73
Adzuna,5646958609,General Medicine(MBBS),Pentabay Softwares,"Chennai, Tamil Nadu","['India', 'Tamil Nadu', 'Chennai']",Chennai,13.06041,80.24963,300000.0,900000.0,0,contract,full_time,Healthcare & Nursing Jobs,"Job Title: General Physician (MBBS) Location: Anna Salai (Mount Road), Chennai Employment Type: Full-Time, Onsite Company: Pentabay Softwares Role Overview We are looking for a registered MBBS Doctor to manage our walk-in clinic and support healthcare-related projects and Online consultations Virtually .This role is ideal for a practitioner who enjoys a mix of active clinical practice and contributing to medical-tech workflows. You will be responsible for providing high-quality primary care to …",2026-02-27T11:14:10Z,https://www.adzuna.in/details/5646958609?utm_medium=api&utm_source=10d03a1b,Healthcare,doctor,Healthcare,27.27,"MBBS, General Medicine, Doctor","MD, Patient Assessment, Diagnosis, Emergency Care, BLS, ACLS, Clinical Documentation, Patient Counselling",3,8,38.18,Doctor / Physician,Doctor / Physician,50,,67.73
Adzuna,5830416661,Physician MD General Medicine or equivalent,Grace Kennett Foundation Hospital,"Madurai, Tamil Nadu","['India', 'Tamil Nadu', 'Madurai']",Madurai,9.91051,78.1158,,,0,,,Healthcare & Nursing Jobs,"MBBS with MD (General Medicine) or equivalent qualification Valid medical registration Strong clinical judgment and a collaborative approach to patient care Genuine interest in working within a mission-driven healthcare institution If you're looking for a role that offers clinical depth, manageable hours, and a workplace with real institutional purpose, we'd love to hear from you.",2026-08-06T17:50:17Z,https://www.adzuna.in/land/ad/5830416661?se=MBhz04ac8RGgd9X26G9YQA&utm_medium=api&utm_source=10d03a1b&v=DAA341BFE8F0847FB49BFC1C0EE6F89A69C153C8,Healthcare,general physician,Healthcare,27.27,"MBBS, MD, General Medicine","Doctor, Patient Assessment, Diagnosis, Emergency Care, BLS, ACLS, Clinical Documentation, Patient Counselling",3,8,38.18,Doctor / Physician,Doctor / Physician,50,Patient Care,67.73
Adzuna,4686702935,MBBS Doctor,,"Bangalore, Karnataka","['India', 'Karnataka', 'Bangalore']",Bengaluru,12.95703,77.59837,,,0,,,Healthcare & Nursing Jobs,"We have urgent opening, The details are as follows: Position : MBBS Doctor - General Physician Qualification : MBBS Work Location : HSR Layout, Near Bommanahalli. Hospital Type : Clinic (Out patient Daycare Clinic). Interested candidates can reach me on Nine Zero Three Six double zero five three six five. Regards. Anand. Nine Zero Three Six double zero five three six five",2024-05-10T07:38:36Z,https://www.adzuna.in/details/4686702935?utm_medium=api&utm_source=10d03a1b,Healthcare,doctor,Healthcare,27.27,"MBBS, General Medicine, Doctor","MD, Patient Assessment, Diagnosis, Emergency Care, BLS, ACLS, Clinical Documentation, Patient Counselling",3,8,38.18,Doctor / Physician,Doctor / Physician,50,,67.73
Adzuna,5796417154,Gynaecologist-Female MD,Vishwakarma Consultancy,"Bangalore, Karnataka","['India', 'Karnataka', 'Bangalore']",Bengaluru,,,,,0,,,Healthcare & Nursing Jobs,"Job description: Gynecologist-MD/DGO Min 2-10 for hospital Female Gynaecologist with 2-7 years of experience Perform gynecological examinations and surgeries in a hospital setting Location: Jabalpur, Narsinghpur Employment Type: Full Time, Permanent Role Category: Doctor Education UG: MBBS in Any Specialization PG: Medical-MS/MD in Gyneocology, PG Diploma in Any Specialization Skills: gynecologic surgery , Emergency Services, Treatment, Opd Experience: 2.00-7.00 Years",2026-07-11T07:21:29Z,https://www.adzuna.in/details/5796417154?utm_medium=api&utm_source=10d03a1b,Healthcare,MBBS doctor,Healthcare,27.27,"MBBS, MD, Doctor","General Medicine, Patient Assessment, Diagnosis, Emergency Care, BLS, ACLS, Clinical Documentation, Patient Counselling",3,8,33.18,Doctor / Physician,Doctor / Physician,50,,67.73
Adzuna,5820579863,Wanted General Practioner For Saudi Arabia,Resolve,"Madurai, Tamil Nadu","['India', 'Tamil Nadu', 'Madurai']",Madurai,9.91051,78.1158,,,0,,,Teaching Jobs,"Requirement for Remote Healthcare Professionals in Eastern Region under Tamken Requirements Only Male Candidate Nationality: Indian Qualification: MBBS with minimum 3yrs of experience Salary :16000 SAR OT Role: General Physician Industry Type: Education / Training Department: Healthcare & Life Sciences Employment Type: Full Time, Permanent Role Category: Doctor Education UG: MBBS in Medicine Skills: Medicine Experience: 3.00-7.00 Years",2026-07-30T07:27:58Z,https://www.adzuna.in/details/5820579863?utm_medium=api&utm_source=10d03a1b,Healthcare,doctor,Healthcare,27.27,"MBBS, General Medicine, Doctor","MD, Patient Assessment, Diagnosis, Emergency Care, BLS, ACLS, Clinical Documentation, Patient Counselling",3,8,23.18,Doctor / Physician,Doctor / Physician,50,,67.73
Adzuna,5820579822,Wanted General Practitioner and Specialist For Saudi Arabia,Resolve,"Bangalore, Karnataka","['India', 'Karnataka', 'Bangalore']",Bengaluru,,,,,0,,,Healthcare & Nursing Jobs,"Greetings From RESOLVE ITECH CORP We are hiring DOCTORS for SAUDI GENERAL PHYSICIAN Qualification : MBBS/ Experience : Minimum 3 Years Salary : 8500 SAR Accommodation and Transport Role: Doctor - Other Industry Type: Medical Services / Hospital (Diagnostics) Department: Healthcare & Life Sciences Employment Type: Full Time, Permanent Role Category: Doctor Education UG: MBBS in Medicine Skills: Mbbs, General Surgery, General Practitioner, Gynecology Experience: 3.00-7.00 Years",2026-07-30T07:27:57Z,https://www.adzuna.in/details/5820579822?utm_medium=api&utm_source=10d03a1b,Healthcare,doctor,Healthcare,27.27,"MBBS, General Medicine, Doctor","MD, Patient Assessment, Diagnosis, Emergency Care, BLS, ACLS, Clinical Documentation, Patient Counselling",3,8,23.18,Doctor / Physician,Doctor / Physician,50,,67.73
Adzuna,4686704811,Cosmetologist,,"Hyderabad, Telangana","['India', 'Telangana', 'Hyderabad']",Hyderabad,17.40275,78.50806,,,0,,,Creative & Design Jobs,"Looking for Doctors with cosmetology experience, positions hiring for: Cosmetology Doctors. Cosmetology Doctor assistants / Skin therapist. (with good knowledge on skin and hair) MD Dermat / MBBS, PG-Diploma in Dermatology Skills Candidates with good skills in cosmetology (Skin/Hair) Doctors with cosmetology experience (Skin/Hair) Any cosmetology certifications (Skin/Hair) Skin Therapists with good cosmetology training skills. Contact Details: Interested candidates can forward your resumes to r…",2024-05-10T07:38:50Z,https://www.adzuna.in/details/4686704811?utm_medium=api&utm_source=10d03a1b,Healthcare,doctor,Healthcare,27.27,"MBBS, MD, Doctor","General Medicine, Patient Assessment, Diagnosis, Emergency Care, BLS, ACLS, Clinical Documentation, Patient Counselling",3,8,23.18,Doctor / Physician,Doctor / Physician,50,,67.73
Adzuna,4686702626,Medical Representative,,"Hyderabad, Telangana","['India', 'Telangana', 'Hyderabad']",Hyderabad,17.40275,78.50806,,,0,,,Healthcare & Nursing Jobs,"We have below opening in Pharmaceutical Company Designation: Medical Representative Location: Central Hyderabad Gender: Male Education: D. Pharm., B. Pharm., B.Sc Chemistry., B.Com., Experience: Minimum 2 years as Medical Representative in top 200 Pharma companies only. Specialization in Doctors of General Physician ( MBBS ) , Gynecologist and orthopedics Communication Skills: Candidate should have good communication in English Language Salary: Negotiable from current CTC, but for good potentia…",2024-05-10T07:38:33Z,https://www.adzuna.in/details/4686702626?utm_medium=api&utm_source=10d03a1b,Healthcare,general physician,Healthcare,27.27,"MBBS, General Medicine, Doctor","MD, Patient Assessment, Diagnosis, Emergency Care, BLS, ACLS, Clinical Documentation, Patient Counselling",3,8,23.18,Doctor / Physician,Doctor / Physician,50,,67.73
Adzuna,5828603281,Consultant - Intensivise Care,Kamineni Hospitals Private Limited,"Hyderabad, Telangana","['India', 'Telangana', 'Hyderabad']",Hyderabad,17.40275,78.50806,,,0,,,Healthcare & Nursing Jobs,"Job description : We are looking for Intensive care doctors for our Multi specalty hospitals location in Hyderabad. Below are the requirements: Designation : Consultant / Junior consultant Department : ICU / Anesthesiology Education : MBBS and MD / DNB in Anesthesiology or Critical care Salary : 1 lakh to 2 lakhs per month. Job Description: Administer sedation or anesthesia during medical procedures, whether local, intravenous, caudal or spinal. Monitor and assess patients vital signs before, d…",2026-08-05T07:25:15Z,https://www.adzuna.in/details/5828603281?utm_medium=api&utm_source=10d03a1b,Healthcare,physician,Healthcare,27.27,"MBBS, MD, Doctor","General Medicine, Patient Assessment, Diagnosis, Emergency Care, BLS, ACLS, Clinical Documentation, Patient Counselling",3,8,23.18,Doctor / Physician,Doctor / Physician,50,,67.73
Adzuna,5827735925,MBBS Doctors for Content creation (for EHR/EMR) USMLE / NEET PG candidates,DesignMedicine,"Bangalore, Karnataka","['India', 'Karnataka', 'Bangalore']",Bengaluru,,,,,0,,full_time,Healthcare & Nursing Jobs,"We are hiring MBBS Doctors to develop management protocols, clinical decision support and reference content for next generation electronic health records. Full time, remote role Monday to Friday only (weekends are off) You will work on creating various forms of medical content Learn while you work Dynamic, academic and stress free work environment Work with leaders in digital health. What we are looking for Candidates who are academically sound, strong knowledge of practice of medicine Someone …",2026-08-04T17:45:22Z,https://www.adzuna.in/land/ad/5827735925?se=dhG6FYec8RGwBe63zKMEtw&utm_medium=api&utm_source=10d03a1b&v=8CD3B72E0A0A93342497B508FFBB8258FB3CB5E3,Healthcare,doctor,Healthcare,18.18,"MBBS, Doctor","MD, General Medicine, Patient Assessment, Diagnosis, Emergency Care, BLS, ACLS, Clinical Documentation, Patient Counselling",2,9,30.45,Doctor / Physician,Doctor / Physician,50,,61.82
Adzuna,4686703695,MBBS Doctor,,"Hyderabad, Telangana","['India', 'Telangana', 'Hyderabad']",Hyderabad,17.40275,78.50806,,,0,,,Healthcare & Nursing Jobs,"Patient Home Visits. Prescribe or administer treatment, therapy, medication, vaccination, and other specialized medical care to treat or prevent illness, disease or injury. Collect, record, and maintain patient information.",2024-05-10T07:38:41Z,https://www.adzuna.in/details/4686703695?utm_medium=api&utm_source=10d03a1b,Healthcare,doctor,Healthcare,18.18,"MBBS, Doctor","MD, General Medicine, Patient Assessment, Diagnosis, Emergency Care, BLS, ACLS, Clinical Documentation, Patient Counselling",2,9,30.45,Doctor / Physician,Doctor / Physician,50,,61.82
Adzuna,5782107375,MBBS Doctor,Al Amani Human Resources Consultancy,"Koyilandi, Kozhikode","['India', 'Kerala', 'Kozhikode', 'Koyilandi']",Kozhikode,11.2293,75.8395,,,0,permanent,full_time,Healthcare & Nursing Jobs,MBBS DOCTORS required for a reputed 5 Star Clinical Resort in Kerala: MBBS Degree with 3 years experience in hospitals / Clinics Valid Medical Council Registration Strong Diagnostic & patient care skills Comprehensive medical knowledge Empathetic communication Immediate joining preferred Benefits: Salary IRs. 1 Lakh/month based on experience Group health benefits and incentives Dynamic work environment Free Recruitment,2026-06-30T19:14:27Z,https://www.adzuna.in/details/5782107375?utm_medium=api&utm_source=10d03a1b,Healthcare,doctor,Healthcare,18.18,"MBBS, Doctor","MD, General Medicine, Patient Assessment, Diagnosis, Emergency Care, BLS, ACLS, Clinical Documentation, Patient Counselling",2,9,30.45,Doctor / Physician,Doctor / Physician,50,Patient Care,61.82
Adzuna,5782690976,MD Dermatologist,Bodycraft,"Chennai, Tamil Nadu","['India', 'Tamil Nadu', 'Chennai']",Chennai,13.06041,80.24963,,,0,,,Healthcare & Nursing Jobs,An aesthetic doctor diagnoses and treats a variety of skin conditions and performs cosmetic procedures to enhance patients' appearance. They provide personalized care and stay updated with the latest advancements in aesthetic medicine. Responsibilities Patient Consultation: Conduct thorough consultations to understand patients' aesthetic goals and medical history. Physical Examinations: Perform skin health assessments and physical examinations. Personalized Treatment Plans: Design treatment pla…,2026-07-01T07:18:33Z,https://www.adzuna.in/details/5782690976?utm_medium=api&utm_source=10d03a1b,Healthcare,doctor,Healthcare,18.18,"MD, Doctor","MBBS, General Medicine, Patient Assessment, Diagnosis, Emergency Care, BLS, ACLS, Clinical Documentation, Patient Counselling",2,9,25.45,Doctor / Physician,Doctor / Physician,50,,61.82
Adzuna,5329697052,Part Time/ Full Time Medical Officer (MBBS),PlexusMD,"Coimbatore, Tamil Nadu","['India', 'Tamil Nadu', 'Coimbatore']",Coimbatore,11.017171,77.100203,,,0,,full_time,Part time Jobs,"Looking for MBBS doctors at our Trust Hospital, 20 kms away from Coimbatore. Accommodation will be provided by the hospital. Knowledge of Tamil language is mandatory. The timings for full time are 10 AM to 6 PM and for part-time are 10 AM to 2 PM and 2 PM to 7 PM.",2025-07-31T17:02:12Z,https://www.adzuna.in/details/5329697052?utm_medium=api&utm_source=10d03a1b,Healthcare,doctor,Healthcare,18.18,"MBBS, Doctor","MD, General Medicine, Patient Assessment, Diagnosis, Emergency Care, BLS, ACLS, Clinical Documentation, Patient Counselling",2,9,25.45,Doctor / Physician,Doctor / Physician,50,,61.82
Adzuna,5782690969,MD Dermatologist,Bodycraft,"Vellore, Tamil Nadu","['India', 'Tamil Nadu', 'Vellore']",Vellore,12.93975,79.3664,,,0,,,Healthcare & Nursing Jobs,An aesthetic doctor diagnoses and treats a variety of skin conditions and performs cosmetic procedures to enhance patients' appearance. They provide personalized care and stay updated with the latest advancements in aesthetic medicine. Responsibilities Patient Consultation: Conduct thorough consultations to understand patients' aesthetic goals and medical history. Physical Examinations: Perform skin health assessments and physical examinations. Personalized Treatment Plans: Design treatment pla…,2026-07-01T07:18:33Z,https://www.adzuna.in/details/5782690969?utm_medium=api&utm_source=10d03a1b,Healthcare,doctor,Healthcare,18.18,"MD, Doctor","MBBS, General Medicine, Patient Assessment, Diagnosis, Emergency Care, BLS, ACLS, Clinical Documentation, Patient Counselling",2,9,25.45,Doctor / Physician,Doctor / Physician,50,,61.82
Adzuna,4686702783,Doctor,,"Bangalore, Karnataka","['India', 'Karnataka', 'Bangalore']",Bengaluru,12.95703,77.59837,,,0,,,Healthcare & Nursing Jobs,"Bhavesh Speciality Clinic- Healthcare facility primarily focused on care of outpatients. Looking for LADY doctors/Even Retired willing to serve their service. Job Title: BAMS/BHMS/BUMS/MBBS / Gynecologist. • Required Experience in hospital or clinic(1year) • Training in medical areas such as Pediatrics, small Surgery , ,Internal Medicine, Gynecology and Community Medicine. • Flexible working hours. • Degree in Medicine (Essential) • Fantastic counselling and listening skills. • Compassionate na…",2024-05-10T07:38:34Z,https://www.adzuna.in/details/4686702783?utm_medium=api&utm_source=10d03a1b,Healthcare,doctor,Healthcare,18.18,"MBBS, Doctor","MD, General Medicine, Patient Assessment, Diagnosis, Emergency Care, BLS, ACLS, Clinical Documentation, Patient Counselling",2,9,25.45,Doctor / Physician,Doctor / Physician,50,,61.82
Adzuna,4686702329,Online Consultation Doctor,,"Bangalore, Karnataka","['India', 'Karnataka', 'Bangalore']",Bengaluru,12.95703,77.59837,,,0,,,Engineering Jobs,"Position: Online consultation doctor, Location: HSR Layout Qualification: MBBS Shift timing: 8AM-4PM, 12PM-8PM, 2PM-10Pm,12AM-8AM KMC is must, 1 year contract, Remote work is available till covid19",2024-05-10T07:38:31Z,https://www.adzuna.in/details/4686702329?utm_medium=api&utm_source=10d03a1b,Healthcare,doctor,Healthcare,18.18,"MBBS, Doctor","MD, General Medicine, Patient Assessment, Diagnosis, Emergency Care, BLS, ACLS, Clinical Documentation, Patient Counselling",2,9,25.45,Doctor / Physician,Doctor / Physician,50,,61.82
Adzuna,5507715738,3838888-Assistant Manager,EXL,"Chennai, Tamil Nadu","['India', 'Tamil Nadu', 'Chennai']",Chennai,13.06041,80.24963,,,0,,full_time,Healthcare & Nursing Jobs,"Description Physicians reviewers - AM Overview: Physician with minimum 1 year of clinical experience and skillset, to review the clinical information/medical record and summarize relevant clinical information based on set of guidelines/criteria. Qualifications: MBBS in India or MD (foreign medical graduates) MCI license – preferred, not mandatory Prior experience with US health care preferred (not mandatory) Computer literate (MS Word, Excel, PPT) Experience: Clinical experience: Minimum 1 year…",2025-11-21T22:30:03Z,https://www.adzuna.in/details/5507715738?utm_medium=api&utm_source=10d03a1b,Healthcare,physician,Healthcare,18.18,"MBBS, MD","General Medicine, Doctor, Patient Assessment, Diagnosis, Emergency Care, BLS, ACLS, Clinical Documentation, Patient Counselling",2,9,15.45,Doctor / Physician,Doctor / Physician,50,Medical Records,61.82
Adzuna,5453638008,3838901-Lead Assistant Manager,EXL,"Chennai, Tamil Nadu","['India', 'Tamil Nadu', 'Chennai']",Chennai,13.06041,80.24963,,,0,,full_time,Healthcare & Nursing Jobs,"Description Physicians reviewers - LAM Overview: Physician with minimum 3 -5 years of clinical experience and skillset, to review the clinical information/medical record and summarize relevant clinical information based on set of guidelines/criteria. Qualifications: MBBS in India or MD (foreign medical graduates) MCI license – preferred, not mandatory Prior experience with US health care Computer literate (MS Word, Excel, PPT) Experience: Clinical experience: Minimum 3-5 years in clinical revie…",2025-10-18T15:07:23Z,https://www.adzuna.in/details/5453638008?utm_medium=api&utm_source=10d03a1b,Healthcare,physician,Healthcare,18.18,"MBBS, MD","General Medicine, Doctor, Patient Assessment, Diagnosis, Emergency Care, BLS, ACLS, Clinical Documentation, Patient Counselling",2,9,15.45,Doctor / Physician,Doctor / Physician,50,Medical Records,61.82
Adzuna,5820579842,Wanted Male/Female Internal Medicine Specialist,Resolve,"Coimbatore, Tamil Nadu","['India', 'Tamil Nadu', 'Coimbatore']",Coimbatore,11.017171,77.100203,,,0,,,Healthcare & Nursing Jobs,"Wanted Male/Female Internal Medicine Specialist Qualification: Masters in respective Specialization Females should be married 3years of experience with Medical License Department: Internal Medicine Salary: 5000-6500 USD Benefits: Food, Tranportation and Accomodation will be provided Role: Doctor - Other Industry Type: Education / Training Department: Healthcare & Life Sciences Employment Type: Full Time, Permanent Role Category: Doctor Education PG: Medical-MS/MD Skills: Medicine Experience: 3.…",2026-07-30T07:27:57Z,https://www.adzuna.in/details/5820579842?utm_medium=api&utm_source=10d03a1b,Healthcare,doctor,Healthcare,18.18,"MD, Doctor","MBBS, General Medicine, Patient Assessment, Diagnosis, Emergency Care, BLS, ACLS, Clinical Documentation, Patient Counselling",2,9,15.45,Doctor / Physician,Doctor / Physician,50,,61.82
Adzuna,5820579843,Wanted Male/ Female Senior Cardiac Anesthesia & ICU Specialist,Resolve,"Coimbatore, Tamil Nadu","['India', 'Tamil Nadu', 'Coimbatore']",Coimbatore,11.017171,77.100203,,,0,,,Healthcare & Nursing Jobs,"Wanted Male/Female Internal Medicine Specialist Qualification: Masters in respective Specialization Females should be married 3years of experience with Medical License Department: Internal Medicine Salary: 5000-6500 USD Benefits: Food, Tranportation and Accomodation will be provided Role: Doctor - Other Industry Type: Education / Training Department: Healthcare & Life Sciences Employment Type: Full Time, Permanent Role Category: Doctor Education PG: Medical-MS/MD Skills: cardiac anesthesia Expe…",2026-07-30T07:27:57Z,https://www.adzuna.in/details/5820579843?utm_medium=api&utm_source=10d03a1b,Healthcare,doctor,Healthcare,18.18,"MD, Doctor","MBBS, General Medicine, Patient Assessment, Diagnosis, Emergency Care, BLS, ACLS, Clinical Documentation, Patient Counselling",2,9,15.45,Doctor / Physician,Doctor / Physician,50,,61.82
Adzuna,5820579841,Wanted Male/Female Chief Medical Officer,Resolve,"Coimbatore, Tamil Nadu","['India', 'Tamil Nadu', 'Coimbatore']",Coimbatore,11.017171,77.100203,,,0,,,Healthcare & Nursing Jobs,"Wanted Male/Female Internal Medicine Specialist Qualification: Masters in respective Specialization Females should be married 3years of experience with Medical License Department: Internal Medicine Salary: 5000-6500 USD Benefits: Food, Tranportation and Accomodation will be provided Role: Doctor - Other Industry Type: Education / Training Department: Healthcare & Life Sciences Employment Type: Full Time, Permanent Role Category: Doctor Education PG: Medical-MS/MD Skills: Medicine Experience: 3.…",2026-07-30T07:27:57Z,https://www.adzuna.in/details/5820579841?utm_medium=api&utm_source=10d03a1b,Healthcare,doctor,Healthcare,18.18,"MD, Doctor","MBBS, General Medicine, Patient Assessment, Diagnosis, Emergency Care, BLS, ACLS, Clinical Documentation, Patient Counselling",2,9,15.45,Doctor / Physician,Doctor / Physician,50,,61.82
Adzuna,1740597138,Android Developer,ExpertEase,"Bangalore, Karnataka","['India', 'Karnataka', 'Bangalore']",Bengaluru,,,1700000.0,2500000.0,0,,full_time,IT Jobs,"Android Developer Purpose of the role Lead Mobile App Development @ DocsApp and Deliver quality app usage experience for DocsApp users & Doctors on the platform. Responsibilities • Develop cutting edge user experience for DocsApp users & doctors on the platform • Design, build, test, deploy, maintain, and enhance android apps • Contribute towards the product roadmap • Work on a interesting range of problems like instant messaging in poor networks, smart diagnosis- personalization for doctors in…",2020-10-04T02:29:59Z,https://www.adzuna.in/details/1740597138?utm_medium=api&utm_source=10d03a1b,Healthcare,doctor,Healthcare,18.18,"Doctor, Diagnosis","MBBS, MD, General Medicine, Patient Assessment, Emergency Care, BLS, ACLS, Clinical Documentation, Patient Counselling",2,9,15.45,Doctor / Physician,Doctor / Physician,50,,61.82
Adzuna,5782684518,SCM Executive,Teamlease Digital Private Limited,"Hyderabad, Telangana","['India', 'Telangana', 'Hyderabad']",Hyderabad,17.40275,78.50806,,,0,,,Accounting & Finance Jobs,"Job Description Oracle SCM, Sales & distribution module, communication, ' Oracle SCM, Sales & distribution module, communication, Oracle SCM, Sales & distribution module, communication, Oracle SCM, Sales & distribution module, communication, Skills: Inventory Management, Data Analysis, Demand Forecasting, Sap Software, Supply Chain, Vendor Management, Process Improvement Experience: 0.00-1.00 Years Education: Master in Landscape Architecture, MBBS, Doctor of Public Health (DrPH), Doctor of Phys…",2026-07-01T07:14:06Z,https://www.adzuna.in/details/5782684518?utm_medium=api&utm_source=10d03a1b,Healthcare,doctor,Healthcare,18.18,"MBBS, Doctor","MD, General Medicine, Patient Assessment, Diagnosis, Emergency Care, BLS, ACLS, Clinical Documentation, Patient Counselling",2,9,15.45,Doctor / Physician,Doctor / Physician,50,,61.82
Adzuna,5834188779,Consultant General Physician (OPD),Medico Hub,"Hyderabad, Telangana","['India', 'Telangana', 'Hyderabad']",Hyderabad,17.40275,78.50806,600000.0,1200000.0,0,,part_time,Healthcare & Nursing Jobs,"Contact Mr Nishant 91050 24073 Urgent Hiring – Consultant General Physician (OPD) Location: Quthubullapur & Suchitra, Hyderabad, Telangana Hospital Type: Multi-Speciality Hospitals Position Consultant General Physician (Evening OPD) Qualification • MD General Medicine OR • DNB General Medicine Registration • Valid NMC / State Medical Council Registration Experience • Experienced candidates preferred • Candidates should be capable of independently managing General Medicine OPD Working Hours…",2026-08-09T06:54:57Z,https://www.adzuna.in/details/5834188779?utm_medium=api&utm_source=10d03a1b,Healthcare,general physician,Healthcare,18.18,"MD, General Medicine","MBBS, Doctor, Patient Assessment, Diagnosis, Emergency Care, BLS, ACLS, Clinical Documentation, Patient Counselling",2,9,15.45,Doctor / Physician,Doctor / Physician,50,,61.82
Adzuna,5822992922,Medical Consultant,MassMutual India,"Hyderabad, Telangana","['India', 'Telangana', 'Hyderabad']",Hyderabad,17.40275,78.50806,,,0,permanent,full_time,Healthcare & Nursing Jobs,Required Qualification MBBS from a recognized medical college. Preferred Experience Minimum 5 years of post-MBBS clinical experience preferred. Senior physicians and specialists with 15 years of clinical practice experience are strongly encouraged to apply. Clinical experience in one or more of the following specialties is preferred: Internal Medicine Critical Care / ICU Emergency Medicine Cardiology Pulmonology Oncology Nephrology Neurology Endocrinology General Medicine Family Medicine with s…,2026-08-01T05:33:42Z,https://www.adzuna.in/details/5822992922?utm_medium=api&utm_source=10d03a1b,Healthcare,physician,Healthcare,18.18,"MBBS, General Medicine","MD, Doctor, Patient Assessment, Diagnosis, Emergency Care, BLS, ACLS, Clinical Documentation, Patient Counselling",2,9,15.45,Doctor / Physician,Doctor / Physician,50,,61.82
Adzuna,5505311553,3838888-Assistant Manager,EXL,"Kochi, Ernakulam","['India', 'Kerala', 'Ernakulam', 'Kochi']",Kochi,9.98011,76.24637,,,0,,full_time,Healthcare & Nursing Jobs,"Description Physicians reviewers - AM Overview: Physician with minimum 1 year of clinical experience and skillset, to review the clinical information/medical record and summarize relevant clinical information based on set of guidelines/criteria. Qualifications: MBBS in India or MD (foreign medical graduates) MCI license – preferred, not mandatory Prior experience with US health care preferred (not mandatory) Computer literate (MS Word, Excel, PPT) Experience: Clinical experience: Minimum 1 year…",2025-11-20T22:23:58Z,https://www.adzuna.in/details/5505311553?utm_medium=api&utm_source=10d03a1b,Healthcare,physician,Healthcare,18.18,"MBBS, MD","General Medicine, Doctor, Patient Assessment, Diagnosis, Emergency Care, BLS, ACLS, Clinical Documentation, Patient Counselling",2,9,15.45,Doctor / Physician,Doctor / Physician,50,Medical Records,61.82
Adzuna,4686706647,Doctor Assistant,,"Chennai, Tamil Nadu","['India', 'Tamil Nadu', 'Chennai']",Chennai,13.06041,80.24963,,,0,,,Healthcare & Nursing Jobs,"taking medical histories and recording vital signs, explaining treatment procedures to patients, preparing patients for examination, and assisting the physician during the examination and good communication skill,Immediate Joinee will be preferred",2024-05-10T07:39:03Z,https://www.adzuna.in/details/4686706647?utm_medium=api&utm_source=10d03a1b,Healthcare,doctor,Healthcare,9.09,Doctor,"MBBS, MD, General Medicine, Patient Assessment, Diagnosis, Emergency Care, BLS, ACLS, Clinical Documentation, Patient Counselling",1,10,17.73,Doctor / Physician,Doctor / Physician,50,,55.91
Adzuna,5828880337,Doctor,Happiest Resume,"Bangalore, Karnataka","['India', 'Karnataka', 'Bangalore']",Bengaluru,,,10000.0,100000.0,0,,full_time,Healthcare & Nursing Jobs,"Position - Industrial Staff Nurse Exp -1yrs Qualification-Bsc Nursing/GNM/ANM Immediate joiners Required Must have Registration Certificate Key Responsibilities: Medical Care: Provide first aid, CPR, and manage medical emergencies. Health Monitoring: Conduct health assessments and maintain medical records. Health Promotion: Implement wellness programs and educate employees on health practices. Safety Collaboration: Work with the Health and Safety team to identify and mitigate workplace hazards.…",2026-08-05T14:47:51Z,https://www.adzuna.in/details/5828880337?utm_medium=api&utm_source=10d03a1b,Healthcare,doctor,Healthcare,9.09,Doctor,"MBBS, MD, General Medicine, Patient Assessment, Diagnosis, Emergency Care, BLS, ACLS, Clinical Documentation, Patient Counselling",1,10,17.73,Doctor / Physician,Doctor / Physician,50,Medical Records,55.91
Adzuna,5828879601,Doctor,Happiest Resume,"Bangalore, Karnataka","['India', 'Karnataka', 'Bangalore']",Bengaluru,,,100000.0,300000.0,0,,full_time,Healthcare & Nursing Jobs,"Key Responsibilities Examine patients, assess medical conditions, and diagnose illnesses accurately Prescribe and administer appropriate medications and treatments Provide emergency and routine medical care as required Maintain detailed and accurate patient medical records Educate patients and families on health conditions, treatment plans, and preventive care Collaborate with nurses, specialists, and healthcare staff for patient care",2026-08-05T14:47:31Z,https://www.adzuna.in/details/5828879601?utm_medium=api&utm_source=10d03a1b,Healthcare,doctor,Healthcare,9.09,Doctor,"MBBS, MD, General Medicine, Patient Assessment, Diagnosis, Emergency Care, BLS, ACLS, Clinical Documentation, Patient Counselling",1,10,17.73,Doctor / Physician,Doctor / Physician,50,"Patient Care, Medical Records",55.91
Adzuna,5782689568,Post-Doctoral Research Fellow,ITC limited,"Bangalore, Karnataka","['India', 'Karnataka', 'Bangalore']",Bengaluru,,,,,0,,,Engineering Jobs,Job Description: Qualified candidate will be working with an interdisciplinary product development team. He/She is responsible for developing the next generation aerosol generation products and design experimental strategies and perform experiments to understand the influence of sensitive parameters. Responsibilities Carry out the studies on different aerosol generating systems and suggest the various means of efficient aerosol generations Application of Microfluids in next generation aerosol g…,2026-07-01T07:17:23Z,https://www.adzuna.in/details/5782689568?utm_medium=api&utm_source=10d03a1b,Healthcare,doctor,Healthcare,9.09,Doctor,"MBBS, MD, General Medicine, Patient Assessment, Diagnosis, Emergency Care, BLS, ACLS, Clinical Documentation, Patient Counselling",1,10,17.73,Doctor / Physician,Doctor / Physician,50,,55.91
Adzuna,5782689507,Post-Doctoral Fellow - Standards and Specifications,ITC limited,"Bangalore, Karnataka","['India', 'Karnataka', 'Bangalore']",Bengaluru,,,,,0,,,Scientific & QA Jobs,"Reviewing the standards (Indian and International) Collation and generation of scientific evidences to support ITD's position with aim for monitoring continual improvement in product quality, regulatory compliance and improving accuracy and precision associated with standardized methods. Leading the scientific discussion in internal and external environment. Drafting the Indian and International standards, as and when required. Requirements Education : Ph.D Chemistry (Preferably Analytical Chem…",2026-07-01T07:17:20Z,https://www.adzuna.in/details/5782689507?utm_medium=api&utm_source=10d03a1b,Healthcare,doctor,Education,9.09,Doctor,"MBBS, MD, General Medicine, Patient Assessment, Diagnosis, Emergency Care, BLS, ACLS, Clinical Documentation, Patient Counselling",1,10,17.73,Doctor / Physician,Doctor / Physician,50,,55.91
Adzuna,3032213419,Sales & Key Accounts Associate (Doctor Onboarding),Unnati,"Bangalore, Karnataka","['India', 'Karnataka', 'Bangalore']",Bengaluru,,,600000.0,1000000.0,0,,full_time,Sales Jobs,"Are you a high-performing, collaborative, results oriented and technologically savvy person who is keen on sales in the digital industry? Then this highly visible role is for you Our client is the Health-tech initiative of India's largest business house. Started in 2015, it empowers healthcare providers and consumers in India. All healthcare monitoring services are made available through an app that will help connect doctors, hospitals, pharmacies, laboratories and consumers, enabling preventiv…",2022-04-07T05:25:59Z,https://www.adzuna.in/details/3032213419?utm_medium=api&utm_source=10d03a1b,Healthcare,doctor,Healthcare,9.09,Doctor,"MBBS, MD, General Medicine, Patient Assessment, Diagnosis, Emergency Care, BLS, ACLS, Clinical Documentation, Patient Counselling",1,10,17.73,Doctor / Physician,Doctor / Physician,50,,55.91
Adzuna,5578950889,"Post-Doctoral Researcher, PhD, 2026 Start (Fixed-Term Contract)",Google,"Bangalore, Karnataka","['India', 'Karnataka', 'Bangalore']",Bengaluru,,,,,0,,,IT Jobs,"Post-Doctoral Researcher, PhD, 2026 Start (Fixed-Term Contract) _corporate_fare_ Google _place_ Bengaluru, Karnataka, India Mid Experience driving progress, solving problems, and mentoring more junior team members; deeper expertise and applied knowledge within relevant area. _info_outline_ X To start the application process, you will need an updated CV or resume and a current unofficial or official transcript in English. Click on the ""Apply"" button on this page and provide the required material…",2026-01-11T08:37:22Z,https://www.adzuna.in/details/5578950889?utm_medium=api&utm_source=10d03a1b,Healthcare,doctor,Healthcare,9.09,Doctor,"MBBS, MD, General Medicine, Patient Assessment, Diagnosis, Emergency Care, BLS, ACLS, Clinical Documentation, Patient Counselling",1,10,17.73,Doctor / Physician,Doctor / Physician,50,,55.91
Adzuna,5827735791,Primary Care Physician (MBBS) — Bengaluru,meragoHealth,"Bangalore, Karnataka","['India', 'Karnataka', 'Bangalore']",Bengaluru,,,,,0,,full_time,Healthcare & Nursing Jobs,"Company Description MeragoHealth is a patient-centric personal health management service that focuses on timely access to medical care, a comprehensive view of personal health data, streamlined healthcare payments, and active involvement of family and caregivers. Through an integrated network, MeragoHealth delivers seamless health management experiences in both virtual and in-person settings for healthcare seekers and providers. The platform is built to support continuous, coordinated care acro…",2026-08-04T17:44:54Z,https://www.adzuna.in/land/ad/5827735791?se=qB9qG4ec8RGgd9X26G9YQA&utm_medium=api&utm_source=10d03a1b&v=DA778605E731545C18DD3CFF8336775E3FB8F6C9,Healthcare,physician,Healthcare,9.09,MBBS,"MD, General Medicine, Doctor, Patient Assessment, Diagnosis, Emergency Care, BLS, ACLS, Clinical Documentation, Patient Counselling",1,10,17.73,Doctor / Physician,Doctor / Physician,50,,55.91
Adzuna,4686700755,Doctor,,"Hyderabad, Telangana","['India', 'Telangana', 'Hyderabad']",Hyderabad,17.40275,78.50806,,,0,,,Healthcare & Nursing Jobs,"General practitioners are medical doctors who provide nonsurgical medical care for a wide range of health issues. Mostly serving the adult population, general practitioners evaluate patients through exams and tests and diagnose conditions such as diseases or injuries.",2024-05-10T07:38:21Z,https://www.adzuna.in/details/4686700755?utm_medium=api&utm_source=10d03a1b,Healthcare,doctor,Healthcare,9.09,Doctor,"MBBS, MD, General Medicine, Patient Assessment, Diagnosis, Emergency Care, BLS, ACLS, Clinical Documentation, Patient Counselling",1,10,17.73,Doctor / Physician,Doctor / Physician,50,,55.91
Adzuna,5841130428,Clinic Doctor,Jiva Ayurveda,"Hyderabad, Telangana","['India', 'Telangana', 'Hyderabad']",Hyderabad,17.40275,78.50806,,,0,,,Healthcare & Nursing Jobs,"Clinic Doctor This role at JIVA AYURVEDA, the world's leading Ayurvedic treatment organization, is for a Clinic Doctor with expertise in Ayurveda practice. You will be a vital part of Dr. Partap Chauhan's core senior technical team, gaining exposure to national and international patients and participating in new learning sessions and Ayurvedic conferences. Key Responsibilities Handling general OPDs & IPDs. Handling video & tele consultations. Handling non-relief cases to increase relief. Ensuri…",2026-08-14T07:34:35Z,https://www.adzuna.in/details/5841130428?utm_medium=api&utm_source=10d03a1b,Healthcare,doctor,Healthcare,9.09,Doctor,"MBBS, MD, General Medicine, Patient Assessment, Diagnosis, Emergency Care, BLS, ACLS, Clinical Documentation, Patient Counselling",1,10,17.73,Doctor / Physician,Doctor / Physician,50,,55.91
Adzuna,5828880817,Doctor,Happiest Resume,"Kochi, Ernakulam","['India', 'Kerala', 'Ernakulam', 'Kochi']",Kochi,9.98011,76.24637,100000.0,300000.0,0,,full_time,Healthcare & Nursing Jobs,"Key Responsibilities Examine patients, assess medical conditions, and diagnose illnesses accurately Prescribe and administer appropriate medications and treatments Provide emergency and routine medical care as required Maintain detailed and accurate patient medical records Educate patients and families on health conditions, treatment plans, and preventive care Collaborate with nurses, specialists, and healthcare staff for patient care",2026-08-05T14:48:05Z,https://www.adzuna.in/details/5828880817?utm_medium=api&utm_source=10d03a1b,Healthcare,doctor,Healthcare,9.09,Doctor,"MBBS, MD, General Medicine, Patient Assessment, Diagnosis, Emergency Care, BLS, ACLS, Clinical Documentation, Patient Counselling",1,10,17.73,Doctor / Physician,Doctor / Physician,50,"Patient Care, Medical Records",55.91
Adzuna,4545324283,Clinical Quality Analyst (Doctors - BAMS/BDS/BHMS),Ecorgy Solutions Pvt Ltd,"Trivandrum, Thiruvananthapuram","['India', 'Kerala', 'Thiruvananthapuram', 'Trivandrum']",Thiruvananthapuram,8.49239,76.93365,240000.0,400000.0,0,,full_time,Healthcare & Nursing Jobs,"Role Overview: As our Clinical Quality Analyst, you will play a pivotal role in enhancing clinical processes and maintaining regulatory compliance. You will spearhead quality improvement initiatives and ensure adherence to established clinical standards. The role demands a meticulous approach and a commitment to clinical excellence. Responsibilities: Clinical Process Enhancement: Evaluate clinical procedures and documentation to identify areas for improvement, ensuring adherence to industry sta…",2024-01-26T15:34:34Z,https://www.adzuna.in/details/4545324283?utm_medium=api&utm_source=10d03a1b,Healthcare,doctor,Healthcare,9.09,Doctor,"MBBS, MD, General Medicine, Patient Assessment, Diagnosis, Emergency Care, BLS, ACLS, Clinical Documentation, Patient Counselling",1,10,17.73,Doctor / Physician,Doctor / Physician,50,,55.91
Adzuna,5823897687,AHC - Veterinary Sales Advisor,Cargill,"Chennai, Tamil Nadu","['India', 'Tamil Nadu', 'Chennai']",Chennai,13.06041,80.24963,,,0,,,Sales Jobs,"Job Purpose and Impact The AHC - Veterinary Sales Advisor (VSA) will participate in face-to- face promotion and sales of Animal healthcare products to Veterinary doctors and practitioners. He/ She must build relationships with Veterinary doctors, pharmacists, and other veterinary healthcare providers, ensuring they are informed about the latest products and advancements. He/ She also achieve sales targets, provide product information, and gather market feedback. Key Accountabilities • Presentin…",2026-08-01T17:32:03Z,https://www.adzuna.in/land/ad/5823897687?se=_vMKtYac8RGwBe63zKMEtw&utm_medium=api&utm_source=10d03a1b&v=34D82EFA7B79CD9FE9E1C2894F59BC884E30FAED,Healthcare,doctor,Healthcare,9.09,Doctor,"MBBS, MD, General Medicine, Patient Assessment, Diagnosis, Emergency Care, BLS, ACLS, Clinical Documentation, Patient Counselling",1,10,7.73,Doctor / Physician,Doctor / Physician,50,,55.91
Adzuna,5653909932,Dermatologist,Folix Hair Clinic,"Chennai, Tamil Nadu","['India', 'Tamil Nadu', 'Chennai']",Chennai,13.06041,80.24963,,,0,,full_time,Healthcare & Nursing Jobs,"Company Description Folix Clinic is a leading aesthetic clinic specializing in hair transplant and skin care. We excel in performing advanced hair and skin procedures with expert doctors, prioritizing patient safety and care. Our team ensures top-notch treatments, making us a trusted name in the industry Role Description This is a full-time on-site role for a Dermatologist based in Chennai. The Dermatologist will be responsible for diagnosing and treating a variety of skin, hair, and nail condi…",2026-03-05T01:09:24Z,https://www.adzuna.in/land/ad/5653909932?se=_vMKtYac8RGwBe63zKMEtw&utm_medium=api&utm_source=10d03a1b&v=462C20607C6F9E11FB1C0C76C05DE1BA785F7BA4,Healthcare,doctor,Healthcare,9.09,Doctor,"MBBS, MD, General Medicine, Patient Assessment, Diagnosis, Emergency Care, BLS, ACLS, Clinical Documentation, Patient Counselling",1,10,7.73,Doctor / Physician,Doctor / Physician,50,,55.91
Adzuna,5706800392,Medical Executive - Prescription,Boolean Staffing Recruitment Solutions Pvt Ltd,"Chennai, Tamil Nadu","['India', 'Tamil Nadu', 'Chennai']",Chennai,13.06041,80.24963,320000.0,450000.0,0,,,Sales Jobs,"Job Details: Designation: Medical Executive (ME) Business Type: Prescription-Based (Doctor-focused) Role Objective: We are looking for dynamic and result-oriented Medical Executives with experience in injectable (injection-based) pharmaceutical products. The candidate will be responsible for promoting products to doctors, generating prescriptions, and driving business growth in the assigned territory. Key Responsibilities: Promote injectable products to doctors, hospitals, and clinics Generate …",2026-04-22T08:55:34Z,https://www.adzuna.in/details/5706800392?utm_medium=api&utm_source=10d03a1b,Healthcare,doctor,Healthcare,9.09,Doctor,"MBBS, MD, General Medicine, Patient Assessment, Diagnosis, Emergency Care, BLS, ACLS, Clinical Documentation, Patient Counselling",1,10,7.73,Doctor / Physician,Doctor / Physician,50,,55.91
Adzuna,5823107157,Scientific Sales Manager,JOGO Health Pvt Ltd,"Chennai, Tamil Nadu","['India', 'Tamil Nadu', 'Chennai']",Chennai,13.06041,80.24963,,,0,,,Sales Jobs,"The Scientific Sales Manager (SSM) is responsible for driving sales performance by consistently achieving assigned targets, generating quality leads, demonstrate strong scientific communication, uphold ethical standards, and embody company values in all field activities. Identify and engage with key doctors/hospitals, dealers and present and demonstrate JOGOs EMG Biofeedback device. Educate doctors/hospitals, dealers on the clinical benefits, applications, and outcomes of JOGO EMG Bio feedback …",2026-08-01T06:26:41Z,https://www.adzuna.in/details/5823107157?utm_medium=api&utm_source=10d03a1b,Healthcare,doctor,Healthcare,9.09,Doctor,"MBBS, MD, General Medicine, Patient Assessment, Diagnosis, Emergency Care, BLS, ACLS, Clinical Documentation, Patient Counselling",1,10,7.73,Doctor / Physician,Doctor / Physician,50,,55.91
Adzuna,5775536888,Field Officer,Cadila Pharmaceuticals Ltd,"Chennai, Tamil Nadu","['India', 'Tamil Nadu', 'Chennai']",Chennai,13.06041,80.24963,,,0,,,Sales Jobs,Role Objective To drive prescription generation and achieve assigned sales targets by effectively promoting the companys products strengthening doctor and chemist relationships and ensuring product availability across the territory Principal Tasks Responsibilities 1 Sales Target Achievement Achieve and consistently surpass the assigned Sales Budget and YPM Yearly Performance Milestone for the territory Ensure effective product promotion to generate Rx demand and secondary sales Personally book …,2026-06-25T06:20:17Z,https://www.adzuna.in/details/5775536888?utm_medium=api&utm_source=10d03a1b,Healthcare,doctor,Healthcare,9.09,Doctor,"MBBS, MD, General Medicine, Patient Assessment, Diagnosis, Emergency Care, BLS, ACLS, Clinical Documentation, Patient Counselling",1,10,7.73,Doctor / Physician,Doctor / Physician,50,,55.91
Adzuna,1155089899,Fullstack Developer,Doxtro Technologies,"Chennai, Tamil Nadu","['India', 'Tamil Nadu', 'Chennai']",Chennai,13.06041,80.24963,400000.0,600000.0,0,,full_time,IT Jobs,"Doxtro is a ""funded"" healthcare startup based out of Chennai. We're trying to revolutionize how patients consult with doctors online, by helping users take charge of their health and allowing them to consult doctors from the comfort of their home. We're looking for a MEAN/Node.js developer to take ownership of the entire Technology stack of Doxtro and help Doxtro reach the next million users, using the existing MEAN/Node.js architecture. Skills: MEAN Stack, Javascript, Amazon Web Services (AWS)…",2019-05-17T21:02:48Z,https://www.adzuna.in/details/1155089899?utm_medium=api&utm_source=10d03a1b,Healthcare,doctor,IT & Software,9.09,Doctor,"MBBS, MD, General Medicine, Patient Assessment, Diagnosis, Emergency Care, BLS, ACLS, Clinical Documentation, Patient Counselling",1,10,7.73,Doctor / Physician,Doctor / Physician,50,,55.91
Adzuna,5171570299,Business Development,amIT Global Solutions Pvt Ltd,"Chennai, Tamil Nadu","['India', 'Tamil Nadu', 'Chennai']",Chennai,13.06041,80.24963,200000.0,350000.0,0,,full_time,Sales Jobs,"We are seeking a motivated TERRITORY SALES ASSOCIATE to engage with healthcare professionals, primarily doctors, and schedule software demonstration appointments. The role requires an understanding of us software solutions and the ability to effectively communicate the benefits to healthcare providers. Key Responsibilities: · Conduct field visits to healthcare professionals, clinics, and hospitals to introduce MocDoc's software · solutions. · Schedule and manage appointments with doctors to set…",2025-05-01T06:41:17Z,https://www.adzuna.in/details/5171570299?utm_medium=api&utm_source=10d03a1b,Healthcare,doctor,Healthcare,9.09,Doctor,"MBBS, MD, General Medicine, Patient Assessment, Diagnosis, Emergency Care, BLS, ACLS, Clinical Documentation, Patient Counselling",1,10,7.73,Doctor / Physician,Doctor / Physician,50,,55.91
Adzuna,1155089858,NodeJS Developer,Doxtro Technologies,"Chennai, Tamil Nadu","['India', 'Tamil Nadu', 'Chennai']",Chennai,13.06041,80.24963,400000.0,600000.0,0,,full_time,IT Jobs,"Doxtro is a ""funded"" healthcare startup based out of Chennai. We're trying to revolutionize how patients consult with doctors online, by helping users take charge of their health and allowing them to consult doctors from the comfort of their home. We're looking for a MEAN/Node.js developer to take ownership of the entire Technology stack of Doxtro and help Doxtro reach the next million users, using the existing MEAN/Node.js architecture. Responsibilities: - Work with the founders and collaborat…",2019-05-17T21:02:47Z,https://www.adzuna.in/details/1155089858?utm_medium=api&utm_source=10d03a1b,Healthcare,doctor,Healthcare,9.09,Doctor,"MBBS, MD, General Medicine, Patient Assessment, Diagnosis, Emergency Care, BLS, ACLS, Clinical Documentation, Patient Counselling",1,10,7.73,Doctor / Physician,Doctor / Physician,50,,55.91
Adzuna,5843899075,Business Executive - Medical Representative - CARDIO & DIABETIC - Varanasi,Elbrit LifeSciences Pvt Ltd,"Ekkaduthangal, Chennai","['India', 'Tamil Nadu', 'Chennai', 'Ekkaduthangal']",Chennai,13.01517,80.21354,,,0,permanent,full_time,Sales Jobs,"Job Description – Medical Representative Candidates with field experience in Gynaecology & Orthopaedics and Cardiology & Diabetology are invited to apply for this role. We are seeking a motivated and results-driven Medical Representative to promote and sell our pharmaceutical products to healthcare professionals. The ideal candidate will be responsible for building strong relationships with doctors, pharmacists, and hospital staff, while effectively communicating the value and benefits of our p…",2026-08-16T09:01:25Z,https://www.adzuna.in/details/5843899075?utm_medium=api&utm_source=10d03a1b,Healthcare,doctor,Healthcare,9.09,Doctor,"MBBS, MD, General Medicine, Patient Assessment, Diagnosis, Emergency Care, BLS, ACLS, Clinical Documentation, Patient Counselling",1,10,7.73,Doctor / Physician,Doctor / Physician,50,,55.91
Adzuna,4686707650,Medical Representative,,"Chennai, Tamil Nadu","['India', 'Tamil Nadu', 'Chennai']",Chennai,13.06041,80.24963,,,0,,,Sales Jobs,"We are looking for a persuasive Medical Representative to promote and sell company medications to doctors, pharmacists, and other relevant healthcare professionals. The Medical Representative’s responsibilities include persuading potential customers to purchase company medications, identifying prospective business opportunities for the company, and providing the relevant departments with customer feedback. You should also be able to attend company meetings and training sessions. To be successfu…",2024-05-10T07:39:11Z,https://www.adzuna.in/details/4686707650?utm_medium=api&utm_source=10d03a1b,Healthcare,doctor,Healthcare,9.09,Doctor,"MBBS, MD, General Medicine, Patient Assessment, Diagnosis, Emergency Care, BLS, ACLS, Clinical Documentation, Patient Counselling",1,10,7.73,Doctor / Physician,Doctor / Physician,50,,55.91
Adzuna,1171509365,Digital Marketer,Yro Systems,"Chennai, Tamil Nadu","['India', 'Tamil Nadu', 'Chennai']",Chennai,13.06041,80.24963,100000.0,400000.0,0,,full_time,"PR, Advertising & Marketing Jobs","MocDoc, our flagship product is the winner of the prestigious Hot 100 Technology award for the year 2014. MocDoc is an online platform that connects General Public with Doctors providing real time, authentic information relevant to their need & helps Healthcare providers in improving efficiency to benefit the end customer. Job Responsibilities • At least 1-4 years of experience in writing content for websites. • Developing SEO friendly Articles/Blogs. • Writing real time copy for websites, micr…",2019-06-05T21:12:25Z,https://www.adzuna.in/details/1171509365?utm_medium=api&utm_source=10d03a1b,Healthcare,doctor,Marketing,9.09,Doctor,"MBBS, MD, General Medicine, Patient Assessment, Diagnosis, Emergency Care, BLS, ACLS, Clinical Documentation, Patient Counselling",1,10,7.73,Doctor / Physician,Doctor / Physician,50,,55.91
Adzuna,5473694134,"Lead Analyst, AI Engineer (Data Science)",Peak Hire Solutions,"Chennai, Tamil Nadu","['India', 'Tamil Nadu', 'Chennai']",Chennai,13.06041,80.24963,4000000.0,4800000.0,0,,full_time,IT Jobs,Ideal Candidate Profile: This role requires a seasoned engineer/scientist with a strong academic background from a premier institution and significant hands-on experience in deep learning (specifically image processing) within a hardware or product manufacturing environment. Must-Have Requirements: Experience & Education Combinations: Candidates must meet one of the following criteria: Doctorate (PhD) 2 years of related work experience Master's Degree 5 years of related work experience Bach…,2025-11-01T06:49:00Z,https://www.adzuna.in/details/5473694134?utm_medium=api&utm_source=10d03a1b,Healthcare,doctor,Education,9.09,Doctor,"MBBS, MD, General Medicine, Patient Assessment, Diagnosis, Emergency Care, BLS, ACLS, Clinical Documentation, Patient Counselling",1,10,7.73,Doctor / Physician,Doctor / Physician,50,,55.91
Adzuna,5830315506,What being a Care Buddy means at Prayojana?,Prayojana Golden Years Services,"Chennai, Tamil Nadu","['India', 'Tamil Nadu', 'Chennai']",Chennai,13.06041,80.24963,,,0,,full_time,Healthcare & Nursing Jobs,"The Care Buddy will be the first point of contact and the face of the Prayojana. More importantly, they will participate in supporting their assigned members with the same level of empathy and warmth that the member's own children would have The Care Buddy’s Primary Role Will Be To Check on the members assigned to her/him on their day to day well being Help out with errands – like bank-related work, basic groceries or vegetable procurement Schedule appointments for doctor visits & accompany the…",2026-08-06T16:05:17Z,https://www.adzuna.in/details/5830315506?utm_medium=api&utm_source=10d03a1b,Healthcare,doctor,Healthcare,9.09,Doctor,"MBBS, MD, General Medicine, Patient Assessment, Diagnosis, Emergency Care, BLS, ACLS, Clinical Documentation, Patient Counselling",1,10,7.73,Doctor / Physician,Doctor / Physician,50,,55.91
Adzuna,5714215974,Territory Sales Manager (TSM),Boolean Staffing Recruitment Solutions Pvt Ltd,"Chennai, Tamil Nadu","['India', 'Tamil Nadu', 'Chennai']",Chennai,13.06041,80.24963,300000.0,550000.0,0,,,Sales Jobs,"Job Title: Territory Sales Manager (TSM) - OTX(OTC Pharma Experience) Experience : Should have OTC Rx Experience The TSMs will be required to do Doctor calls and handle GT business. Job Summary: We are seeking a dynamic and results-driven Territory Sales Manager (TSM) to join our team in the OTC & FMCG sectors. The TSM will be responsible for achieving sales targets, managing customer relationships, and driving the growth of our products within the assigned territory. The ideal candidate will …",2026-04-30T09:01:08Z,https://www.adzuna.in/details/5714215974?utm_medium=api&utm_source=10d03a1b,Healthcare,doctor,Healthcare,9.09,Doctor,"MBBS, MD, General Medicine, Patient Assessment, Diagnosis, Emergency Care, BLS, ACLS, Clinical Documentation, Patient Counselling",1,10,7.73,Doctor / Physician,Doctor / Physician,50,,55.91
Adzuna,5839221459,Medical Officer,MD India Health Insurance TPA Pvt Ltd,"Chennai, Tamil Nadu","['India', 'Tamil Nadu', 'Chennai']",Chennai,13.06041,80.24963,,,0,,,Admin Jobs,Scrutiny of medical documents and adjudication. Assess the eligibility of medical claims and determine financial outcomes. Identification of trigger factors of insurance related frauds and inform the concerned department. Determine accuracy of medical documents. Required Candidate profile: MBBS graduate. Male candidate prefer. Good Medical & basic computer knowledge Should have completed internship (Permanent Registration number is mandatory) Freshers can also apply. Work from office. Skills: T…,2026-08-13T07:32:04Z,https://www.adzuna.in/details/5839221459?utm_medium=api&utm_source=10d03a1b,Healthcare,medical officer,Healthcare,9.09,MBBS,"MD, General Medicine, Doctor, Patient Assessment, Diagnosis, Emergency Care, BLS, ACLS, Clinical Documentation, Patient Counselling",1,10,7.73,Doctor / Physician,Doctor / Physician,50,,55.91
Adzuna,5838134352,Interior Project Coordinator,HealthSy Pharmacy,"Coimbatore, Tamil Nadu","['India', 'Tamil Nadu', 'Coimbatore']",Coimbatore,11.017171,77.100203,,,0,,,Retail Jobs,"Company Description: HealthSy Pharmacy is a nationwide retail pharmacy chain committed to redefining the pharmacy experience — with medicines always in stock, courteous and professional staff, and complete transparency with no unwanted substitutions. Beyond retail, our stores are designed for genuine customer care, featuring facilities like an in-house clinic with a doctor, a baby care room, and comfortable waiting areas — making healthcare accessible, reliable, and welcoming. Role Summary We a…",2026-08-12T16:16:50Z,https://www.adzuna.in/land/ad/5838134352?se=Drp23Iac8RGhArhxtbtVlg&utm_medium=api&utm_source=10d03a1b&v=95A432166F92630229DFAA88AE0BB76F9A321EC5,Healthcare,doctor,Healthcare,9.09,Doctor,"MBBS, MD, General Medicine, Patient Assessment, Diagnosis, Emergency Care, BLS, ACLS, Clinical Documentation, Patient Counselling",1,10,7.73,Doctor / Physician,Doctor / Physician,50,,55.91
Adzuna,5706800394,Medical Executive - Prescription,Boolean Staffing Recruitment Solutions Pvt Ltd,"Coimbatore, Tamil Nadu","['India', 'Tamil Nadu', 'Coimbatore']",Coimbatore,11.017171,77.100203,320000.0,450000.0,0,,,Sales Jobs,"Job Details: Designation: Medical Executive (ME) Business Type: Prescription-Based (Doctor-focused) Role Objective: We are looking for dynamic and result-oriented Medical Executives with experience in injectable (injection-based) pharmaceutical products. The candidate will be responsible for promoting products to doctors, generating prescriptions, and driving business growth in the assigned territory. Key Responsibilities: Promote injectable products to doctors, hospitals, and clinics Generate …",2026-04-22T08:55:34Z,https://www.adzuna.in/details/5706800394?utm_medium=api&utm_source=10d03a1b,Healthcare,doctor,Healthcare,9.09,Doctor,"MBBS, MD, General Medicine, Patient Assessment, Diagnosis, Emergency Care, BLS, ACLS, Clinical Documentation, Patient Counselling",1,10,7.73,Doctor / Physician,Doctor / Physician,50,,55.91
Adzuna,5845321009,Biomedical Sales Engineer - Coimbatore,Empire Healthcare,"Coimbatore, Tamil Nadu","['India', 'Tamil Nadu', 'Coimbatore']",Coimbatore,11.017171,77.100203,,,0,permanent,full_time,Sales Jobs,Role Overview: Driving sales for Ultrasound and Laboratory equipment in the assigned territory. Responsibilities Meet sales targets for Mindray products. Build relationships with doctors and hospital administrators. Conduct product demonstrations and coordinate installations. Apply Now,2026-08-17T21:51:43Z,https://www.adzuna.in/details/5845321009?utm_medium=api&utm_source=10d03a1b,Healthcare,doctor,Healthcare,9.09,Doctor,"MBBS, MD, General Medicine, Patient Assessment, Diagnosis, Emergency Care, BLS, ACLS, Clinical Documentation, Patient Counselling",1,10,7.73,Doctor / Physician,Doctor / Physician,50,,55.91
Adzuna,5796405346,Business Development Specialist,Impact Guru,"Coimbatore, Tamil Nadu","['India', 'Tamil Nadu', 'Coimbatore']",Coimbatore,11.017171,77.100203,,,0,,,Sales Jobs,"We are looking for driven Business Development who can on-board new Hospitals/Diagnostic Centres dealing with Cancer, Transplant, ICU, cardiac treatments in India and participate in efforts to increase new fundraisers for patients for funding critical illnesses. Responsibilities: - Partner with Doctors and Hospitals for regular patient referrals, - Create and manage digital fundraising campaigns for patients for crowdfunding, - Manage existing relationships with patients and client engagement i…",2026-07-11T07:18:07Z,https://www.adzuna.in/details/5796405346?utm_medium=api&utm_source=10d03a1b,Healthcare,doctor,Healthcare,9.09,Doctor,"MBBS, MD, General Medicine, Patient Assessment, Diagnosis, Emergency Care, BLS, ACLS, Clinical Documentation, Patient Counselling",1,10,7.73,Doctor / Physician,Doctor / Physician,50,,55.91
Adzuna,5847853383,Territory Business Manager | Derma Prime,Abbott,"Coimbatore, Tamil Nadu","['India', 'Tamil Nadu', 'Coimbatore']",Coimbatore,11.017171,77.100203,,,0,,,Sales Jobs,"Primary Job Function - Achieving assigned territory/ geography wise sales target - Carrying out effective field work without direct day-to-day supervision - Report field work in daily basis on assigned online system - Meeting Call Average, Coverage, Frequency coverage Norms of assigned division Core Job Responsibilities - Generate maximum prescriptions & increase market share - Promote the Division's products as per strategy - Relationship Building with the Stake holders (Doctors, Chemists, Sto…",2026-08-19T11:12:05Z,https://www.adzuna.in/details/5847853383?utm_medium=api&utm_source=10d03a1b,Healthcare,doctor,Healthcare,9.09,Doctor,"MBBS, MD, General Medicine, Patient Assessment, Diagnosis, Emergency Care, BLS, ACLS, Clinical Documentation, Patient Counselling",1,10,7.73,Doctor / Physician,Doctor / Physician,50,,55.91
Adzuna,5828465313,Area Sales Manager - Trauma & Spine,Miraclus Orthotech Private Limited,"Coimbatore, Tamil Nadu","['India', 'Tamil Nadu', 'Coimbatore']",Coimbatore,11.017171,77.100203,,,0,permanent,full_time,Sales Jobs,"What You Will Be Doing Candidates from ORTHO IMPLANTS-TRAUMA are highly preferred. Plan monthly, weekly, and daily tour program & submit to RSM. Discuss & Execute jointly tour visit with RSM in the potential area for lead conversion. Prepare and deliver appropriate presentations on products, explain a product advantage/benefits, USP to doctors, surgeons, distributors and generate sales. Listen, understand doctors, surgeons, distributors problems and provide solutions. Timely address and escalat…",2026-08-05T05:37:12Z,https://www.adzuna.in/details/5828465313?utm_medium=api&utm_source=10d03a1b,Healthcare,doctor,Healthcare,9.09,Doctor,"MBBS, MD, General Medicine, Patient Assessment, Diagnosis, Emergency Care, BLS, ACLS, Clinical Documentation, Patient Counselling",1,10,7.73,Doctor / Physician,Doctor / Physician,50,,55.91
Adzuna,1578632216,General Physician,TechUnity Software Systems India Pvt Ltd;,"Coimbatore, Tamil Nadu","['India', 'Tamil Nadu', 'Coimbatore']",Coimbatore,11.017171,77.100203,200000.0,500000.0,0,,full_time,Healthcare & Nursing Jobs,"Stay cure is looking for a responsible Physician to provide high quality medical care by examining patients and treating diseases. You must be very knowledgeable in regards to diseases, epidemiology and other medical conditions so you can interpret symptoms and diagnose conditions. The job can be demanding so a great deal of patience and physical endurance is required. Responsibilities: Conduct routine check-ups to patients to assess their health condition and discover possible issues Give appr…",2020-06-19T22:12:38Z,https://www.adzuna.in/details/1578632216?utm_medium=api&utm_source=10d03a1b,Healthcare,doctor,Healthcare,9.09,General Medicine,"MBBS, MD, Doctor, Patient Assessment, Diagnosis, Emergency Care, BLS, ACLS, Clinical Documentation, Patient Counselling",1,10,7.73,Doctor / Physician,Doctor / Physician,50,,55.91
Adzuna,5727124180,Consultant - Ophthalmologist,Dr Agarwal,"Salem, Tamil Nadu","['India', 'Tamil Nadu', 'Salem']",Salem,11.56305,77.99725,,,0,contract,,Trade & Construction Jobs,Job Description Looking for a Medical Retina Doctor for Salem Center. Interested Doctors please feel to apply for call at 91-9445003890 and send resumes to jobs@dragarwal.com Key Responsibilities: Looking for a Medical Retina Doctor for Salem Center. Interested Doctors please feel to apply for call at 91-9445003890 and send resumes to jobs@dragarwal.com,2026-05-13T02:02:59Z,https://www.adzuna.in/details/5727124180?utm_medium=api&utm_source=10d03a1b,Healthcare,doctor,Healthcare,9.09,Doctor,"MBBS, MD, General Medicine, Patient Assessment, Diagnosis, Emergency Care, BLS, ACLS, Clinical Documentation, Patient Counselling",1,10,7.73,Doctor / Physician,Doctor / Physician,50,,55.91
Adzuna,5828608107,Key Account Manager (Medical Representative),Otsuka Pharmaceutical India Pvt Ltd,"Salem, Tamil Nadu","['India', 'Tamil Nadu', 'Salem']",Salem,11.56305,77.99725,,,0,,,Sales Jobs,Key Account Manager (KAM) has to meet the doctors regularly. He/She usually has a list of doctors that he/she is supposed to call on at appropriate frequency as per the pre-approved 'daily work plan'. KAM has to be aware of the different specialties of the doctors and promote right products to right doctors. KAM has to collect feedback about the products used by the doctors and satisfactorily resolve any complaints or concerns related to products with help from HO as and when necessary. KAM has…,2026-08-05T07:29:32Z,https://www.adzuna.in/details/5828608107?utm_medium=api&utm_source=10d03a1b,Healthcare,doctor,Healthcare,9.09,Doctor,"MBBS, MD, General Medicine, Patient Assessment, Diagnosis, Emergency Care, BLS, ACLS, Clinical Documentation, Patient Counselling",1,10,7.73,Doctor / Physician,Doctor / Physician,50,,55.91
Adzuna,5797506905,Marketing Executive (Medical Representative),Tablets India,"Salem, Tamil Nadu","['India', 'Tamil Nadu', 'Salem']",Salem,11.56305,77.99725,,,0,,,Sales Jobs,"We are looking for a dynamic and results-oriented Marketing Executive (Medical Representative) to join our sales and marketing team. The Medical Representative will be responsible for promoting and selling the company's pharmaceutical products to healthcare professionals, including doctors, pharmacists, and hospitals. The ideal candidate will have a strong understanding of the pharmaceutical industry, excellent communication skills, and the ability to build long-term relationships with healthca…",2026-07-12T07:20:01Z,https://www.adzuna.in/details/5797506905?utm_medium=api&utm_source=10d03a1b,Healthcare,doctor,Healthcare,9.09,Doctor,"MBBS, MD, General Medicine, Patient Assessment, Diagnosis, Emergency Care, BLS, ACLS, Clinical Documentation, Patient Counselling",1,10,7.73,Doctor / Physician,Doctor / Physician,50,,55.91
Adzuna,5727116563,Consultant - Ophthalmologist,Dr Agarwal,"Tirunelveli, Tamil Nadu","['India', 'Tamil Nadu', 'Tirunelveli']",Tirunelveli,8.7256,77.69625,,,0,contract,,Consultancy Jobs,Job Description Looking for a Medical Retina Consultant for Trichy. Interested Doctors please feel to apply for call at 91-9445003890 and send resumes to jobs@dragarwal.com Key Responsibilities: Looking for a Medical Retina Consultant for Trichy. Interested Doctors please feel to apply for call at 91-9445003890 and send resumes to jobs@dragarwal.com,2026-05-13T02:02:20Z,https://www.adzuna.in/details/5727116563?utm_medium=api&utm_source=10d03a1b,Healthcare,doctor,Healthcare,9.09,Doctor,"MBBS, MD, General Medicine, Patient Assessment, Diagnosis, Emergency Care, BLS, ACLS, Clinical Documentation, Patient Counselling",1,10,7.73,Doctor / Physician,Doctor / Physician,50,,55.91
Adzuna,5827735907,Sales Manager — Merago AI Scribe (Healthtech / Clinical Software Sales only),meragoHealth,"Bangalore, Karnataka","['India', 'Karnataka', 'Bangalore']",Bengaluru,,,,,0,,full_time,Sales Jobs,"Location: Bengaluru (must be a current Bangalore resident; travel as required) Employment Type: Full-time Experience: 3–5 years in healthtech / clinical software sales Please note before applying: This is a healthtech software sales role. We are looking specifically for people who have sold AI, SaaS, EMR/EHR, or doctor-workflow / clinical software solutions to hospitals and clinics . This is not a pharma, medicines, medical-device or surgical items sales role, and it's not a generalist B2B or f…",2026-08-04T17:45:21Z,https://www.adzuna.in/land/ad/5827735907?se=dhG6FYec8RGwBe63zKMEtw&utm_medium=api&utm_source=10d03a1b&v=AC7C69D718CE165C1F3667A5F83034B0FE70FADC,Healthcare,doctor,Healthcare,9.09,Doctor,"MBBS, MD, General Medicine, Patient Assessment, Diagnosis, Emergency Care, BLS, ACLS, Clinical Documentation, Patient Counselling",1,10,7.73,Doctor / Physician,Doctor / Physician,50,,55.91
Adzuna,5818525245,Associate Consultant- Cardiology Manipal Hospital Old Airport Road,Manipal Hospitals,"Bangalore, Karnataka","['India', 'Karnataka', 'Bangalore']",Bengaluru,,,,,0,,,Healthcare & Nursing Jobs,"A cardiologist is a medical doctor specializing in diagnosing, treating, and preventing diseases of the heart and blood vessels (the circulatory system). They manage a wide range of conditions, from chest pain and high blood pressure to heart failure and valve problems. Cardiologists also play a crucial role in preventive care, guiding patients on heart-healthy lifestyles",2026-07-28T21:19:28Z,https://www.adzuna.in/land/ad/5818525245?se=dhG6FYec8RGwBe63zKMEtw&utm_medium=api&utm_source=10d03a1b&v=6881FE3C6CE351F251430633B4E7E9D8E6F6B58E,Healthcare,doctor,Healthcare,9.09,Doctor,"MBBS, MD, General Medicine, Patient Assessment, Diagnosis, Emergency Care, BLS, ACLS, Clinical Documentation, Patient Counselling",1,10,7.73,Doctor / Physician,Doctor / Physician,50,,55.91
Adzuna,5826772708,Manager - Marketing (Field Sales),STRATIST,"Kenchanahalli, Bangalore","['India', 'Karnataka', 'Bangalore', 'Kenchanahalli']",Bengaluru,12.9391,77.59055,,,0,,full_time,"PR, Advertising & Marketing Jobs","Role Overview: We are looking for a dynamic and motivated Field / Offline Marketing Manager who will be responsible for building and maintaining strong relationships with doctors and healthcare brands. The ideal candidate will visit clinics and hospitals, promote our services, and drive lead generation for our clients and STRATIST. Key Responsibilities: Visit doctors, clinics, and healthcare centers to promote STRATIST’s services. Build and maintain strong, long-term relationships with medical …",2026-08-03T22:53:40Z,https://www.adzuna.in/details/5826772708?utm_medium=api&utm_source=10d03a1b,Healthcare,doctor,Healthcare,9.09,Doctor,"MBBS, MD, General Medicine, Patient Assessment, Diagnosis, Emergency Care, BLS, ACLS, Clinical Documentation, Patient Counselling",1,10,7.73,Doctor / Physician,Doctor / Physician,50,,55.91
Adzuna,5675803839,Native Android Developer - B2C,RS Consultants,"Bangalore, Karnataka","['India', 'Karnataka', 'Bangalore']",Bengaluru,,,1000000.0,1500000.0,0,,full_time,IT Jobs,"Position: Android Developer – SD II Organization: A Funded global healthcare platform connecting doctors, thereby enabling exchange of information on a quick and real time basis, founded in the year 2013.Currently there are 3 lakh doctors using this platform and everyday there are 400 new doctors joining it.A Funded global healthcare platform connecting doctors, thereby enabling exchange of information on a quick and real time basis, founded in the year 2013.Currently there are 3 lakh doctors u…",2026-03-23T11:37:23Z,https://www.adzuna.in/details/5675803839?utm_medium=api&utm_source=10d03a1b,Healthcare,doctor,Healthcare,9.09,Doctor,"MBBS, MD, General Medicine, Patient Assessment, Diagnosis, Emergency Care, BLS, ACLS, Clinical Documentation, Patient Counselling",1,10,7.73,Doctor / Physician,Doctor / Physician,50,,55.91
Adzuna,5797506924,First line field manager (Area Sales Manager ),Tablets India,"Bangalore, Karnataka","['India', 'Karnataka', 'Bangalore']",Bengaluru,,,,,0,,,Sales Jobs,"Supervise and lead a team of Medical Representatives (MRs) in the assigned territory. Ensure achievement of monthly, quarterly, and annual sales targets for the area. Develop and implement area-specific sales strategies aligned with company goals. Conduct fieldwork with MRs to support product promotion and ensure effective doctor coverage. Monitor and ensure daily reporting, doctor call average, and secondary sales by MRs. Identify and develop new business opportunities in hospitals, clinics, a…",2026-07-12T07:20:02Z,https://www.adzuna.in/details/5797506924?utm_medium=api&utm_source=10d03a1b,Healthcare,doctor,Healthcare,9.09,Doctor,"MBBS, MD, General Medicine, Patient Assessment, Diagnosis, Emergency Care, BLS, ACLS, Clinical Documentation, Patient Counselling",1,10,7.73,Doctor / Physician,Doctor / Physician,50,,55.91
Adzuna,5742857558,Unit Head HR,Ellappan Aananthan,"Bangalore, Karnataka","['India', 'Karnataka', 'Bangalore']",Bengaluru,,,,,0,,,HR & Recruitment Jobs,"Description We are looking for an experienced and dynamic Unit Head HR to manage overall HR operations for a reputed super speciality hospital in Bengaluru. The candidate should have strong experience in hospital HR management, team handling, recruitment, employee relations, and branch operations. The ideal candidate must be capable of coordinating with doctors, department heads, and management to ensure smooth operational activities. Key Responsibilities Handle end-to-end HR operations of the …",2026-05-28T06:59:08Z,https://www.adzuna.in/details/5742857558?utm_medium=api&utm_source=10d03a1b,Healthcare,doctor,Healthcare,9.09,Doctor,"MBBS, MD, General Medicine, Patient Assessment, Diagnosis, Emergency Care, BLS, ACLS, Clinical Documentation, Patient Counselling",1,10,7.73,Doctor / Physician,Doctor / Physician,50,,55.91
Adzuna,3180512495,Associate/Sr Ass-Info Security,Unnati,"Bangalore, Karnataka","['India', 'Karnataka', 'Bangalore']",Bengaluru,,,1300000.0,1400000.0,0,,full_time,IT Jobs,"Our client is the Health-tech initiative of India's largest business house. Started in 2015, it empowers healthcare providers and consumers in India. All healthcare monitoring services are made available through an app that will help connect doctors, hospitals, pharmacies, laboratories and consumers, enabling preventive and predictive healthcare. It helps the care-givers to track the entire patient journey from the initial appointment and maintaining their records, generating lab test reports t…",2022-05-30T06:11:18Z,https://www.adzuna.in/details/3180512495?utm_medium=api&utm_source=10d03a1b,Healthcare,doctor,Healthcare,9.09,Doctor,"MBBS, MD, General Medicine, Patient Assessment, Diagnosis, Emergency Care, BLS, ACLS, Clinical Documentation, Patient Counselling",1,10,7.73,Doctor / Physician,Doctor / Physician,50,,55.91
Adzuna,4686701328,Medical Representative,,"Bangalore, Karnataka","['India', 'Karnataka', 'Bangalore']",Bengaluru,12.95703,77.59837,,,0,,,Customer Services Jobs,"A medical representative's job is to promote and sell their company's products, whether that's pharmaceutical drugs or medical equipment. Customers can include doctors, nurses and pharmacists. The medical representative will increase product awareness, answer queries, provide advice and introduce new products",2024-05-10T07:38:25Z,https://www.adzuna.in/details/4686701328?utm_medium=api&utm_source=10d03a1b,Healthcare,doctor,Healthcare,9.09,Doctor,"MBBS, MD, General Medicine, Patient Assessment, Diagnosis, Emergency Care, BLS, ACLS, Clinical Documentation, Patient Counselling",1,10,7.73,Doctor / Physician,Doctor / Physician,50,,55.91
Adzuna,2833105797,Category Manager,Unnati,"Bangalore, Karnataka","['India', 'Karnataka', 'Bangalore']",Bengaluru,,,500000.0,1000000.0,0,,full_time,Retail Jobs,"Headquartered in Bangalore, our client is a digital first non- judgemental healthcare brand that provides access to specialised primary care across skin, hair, sleep, sexual health, nutrition and fitness categories. This startup has brought the hospital right to the doorstep of customers thereby eliminating the pain & risk of going for regular hospital visits. They have a one-stop solution providing both doctor consultations services and products. Founded in 2020, the company is FSSAI approved …",2022-01-22T04:51:34Z,https://www.adzuna.in/details/2833105797?utm_medium=api&utm_source=10d03a1b,Healthcare,doctor,Healthcare,9.09,Doctor,"MBBS, MD, General Medicine, Patient Assessment, Diagnosis, Emergency Care, BLS, ACLS, Clinical Documentation, Patient Counselling",1,10,7.73,Doctor / Physician,Doctor / Physician,50,,55.91
Adzuna,4686707035,HR Recruiter,,"Bangalore, Karnataka","['India', 'Karnataka', 'Bangalore']",Bengaluru,12.95703,77.59837,,,0,,,Consultancy Jobs,"Communication should be good Willing to travel Multi linguistic especially Tamil is important (prefer English, Tamil, Kannada) Good presentation skill High maturity to deal with doctors Meticulous followup Work experience as recruiter in healthcare or any equal lent for minimum 2 yrs",2024-05-10T07:39:06Z,https://www.adzuna.in/details/4686707035?utm_medium=api&utm_source=10d03a1b,Healthcare,doctor,Healthcare,9.09,Doctor,"MBBS, MD, General Medicine, Patient Assessment, Diagnosis, Emergency Care, BLS, ACLS, Clinical Documentation, Patient Counselling",1,10,7.73,Doctor / Physician,Doctor / Physician,50,,55.91
Adzuna,3032215299,Clinic Operations,Unnati,"Bangalore, Karnataka","['India', 'Karnataka', 'Bangalore']",Bengaluru,,,1500000.0,2000000.0,0,,full_time,Retail Jobs,"Are you a high-performing, collaborative, results oriented and technologically savvy person who is keen on sales in the digital industry? Then this highly visible role is for you Our client is the Health-tech initiative of India's largest business house. Started in 2015, it empowers healthcare providers and consumers in India. All healthcare monitoring services are made available through an app that will help connect doctors, hospitals, pharmacies, laboratories and consumers, enabling preventiv…",2022-04-07T05:26:10Z,https://www.adzuna.in/details/3032215299?utm_medium=api&utm_source=10d03a1b,Healthcare,doctor,Healthcare,9.09,Doctor,"MBBS, MD, General Medicine, Patient Assessment, Diagnosis, Emergency Care, BLS, ACLS, Clinical Documentation, Patient Counselling",1,10,7.73,Doctor / Physician,Doctor / Physician,50,,55.91
Adzuna,5833434713,Senior Medical Officer,Sukino Continuum Care,"Bangalore, Karnataka","['India', 'Karnataka', 'Bangalore']",Bengaluru,,,,,0,,full_time,Healthcare & Nursing Jobs,"Qualification: MBBS Location: Whitefield and Manyata, Bangalore Experience: 10 years Shift: Morning Shift (8 hours) Salary: Negotiable based on experience Requirement: Valid KMC Registration Certificate is mandatory If you are interested or know someone who may be a good fit, please get in touch at 8310371750 or kishore@sukino.com. ﻿Sukino Continuum Care, part of Sukino Healthcare Solutions, focuses on supporting individuals and families in managing chronic health conditions over the long term.…",2026-08-08T17:59:43Z,https://www.adzuna.in/land/ad/5833434713?se=tleaGIec8RGgd9X26G9YQA&utm_medium=api&utm_source=10d03a1b&v=9CD0ECE1174E78B9AED3B5EDEEDF2A9717FBBE2C,Healthcare,medical officer,Healthcare,9.09,MBBS,"MD, General Medicine, Doctor, Patient Assessment, Diagnosis, Emergency Care, BLS, ACLS, Clinical Documentation, Patient Counselling",1,10,7.73,Doctor / Physician,Doctor / Physician,50,,55.91
Adzuna,5828881311,Medical Officer,Happiest Resume,"Bangalore, Karnataka","['India', 'Karnataka', 'Bangalore']",Bengaluru,,,30000.0,100000.0,0,,full_time,Healthcare & Nursing Jobs,"We are seeking a skilled Medical Officer to join our team at Ekincare Industries. As a Medical Officer, you will be responsible for providing medical consultation, conducting health check-ups, and managing chronic health conditions. The ideal candidate will have an MBBS qualification, valid Medical Council Registration, and experience in General Practice or Corporate Clinic. Good communication and patient management skills are essential for this role. You will be working on a part-time basis, w…",2026-08-05T14:48:15Z,https://www.adzuna.in/details/5828881311?utm_medium=api&utm_source=10d03a1b,Healthcare,medical officer,Healthcare,9.09,MBBS,"MD, General Medicine, Doctor, Patient Assessment, Diagnosis, Emergency Care, BLS, ACLS, Clinical Documentation, Patient Counselling",1,10,7.73,Doctor / Physician,Doctor / Physician,50,,55.91
Adzuna,5833593209,Pre-Auth-Medical Officer-VHC,Vidal Healthcare Services,"Bangalore, Karnataka","['India', 'Karnataka', 'Bangalore']",Bengaluru,12.95703,77.59837,,,0,,full_time,Healthcare & Nursing Jobs,"Job description: Medical Officer Minimum qualification: MBBS/BAMS/BHMS Designation: Medical Officer About Us: Vidal Health is 100% Subsidiary of Bajaj Finserv Health (BFHL). Vidal Health Insurance TPA Pvt Ltd was established in March 2002 with the mission to provide top quality TPA services to Health Insurance policyholders and be the most preferred TPA in India. We are licensed by IRDA (Insurance Regulatory & Development Authority) and have been empanelled by leading insurance companies, both …",2026-08-08T20:51:38Z,https://www.adzuna.in/details/5833593209?utm_medium=api&utm_source=10d03a1b,Healthcare,medical officer,Healthcare,9.09,MBBS,"MD, General Medicine, Doctor, Patient Assessment, Diagnosis, Emergency Care, BLS, ACLS, Clinical Documentation, Patient Counselling",1,10,7.73,Doctor / Physician,Doctor / Physician,50,,55.91
Adzuna,5806700835,Consultant General Physician,Narayana Health,"Bangalore, Karnataka","['India', 'Karnataka', 'Bangalore']",Bengaluru,,,,,0,,,Healthcare & Nursing Jobs,Job description Preferred candidate profile Provide comprehensive patient consultations and treatment plans Conduct routine health check-ups and preventive care Collaborate with specialists for multidisciplinary patient management Diagnose and manage acute and chronic medical conditions Perks and benefits Opportunity to work in a reputed healthcare organization Interested candidates are invited to send their resume along with a cover letter detailing their qualifications and experience to [HIDD…,2026-07-19T07:20:47Z,https://www.adzuna.in/details/5806700835?utm_medium=api&utm_source=10d03a1b,Healthcare,general physician,Healthcare,9.09,General Medicine,"MBBS, MD, Doctor, Patient Assessment, Diagnosis, Emergency Care, BLS, ACLS, Clinical Documentation, Patient Counselling",1,10,7.73,Doctor / Physician,Doctor / Physician,50,,55.91
Adzuna,5806700895,Cookie Consent Manager,Narayana Health,"Bangalore, Karnataka","['India', 'Karnataka', 'Bangalore']",Bengaluru,,,,,0,,,Healthcare & Nursing Jobs,"Job description Prescribe medication examine patients diagnose illnesses and provide treatment Order interpret and evaluate diagnostic tests Gather health histories perform physical examinations and diagnostic procedures Develop and implement treatment plans Dictate and document all patient interactions Notify managing physician about unusual or unexpected events or problems Effectively communicate with diverse populationsincluding physiciansemployeespatientsand families Skills: Diagnosis, Medi…",2026-07-19T07:20:48Z,https://www.adzuna.in/details/5806700895?utm_medium=api&utm_source=10d03a1b,Healthcare,physician,Healthcare,9.09,Diagnosis,"MBBS, MD, General Medicine, Doctor, Patient Assessment, Emergency Care, BLS, ACLS, Clinical Documentation, Patient Counselling",1,10,7.73,Doctor / Physician,Doctor / Physician,50,,55.91
Adzuna,5805536167,Patient Relation Executive,Lead Training and Corporate Solutions,"Bangalore, Karnataka","['India', 'Karnataka', 'Bangalore']",Bengaluru,12.95703,77.59837,,,0,,,Healthcare & Nursing Jobs,Patient Navigation Consult with patients about their health status guide them through treatment plans and track their recovery progress Administrative Management Schedule reschedule and confirm appointments Maintain and update accurate patient records in electronic health record EHR databases Coordination of Care Collaborate with doctors nurses and allied health professionals to ensure seamless care Liaison Duties Act as a communication bridge between patients referring physicians and clinical …,2026-07-18T06:31:44Z,https://www.adzuna.in/details/5805536167?utm_medium=api&utm_source=10d03a1b,Healthcare,physician,Healthcare,9.09,Doctor,"MBBS, MD, General Medicine, Patient Assessment, Diagnosis, Emergency Care, BLS, ACLS, Clinical Documentation, Patient Counselling",1,10,7.73,Doctor / Physician,Doctor / Physician,50,,55.91
Adzuna,5797506902,Marketing Executive (Medical Representative),Tablets India,"Bangalore, Karnataka","['India', 'Karnataka', 'Bangalore']",Bengaluru,,,,,0,,,Sales Jobs,"We are looking for a dynamic and results-oriented Marketing Executive (Medical Representative) to join our sales and marketing team. The Medical Representative will be responsible for promoting and selling the company's pharmaceutical products to healthcare professionals, including doctors, pharmacists, and hospitals. The ideal candidate will have a strong understanding of the pharmaceutical industry, excellent communication skills, and the ability to build long-term relationships with healthca…",2026-07-12T07:20:01Z,https://www.adzuna.in/details/5797506902?utm_medium=api&utm_source=10d03a1b,Healthcare,medical representative,Healthcare,9.09,Doctor,"MBBS, MD, General Medicine, Patient Assessment, Diagnosis, Emergency Care, BLS, ACLS, Clinical Documentation, Patient Counselling",1,10,7.73,Doctor / Physician,Doctor / Physician,50,,55.91
Adzuna,5743834829,Manager - Medical Science Liaison,Dozee,"Bangalore, Karnataka","['India', 'Karnataka', 'Bangalore']",Bengaluru,12.95703,77.59837,,,0,,full_time,"PR, Advertising & Marketing Jobs","The Manager - Medical Science Liaison will be responsible for engaging with key doctors and healthcare professionals in partner hospitals. This role focuses on building meaningful relationships with these stakeholders, effectively communicating our research, evidence, and product features, and helping them understand the impact of Dozee’s solutions in enhancing patient safety. Responsibilities: Stakeholder Engagement : Build and maintain strong relationships with key opinion leaders (KOLs) such…",2026-05-29T02:17:42Z,https://www.adzuna.in/details/5743834829?utm_medium=api&utm_source=10d03a1b,Healthcare,medical representative,Healthcare,9.09,Doctor,"MBBS, MD, General Medicine, Patient Assessment, Diagnosis, Emergency Care, BLS, ACLS, Clinical Documentation, Patient Counselling",1,10,7.73,Doctor / Physician,Doctor / Physician,50,,55.91
Adzuna,5806700159,Ortho Coders,White Horse Manpower Consultancy Private Limited,"Bangalore, Karnataka","['India', 'Karnataka', 'Bangalore']",Bengaluru,,,,,0,,,Scientific & QA Jobs,"Ortho Coders • Assign ICD-10, CPT, HCPCS codes for orthopedic treatments, surgeries • Review, validate clinical documentation for coding accuracy • Ensure compliance, coding guidelines, payer policies • Conduct coding quality audits, error correction Required Candidate profile E&M IP/OP Coders • Assign E&M codes (CPT, ICD-10, HCPCS) for inpatient, outpatient • Review physician documentation for medical necessity and compliance • Adherence to CMS, AAPC, and AHIMA guidelines Perks and benefits Pl…",2026-07-19T07:20:08Z,https://www.adzuna.in/details/5806700159?utm_medium=api&utm_source=10d03a1b,Healthcare,medical coder,Healthcare,9.09,Clinical Documentation,"MBBS, MD, General Medicine, Doctor, Patient Assessment, Diagnosis, Emergency Care, BLS, ACLS, Patient Counselling",1,10,7.73,Doctor / Physician,Doctor / Physician,50,,55.91
Adzuna,5825675144,Senior Admission Counsellor (TL-Experience),upGrad,"Hyderabad, Telangana","['India', 'Telangana', 'Hyderabad']",Hyderabad,17.40275,78.50806,,,0,,,Teaching Jobs,"Job Title: Senior Admission Counsellor - Study Abroad Location: Mumbai Working Days: 6 (Monday – Saturday) Timings: 10:30 AM – 7:30 PM About upGrad Founded in 2015, upGrad is Asia’s largest integrated Learning, Skilling, Workforce Development, and Placement company. Its offerings include online and hybrid degrees, study abroad programs, certifications, bootcamps, and doctorates for working professionals. Through its B2B arm, upGrad also provides enterprise training, recruitment, and staffing se…",2026-08-02T17:36:56Z,https://www.adzuna.in/land/ad/5825675144?se=-jFCKoec8RG8E4DRVfRH-g&utm_medium=api&utm_source=10d03a1b&v=2FCEACA1F075D8BB436B37A5FF5F5B024858E628,Healthcare,doctor,Education,9.09,Doctor,"MBBS, MD, General Medicine, Patient Assessment, Diagnosis, Emergency Care, BLS, ACLS, Clinical Documentation, Patient Counselling",1,10,7.73,Doctor / Physician,Doctor / Physician,50,,55.91
Adzuna,5800533988,Marketing Expert (Rehab/Diagnostics/Hospital),Regul Solutions,"Hyderabad, Telangana","['India', 'Telangana', 'Hyderabad']",Hyderabad,17.40275,78.50806,400000.0,600000.0,0,permanent,full_time,Healthcare & Nursing Jobs,"About the Opportunity A reputed rehabilitation center in Hyderabad, specializing in neuro, orthopedic, pediatric, and post-operative rehabilitation services, is seeking a dynamic Hospital Marketing professional to strengthen relationships with corporate hospitals, doctors, and healthcare partners. This role focuses on expanding referral networks, increasing patient admissions, and building the organization's presence among leading healthcare institutions across Hyderabad. Role & Responsibilitie…",2026-07-15T06:30:55Z,https://www.adzuna.in/details/5800533988?utm_medium=api&utm_source=10d03a1b,Healthcare,doctor,Healthcare,9.09,Doctor,"MBBS, MD, General Medicine, Patient Assessment, Diagnosis, Emergency Care, BLS, ACLS, Clinical Documentation, Patient Counselling",1,10,7.73,Doctor / Physician,Doctor / Physician,50,,55.91
Adzuna,5826269146,Territory Business manager,Monster - xshruthix,"Hyderabad, Telangana","['India', 'Telangana', 'Hyderabad']",Hyderabad,17.40275,78.50806,,,0,,,Sales Jobs,"Job Summary We are seeking an experienced and dynamic individual for the position of 'Territory Business Manger' to drive sales of pharmaceutical products in your assigned territory. You will gather market intelligence, conduct prescription audits, and implement sales strategies to achieve sales targets. Additionally, you will manage queries from doctors, maintain customer relationships, and ensure accurate territory data management. Roles & Responsibilities . You will be responsible for unders…",2026-08-03T07:48:27Z,https://www.adzuna.in/details/5826269146?utm_medium=api&utm_source=10d03a1b,Healthcare,doctor,Healthcare,9.09,Doctor,"MBBS, MD, General Medicine, Patient Assessment, Diagnosis, Emergency Care, BLS, ACLS, Clinical Documentation, Patient Counselling",1,10,7.73,Doctor / Physician,Doctor / Physician,50,,55.91
Adzuna,4686704698,Marketing representative,,"Hyderabad, Telangana","['India', 'Telangana', 'Hyderabad']",Hyderabad,17.40275,78.50806,,,0,,,Healthcare & Nursing Jobs,"Looking for Marketing Representatives- Male or female. who are exp in Ortho & Gynic . EXCLUSIVE EXPERIENCE IN PHARMACEUTICALSA medical representative's job is to promote and sell their company's products, whether that's pharmaceutical drugs or medical equipment. Customers can include doctors, nurses and pharmacists. The medical representative will increase product awareness, answer queries, provide advice and introduce new products.Responsibilities and DutiesMedical Representative Responsibilit…",2024-05-10T07:38:49Z,https://www.adzuna.in/details/4686704698?utm_medium=api&utm_source=10d03a1b,Healthcare,doctor,Healthcare,9.09,Doctor,"MBBS, MD, General Medicine, Patient Assessment, Diagnosis, Emergency Care, BLS, ACLS, Clinical Documentation, Patient Counselling",1,10,7.73,Doctor / Physician,Doctor / Physician,50,,55.91
Adzuna,5782689800,Trainer - Web Development,NareshIT,"Hyderabad, Telangana","['India', 'Telangana', 'Hyderabad']",Hyderabad,17.40275,78.50806,,,0,,,IT Jobs,"Hiring for an experienced trainer for Web Development . Should be strong in HTML, CSS, JavaScript, React JS, Node JS, Angular JS, MERN Stack & Should have rich experience in giving classroom training. Upto date knowledge of IT skills & Softwares. Mandatory to have training experience. Education UG: B.Tech/B.E. in Any Specialization PG: Any Postgraduate Doctorate: Doctorate Not Required Skills: React Js, Javascript, Angular Js, Mern Stack, Css, Node Js Experience: 5.00-10.00 Years",2026-07-01T07:17:36Z,https://www.adzuna.in/details/5782689800?utm_medium=api&utm_source=10d03a1b,Healthcare,doctor,IT & Software,9.09,Doctor,"MBBS, MD, General Medicine, Patient Assessment, Diagnosis, Emergency Care, BLS, ACLS, Clinical Documentation, Patient Counselling",1,10,7.73,Doctor / Physician,Doctor / Physician,50,,55.91
Adzuna,5206865319,Territory Sales Associate,amIT Global solution,"Hyderabad, Telangana","['India', 'Telangana', 'Hyderabad']",Hyderabad,17.40275,78.50806,100000.0,200000.0,0,,full_time,Sales Jobs,"Role Summary: We are seeking a motivated TERRITORY SALES ASSOCIATE to engage with healthcare professionals, primarily doctors, and schedule software demonstration appointments. The role requires an understanding of our software solutions and the ability to effectively communicate the benefits to healthcare providers. Key Responsibilities: Conduct field visits to healthcare professionals, clinics, and hospitals to introduce MocDoc's software solutions. Schedule and manage appointments with docto…",2025-05-20T06:49:42Z,https://www.adzuna.in/details/5206865319?utm_medium=api&utm_source=10d03a1b,Healthcare,doctor,Healthcare,9.09,Doctor,"MBBS, MD, General Medicine, Patient Assessment, Diagnosis, Emergency Care, BLS, ACLS, Clinical Documentation, Patient Counselling",1,10,7.73,Doctor / Physician,Doctor / Physician,50,,55.91
Adzuna,4686701313,Dental Assistant,,"Hyderabad, Telangana","['India', 'Telangana', 'Hyderabad']",Hyderabad,17.40275,78.50806,,,0,,,Healthcare & Nursing Jobs,"need to assist doctor during treatment, need to clean the instruments and strelise them, need to maintain clean work area, and able to make calls to the patients.",2024-05-10T07:38:25Z,https://www.adzuna.in/details/4686701313?utm_medium=api&utm_source=10d03a1b,Healthcare,doctor,Healthcare,9.09,Doctor,"MBBS, MD, General Medicine, Patient Assessment, Diagnosis, Emergency Care, BLS, ACLS, Clinical Documentation, Patient Counselling",1,10,7.73,Doctor / Physician,Doctor / Physician,50,,55.91
Adzuna,5623721274,Territory Sales Manager - ITERO Sales,People First Consultants,"Hyderabad, Telangana","['India', 'Telangana', 'Hyderabad']",Hyderabad,17.40275,78.50806,,,0,,,Sales Jobs,"In this role, you will… Essential duties include but are not limited to the following: • Deliver Results • Consultative approach to sell the benefits of the digital workflow, being able to engage doctors and accelerate the usage of scanner for orthodontic and restorative digital workflow within every practice. • Achievement of Monthly, Quarterly and Annual Sales Targets, Operational Plan and Profitability Plan for respective region. • Responsible for the working with assigned accounts and team …",2026-02-11T08:13:42Z,https://www.adzuna.in/details/5623721274?utm_medium=api&utm_source=10d03a1b,Healthcare,doctor,Healthcare,9.09,Doctor,"MBBS, MD, General Medicine, Patient Assessment, Diagnosis, Emergency Care, BLS, ACLS, Clinical Documentation, Patient Counselling",1,10,7.73,Doctor / Physician,Doctor / Physician,50,,55.91
Adzuna,5750934061,RCM AR Analyst,Modernizing Medicine,"Hyderabad, Telangana","['India', 'Telangana', 'Hyderabad']",Hyderabad,17.40275,78.50806,,,0,contract,full_time,Accounting & Finance Jobs,"Join the Team Modernizing Medicine At ModMed , we’re not just building software—we’re reimagining the healthcare experience. Founded in 2010 by a practicing physician and a successful tech entrepreneur, we took a radically different approach: we hired doctors and taught them how to code. This ""for doctors, by doctors"" philosophy has allowed us to create an AI-enabled, specialty-specific cloud platform that places patients at the center of care. A Culture of Excellence When you join ModMed, you’…",2026-06-04T02:13:08Z,https://www.adzuna.in/details/5750934061?utm_medium=api&utm_source=10d03a1b,Healthcare,doctor,Healthcare,9.09,Doctor,"MBBS, MD, General Medicine, Patient Assessment, Diagnosis, Emergency Care, BLS, ACLS, Clinical Documentation, Patient Counselling",1,10,7.73,Doctor / Physician,Doctor / Physician,50,,55.91
Adzuna,5828603286,Senior OT Staff,Kamineni Hospitals Private Limited,"Hyderabad, Telangana","['India', 'Telangana', 'Hyderabad']",Hyderabad,17.40275,78.50806,,,0,,,Healthcare & Nursing Jobs,"Job description : Observing and recording patients behaviour. Implement lab orders Assisting doctors during procedures. Interacting with the healthcare teams for maintaining harmonious relationships. Educating patients families about the disease and its treatment. Discussing treatment with pharmacists and physicians in the critical cases. Maintaining hygienic and safe working environment in compliance with the healthcare procedures. Adhering with the protocols, norms, rules and regulations in o…",2026-08-05T07:25:15Z,https://www.adzuna.in/details/5828603286?utm_medium=api&utm_source=10d03a1b,Healthcare,physician,Healthcare,9.09,Doctor,"MBBS, MD, General Medicine, Patient Assessment, Diagnosis, Emergency Care, BLS, ACLS, Clinical Documentation, Patient Counselling",1,10,7.73,Doctor / Physician,Doctor / Physician,50,,55.91
Adzuna,5300412842,Medical representative,VERTO BIZSERV,"Hyderabad, Telangana","['India', 'Telangana', 'Hyderabad']",Hyderabad,17.40275,78.50806,250000.0,300000.0,0,,full_time,Sales Jobs,"HIRING NOW TRAINEE MEDICAL REPRESENTATIVES (TMR) PAN India | Training in Gurgaon (Mandatory) Eligibility: ✔️ B.Sc. / B.Pharma graduates ✔️ Age: Freshers ✔️ Min. 3 months pharma sales exp. (preferred) Only 1 pharma company experience allowed Only male candidates eligible Responsibilities: Promote pharma brands to doctors Generate prescriptions & maintain rapport Salary: ₹25,000 per month Training Stipend: ₹175/day for 27 Days Travel expenses for training covered Benefits: ✔️ Medclaim – …",2025-07-13T07:48:48Z,https://www.adzuna.in/details/5300412842?utm_medium=api&utm_source=10d03a1b,Healthcare,medical representative,Healthcare,9.09,Doctor,"MBBS, MD, General Medicine, Patient Assessment, Diagnosis, Emergency Care, BLS, ACLS, Clinical Documentation, Patient Counselling",1,10,7.73,Doctor / Physician,Doctor / Physician,50,,55.91
Adzuna,4801380584,Senior Specialist.Cardiology.MIMS Hospital Calicut,Aster DM Healthcare,"Kozhikode, Kerala","['India', 'Kerala', 'Kozhikode']",Kozhikode,,,,,0,permanent,full_time,Healthcare & Nursing Jobs,"Description Responsible for performing procedures like coronary and peripheral angiography and angioplasty, balloon valvotomy, permanent and temporary pacemaker implantation, cardiac synchronization therapy, aortic interventions. Conducting regular outpatient clinic Responsible for the organization of total patient management under care in a safe, compassionate and ethical manner and in compliance with Medical Ethics and Professional Conduct for Doctors.",2024-07-31T03:01:17Z,https://www.adzuna.in/details/4801380584?utm_medium=api&utm_source=10d03a1b,Healthcare,doctor,Healthcare,9.09,Doctor,"MBBS, MD, General Medicine, Patient Assessment, Diagnosis, Emergency Care, BLS, ACLS, Clinical Documentation, Patient Counselling",1,10,7.73,Doctor / Physician,Doctor / Physician,50,,55.91
Adzuna,5834562184,Project Coordinator,Qure.ai,"Vellore, Tamil Nadu","['India', 'Tamil Nadu', 'Vellore']",Vellore,12.93975,79.3664,,,0,contract,,Healthcare & Nursing Jobs,"About Qure.AI: Qure.AI is an equal opportunity employer. Qure.ai is a leading Healthcare Artificial Intelligence (AI) company disrupting the ‘status quo’ by enhancing diagnostic imaging and improving health outcomes with the assistance of machine-supported tools. Qure.ai taps deep learning technology to provide an automated interpretation of radiology exams like X-rays, and CT scans for time and resource-strapped medical imaging professionals, enabling faster diagnosis and speed to treatment. Q…",2026-08-09T16:00:52Z,https://www.adzuna.in/details/5834562184?utm_medium=api&utm_source=10d03a1b,Healthcare,clinical,Healthcare,9.09,Diagnosis,"MBBS, MD, General Medicine, Doctor, Patient Assessment, Emergency Care, BLS, ACLS, Clinical Documentation, Patient Counselling",1,10,7.73,Doctor / Physician,Radiologist,15,,20.91
