resume_id,job_id,job_title,company,location,resume_category,similarity_score,match_percentage,matched_skills,original_job_skills
1,50,,Webvio Technologies,Delhi,,0.4127,41.27,english; logging; r,BloggingSearch Engine Optimization (SEO)Creative WritingProofreadingEnglish Proficiency (Written)Research and Analytics
1,39,,KnowledgeWorks Global Limited,"Chennai, Mumbai",,0.3959,39.59,english; r,English Proficiency (Spoken)English Proficiency (Written)
1,17,,SpotOnMedia,Work from home,,0.3591,35.91,english; hindi; r,"MS-Office, MS-ExcelClient Relationship Management (CRM)Client RelationshipEnglish Proficiency (Spoken)English Proficiency (Written)Hindi Proficiency (Spoken)+1 more"
1,24,,SpotOnMedia,Work from home,,0.3591,35.91,english; hindi; r,"MS-Office, MS-ExcelClient Relationship Management (CRM)Client RelationshipEnglish Proficiency (Spoken)English Proficiency (Written)Hindi Proficiency (Spoken)+1 more"
1,1,,Calipers Consulting Private Limited,"Secunderabad, Hyderabad (Hybrid)",,0.3462,34.62,english; r,"MS-Office, MS-ExcelData entryEnglish Proficiency (Spoken)English Proficiency (Written)"
1,5,,SREEDHARA ENTERPRISES,Bangalore,,0.3071,30.71,accounting; english; r,"MS-OfficeAccountingTallyMS-Excel, English Proficiency (Spoken)English Proficiency (Written)"
1,3,,Modtraa Design And Creation Incorporation,Bangalore,,0.3043,30.43,communication; english; r; ski,"Presentation skillsMS-Excel, English Proficiency (Spoken)English Proficiency (Written)Kannada Proficiency (Spoken)Interpersonal skillsEffective Communication"
1,48,,Zucol Group Of Companies,Pune,,0.2993,29.93,english; r,Creative WritingEnglish Proficiency (Spoken)English Proficiency (Written)Network protocols
1,26,,Imarticus Learning,"Mumbai, Noida",,0.2948,29.48,design thinking; r,Content WritingMS-WordMS-PowerPointStoryboardingMS-ExcelContent ManagementDesign Thinking+3 more
1,37,,Urban Company,Bangalore,,0.2902,29.02,english; r,"MS-Excel, English Proficiency (Spoken)"
2,39,,KnowledgeWorks Global Limited,"Chennai, Mumbai",,0.4233,42.33,english; r,English Proficiency (Spoken)English Proficiency (Written)
2,5,,SREEDHARA ENTERPRISES,Bangalore,,0.3857,38.57,accounting; english; r,"MS-OfficeAccountingTallyMS-Excel, English Proficiency (Spoken)English Proficiency (Written)"
2,34,,Ashiana Housing Limited,Bhiwadi,,0.373,37.3,data analytics; r,Data AnalyticsMS-ExcelData entryPower BIData Analysis
2,1,,Calipers Consulting Private Limited,"Secunderabad, Hyderabad (Hybrid)",,0.3697,36.97,english; r,"MS-Office, MS-ExcelData entryEnglish Proficiency (Spoken)English Proficiency (Written)"
2,7,,Leafoberryy,Mumbai,,0.3626,36.26,communication; data analytics; r,LeadershipTeam ManagementE-commerceData AnalyticsMentorshipB2B SalesEffective Communication+2 more
2,37,,Urban Company,Bangalore,,0.347,34.7,english; r,"MS-Excel, English Proficiency (Spoken)"
2,17,,SpotOnMedia,Work from home,,0.337,33.7,english; hindi; r,"MS-Office, MS-ExcelClient Relationship Management (CRM)Client RelationshipEnglish Proficiency (Spoken)English Proficiency (Written)Hindi Proficiency (Spoken)+1 more"
2,24,,SpotOnMedia,Work from home,,0.337,33.7,english; hindi; r,"MS-Office, MS-ExcelClient Relationship Management (CRM)Client RelationshipEnglish Proficiency (Spoken)English Proficiency (Written)Hindi Proficiency (Spoken)+1 more"
2,43,,Mintifi Finserve Private Limited,Mumbai,,0.3334,33.34,english; r,"MS-Office, MS-Excel, English Proficiency (Spoken)"
2,50,,Webvio Technologies,Delhi,,0.318,31.8,english; logging; r,BloggingSearch Engine Optimization (SEO)Creative WritingProofreadingEnglish Proficiency (Written)Research and Analytics
3,39,,KnowledgeWorks Global Limited,"Chennai, Mumbai",,0.4191,41.91,english; r,English Proficiency (Spoken)English Proficiency (Written)
3,26,,Imarticus Learning,"Mumbai, Noida",,0.3946,39.46,design thinking; r,Content WritingMS-WordMS-PowerPointStoryboardingMS-ExcelContent ManagementDesign Thinking+3 more
3,3,,Modtraa Design And Creation Incorporation,Bangalore,,0.393,39.3,communication; english; r; ski,"Presentation skillsMS-Excel, English Proficiency (Spoken)English Proficiency (Written)Kannada Proficiency (Spoken)Interpersonal skillsEffective Communication"
3,1,,Calipers Consulting Private Limited,"Secunderabad, Hyderabad (Hybrid)",,0.3812,38.12,english; r,"MS-Office, MS-ExcelData entryEnglish Proficiency (Spoken)English Proficiency (Written)"
3,9,,Internshala,Gurgaon,,0.3476,34.76,communication; english; r,NegotiationProblem SolvingEnglish Proficiency (Spoken)SalesEffective Communication
3,10,,Internshala,Gurgaon,,0.3476,34.76,communication; english; r,NegotiationProblem SolvingEnglish Proficiency (Spoken)SalesEffective Communication
3,5,,SREEDHARA ENTERPRISES,Bangalore,,0.3418,34.18,accounting; english; r,"MS-OfficeAccountingTallyMS-Excel, English Proficiency (Spoken)English Proficiency (Written)"
3,50,,Webvio Technologies,Delhi,,0.3357,33.57,english; logging; r,BloggingSearch Engine Optimization (SEO)Creative WritingProofreadingEnglish Proficiency (Written)Research and Analytics
3,19,,Bhanzu (Formerly Exploring Infinities),Bangalore,,0.3241,32.41,communication; english; r,"MS-Excel, English Proficiency (Spoken)English Proficiency (Written)SalesEffective CommunicationSales Strategy"
3,43,,Mintifi Finserve Private Limited,Mumbai,,0.3201,32.01,english; r,"MS-Office, MS-Excel, English Proficiency (Spoken)"
4,7,,Leafoberryy,Mumbai,,0.4818,48.18,communication; data analytics; r,LeadershipTeam ManagementE-commerceData AnalyticsMentorshipB2B SalesEffective Communication+2 more
4,5,,SREEDHARA ENTERPRISES,Bangalore,,0.4539,45.39,accounting; english; r,"MS-OfficeAccountingTallyMS-Excel, English Proficiency (Spoken)English Proficiency (Written)"
4,45,,Lishanth Enterprises,"Narasaraopet, Anakapalle, Macherla, Prathipadu, Bapatla, Chirala, Gajuwaka Part",,0.4462,44.62,r,Client Relationship Management (CRM)CoordinationSales ManagementClient RelationshipNegotiationsCustomer AcquisitionSales Strategy
4,37,,Urban Company,Bangalore,,0.4243,42.43,english; r,"MS-Excel, English Proficiency (Spoken)"
4,34,,Ashiana Housing Limited,Bhiwadi,,0.418,41.8,data analytics; r,Data AnalyticsMS-ExcelData entryPower BIData Analysis
4,12,,Belstar MicroFinance Limited,Chennai,,0.4131,41.31,accounting; plan; r,AccountingFinancial planningFinancial Reporting
4,1,,Calipers Consulting Private Limited,"Secunderabad, Hyderabad (Hybrid)",,0.4091,40.91,english; r,"MS-Office, MS-ExcelData entryEnglish Proficiency (Spoken)English Proficiency (Written)"
4,38,,Urban Company Ltd.,Bangalore,,0.4075,40.75,english; r,"MS-Excel, English Proficiency (Written)"
4,3,,Modtraa Design And Creation Incorporation,Bangalore,,0.3934,39.34,communication; english; r; ski,"Presentation skillsMS-Excel, English Proficiency (Spoken)English Proficiency (Written)Kannada Proficiency (Spoken)Interpersonal skillsEffective Communication"
4,29,,GlobalStep Services Private Limited,Pune,,0.3859,38.59,r,RecruitmentResume screeningInterview Coordination
5,43,,Mintifi Finserve Private Limited,Mumbai,,0.4829,48.29,english; r,"MS-Office, MS-Excel, English Proficiency (Spoken)"
5,39,,KnowledgeWorks Global Limited,"Chennai, Mumbai",,0.4552,45.52,english; r,English Proficiency (Spoken)English Proficiency (Written)
5,3,,Modtraa Design And Creation Incorporation,Bangalore,,0.4511,45.11,communication; english; r; ski,"Presentation skillsMS-Excel, English Proficiency (Spoken)English Proficiency (Written)Kannada Proficiency (Spoken)Interpersonal skillsEffective Communication"
5,1,,Calipers Consulting Private Limited,"Secunderabad, Hyderabad (Hybrid)",,0.4494,44.94,english; r,"MS-Office, MS-ExcelData entryEnglish Proficiency (Spoken)English Proficiency (Written)"
5,26,,Imarticus Learning,"Mumbai, Noida",,0.4339,43.39,design thinking; r,Content WritingMS-WordMS-PowerPointStoryboardingMS-ExcelContent ManagementDesign Thinking+3 more
5,5,,SREEDHARA ENTERPRISES,Bangalore,,0.4265,42.65,accounting; english; r,"MS-OfficeAccountingTallyMS-Excel, English Proficiency (Spoken)English Proficiency (Written)"
5,29,,GlobalStep Services Private Limited,Pune,,0.4066,40.66,r,RecruitmentResume screeningInterview Coordination
5,37,,Urban Company,Bangalore,,0.3884,38.84,english; r,"MS-Excel, English Proficiency (Spoken)"
5,7,,Leafoberryy,Mumbai,,0.3837,38.37,communication; data analytics; r,LeadershipTeam ManagementE-commerceData AnalyticsMentorshipB2B SalesEffective Communication+2 more
5,17,,SpotOnMedia,Work from home,,0.3749,37.49,english; hindi; r,"MS-Office, MS-ExcelClient Relationship Management (CRM)Client RelationshipEnglish Proficiency (Spoken)English Proficiency (Written)Hindi Proficiency (Spoken)+1 more"
6,39,,KnowledgeWorks Global Limited,"Chennai, Mumbai",,0.5765,57.65,english; r,English Proficiency (Spoken)English Proficiency (Written)
6,1,,Calipers Consulting Private Limited,"Secunderabad, Hyderabad (Hybrid)",,0.5583,55.83,english; r,"MS-Office, MS-ExcelData entryEnglish Proficiency (Spoken)English Proficiency (Written)"
6,37,,Urban Company,Bangalore,,0.4898,48.98,english; r,"MS-Excel, English Proficiency (Spoken)"
6,43,,Mintifi Finserve Private Limited,Mumbai,,0.4778,47.78,english; r,"MS-Office, MS-Excel, English Proficiency (Spoken)"
6,5,,SREEDHARA ENTERPRISES,Bangalore,,0.477,47.7,accounting; english; r,"MS-OfficeAccountingTallyMS-Excel, English Proficiency (Spoken)English Proficiency (Written)"
6,17,,SpotOnMedia,Work from home,,0.4708,47.08,english; hindi; r,"MS-Office, MS-ExcelClient Relationship Management (CRM)Client RelationshipEnglish Proficiency (Spoken)English Proficiency (Written)Hindi Proficiency (Spoken)+1 more"
6,24,,SpotOnMedia,Work from home,,0.4708,47.08,english; hindi; r,"MS-Office, MS-ExcelClient Relationship Management (CRM)Client RelationshipEnglish Proficiency (Spoken)English Proficiency (Written)Hindi Proficiency (Spoken)+1 more"
6,38,,Urban Company Ltd.,Bangalore,,0.4593,45.93,english; r,"MS-Excel, English Proficiency (Written)"
6,3,,Modtraa Design And Creation Incorporation,Bangalore,,0.4323,43.23,communication; english; r; ski,"Presentation skillsMS-Excel, English Proficiency (Spoken)English Proficiency (Written)Kannada Proficiency (Spoken)Interpersonal skillsEffective Communication"
6,26,,Imarticus Learning,"Mumbai, Noida",,0.4147,41.47,design thinking; r,Content WritingMS-WordMS-PowerPointStoryboardingMS-ExcelContent ManagementDesign Thinking+3 more
7,17,,SpotOnMedia,Work from home,,0.417,41.7,english; hindi; r,"MS-Office, MS-ExcelClient Relationship Management (CRM)Client RelationshipEnglish Proficiency (Spoken)English Proficiency (Written)Hindi Proficiency (Spoken)+1 more"
7,24,,SpotOnMedia,Work from home,,0.417,41.7,english; hindi; r,"MS-Office, MS-ExcelClient Relationship Management (CRM)Client RelationshipEnglish Proficiency (Spoken)English Proficiency (Written)Hindi Proficiency (Spoken)+1 more"
7,37,,Urban Company,Bangalore,,0.3457,34.57,english; r,"MS-Excel, English Proficiency (Spoken)"
7,1,,Calipers Consulting Private Limited,"Secunderabad, Hyderabad (Hybrid)",,0.3428,34.28,english; r,"MS-Office, MS-ExcelData entryEnglish Proficiency (Spoken)English Proficiency (Written)"
7,7,,Leafoberryy,Mumbai,,0.3164,31.64,communication; data analytics; r,LeadershipTeam ManagementE-commerceData AnalyticsMentorshipB2B SalesEffective Communication+2 more
7,34,,Ashiana Housing Limited,Bhiwadi,,0.3133,31.33,data analytics; r,Data AnalyticsMS-ExcelData entryPower BIData Analysis
7,5,,SREEDHARA ENTERPRISES,Bangalore,,0.3125,31.25,accounting; english; r,"MS-OfficeAccountingTallyMS-Excel, English Proficiency (Spoken)English Proficiency (Written)"
7,49,,Cloudnine Hospital,Bangalore,,0.3029,30.29,english; r,"MS-Excel, English Proficiency (Written)CanvaPivot TableVLOOKUP"
7,38,,Urban Company Ltd.,Bangalore,,0.3012,30.12,english; r,"MS-Excel, English Proficiency (Written)"
7,14,,NYX,Work from home,,0.2997,29.97,r,NegotiationDigital MarketingClient Relationship Management (CRM)Client RelationshipLinkedIn MarketingBusiness DevelopmentGoogle Workspace+5 more
8,39,,KnowledgeWorks Global Limited,"Chennai, Mumbai",,0.4558,45.58,english; r,English Proficiency (Spoken)English Proficiency (Written)
8,5,,SREEDHARA ENTERPRISES,Bangalore,,0.3458,34.58,accounting; english; r,"MS-OfficeAccountingTallyMS-Excel, English Proficiency (Spoken)English Proficiency (Written)"
8,1,,Calipers Consulting Private Limited,"Secunderabad, Hyderabad (Hybrid)",,0.3437,34.37,english; r,"MS-Office, MS-ExcelData entryEnglish Proficiency (Spoken)English Proficiency (Written)"
8,17,,SpotOnMedia,Work from home,,0.3227,32.27,english; hindi; r,"MS-Office, MS-ExcelClient Relationship Management (CRM)Client RelationshipEnglish Proficiency (Spoken)English Proficiency (Written)Hindi Proficiency (Spoken)+1 more"
8,24,,SpotOnMedia,Work from home,,0.3227,32.27,english; hindi; r,"MS-Office, MS-ExcelClient Relationship Management (CRM)Client RelationshipEnglish Proficiency (Spoken)English Proficiency (Written)Hindi Proficiency (Spoken)+1 more"
8,20,,Bhanzu (Formerly Exploring Infinities),Bangalore,,0.3205,32.05,english; r; ski,English Proficiency (Spoken)English Proficiency (Written)Interpersonal skills
8,37,,Urban Company,Bangalore,,0.3154,31.54,english; r,"MS-Excel, English Proficiency (Spoken)"
8,50,,Webvio Technologies,Delhi,,0.3144,31.44,english; logging; r,BloggingSearch Engine Optimization (SEO)Creative WritingProofreadingEnglish Proficiency (Written)Research and Analytics
8,9,,Internshala,Gurgaon,,0.3137,31.37,communication; english; r,NegotiationProblem SolvingEnglish Proficiency (Spoken)SalesEffective Communication
8,10,,Internshala,Gurgaon,,0.3137,31.37,communication; english; r,NegotiationProblem SolvingEnglish Proficiency (Spoken)SalesEffective Communication
9,39,,KnowledgeWorks Global Limited,"Chennai, Mumbai",,0.4544,45.44,english; r,English Proficiency (Spoken)English Proficiency (Written)
9,1,,Calipers Consulting Private Limited,"Secunderabad, Hyderabad (Hybrid)",,0.4016,40.16,english; r,"MS-Office, MS-ExcelData entryEnglish Proficiency (Spoken)English Proficiency (Written)"
9,50,,Webvio Technologies,Delhi,,0.3945,39.45,english; logging; r,BloggingSearch Engine Optimization (SEO)Creative WritingProofreadingEnglish Proficiency (Written)Research and Analytics
9,5,,SREEDHARA ENTERPRISES,Bangalore,,0.3788,37.88,accounting; english; r,"MS-OfficeAccountingTallyMS-Excel, English Proficiency (Spoken)English Proficiency (Written)"
9,43,,Mintifi Finserve Private Limited,Mumbai,,0.3695,36.95,english; r,"MS-Office, MS-Excel, English Proficiency (Spoken)"
9,3,,Modtraa Design And Creation Incorporation,Bangalore,,0.3571,35.71,communication; english; r; ski,"Presentation skillsMS-Excel, English Proficiency (Spoken)English Proficiency (Written)Kannada Proficiency (Spoken)Interpersonal skillsEffective Communication"
9,37,,Urban Company,Bangalore,,0.3553,35.53,english; r,"MS-Excel, English Proficiency (Spoken)"
9,9,,Internshala,Gurgaon,,0.3406,34.06,communication; english; r,NegotiationProblem SolvingEnglish Proficiency (Spoken)SalesEffective Communication
9,10,,Internshala,Gurgaon,,0.3406,34.06,communication; english; r,NegotiationProblem SolvingEnglish Proficiency (Spoken)SalesEffective Communication
9,17,,SpotOnMedia,Work from home,,0.3395,33.95,english; hindi; r,"MS-Office, MS-ExcelClient Relationship Management (CRM)Client RelationshipEnglish Proficiency (Spoken)English Proficiency (Written)Hindi Proficiency (Spoken)+1 more"
10,7,,Leafoberryy,Mumbai,,0.4877,48.77,communication; data analytics; r,LeadershipTeam ManagementE-commerceData AnalyticsMentorshipB2B SalesEffective Communication+2 more
10,39,,KnowledgeWorks Global Limited,"Chennai, Mumbai",,0.4662,46.62,english; r,English Proficiency (Spoken)English Proficiency (Written)
10,1,,Calipers Consulting Private Limited,"Secunderabad, Hyderabad (Hybrid)",,0.462,46.2,english; r,"MS-Office, MS-ExcelData entryEnglish Proficiency (Spoken)English Proficiency (Written)"
10,37,,Urban Company,Bangalore,,0.4335,43.35,english; r,"MS-Excel, English Proficiency (Spoken)"
10,5,,SREEDHARA ENTERPRISES,Bangalore,,0.4201,42.01,accounting; english; r,"MS-OfficeAccountingTallyMS-Excel, English Proficiency (Spoken)English Proficiency (Written)"
10,38,,Urban Company Ltd.,Bangalore,,0.4147,41.47,english; r,"MS-Excel, English Proficiency (Written)"
10,34,,Ashiana Housing Limited,Bhiwadi,,0.4095,40.95,data analytics; r,Data AnalyticsMS-ExcelData entryPower BIData Analysis
10,43,,Mintifi Finserve Private Limited,Mumbai,,0.4045,40.45,english; r,"MS-Office, MS-Excel, English Proficiency (Spoken)"
10,17,,SpotOnMedia,Work from home,,0.387,38.7,english; hindi; r,"MS-Office, MS-ExcelClient Relationship Management (CRM)Client RelationshipEnglish Proficiency (Spoken)English Proficiency (Written)Hindi Proficiency (Spoken)+1 more"
10,24,,SpotOnMedia,Work from home,,0.387,38.7,english; hindi; r,"MS-Office, MS-ExcelClient Relationship Management (CRM)Client RelationshipEnglish Proficiency (Spoken)English Proficiency (Written)Hindi Proficiency (Spoken)+1 more"
11,1,,Calipers Consulting Private Limited,"Secunderabad, Hyderabad (Hybrid)",,0.4802,48.02,english; r,"MS-Office, MS-ExcelData entryEnglish Proficiency (Spoken)English Proficiency (Written)"
11,3,,Modtraa Design And Creation Incorporation,Bangalore,,0.4788,47.88,communication; english; r; ski,"Presentation skillsMS-Excel, English Proficiency (Spoken)English Proficiency (Written)Kannada Proficiency (Spoken)Interpersonal skillsEffective Communication"
11,43,,Mintifi Finserve Private Limited,Mumbai,,0.4701,47.01,english; r,"MS-Office, MS-Excel, English Proficiency (Spoken)"
11,5,,SREEDHARA ENTERPRISES,Bangalore,,0.4563,45.63,accounting; english; r,"MS-OfficeAccountingTallyMS-Excel, English Proficiency (Spoken)English Proficiency (Written)"
11,39,,KnowledgeWorks Global Limited,"Chennai, Mumbai",,0.437,43.7,english; r,English Proficiency (Spoken)English Proficiency (Written)
11,37,,Urban Company,Bangalore,,0.4285,42.85,english; r,"MS-Excel, English Proficiency (Spoken)"
11,50,,Webvio Technologies,Delhi,,0.4028,40.28,english; logging; r,BloggingSearch Engine Optimization (SEO)Creative WritingProofreadingEnglish Proficiency (Written)Research and Analytics
11,38,,Urban Company Ltd.,Bangalore,,0.3803,38.03,english; r,"MS-Excel, English Proficiency (Written)"
11,9,,Internshala,Gurgaon,,0.3751,37.51,communication; english; r,NegotiationProblem SolvingEnglish Proficiency (Spoken)SalesEffective Communication
11,10,,Internshala,Gurgaon,,0.3751,37.51,communication; english; r,NegotiationProblem SolvingEnglish Proficiency (Spoken)SalesEffective Communication
12,1,,Calipers Consulting Private Limited,"Secunderabad, Hyderabad (Hybrid)",,0.4508,45.08,english; r,"MS-Office, MS-ExcelData entryEnglish Proficiency (Spoken)English Proficiency (Written)"
12,4,,CCL Advisors,Mumbai,,0.4173,41.73,legal research; r,Legal ResearchCompany LawLegal DraftingStatutory compliancesLegal WritingContract Management
12,43,,Mintifi Finserve Private Limited,Mumbai,,0.4139,41.39,english; r,"MS-Office, MS-Excel, English Proficiency (Spoken)"
12,17,,SpotOnMedia,Work from home,,0.3835,38.35,english; hindi; r,"MS-Office, MS-ExcelClient Relationship Management (CRM)Client RelationshipEnglish Proficiency (Spoken)English Proficiency (Written)Hindi Proficiency (Spoken)+1 more"
12,24,,SpotOnMedia,Work from home,,0.3835,38.35,english; hindi; r,"MS-Office, MS-ExcelClient Relationship Management (CRM)Client RelationshipEnglish Proficiency (Spoken)English Proficiency (Written)Hindi Proficiency (Spoken)+1 more"
12,5,,SREEDHARA ENTERPRISES,Bangalore,,0.3766,37.66,accounting; english; r,"MS-OfficeAccountingTallyMS-Excel, English Proficiency (Spoken)English Proficiency (Written)"
12,39,,KnowledgeWorks Global Limited,"Chennai, Mumbai",,0.3565,35.65,english; r,English Proficiency (Spoken)English Proficiency (Written)
12,29,,GlobalStep Services Private Limited,Pune,,0.3411,34.11,r,RecruitmentResume screeningInterview Coordination
12,37,,Urban Company,Bangalore,,0.3319,33.19,english; r,"MS-Excel, English Proficiency (Spoken)"
12,7,,Leafoberryy,Mumbai,,0.3281,32.81,communication; data analytics; r,LeadershipTeam ManagementE-commerceData AnalyticsMentorshipB2B SalesEffective Communication+2 more
13,43,,Mintifi Finserve Private Limited,Mumbai,,0.5596,55.96,english; r,"MS-Office, MS-Excel, English Proficiency (Spoken)"
13,5,,SREEDHARA ENTERPRISES,Bangalore,,0.5222,52.22,accounting; english; r,"MS-OfficeAccountingTallyMS-Excel, English Proficiency (Spoken)English Proficiency (Written)"
13,37,,Urban Company,Bangalore,,0.5098,50.98,english; r,"MS-Excel, English Proficiency (Spoken)"
13,39,,KnowledgeWorks Global Limited,"Chennai, Mumbai",,0.4821,48.21,english; r,English Proficiency (Spoken)English Proficiency (Written)
13,38,,Urban Company Ltd.,Bangalore,,0.4742,47.42,english; r,"MS-Excel, English Proficiency (Written)"
13,26,,Imarticus Learning,"Mumbai, Noida",,0.4426,44.26,design thinking; r,Content WritingMS-WordMS-PowerPointStoryboardingMS-ExcelContent ManagementDesign Thinking+3 more
13,3,,Modtraa Design And Creation Incorporation,Bangalore,,0.4396,43.96,communication; english; r; ski,"Presentation skillsMS-Excel, English Proficiency (Spoken)English Proficiency (Written)Kannada Proficiency (Spoken)Interpersonal skillsEffective Communication"
13,1,,Calipers Consulting Private Limited,"Secunderabad, Hyderabad (Hybrid)",,0.4381,43.81,english; r,"MS-Office, MS-ExcelData entryEnglish Proficiency (Spoken)English Proficiency (Written)"
13,7,,Leafoberryy,Mumbai,,0.432,43.2,communication; data analytics; r,LeadershipTeam ManagementE-commerceData AnalyticsMentorshipB2B SalesEffective Communication+2 more
13,29,,GlobalStep Services Private Limited,Pune,,0.4198,41.98,r,RecruitmentResume screeningInterview Coordination
14,5,,SREEDHARA ENTERPRISES,Bangalore,,0.5134,51.34,accounting; english; r,"MS-OfficeAccountingTallyMS-Excel, English Proficiency (Spoken)English Proficiency (Written)"
14,39,,KnowledgeWorks Global Limited,"Chennai, Mumbai",,0.4967,49.67,english; r,English Proficiency (Spoken)English Proficiency (Written)
14,37,,Urban Company,Bangalore,,0.4615,46.15,english; r,"MS-Excel, English Proficiency (Spoken)"
14,1,,Calipers Consulting Private Limited,"Secunderabad, Hyderabad (Hybrid)",,0.4598,45.98,english; r,"MS-Office, MS-ExcelData entryEnglish Proficiency (Spoken)English Proficiency (Written)"
14,38,,Urban Company Ltd.,Bangalore,,0.4489,44.89,english; r,"MS-Excel, English Proficiency (Written)"
14,43,,Mintifi Finserve Private Limited,Mumbai,,0.4375,43.75,english; r,"MS-Office, MS-Excel, English Proficiency (Spoken)"
14,7,,Leafoberryy,Mumbai,,0.4366,43.66,communication; data analytics; r,LeadershipTeam ManagementE-commerceData AnalyticsMentorshipB2B SalesEffective Communication+2 more
14,3,,Modtraa Design And Creation Incorporation,Bangalore,,0.4156,41.56,communication; english; r; ski,"Presentation skillsMS-Excel, English Proficiency (Spoken)English Proficiency (Written)Kannada Proficiency (Spoken)Interpersonal skillsEffective Communication"
14,50,,Webvio Technologies,Delhi,,0.4153,41.53,english; logging; r,BloggingSearch Engine Optimization (SEO)Creative WritingProofreadingEnglish Proficiency (Written)Research and Analytics
14,49,,Cloudnine Hospital,Bangalore,,0.4062,40.62,english; r,"MS-Excel, English Proficiency (Written)CanvaPivot TableVLOOKUP"
15,5,,SREEDHARA ENTERPRISES,Bangalore,,0.5668,56.68,accounting; english; r,"MS-OfficeAccountingTallyMS-Excel, English Proficiency (Spoken)English Proficiency (Written)"
15,43,,Mintifi Finserve Private Limited,Mumbai,,0.5199,51.99,english; r,"MS-Office, MS-Excel, English Proficiency (Spoken)"
15,37,,Urban Company,Bangalore,,0.5142,51.42,english; r,"MS-Excel, English Proficiency (Spoken)"
15,3,,Modtraa Design And Creation Incorporation,Bangalore,,0.5132,51.32,communication; english; r; ski,"Presentation skillsMS-Excel, English Proficiency (Spoken)English Proficiency (Written)Kannada Proficiency (Spoken)Interpersonal skillsEffective Communication"
15,38,,Urban Company Ltd.,Bangalore,,0.4925,49.25,english; r,"MS-Excel, English Proficiency (Written)"
15,1,,Calipers Consulting Private Limited,"Secunderabad, Hyderabad (Hybrid)",,0.4854,48.54,english; r,"MS-Office, MS-ExcelData entryEnglish Proficiency (Spoken)English Proficiency (Written)"
15,39,,KnowledgeWorks Global Limited,"Chennai, Mumbai",,0.4405,44.05,english; r,English Proficiency (Spoken)English Proficiency (Written)
15,35,,California Burrito,Bangalore,,0.4175,41.75,graphic design; motion graphics; r,BrandingUI & UX DesignInterior designGraphic DesignDigital IllustrationMotion Graphics
15,21,,Fitelo,Work from home,,0.4123,41.23,communication; english; r,Client RelationshipEnglish Proficiency (Spoken)English Proficiency (Written)Effective Communication
15,47,,Scaler,Bangalore,,0.4002,40.02,communication; english; hindi; r,English Proficiency (Spoken)Hindi Proficiency (Spoken)Effective Communication
16,5,,SREEDHARA ENTERPRISES,Bangalore,,0.4383,43.83,accounting; english; r,"MS-OfficeAccountingTallyMS-Excel, English Proficiency (Spoken)English Proficiency (Written)"
16,1,,Calipers Consulting Private Limited,"Secunderabad, Hyderabad (Hybrid)",,0.436,43.6,english; r,"MS-Office, MS-ExcelData entryEnglish Proficiency (Spoken)English Proficiency (Written)"
16,43,,Mintifi Finserve Private Limited,Mumbai,,0.4288,42.88,english; r,"MS-Office, MS-Excel, English Proficiency (Spoken)"
16,39,,KnowledgeWorks Global Limited,"Chennai, Mumbai",,0.3867,38.67,english; r,English Proficiency (Spoken)English Proficiency (Written)
16,37,,Urban Company,Bangalore,,0.3771,37.71,english; r,"MS-Excel, English Proficiency (Spoken)"
16,29,,GlobalStep Services Private Limited,Pune,,0.3525,35.25,r,RecruitmentResume screeningInterview Coordination
16,26,,Imarticus Learning,"Mumbai, Noida",,0.3512,35.12,design thinking; r,Content WritingMS-WordMS-PowerPointStoryboardingMS-ExcelContent ManagementDesign Thinking+3 more
16,38,,Urban Company Ltd.,Bangalore,,0.3498,34.98,english; r,"MS-Excel, English Proficiency (Written)"
16,44,,Starcrest Services Pvt. Ltd.,"Delhi, Gurgaon, Noida",,0.3409,34.09,r,MS-OfficeRecruitment
16,3,,Modtraa Design And Creation Incorporation,Bangalore,,0.339,33.9,communication; english; r; ski,"Presentation skillsMS-Excel, English Proficiency (Spoken)English Proficiency (Written)Kannada Proficiency (Spoken)Interpersonal skillsEffective Communication"
17,1,,Calipers Consulting Private Limited,"Secunderabad, Hyderabad (Hybrid)",,0.5893,58.93,english; r,"MS-Office, MS-ExcelData entryEnglish Proficiency (Spoken)English Proficiency (Written)"
17,5,,SREEDHARA ENTERPRISES,Bangalore,,0.5826,58.26,accounting; english; r,"MS-OfficeAccountingTallyMS-Excel, English Proficiency (Spoken)English Proficiency (Written)"
17,43,,Mintifi Finserve Private Limited,Mumbai,,0.5672,56.72,english; r,"MS-Office, MS-Excel, English Proficiency (Spoken)"
17,7,,Leafoberryy,Mumbai,,0.533,53.3,communication; data analytics; r,LeadershipTeam ManagementE-commerceData AnalyticsMentorshipB2B SalesEffective Communication+2 more
17,17,,SpotOnMedia,Work from home,,0.5203,52.03,english; hindi; r,"MS-Office, MS-ExcelClient Relationship Management (CRM)Client RelationshipEnglish Proficiency (Spoken)English Proficiency (Written)Hindi Proficiency (Spoken)+1 more"
17,24,,SpotOnMedia,Work from home,,0.5203,52.03,english; hindi; r,"MS-Office, MS-ExcelClient Relationship Management (CRM)Client RelationshipEnglish Proficiency (Spoken)English Proficiency (Written)Hindi Proficiency (Spoken)+1 more"
17,37,,Urban Company,Bangalore,,0.509,50.9,english; r,"MS-Excel, English Proficiency (Spoken)"
17,39,,KnowledgeWorks Global Limited,"Chennai, Mumbai",,0.5089,50.89,english; r,English Proficiency (Spoken)English Proficiency (Written)
17,12,,Belstar MicroFinance Limited,Chennai,,0.5042,50.42,accounting; plan; r,AccountingFinancial planningFinancial Reporting
17,3,,Modtraa Design And Creation Incorporation,Bangalore,,0.4797,47.97,communication; english; r; ski,"Presentation skillsMS-Excel, English Proficiency (Spoken)English Proficiency (Written)Kannada Proficiency (Spoken)Interpersonal skillsEffective Communication"
18,5,,SREEDHARA ENTERPRISES,Bangalore,,0.4161,41.61,accounting; english; r,"MS-OfficeAccountingTallyMS-Excel, English Proficiency (Spoken)English Proficiency (Written)"
18,43,,Mintifi Finserve Private Limited,Mumbai,,0.4107,41.07,english; r,"MS-Office, MS-Excel, English Proficiency (Spoken)"
18,1,,Calipers Consulting Private Limited,"Secunderabad, Hyderabad (Hybrid)",,0.4096,40.96,english; r,"MS-Office, MS-ExcelData entryEnglish Proficiency (Spoken)English Proficiency (Written)"
18,29,,GlobalStep Services Private Limited,Pune,,0.3977,39.77,r,RecruitmentResume screeningInterview Coordination
18,3,,Modtraa Design And Creation Incorporation,Bangalore,,0.3749,37.49,communication; english; r; ski,"Presentation skillsMS-Excel, English Proficiency (Spoken)English Proficiency (Written)Kannada Proficiency (Spoken)Interpersonal skillsEffective Communication"
18,39,,KnowledgeWorks Global Limited,"Chennai, Mumbai",,0.367,36.7,english; r,English Proficiency (Spoken)English Proficiency (Written)
18,37,,Urban Company,Bangalore,,0.3664,36.64,english; r,"MS-Excel, English Proficiency (Spoken)"
18,6,,Godrej Capital,"Ahmedabad, Mehsana, Pune, Gandhidham, Vapi, Ahmednagar, Vadodara, Mumbai, Nashik",,0.3453,34.53,communication; r,MS-OfficeMS-PowerPointMS-ExcelEffective Communication
18,4,,CCL Advisors,Mumbai,,0.3423,34.23,legal research; r,Legal ResearchCompany LawLegal DraftingStatutory compliancesLegal WritingContract Management
18,8,,YES Italy Edutech Pvt. Ltd.,"Delhi, Mumbai",,0.3225,32.25,english; r,Lead GenerationSales ManagementEnglish Proficiency (Spoken)Sales
19,1,,Calipers Consulting Private Limited,"Secunderabad, Hyderabad (Hybrid)",,0.6238,62.38,english; r,"MS-Office, MS-ExcelData entryEnglish Proficiency (Spoken)English Proficiency (Written)"
19,43,,Mintifi Finserve Private Limited,Mumbai,,0.5985,59.85,english; r,"MS-Office, MS-Excel, English Proficiency (Spoken)"
19,5,,SREEDHARA ENTERPRISES,Bangalore,,0.5848,58.48,accounting; english; r,"MS-OfficeAccountingTallyMS-Excel, English Proficiency (Spoken)English Proficiency (Written)"
19,39,,KnowledgeWorks Global Limited,"Chennai, Mumbai",,0.5547,55.47,english; r,English Proficiency (Spoken)English Proficiency (Written)
19,37,,Urban Company,Bangalore,,0.5291,52.91,english; r,"MS-Excel, English Proficiency (Spoken)"
19,17,,SpotOnMedia,Work from home,,0.5082,50.82,english; hindi; r,"MS-Office, MS-ExcelClient Relationship Management (CRM)Client RelationshipEnglish Proficiency (Spoken)English Proficiency (Written)Hindi Proficiency (Spoken)+1 more"
19,24,,SpotOnMedia,Work from home,,0.5082,50.82,english; hindi; r,"MS-Office, MS-ExcelClient Relationship Management (CRM)Client RelationshipEnglish Proficiency (Spoken)English Proficiency (Written)Hindi Proficiency (Spoken)+1 more"
19,7,,Leafoberryy,Mumbai,,0.4976,49.76,communication; data analytics; r,LeadershipTeam ManagementE-commerceData AnalyticsMentorshipB2B SalesEffective Communication+2 more
19,38,,Urban Company Ltd.,Bangalore,,0.4807,48.07,english; r,"MS-Excel, English Proficiency (Written)"
19,26,,Imarticus Learning,"Mumbai, Noida",,0.4774,47.74,design thinking; r,Content WritingMS-WordMS-PowerPointStoryboardingMS-ExcelContent ManagementDesign Thinking+3 more
20,1,,Calipers Consulting Private Limited,"Secunderabad, Hyderabad (Hybrid)",,0.5243,52.43,english; r,"MS-Office, MS-ExcelData entryEnglish Proficiency (Spoken)English Proficiency (Written)"
20,43,,Mintifi Finserve Private Limited,Mumbai,,0.4956,49.56,english; r,"MS-Office, MS-Excel, English Proficiency (Spoken)"
20,5,,SREEDHARA ENTERPRISES,Bangalore,,0.473,47.3,accounting; english; r,"MS-OfficeAccountingTallyMS-Excel, English Proficiency (Spoken)English Proficiency (Written)"
20,39,,KnowledgeWorks Global Limited,"Chennai, Mumbai",,0.4652,46.52,english; r,English Proficiency (Spoken)English Proficiency (Written)
20,37,,Urban Company,Bangalore,,0.4457,44.57,english; r,"MS-Excel, English Proficiency (Spoken)"
20,17,,SpotOnMedia,Work from home,,0.4447,44.47,english; hindi; r,"MS-Office, MS-ExcelClient Relationship Management (CRM)Client RelationshipEnglish Proficiency (Spoken)English Proficiency (Written)Hindi Proficiency (Spoken)+1 more"
20,24,,SpotOnMedia,Work from home,,0.4447,44.47,english; hindi; r,"MS-Office, MS-ExcelClient Relationship Management (CRM)Client RelationshipEnglish Proficiency (Spoken)English Proficiency (Written)Hindi Proficiency (Spoken)+1 more"
20,3,,Modtraa Design And Creation Incorporation,Bangalore,,0.4122,41.22,communication; english; r; ski,"Presentation skillsMS-Excel, English Proficiency (Spoken)English Proficiency (Written)Kannada Proficiency (Spoken)Interpersonal skillsEffective Communication"
20,40,,RMSI Private Limited,Hyderabad,,0.4012,40.12,r; sql; sql server,SQLMS SQL ServerGISArcGISSSMS
20,26,,Imarticus Learning,"Mumbai, Noida",,0.4008,40.08,design thinking; r,Content WritingMS-WordMS-PowerPointStoryboardingMS-ExcelContent ManagementDesign Thinking+3 more
21,4,,CCL Advisors,Mumbai,,0.445,44.5,legal research; r,Legal ResearchCompany LawLegal DraftingStatutory compliancesLegal WritingContract Management
21,3,,Modtraa Design And Creation Incorporation,Bangalore,,0.4423,44.23,communication; english; r; ski,"Presentation skillsMS-Excel, English Proficiency (Spoken)English Proficiency (Written)Kannada Proficiency (Spoken)Interpersonal skillsEffective Communication"
21,43,,Mintifi Finserve Private Limited,Mumbai,,0.4422,44.22,english; r,"MS-Office, MS-Excel, English Proficiency (Spoken)"
21,9,,Internshala,Gurgaon,,0.4327,43.27,communication; english; r,NegotiationProblem SolvingEnglish Proficiency (Spoken)SalesEffective Communication
21,10,,Internshala,Gurgaon,,0.4327,43.27,communication; english; r,NegotiationProblem SolvingEnglish Proficiency (Spoken)SalesEffective Communication
21,5,,SREEDHARA ENTERPRISES,Bangalore,,0.4295,42.95,accounting; english; r,"MS-OfficeAccountingTallyMS-Excel, English Proficiency (Spoken)English Proficiency (Written)"
21,39,,KnowledgeWorks Global Limited,"Chennai, Mumbai",,0.4241,42.41,english; r,English Proficiency (Spoken)English Proficiency (Written)
21,1,,Calipers Consulting Private Limited,"Secunderabad, Hyderabad (Hybrid)",,0.4123,41.23,english; r,"MS-Office, MS-ExcelData entryEnglish Proficiency (Spoken)English Proficiency (Written)"
21,2,,Gruhatara Estates,Bangalore,,0.4063,40.63,market research; r,"NegotiationDigital Marketing, Market researchMarketing Strategies"
21,45,,Lishanth Enterprises,"Narasaraopet, Anakapalle, Macherla, Prathipadu, Bapatla, Chirala, Gajuwaka Part",,0.3852,38.52,r,Client Relationship Management (CRM)CoordinationSales ManagementClient RelationshipNegotiationsCustomer AcquisitionSales Strategy
22,4,,CCL Advisors,Mumbai,,0.4544,45.44,legal research; r,Legal ResearchCompany LawLegal DraftingStatutory compliancesLegal WritingContract Management
22,1,,Calipers Consulting Private Limited,"Secunderabad, Hyderabad (Hybrid)",,0.4375,43.75,english; r,"MS-Office, MS-ExcelData entryEnglish Proficiency (Spoken)English Proficiency (Written)"
22,43,,Mintifi Finserve Private Limited,Mumbai,,0.4237,42.37,english; r,"MS-Office, MS-Excel, English Proficiency (Spoken)"
22,3,,Modtraa Design And Creation Incorporation,Bangalore,,0.4024,40.24,communication; english; r; ski,"Presentation skillsMS-Excel, English Proficiency (Spoken)English Proficiency (Written)Kannada Proficiency (Spoken)Interpersonal skillsEffective Communication"
22,5,,SREEDHARA ENTERPRISES,Bangalore,,0.3852,38.52,accounting; english; r,"MS-OfficeAccountingTallyMS-Excel, English Proficiency (Spoken)English Proficiency (Written)"
22,39,,KnowledgeWorks Global Limited,"Chennai, Mumbai",,0.3728,37.28,english; r,English Proficiency (Spoken)English Proficiency (Written)
22,38,,Urban Company Ltd.,Bangalore,,0.3682,36.82,english; r,"MS-Excel, English Proficiency (Written)"
22,37,,Urban Company,Bangalore,,0.3569,35.69,english; r,"MS-Excel, English Proficiency (Spoken)"
22,12,,Belstar MicroFinance Limited,Chennai,,0.3538,35.38,accounting; plan; r,AccountingFinancial planningFinancial Reporting
22,17,,SpotOnMedia,Work from home,,0.3528,35.28,english; hindi; r,"MS-Office, MS-ExcelClient Relationship Management (CRM)Client RelationshipEnglish Proficiency (Spoken)English Proficiency (Written)Hindi Proficiency (Spoken)+1 more"
23,4,,CCL Advisors,Mumbai,,0.3375,33.75,legal research; r,Legal ResearchCompany LawLegal DraftingStatutory compliancesLegal WritingContract Management
23,2,,Gruhatara Estates,Bangalore,,0.304,30.4,market research; r,"NegotiationDigital Marketing, Market researchMarketing Strategies"
23,3,,Modtraa Design And Creation Incorporation,Bangalore,,0.2937,29.37,communication; english; r; ski,"Presentation skillsMS-Excel, English Proficiency (Spoken)English Proficiency (Written)Kannada Proficiency (Spoken)Interpersonal skillsEffective Communication"
23,1,,Calipers Consulting Private Limited,"Secunderabad, Hyderabad (Hybrid)",,0.2928,29.28,english; r,"MS-Office, MS-ExcelData entryEnglish Proficiency (Spoken)English Proficiency (Written)"
23,38,,Urban Company Ltd.,Bangalore,,0.2767,27.67,english; r,"MS-Excel, English Proficiency (Written)"
23,5,,SREEDHARA ENTERPRISES,Bangalore,,0.271,27.1,accounting; english; r,"MS-OfficeAccountingTallyMS-Excel, English Proficiency (Spoken)English Proficiency (Written)"
23,37,,Urban Company,Bangalore,,0.2597,25.97,english; r,"MS-Excel, English Proficiency (Spoken)"
23,39,,KnowledgeWorks Global Limited,"Chennai, Mumbai",,0.2538,25.38,english; r,English Proficiency (Spoken)English Proficiency (Written)
23,43,,Mintifi Finserve Private Limited,Mumbai,,0.251,25.1,english; r,"MS-Office, MS-Excel, English Proficiency (Spoken)"
23,49,,Cloudnine Hospital,Bangalore,,0.2436,24.36,english; r,"MS-Excel, English Proficiency (Written)CanvaPivot TableVLOOKUP"
24,4,,CCL Advisors,Mumbai,,0.5478,54.78,legal research; r,Legal ResearchCompany LawLegal DraftingStatutory compliancesLegal WritingContract Management
24,1,,Calipers Consulting Private Limited,"Secunderabad, Hyderabad (Hybrid)",,0.501,50.1,english; r,"MS-Office, MS-ExcelData entryEnglish Proficiency (Spoken)English Proficiency (Written)"
24,5,,SREEDHARA ENTERPRISES,Bangalore,,0.4633,46.33,accounting; english; r,"MS-OfficeAccountingTallyMS-Excel, English Proficiency (Spoken)English Proficiency (Written)"
24,43,,Mintifi Finserve Private Limited,Mumbai,,0.4535,45.35,english; r,"MS-Office, MS-Excel, English Proficiency (Spoken)"
24,37,,Urban Company,Bangalore,,0.4423,44.23,english; r,"MS-Excel, English Proficiency (Spoken)"
24,38,,Urban Company Ltd.,Bangalore,,0.4384,43.84,english; r,"MS-Excel, English Proficiency (Written)"
24,39,,KnowledgeWorks Global Limited,"Chennai, Mumbai",,0.4244,42.44,english; r,English Proficiency (Spoken)English Proficiency (Written)
24,3,,Modtraa Design And Creation Incorporation,Bangalore,,0.3913,39.13,communication; english; r; ski,"Presentation skillsMS-Excel, English Proficiency (Spoken)English Proficiency (Written)Kannada Proficiency (Spoken)Interpersonal skillsEffective Communication"
24,48,,Zucol Group Of Companies,Pune,,0.3665,36.65,english; r,Creative WritingEnglish Proficiency (Spoken)English Proficiency (Written)Network protocols
24,29,,GlobalStep Services Private Limited,Pune,,0.3643,36.43,r,RecruitmentResume screeningInterview Coordination
25,1,,Calipers Consulting Private Limited,"Secunderabad, Hyderabad (Hybrid)",,0.5826,58.26,english; r,"MS-Office, MS-ExcelData entryEnglish Proficiency (Spoken)English Proficiency (Written)"
25,39,,KnowledgeWorks Global Limited,"Chennai, Mumbai",,0.5278,52.78,english; r,English Proficiency (Spoken)English Proficiency (Written)
25,43,,Mintifi Finserve Private Limited,Mumbai,,0.4998,49.98,english; r,"MS-Office, MS-Excel, English Proficiency (Spoken)"
25,37,,Urban Company,Bangalore,,0.4902,49.02,english; r,"MS-Excel, English Proficiency (Spoken)"
25,3,,Modtraa Design And Creation Incorporation,Bangalore,,0.482,48.2,communication; english; r; ski,"Presentation skillsMS-Excel, English Proficiency (Spoken)English Proficiency (Written)Kannada Proficiency (Spoken)Interpersonal skillsEffective Communication"
25,17,,SpotOnMedia,Work from home,,0.4783,47.83,english; hindi; r,"MS-Office, MS-ExcelClient Relationship Management (CRM)Client RelationshipEnglish Proficiency (Spoken)English Proficiency (Written)Hindi Proficiency (Spoken)+1 more"
25,24,,SpotOnMedia,Work from home,,0.4783,47.83,english; hindi; r,"MS-Office, MS-ExcelClient Relationship Management (CRM)Client RelationshipEnglish Proficiency (Spoken)English Proficiency (Written)Hindi Proficiency (Spoken)+1 more"
25,4,,CCL Advisors,Mumbai,,0.4647,46.47,legal research; r,Legal ResearchCompany LawLegal DraftingStatutory compliancesLegal WritingContract Management
25,9,,Internshala,Gurgaon,,0.4604,46.04,communication; english; r,NegotiationProblem SolvingEnglish Proficiency (Spoken)SalesEffective Communication
25,10,,Internshala,Gurgaon,,0.4604,46.04,communication; english; r,NegotiationProblem SolvingEnglish Proficiency (Spoken)SalesEffective Communication
26,4,,CCL Advisors,Mumbai,,0.5484,54.84,legal research; r,Legal ResearchCompany LawLegal DraftingStatutory compliancesLegal WritingContract Management
26,5,,SREEDHARA ENTERPRISES,Bangalore,,0.5444,54.44,accounting; english; r,"MS-OfficeAccountingTallyMS-Excel, English Proficiency (Spoken)English Proficiency (Written)"
26,43,,Mintifi Finserve Private Limited,Mumbai,,0.507,50.7,english; r,"MS-Office, MS-Excel, English Proficiency (Spoken)"
26,1,,Calipers Consulting Private Limited,"Secunderabad, Hyderabad (Hybrid)",,0.4993,49.93,english; r,"MS-Office, MS-ExcelData entryEnglish Proficiency (Spoken)English Proficiency (Written)"
26,38,,Urban Company Ltd.,Bangalore,,0.495,49.5,english; r,"MS-Excel, English Proficiency (Written)"
26,37,,Urban Company,Bangalore,,0.4818,48.18,english; r,"MS-Excel, English Proficiency (Spoken)"
26,39,,KnowledgeWorks Global Limited,"Chennai, Mumbai",,0.4672,46.72,english; r,English Proficiency (Spoken)English Proficiency (Written)
26,3,,Modtraa Design And Creation Incorporation,Bangalore,,0.4301,43.01,communication; english; r; ski,"Presentation skillsMS-Excel, English Proficiency (Spoken)English Proficiency (Written)Kannada Proficiency (Spoken)Interpersonal skillsEffective Communication"
26,12,,Belstar MicroFinance Limited,Chennai,,0.4239,42.39,accounting; plan; r,AccountingFinancial planningFinancial Reporting
26,44,,Starcrest Services Pvt. Ltd.,"Delhi, Gurgaon, Noida",,0.4203,42.03,r,MS-OfficeRecruitment
27,37,,Urban Company,Bangalore,,0.5769,57.69,english; r,"MS-Excel, English Proficiency (Spoken)"
27,39,,KnowledgeWorks Global Limited,"Chennai, Mumbai",,0.5662,56.62,english; r,English Proficiency (Spoken)English Proficiency (Written)
27,43,,Mintifi Finserve Private Limited,Mumbai,,0.5513,55.13,english; r,"MS-Office, MS-Excel, English Proficiency (Spoken)"
27,38,,Urban Company Ltd.,Bangalore,,0.5357,53.57,english; r,"MS-Excel, English Proficiency (Written)"
27,3,,Modtraa Design And Creation Incorporation,Bangalore,,0.5285,52.85,communication; english; r; ski,"Presentation skillsMS-Excel, English Proficiency (Spoken)English Proficiency (Written)Kannada Proficiency (Spoken)Interpersonal skillsEffective Communication"
27,4,,CCL Advisors,Mumbai,,0.5273,52.73,legal research; r,Legal ResearchCompany LawLegal DraftingStatutory compliancesLegal WritingContract Management
27,5,,SREEDHARA ENTERPRISES,Bangalore,,0.5256,52.56,accounting; english; r,"MS-OfficeAccountingTallyMS-Excel, English Proficiency (Spoken)English Proficiency (Written)"
27,1,,Calipers Consulting Private Limited,"Secunderabad, Hyderabad (Hybrid)",,0.5118,51.18,english; r,"MS-Office, MS-ExcelData entryEnglish Proficiency (Spoken)English Proficiency (Written)"
27,47,,Scaler,Bangalore,,0.5076,50.76,communication; english; hindi; r,English Proficiency (Spoken)Hindi Proficiency (Spoken)Effective Communication
27,48,,Zucol Group Of Companies,Pune,,0.4825,48.25,english; r,Creative WritingEnglish Proficiency (Spoken)English Proficiency (Written)Network protocols
28,4,,CCL Advisors,Mumbai,,0.5968,59.68,legal research; r,Legal ResearchCompany LawLegal DraftingStatutory compliancesLegal WritingContract Management
28,1,,Calipers Consulting Private Limited,"Secunderabad, Hyderabad (Hybrid)",,0.5049,50.49,english; r,"MS-Office, MS-ExcelData entryEnglish Proficiency (Spoken)English Proficiency (Written)"
28,43,,Mintifi Finserve Private Limited,Mumbai,,0.5033,50.33,english; r,"MS-Office, MS-Excel, English Proficiency (Spoken)"
28,5,,SREEDHARA ENTERPRISES,Bangalore,,0.4715,47.15,accounting; english; r,"MS-OfficeAccountingTallyMS-Excel, English Proficiency (Spoken)English Proficiency (Written)"
28,29,,GlobalStep Services Private Limited,Pune,,0.4431,44.31,r,RecruitmentResume screeningInterview Coordination
28,44,,Starcrest Services Pvt. Ltd.,"Delhi, Gurgaon, Noida",,0.4334,43.34,r,MS-OfficeRecruitment
28,38,,Urban Company Ltd.,Bangalore,,0.429,42.9,english; r,"MS-Excel, English Proficiency (Written)"
28,3,,Modtraa Design And Creation Incorporation,Bangalore,,0.4211,42.11,communication; english; r; ski,"Presentation skillsMS-Excel, English Proficiency (Spoken)English Proficiency (Written)Kannada Proficiency (Spoken)Interpersonal skillsEffective Communication"
28,37,,Urban Company,Bangalore,,0.4102,41.02,english; r,"MS-Excel, English Proficiency (Spoken)"
28,39,,KnowledgeWorks Global Limited,"Chennai, Mumbai",,0.4042,40.42,english; r,English Proficiency (Spoken)English Proficiency (Written)
29,4,,CCL Advisors,Mumbai,,0.5024,50.24,legal research; r,Legal ResearchCompany LawLegal DraftingStatutory compliancesLegal WritingContract Management
29,1,,Calipers Consulting Private Limited,"Secunderabad, Hyderabad (Hybrid)",,0.4716,47.16,english; r,"MS-Office, MS-ExcelData entryEnglish Proficiency (Spoken)English Proficiency (Written)"
29,9,,Internshala,Gurgaon,,0.4619,46.19,communication; english; r,NegotiationProblem SolvingEnglish Proficiency (Spoken)SalesEffective Communication
29,10,,Internshala,Gurgaon,,0.4619,46.19,communication; english; r,NegotiationProblem SolvingEnglish Proficiency (Spoken)SalesEffective Communication
29,3,,Modtraa Design And Creation Incorporation,Bangalore,,0.4296,42.96,communication; english; r; ski,"Presentation skillsMS-Excel, English Proficiency (Spoken)English Proficiency (Written)Kannada Proficiency (Spoken)Interpersonal skillsEffective Communication"
29,43,,Mintifi Finserve Private Limited,Mumbai,,0.4271,42.71,english; r,"MS-Office, MS-Excel, English Proficiency (Spoken)"
29,39,,KnowledgeWorks Global Limited,"Chennai, Mumbai",,0.4183,41.83,english; r,English Proficiency (Spoken)English Proficiency (Written)
29,48,,Zucol Group Of Companies,Pune,,0.3812,38.12,english; r,Creative WritingEnglish Proficiency (Spoken)English Proficiency (Written)Network protocols
29,5,,SREEDHARA ENTERPRISES,Bangalore,,0.3808,38.08,accounting; english; r,"MS-OfficeAccountingTallyMS-Excel, English Proficiency (Spoken)English Proficiency (Written)"
29,26,,Imarticus Learning,"Mumbai, Noida",,0.3671,36.71,design thinking; r,Content WritingMS-WordMS-PowerPointStoryboardingMS-ExcelContent ManagementDesign Thinking+3 more
30,4,,CCL Advisors,Mumbai,,0.4826,48.26,legal research; r,Legal ResearchCompany LawLegal DraftingStatutory compliancesLegal WritingContract Management
30,39,,KnowledgeWorks Global Limited,"Chennai, Mumbai",,0.4676,46.76,english; r,English Proficiency (Spoken)English Proficiency (Written)
30,43,,Mintifi Finserve Private Limited,Mumbai,,0.4567,45.67,english; r,"MS-Office, MS-Excel, English Proficiency (Spoken)"
30,1,,Calipers Consulting Private Limited,"Secunderabad, Hyderabad (Hybrid)",,0.4488,44.88,english; r,"MS-Office, MS-ExcelData entryEnglish Proficiency (Spoken)English Proficiency (Written)"
30,37,,Urban Company,Bangalore,,0.4459,44.59,english; r,"MS-Excel, English Proficiency (Spoken)"
30,38,,Urban Company Ltd.,Bangalore,,0.4388,43.88,english; r,"MS-Excel, English Proficiency (Written)"
30,3,,Modtraa Design And Creation Incorporation,Bangalore,,0.4328,43.28,communication; english; r; ski,"Presentation skillsMS-Excel, English Proficiency (Spoken)English Proficiency (Written)Kannada Proficiency (Spoken)Interpersonal skillsEffective Communication"
30,5,,SREEDHARA ENTERPRISES,Bangalore,,0.4087,40.87,accounting; english; r,"MS-OfficeAccountingTallyMS-Excel, English Proficiency (Spoken)English Proficiency (Written)"
30,44,,Starcrest Services Pvt. Ltd.,"Delhi, Gurgaon, Noida",,0.386,38.6,r,MS-OfficeRecruitment
30,49,,Cloudnine Hospital,Bangalore,,0.3758,37.58,english; r,"MS-Excel, English Proficiency (Written)CanvaPivot TableVLOOKUP"
31,1,,Calipers Consulting Private Limited,"Secunderabad, Hyderabad (Hybrid)",,0.6051,60.51,english; r,"MS-Office, MS-ExcelData entryEnglish Proficiency (Spoken)English Proficiency (Written)"
31,43,,Mintifi Finserve Private Limited,Mumbai,,0.6034,60.34,english; r,"MS-Office, MS-Excel, English Proficiency (Spoken)"
31,5,,SREEDHARA ENTERPRISES,Bangalore,,0.5791,57.91,accounting; english; r,"MS-OfficeAccountingTallyMS-Excel, English Proficiency (Spoken)English Proficiency (Written)"
31,37,,Urban Company,Bangalore,,0.5586,55.86,english; r,"MS-Excel, English Proficiency (Spoken)"
31,29,,GlobalStep Services Private Limited,Pune,,0.5139,51.39,r,RecruitmentResume screeningInterview Coordination
31,3,,Modtraa Design And Creation Incorporation,Bangalore,,0.5121,51.21,communication; english; r; ski,"Presentation skillsMS-Excel, English Proficiency (Spoken)English Proficiency (Written)Kannada Proficiency (Spoken)Interpersonal skillsEffective Communication"
31,39,,KnowledgeWorks Global Limited,"Chennai, Mumbai",,0.5081,50.81,english; r,English Proficiency (Spoken)English Proficiency (Written)
31,38,,Urban Company Ltd.,Bangalore,,0.5029,50.29,english; r,"MS-Excel, English Proficiency (Written)"
31,48,,Zucol Group Of Companies,Pune,,0.4987,49.87,english; r,Creative WritingEnglish Proficiency (Spoken)English Proficiency (Written)Network protocols
31,6,,Godrej Capital,"Ahmedabad, Mehsana, Pune, Gandhidham, Vapi, Ahmednagar, Vadodara, Mumbai, Nashik",,0.4916,49.16,communication; r,MS-OfficeMS-PowerPointMS-ExcelEffective Communication
32,43,,Mintifi Finserve Private Limited,Mumbai,,0.4819,48.19,english; r,"MS-Office, MS-Excel, English Proficiency (Spoken)"
32,37,,Urban Company,Bangalore,,0.4403,44.03,english; r,"MS-Excel, English Proficiency (Spoken)"
32,1,,Calipers Consulting Private Limited,"Secunderabad, Hyderabad (Hybrid)",,0.4331,43.31,english; r,"MS-Office, MS-ExcelData entryEnglish Proficiency (Spoken)English Proficiency (Written)"
32,31,,CREO,Bangalore,,0.4277,42.77,adobe illustrator; adobe photoshop; r,Adobe PhotoshopAdobe IllustratorAdobe InDesignCanvaFigma
32,26,,Imarticus Learning,"Mumbai, Noida",,0.4257,42.57,design thinking; r,Content WritingMS-WordMS-PowerPointStoryboardingMS-ExcelContent ManagementDesign Thinking+3 more
32,3,,Modtraa Design And Creation Incorporation,Bangalore,,0.4197,41.97,communication; english; r; ski,"Presentation skillsMS-Excel, English Proficiency (Spoken)English Proficiency (Written)Kannada Proficiency (Spoken)Interpersonal skillsEffective Communication"
32,39,,KnowledgeWorks Global Limited,"Chennai, Mumbai",,0.4173,41.73,english; r,English Proficiency (Spoken)English Proficiency (Written)
32,5,,SREEDHARA ENTERPRISES,Bangalore,,0.4119,41.19,accounting; english; r,"MS-OfficeAccountingTallyMS-Excel, English Proficiency (Spoken)English Proficiency (Written)"
32,35,,California Burrito,Bangalore,,0.3972,39.72,graphic design; motion graphics; r,BrandingUI & UX DesignInterior designGraphic DesignDigital IllustrationMotion Graphics
32,38,,Urban Company Ltd.,Bangalore,,0.3922,39.22,english; r,"MS-Excel, English Proficiency (Written)"
33,43,,Mintifi Finserve Private Limited,Mumbai,,0.439,43.9,english; r,"MS-Office, MS-Excel, English Proficiency (Spoken)"
33,3,,Modtraa Design And Creation Incorporation,Bangalore,,0.4178,41.78,communication; english; r; ski,"Presentation skillsMS-Excel, English Proficiency (Spoken)English Proficiency (Written)Kannada Proficiency (Spoken)Interpersonal skillsEffective Communication"
33,26,,Imarticus Learning,"Mumbai, Noida",,0.4153,41.53,design thinking; r,Content WritingMS-WordMS-PowerPointStoryboardingMS-ExcelContent ManagementDesign Thinking+3 more
33,39,,KnowledgeWorks Global Limited,"Chennai, Mumbai",,0.4054,40.54,english; r,English Proficiency (Spoken)English Proficiency (Written)
33,7,,Leafoberryy,Mumbai,,0.398,39.8,communication; data analytics; r,LeadershipTeam ManagementE-commerceData AnalyticsMentorshipB2B SalesEffective Communication+2 more
33,5,,SREEDHARA ENTERPRISES,Bangalore,,0.3854,38.54,accounting; english; r,"MS-OfficeAccountingTallyMS-Excel, English Proficiency (Spoken)English Proficiency (Written)"
33,37,,Urban Company,Bangalore,,0.3839,38.39,english; r,"MS-Excel, English Proficiency (Spoken)"
33,1,,Calipers Consulting Private Limited,"Secunderabad, Hyderabad (Hybrid)",,0.3814,38.14,english; r,"MS-Office, MS-ExcelData entryEnglish Proficiency (Spoken)English Proficiency (Written)"
33,4,,CCL Advisors,Mumbai,,0.3788,37.88,legal research; r,Legal ResearchCompany LawLegal DraftingStatutory compliancesLegal WritingContract Management
33,38,,Urban Company Ltd.,Bangalore,,0.3742,37.42,english; r,"MS-Excel, English Proficiency (Written)"
34,39,,KnowledgeWorks Global Limited,"Chennai, Mumbai",,0.302,30.2,english; r,English Proficiency (Spoken)English Proficiency (Written)
34,5,,SREEDHARA ENTERPRISES,Bangalore,,0.3003,30.03,accounting; english; r,"MS-OfficeAccountingTallyMS-Excel, English Proficiency (Spoken)English Proficiency (Written)"
34,3,,Modtraa Design And Creation Incorporation,Bangalore,,0.2899,28.99,communication; english; r; ski,"Presentation skillsMS-Excel, English Proficiency (Spoken)English Proficiency (Written)Kannada Proficiency (Spoken)Interpersonal skillsEffective Communication"
34,15,,Bhanzu (Formerly Exploring Infinities),Work from home,,0.2881,28.81,communication; english; r; ski,"Social Media MarketingPresentation skillsEmail MarketingMS-Excel, English Proficiency (Spoken)SalesEffective Communication"
34,29,,GlobalStep Services Private Limited,Pune,,0.281,28.1,r,RecruitmentResume screeningInterview Coordination
34,43,,Mintifi Finserve Private Limited,Mumbai,,0.2792,27.92,english; r,"MS-Office, MS-Excel, English Proficiency (Spoken)"
34,9,,Internshala,Gurgaon,,0.2727,27.27,communication; english; r,NegotiationProblem SolvingEnglish Proficiency (Spoken)SalesEffective Communication
34,10,,Internshala,Gurgaon,,0.2727,27.27,communication; english; r,NegotiationProblem SolvingEnglish Proficiency (Spoken)SalesEffective Communication
34,26,,Imarticus Learning,"Mumbai, Noida",,0.2699,26.99,design thinking; r,Content WritingMS-WordMS-PowerPointStoryboardingMS-ExcelContent ManagementDesign Thinking+3 more
34,48,,Zucol Group Of Companies,Pune,,0.2681,26.81,english; r,Creative WritingEnglish Proficiency (Spoken)English Proficiency (Written)Network protocols
35,43,,Mintifi Finserve Private Limited,Mumbai,,0.344,34.4,english; r,"MS-Office, MS-Excel, English Proficiency (Spoken)"
35,39,,KnowledgeWorks Global Limited,"Chennai, Mumbai",,0.3419,34.19,english; r,English Proficiency (Spoken)English Proficiency (Written)
35,29,,GlobalStep Services Private Limited,Pune,,0.3389,33.89,r,RecruitmentResume screeningInterview Coordination
35,1,,Calipers Consulting Private Limited,"Secunderabad, Hyderabad (Hybrid)",,0.3004,30.04,english; r,"MS-Office, MS-ExcelData entryEnglish Proficiency (Spoken)English Proficiency (Written)"
35,5,,SREEDHARA ENTERPRISES,Bangalore,,0.2907,29.07,accounting; english; r,"MS-OfficeAccountingTallyMS-Excel, English Proficiency (Spoken)English Proficiency (Written)"
35,47,,Scaler,Bangalore,,0.278,27.8,communication; english; hindi; r,English Proficiency (Spoken)Hindi Proficiency (Spoken)Effective Communication
35,6,,Godrej Capital,"Ahmedabad, Mehsana, Pune, Gandhidham, Vapi, Ahmednagar, Vadodara, Mumbai, Nashik",,0.2724,27.24,communication; r,MS-OfficeMS-PowerPointMS-ExcelEffective Communication
35,7,,Leafoberryy,Mumbai,,0.2705,27.05,communication; data analytics; r,LeadershipTeam ManagementE-commerceData AnalyticsMentorshipB2B SalesEffective Communication+2 more
35,44,,Starcrest Services Pvt. Ltd.,"Delhi, Gurgaon, Noida",,0.2658,26.58,r,MS-OfficeRecruitment
35,9,,Internshala,Gurgaon,,0.2612,26.12,communication; english; r,NegotiationProblem SolvingEnglish Proficiency (Spoken)SalesEffective Communication
36,39,,KnowledgeWorks Global Limited,"Chennai, Mumbai",,0.5407,54.07,english; r,English Proficiency (Spoken)English Proficiency (Written)
36,43,,Mintifi Finserve Private Limited,Mumbai,,0.528,52.8,english; r,"MS-Office, MS-Excel, English Proficiency (Spoken)"
36,29,,GlobalStep Services Private Limited,Pune,,0.5087,50.87,r,RecruitmentResume screeningInterview Coordination
36,3,,Modtraa Design And Creation Incorporation,Bangalore,,0.5035,50.35,communication; english; r; ski,"Presentation skillsMS-Excel, English Proficiency (Spoken)English Proficiency (Written)Kannada Proficiency (Spoken)Interpersonal skillsEffective Communication"
36,5,,SREEDHARA ENTERPRISES,Bangalore,,0.4908,49.08,accounting; english; r,"MS-OfficeAccountingTallyMS-Excel, English Proficiency (Spoken)English Proficiency (Written)"
36,1,,Calipers Consulting Private Limited,"Secunderabad, Hyderabad (Hybrid)",,0.4889,48.89,english; r,"MS-Office, MS-ExcelData entryEnglish Proficiency (Spoken)English Proficiency (Written)"
36,47,,Scaler,Bangalore,,0.4576,45.76,communication; english; hindi; r,English Proficiency (Spoken)Hindi Proficiency (Spoken)Effective Communication
36,48,,Zucol Group Of Companies,Pune,,0.4552,45.52,english; r,Creative WritingEnglish Proficiency (Spoken)English Proficiency (Written)Network protocols
36,37,,Urban Company,Bangalore,,0.4458,44.58,english; r,"MS-Excel, English Proficiency (Spoken)"
36,38,,Urban Company Ltd.,Bangalore,,0.4157,41.57,english; r,"MS-Excel, English Proficiency (Written)"
37,3,,Modtraa Design And Creation Incorporation,Bangalore,,0.478,47.8,communication; english; r; ski,"Presentation skillsMS-Excel, English Proficiency (Spoken)English Proficiency (Written)Kannada Proficiency (Spoken)Interpersonal skillsEffective Communication"
37,43,,Mintifi Finserve Private Limited,Mumbai,,0.42,42.0,english; r,"MS-Office, MS-Excel, English Proficiency (Spoken)"
37,5,,SREEDHARA ENTERPRISES,Bangalore,,0.4194,41.94,accounting; english; r,"MS-OfficeAccountingTallyMS-Excel, English Proficiency (Spoken)English Proficiency (Written)"
37,26,,Imarticus Learning,"Mumbai, Noida",,0.4167,41.67,design thinking; r,Content WritingMS-WordMS-PowerPointStoryboardingMS-ExcelContent ManagementDesign Thinking+3 more
37,17,,SpotOnMedia,Work from home,,0.4166,41.66,english; hindi; r,"MS-Office, MS-ExcelClient Relationship Management (CRM)Client RelationshipEnglish Proficiency (Spoken)English Proficiency (Written)Hindi Proficiency (Spoken)+1 more"
37,24,,SpotOnMedia,Work from home,,0.4166,41.66,english; hindi; r,"MS-Office, MS-ExcelClient Relationship Management (CRM)Client RelationshipEnglish Proficiency (Spoken)English Proficiency (Written)Hindi Proficiency (Spoken)+1 more"
37,4,,CCL Advisors,Mumbai,,0.4163,41.63,legal research; r,Legal ResearchCompany LawLegal DraftingStatutory compliancesLegal WritingContract Management
37,25,,NoBroker Technologies Solutions Private Limited,Bangalore,,0.415,41.5,,Cold CallingInside SalesBusiness DevelopmentSales
37,1,,Calipers Consulting Private Limited,"Secunderabad, Hyderabad (Hybrid)",,0.398,39.8,english; r,"MS-Office, MS-ExcelData entryEnglish Proficiency (Spoken)English Proficiency (Written)"
37,35,,California Burrito,Bangalore,,0.3957,39.57,graphic design; motion graphics; r,BrandingUI & UX DesignInterior designGraphic DesignDigital IllustrationMotion Graphics
38,50,,Webvio Technologies,Delhi,,0.437,43.7,english; logging; r,BloggingSearch Engine Optimization (SEO)Creative WritingProofreadingEnglish Proficiency (Written)Research and Analytics
38,26,,Imarticus Learning,"Mumbai, Noida",,0.4235,42.35,design thinking; r,Content WritingMS-WordMS-PowerPointStoryboardingMS-ExcelContent ManagementDesign Thinking+3 more
38,7,,Leafoberryy,Mumbai,,0.4145,41.45,communication; data analytics; r,LeadershipTeam ManagementE-commerceData AnalyticsMentorshipB2B SalesEffective Communication+2 more
38,1,,Calipers Consulting Private Limited,"Secunderabad, Hyderabad (Hybrid)",,0.4086,40.86,english; r,"MS-Office, MS-ExcelData entryEnglish Proficiency (Spoken)English Proficiency (Written)"
38,23,,Netcore Cloud,"Thane, Mumbai",,0.3946,39.46,r; sql; sql server,HTMLLinuxMS SQL Server
38,17,,SpotOnMedia,Work from home,,0.3812,38.12,english; hindi; r,"MS-Office, MS-ExcelClient Relationship Management (CRM)Client RelationshipEnglish Proficiency (Spoken)English Proficiency (Written)Hindi Proficiency (Spoken)+1 more"
38,24,,SpotOnMedia,Work from home,,0.3812,38.12,english; hindi; r,"MS-Office, MS-ExcelClient Relationship Management (CRM)Client RelationshipEnglish Proficiency (Spoken)English Proficiency (Written)Hindi Proficiency (Spoken)+1 more"
38,43,,Mintifi Finserve Private Limited,Mumbai,,0.3754,37.54,english; r,"MS-Office, MS-Excel, English Proficiency (Spoken)"
38,5,,SREEDHARA ENTERPRISES,Bangalore,,0.3661,36.61,accounting; english; r,"MS-OfficeAccountingTallyMS-Excel, English Proficiency (Spoken)English Proficiency (Written)"
38,3,,Modtraa Design And Creation Incorporation,Bangalore,,0.3638,36.38,communication; english; r; ski,"Presentation skillsMS-Excel, English Proficiency (Spoken)English Proficiency (Written)Kannada Proficiency (Spoken)Interpersonal skillsEffective Communication"
39,1,,Calipers Consulting Private Limited,"Secunderabad, Hyderabad (Hybrid)",,0.5467,54.67,english; r,"MS-Office, MS-ExcelData entryEnglish Proficiency (Spoken)English Proficiency (Written)"
39,43,,Mintifi Finserve Private Limited,Mumbai,,0.5122,51.22,english; r,"MS-Office, MS-Excel, English Proficiency (Spoken)"
39,39,,KnowledgeWorks Global Limited,"Chennai, Mumbai",,0.5017,50.17,english; r,English Proficiency (Spoken)English Proficiency (Written)
39,37,,Urban Company,Bangalore,,0.4915,49.15,english; r,"MS-Excel, English Proficiency (Spoken)"
39,3,,Modtraa Design And Creation Incorporation,Bangalore,,0.4902,49.02,communication; english; r; ski,"Presentation skillsMS-Excel, English Proficiency (Spoken)English Proficiency (Written)Kannada Proficiency (Spoken)Interpersonal skillsEffective Communication"
39,17,,SpotOnMedia,Work from home,,0.4851,48.51,english; hindi; r,"MS-Office, MS-ExcelClient Relationship Management (CRM)Client RelationshipEnglish Proficiency (Spoken)English Proficiency (Written)Hindi Proficiency (Spoken)+1 more"
39,24,,SpotOnMedia,Work from home,,0.4851,48.51,english; hindi; r,"MS-Office, MS-ExcelClient Relationship Management (CRM)Client RelationshipEnglish Proficiency (Spoken)English Proficiency (Written)Hindi Proficiency (Spoken)+1 more"
39,38,,Urban Company Ltd.,Bangalore,,0.4779,47.79,english; r,"MS-Excel, English Proficiency (Written)"
39,5,,SREEDHARA ENTERPRISES,Bangalore,,0.4777,47.77,accounting; english; r,"MS-OfficeAccountingTallyMS-Excel, English Proficiency (Spoken)English Proficiency (Written)"
39,50,,Webvio Technologies,Delhi,,0.4715,47.15,english; logging; r,BloggingSearch Engine Optimization (SEO)Creative WritingProofreadingEnglish Proficiency (Written)Research and Analytics
40,26,,Imarticus Learning,"Mumbai, Noida",,0.5332,53.32,design thinking; r,Content WritingMS-WordMS-PowerPointStoryboardingMS-ExcelContent ManagementDesign Thinking+3 more
40,43,,Mintifi Finserve Private Limited,Mumbai,,0.513,51.3,english; r,"MS-Office, MS-Excel, English Proficiency (Spoken)"
40,3,,Modtraa Design And Creation Incorporation,Bangalore,,0.5086,50.86,communication; english; r; ski,"Presentation skillsMS-Excel, English Proficiency (Spoken)English Proficiency (Written)Kannada Proficiency (Spoken)Interpersonal skillsEffective Communication"
40,1,,Calipers Consulting Private Limited,"Secunderabad, Hyderabad (Hybrid)",,0.5066,50.66,english; r,"MS-Office, MS-ExcelData entryEnglish Proficiency (Spoken)English Proficiency (Written)"
40,35,,California Burrito,Bangalore,,0.4861,48.61,graphic design; motion graphics; r,BrandingUI & UX DesignInterior designGraphic DesignDigital IllustrationMotion Graphics
40,39,,KnowledgeWorks Global Limited,"Chennai, Mumbai",,0.4822,48.22,english; r,English Proficiency (Spoken)English Proficiency (Written)
40,37,,Urban Company,Bangalore,,0.4779,47.79,english; r,"MS-Excel, English Proficiency (Spoken)"
40,29,,GlobalStep Services Private Limited,Pune,,0.4698,46.98,r,RecruitmentResume screeningInterview Coordination
40,48,,Zucol Group Of Companies,Pune,,0.4682,46.82,english; r,Creative WritingEnglish Proficiency (Spoken)English Proficiency (Written)Network protocols
40,38,,Urban Company Ltd.,Bangalore,,0.4677,46.77,english; r,"MS-Excel, English Proficiency (Written)"
41,43,,Mintifi Finserve Private Limited,Mumbai,,0.479,47.9,english; r,"MS-Office, MS-Excel, English Proficiency (Spoken)"
41,1,,Calipers Consulting Private Limited,"Secunderabad, Hyderabad (Hybrid)",,0.4341,43.41,english; r,"MS-Office, MS-ExcelData entryEnglish Proficiency (Spoken)English Proficiency (Written)"
41,39,,KnowledgeWorks Global Limited,"Chennai, Mumbai",,0.415,41.5,english; r,English Proficiency (Spoken)English Proficiency (Written)
41,29,,GlobalStep Services Private Limited,Pune,,0.4149,41.49,r,RecruitmentResume screeningInterview Coordination
41,3,,Modtraa Design And Creation Incorporation,Bangalore,,0.41,41.0,communication; english; r; ski,"Presentation skillsMS-Excel, English Proficiency (Spoken)English Proficiency (Written)Kannada Proficiency (Spoken)Interpersonal skillsEffective Communication"
41,37,,Urban Company,Bangalore,,0.404,40.4,english; r,"MS-Excel, English Proficiency (Spoken)"
41,5,,SREEDHARA ENTERPRISES,Bangalore,,0.3981,39.81,accounting; english; r,"MS-OfficeAccountingTallyMS-Excel, English Proficiency (Spoken)English Proficiency (Written)"
41,8,,YES Italy Edutech Pvt. Ltd.,"Delhi, Mumbai",,0.3774,37.74,english; r,Lead GenerationSales ManagementEnglish Proficiency (Spoken)Sales
41,38,,Urban Company Ltd.,Bangalore,,0.3696,36.96,english; r,"MS-Excel, English Proficiency (Written)"
41,22,,Faff,Bangalore,,0.3574,35.74,communication; conflict management; r,Time ManagementProblem SolvingCoordinationAdaptabilityEffective CommunicationConflict Management
42,37,,Urban Company,Bangalore,,0.5066,50.66,english; r,"MS-Excel, English Proficiency (Spoken)"
42,3,,Modtraa Design And Creation Incorporation,Bangalore,,0.4825,48.25,communication; english; r; ski,"Presentation skillsMS-Excel, English Proficiency (Spoken)English Proficiency (Written)Kannada Proficiency (Spoken)Interpersonal skillsEffective Communication"
42,1,,Calipers Consulting Private Limited,"Secunderabad, Hyderabad (Hybrid)",,0.4636,46.36,english; r,"MS-Office, MS-ExcelData entryEnglish Proficiency (Spoken)English Proficiency (Written)"
42,43,,Mintifi Finserve Private Limited,Mumbai,,0.4633,46.33,english; r,"MS-Office, MS-Excel, English Proficiency (Spoken)"
42,39,,KnowledgeWorks Global Limited,"Chennai, Mumbai",,0.4546,45.46,english; r,English Proficiency (Spoken)English Proficiency (Written)
42,38,,Urban Company Ltd.,Bangalore,,0.4538,45.38,english; r,"MS-Excel, English Proficiency (Written)"
42,5,,SREEDHARA ENTERPRISES,Bangalore,,0.4492,44.92,accounting; english; r,"MS-OfficeAccountingTallyMS-Excel, English Proficiency (Spoken)English Proficiency (Written)"
42,44,,Starcrest Services Pvt. Ltd.,"Delhi, Gurgaon, Noida",,0.402,40.2,r,MS-OfficeRecruitment
42,47,,Scaler,Bangalore,,0.3946,39.46,communication; english; hindi; r,English Proficiency (Spoken)Hindi Proficiency (Spoken)Effective Communication
42,29,,GlobalStep Services Private Limited,Pune,,0.3859,38.59,r,RecruitmentResume screeningInterview Coordination
43,1,,Calipers Consulting Private Limited,"Secunderabad, Hyderabad (Hybrid)",,0.3809,38.09,english; r,"MS-Office, MS-ExcelData entryEnglish Proficiency (Spoken)English Proficiency (Written)"
43,39,,KnowledgeWorks Global Limited,"Chennai, Mumbai",,0.3802,38.02,english; r,English Proficiency (Spoken)English Proficiency (Written)
43,38,,Urban Company Ltd.,Bangalore,,0.369,36.9,english; r,"MS-Excel, English Proficiency (Written)"
43,43,,Mintifi Finserve Private Limited,Mumbai,,0.3679,36.79,english; r,"MS-Office, MS-Excel, English Proficiency (Spoken)"
43,37,,Urban Company,Bangalore,,0.3616,36.16,english; r,"MS-Excel, English Proficiency (Spoken)"
43,3,,Modtraa Design And Creation Incorporation,Bangalore,,0.3598,35.98,communication; english; r; ski,"Presentation skillsMS-Excel, English Proficiency (Spoken)English Proficiency (Written)Kannada Proficiency (Spoken)Interpersonal skillsEffective Communication"
43,5,,SREEDHARA ENTERPRISES,Bangalore,,0.3472,34.72,accounting; english; r,"MS-OfficeAccountingTallyMS-Excel, English Proficiency (Spoken)English Proficiency (Written)"
43,44,,Starcrest Services Pvt. Ltd.,"Delhi, Gurgaon, Noida",,0.3369,33.69,r,MS-OfficeRecruitment
43,29,,GlobalStep Services Private Limited,Pune,,0.3314,33.14,r,RecruitmentResume screeningInterview Coordination
43,47,,Scaler,Bangalore,,0.3,30.0,communication; english; hindi; r,English Proficiency (Spoken)Hindi Proficiency (Spoken)Effective Communication
44,29,,GlobalStep Services Private Limited,Pune,,0.2882,28.82,r,RecruitmentResume screeningInterview Coordination
44,25,,NoBroker Technologies Solutions Private Limited,Bangalore,,0.2857,28.57,,Cold CallingInside SalesBusiness DevelopmentSales
44,3,,Modtraa Design And Creation Incorporation,Bangalore,,0.2771,27.71,communication; english; r; ski,"Presentation skillsMS-Excel, English Proficiency (Spoken)English Proficiency (Written)Kannada Proficiency (Spoken)Interpersonal skillsEffective Communication"
44,37,,Urban Company,Bangalore,,0.277,27.7,english; r,"MS-Excel, English Proficiency (Spoken)"
44,43,,Mintifi Finserve Private Limited,Mumbai,,0.2693,26.93,english; r,"MS-Office, MS-Excel, English Proficiency (Spoken)"
44,39,,KnowledgeWorks Global Limited,"Chennai, Mumbai",,0.264,26.4,english; r,English Proficiency (Spoken)English Proficiency (Written)
44,6,,Godrej Capital,"Ahmedabad, Mehsana, Pune, Gandhidham, Vapi, Ahmednagar, Vadodara, Mumbai, Nashik",,0.2639,26.39,communication; r,MS-OfficeMS-PowerPointMS-ExcelEffective Communication
44,48,,Zucol Group Of Companies,Pune,,0.2612,26.12,english; r,Creative WritingEnglish Proficiency (Spoken)English Proficiency (Written)Network protocols
44,9,,Internshala,Gurgaon,,0.2579,25.79,communication; english; r,NegotiationProblem SolvingEnglish Proficiency (Spoken)SalesEffective Communication
44,10,,Internshala,Gurgaon,,0.2579,25.79,communication; english; r,NegotiationProblem SolvingEnglish Proficiency (Spoken)SalesEffective Communication
45,37,,Urban Company,Bangalore,,0.3915,39.15,english; r,"MS-Excel, English Proficiency (Spoken)"
45,3,,Modtraa Design And Creation Incorporation,Bangalore,,0.3851,38.51,communication; english; r; ski,"Presentation skillsMS-Excel, English Proficiency (Spoken)English Proficiency (Written)Kannada Proficiency (Spoken)Interpersonal skillsEffective Communication"
45,39,,KnowledgeWorks Global Limited,"Chennai, Mumbai",,0.3778,37.78,english; r,English Proficiency (Spoken)English Proficiency (Written)
45,38,,Urban Company Ltd.,Bangalore,,0.3671,36.71,english; r,"MS-Excel, English Proficiency (Written)"
45,43,,Mintifi Finserve Private Limited,Mumbai,,0.3659,36.59,english; r,"MS-Office, MS-Excel, English Proficiency (Spoken)"
45,5,,SREEDHARA ENTERPRISES,Bangalore,,0.356,35.6,accounting; english; r,"MS-OfficeAccountingTallyMS-Excel, English Proficiency (Spoken)English Proficiency (Written)"
45,1,,Calipers Consulting Private Limited,"Secunderabad, Hyderabad (Hybrid)",,0.3488,34.88,english; r,"MS-Office, MS-ExcelData entryEnglish Proficiency (Spoken)English Proficiency (Written)"
45,35,,California Burrito,Bangalore,,0.3341,33.41,graphic design; motion graphics; r,BrandingUI & UX DesignInterior designGraphic DesignDigital IllustrationMotion Graphics
45,47,,Scaler,Bangalore,,0.3227,32.27,communication; english; hindi; r,English Proficiency (Spoken)Hindi Proficiency (Spoken)Effective Communication
45,31,,CREO,Bangalore,,0.3183,31.83,adobe illustrator; adobe photoshop; r,Adobe PhotoshopAdobe IllustratorAdobe InDesignCanvaFigma
46,7,,Leafoberryy,Mumbai,,0.5262,52.62,communication; data analytics; r,LeadershipTeam ManagementE-commerceData AnalyticsMentorshipB2B SalesEffective Communication+2 more
46,37,,Urban Company,Bangalore,,0.5125,51.25,english; r,"MS-Excel, English Proficiency (Spoken)"
46,43,,Mintifi Finserve Private Limited,Mumbai,,0.5091,50.91,english; r,"MS-Office, MS-Excel, English Proficiency (Spoken)"
46,5,,SREEDHARA ENTERPRISES,Bangalore,,0.4834,48.34,accounting; english; r,"MS-OfficeAccountingTallyMS-Excel, English Proficiency (Spoken)English Proficiency (Written)"
46,1,,Calipers Consulting Private Limited,"Secunderabad, Hyderabad (Hybrid)",,0.4828,48.28,english; r,"MS-Office, MS-ExcelData entryEnglish Proficiency (Spoken)English Proficiency (Written)"
46,38,,Urban Company Ltd.,Bangalore,,0.478,47.8,english; r,"MS-Excel, English Proficiency (Written)"
46,29,,GlobalStep Services Private Limited,Pune,,0.4467,44.67,r,RecruitmentResume screeningInterview Coordination
46,27,,WWF India,Chennai,,0.4389,43.89,r,Public SpeakingSalesMarketing
46,2,,Gruhatara Estates,Bangalore,,0.4363,43.63,market research; r,"NegotiationDigital Marketing, Market researchMarketing Strategies"
46,39,,KnowledgeWorks Global Limited,"Chennai, Mumbai",,0.4284,42.84,english; r,English Proficiency (Spoken)English Proficiency (Written)
47,7,,Leafoberryy,Mumbai,,0.5914,59.14,communication; data analytics; r,LeadershipTeam ManagementE-commerceData AnalyticsMentorshipB2B SalesEffective Communication+2 more
47,43,,Mintifi Finserve Private Limited,Mumbai,,0.5763,57.63,english; r,"MS-Office, MS-Excel, English Proficiency (Spoken)"
47,11,,Lishanth Enterprises,Vijayawada,,0.5389,53.89,r,Client Relationship Management (CRM)Sales ManagementSales SupportCustomer SupportSales Strategy
47,1,,Calipers Consulting Private Limited,"Secunderabad, Hyderabad (Hybrid)",,0.537,53.7,english; r,"MS-Office, MS-ExcelData entryEnglish Proficiency (Spoken)English Proficiency (Written)"
47,17,,SpotOnMedia,Work from home,,0.5134,51.34,english; hindi; r,"MS-Office, MS-ExcelClient Relationship Management (CRM)Client RelationshipEnglish Proficiency (Spoken)English Proficiency (Written)Hindi Proficiency (Spoken)+1 more"
47,24,,SpotOnMedia,Work from home,,0.5134,51.34,english; hindi; r,"MS-Office, MS-ExcelClient Relationship Management (CRM)Client RelationshipEnglish Proficiency (Spoken)English Proficiency (Written)Hindi Proficiency (Spoken)+1 more"
47,37,,Urban Company,Bangalore,,0.5131,51.31,english; r,"MS-Excel, English Proficiency (Spoken)"
47,5,,SREEDHARA ENTERPRISES,Bangalore,,0.5016,50.16,accounting; english; r,"MS-OfficeAccountingTallyMS-Excel, English Proficiency (Spoken)English Proficiency (Written)"
47,9,,Internshala,Gurgaon,,0.4889,48.89,communication; english; r,NegotiationProblem SolvingEnglish Proficiency (Spoken)SalesEffective Communication
47,10,,Internshala,Gurgaon,,0.4889,48.89,communication; english; r,NegotiationProblem SolvingEnglish Proficiency (Spoken)SalesEffective Communication
48,7,,Leafoberryy,Mumbai,,0.5105,51.05,communication; data analytics; r,LeadershipTeam ManagementE-commerceData AnalyticsMentorshipB2B SalesEffective Communication+2 more
48,43,,Mintifi Finserve Private Limited,Mumbai,,0.5017,50.17,english; r,"MS-Office, MS-Excel, English Proficiency (Spoken)"
48,37,,Urban Company,Bangalore,,0.464,46.4,english; r,"MS-Excel, English Proficiency (Spoken)"
48,5,,SREEDHARA ENTERPRISES,Bangalore,,0.4565,45.65,accounting; english; r,"MS-OfficeAccountingTallyMS-Excel, English Proficiency (Spoken)English Proficiency (Written)"
48,1,,Calipers Consulting Private Limited,"Secunderabad, Hyderabad (Hybrid)",,0.455,45.5,english; r,"MS-Office, MS-ExcelData entryEnglish Proficiency (Spoken)English Proficiency (Written)"
48,17,,SpotOnMedia,Work from home,,0.4439,44.39,english; hindi; r,"MS-Office, MS-ExcelClient Relationship Management (CRM)Client RelationshipEnglish Proficiency (Spoken)English Proficiency (Written)Hindi Proficiency (Spoken)+1 more"
48,24,,SpotOnMedia,Work from home,,0.4439,44.39,english; hindi; r,"MS-Office, MS-ExcelClient Relationship Management (CRM)Client RelationshipEnglish Proficiency (Spoken)English Proficiency (Written)Hindi Proficiency (Spoken)+1 more"
48,2,,Gruhatara Estates,Bangalore,,0.4258,42.58,market research; r,"NegotiationDigital Marketing, Market researchMarketing Strategies"
48,3,,Modtraa Design And Creation Incorporation,Bangalore,,0.4113,41.13,communication; english; r; ski,"Presentation skillsMS-Excel, English Proficiency (Spoken)English Proficiency (Written)Kannada Proficiency (Spoken)Interpersonal skillsEffective Communication"
48,9,,Internshala,Gurgaon,,0.4087,40.87,communication; english; r,NegotiationProblem SolvingEnglish Proficiency (Spoken)SalesEffective Communication
49,43,,Mintifi Finserve Private Limited,Mumbai,,0.5314,53.14,english; r,"MS-Office, MS-Excel, English Proficiency (Spoken)"
49,7,,Leafoberryy,Mumbai,,0.531,53.1,communication; data analytics; r,LeadershipTeam ManagementE-commerceData AnalyticsMentorshipB2B SalesEffective Communication+2 more
49,1,,Calipers Consulting Private Limited,"Secunderabad, Hyderabad (Hybrid)",,0.5273,52.73,english; r,"MS-Office, MS-ExcelData entryEnglish Proficiency (Spoken)English Proficiency (Written)"
49,5,,SREEDHARA ENTERPRISES,Bangalore,,0.5115,51.15,accounting; english; r,"MS-OfficeAccountingTallyMS-Excel, English Proficiency (Spoken)English Proficiency (Written)"
49,17,,SpotOnMedia,Work from home,,0.5103,51.03,english; hindi; r,"MS-Office, MS-ExcelClient Relationship Management (CRM)Client RelationshipEnglish Proficiency (Spoken)English Proficiency (Written)Hindi Proficiency (Spoken)+1 more"
49,24,,SpotOnMedia,Work from home,,0.5103,51.03,english; hindi; r,"MS-Office, MS-ExcelClient Relationship Management (CRM)Client RelationshipEnglish Proficiency (Spoken)English Proficiency (Written)Hindi Proficiency (Spoken)+1 more"
49,11,,Lishanth Enterprises,Vijayawada,,0.4976,49.76,r,Client Relationship Management (CRM)Sales ManagementSales SupportCustomer SupportSales Strategy
49,40,,RMSI Private Limited,Hyderabad,,0.4868,48.68,r; sql; sql server,SQLMS SQL ServerGISArcGISSSMS
49,45,,Lishanth Enterprises,"Narasaraopet, Anakapalle, Macherla, Prathipadu, Bapatla, Chirala, Gajuwaka Part",,0.4634,46.34,r,Client Relationship Management (CRM)CoordinationSales ManagementClient RelationshipNegotiationsCustomer AcquisitionSales Strategy
49,37,,Urban Company,Bangalore,,0.4598,45.98,english; r,"MS-Excel, English Proficiency (Spoken)"
50,7,,Leafoberryy,Mumbai,,0.5962,59.62,communication; data analytics; r,LeadershipTeam ManagementE-commerceData AnalyticsMentorshipB2B SalesEffective Communication+2 more
50,17,,SpotOnMedia,Work from home,,0.5364,53.64,english; hindi; r,"MS-Office, MS-ExcelClient Relationship Management (CRM)Client RelationshipEnglish Proficiency (Spoken)English Proficiency (Written)Hindi Proficiency (Spoken)+1 more"
50,24,,SpotOnMedia,Work from home,,0.5364,53.64,english; hindi; r,"MS-Office, MS-ExcelClient Relationship Management (CRM)Client RelationshipEnglish Proficiency (Spoken)English Proficiency (Written)Hindi Proficiency (Spoken)+1 more"
50,43,,Mintifi Finserve Private Limited,Mumbai,,0.5336,53.36,english; r,"MS-Office, MS-Excel, English Proficiency (Spoken)"
50,11,,Lishanth Enterprises,Vijayawada,,0.5113,51.13,r,Client Relationship Management (CRM)Sales ManagementSales SupportCustomer SupportSales Strategy
50,5,,SREEDHARA ENTERPRISES,Bangalore,,0.4946,49.46,accounting; english; r,"MS-OfficeAccountingTallyMS-Excel, English Proficiency (Spoken)English Proficiency (Written)"
50,37,,Urban Company,Bangalore,,0.4936,49.36,english; r,"MS-Excel, English Proficiency (Spoken)"
50,1,,Calipers Consulting Private Limited,"Secunderabad, Hyderabad (Hybrid)",,0.4789,47.89,english; r,"MS-Office, MS-ExcelData entryEnglish Proficiency (Spoken)English Proficiency (Written)"
50,26,,Imarticus Learning,"Mumbai, Noida",,0.4782,47.82,design thinking; r,Content WritingMS-WordMS-PowerPointStoryboardingMS-ExcelContent ManagementDesign Thinking+3 more
50,14,,NYX,Work from home,,0.4607,46.07,r,NegotiationDigital MarketingClient Relationship Management (CRM)Client RelationshipLinkedIn MarketingBusiness DevelopmentGoogle Workspace+5 more
51,43,,Mintifi Finserve Private Limited,Mumbai,,0.4354,43.54,english; r,"MS-Office, MS-Excel, English Proficiency (Spoken)"
51,39,,KnowledgeWorks Global Limited,"Chennai, Mumbai",,0.3852,38.52,english; r,English Proficiency (Spoken)English Proficiency (Written)
51,5,,SREEDHARA ENTERPRISES,Bangalore,,0.3808,38.08,accounting; english; r,"MS-OfficeAccountingTallyMS-Excel, English Proficiency (Spoken)English Proficiency (Written)"
51,44,,Starcrest Services Pvt. Ltd.,"Delhi, Gurgaon, Noida",,0.3802,38.02,r,MS-OfficeRecruitment
51,29,,GlobalStep Services Private Limited,Pune,,0.3754,37.54,r,RecruitmentResume screeningInterview Coordination
51,37,,Urban Company,Bangalore,,0.3666,36.66,english; r,"MS-Excel, English Proficiency (Spoken)"
51,1,,Calipers Consulting Private Limited,"Secunderabad, Hyderabad (Hybrid)",,0.3623,36.23,english; r,"MS-Office, MS-ExcelData entryEnglish Proficiency (Spoken)English Proficiency (Written)"
51,6,,Godrej Capital,"Ahmedabad, Mehsana, Pune, Gandhidham, Vapi, Ahmednagar, Vadodara, Mumbai, Nashik",,0.3492,34.92,communication; r,MS-OfficeMS-PowerPointMS-ExcelEffective Communication
51,7,,Leafoberryy,Mumbai,,0.3408,34.08,communication; data analytics; r,LeadershipTeam ManagementE-commerceData AnalyticsMentorshipB2B SalesEffective Communication+2 more
51,38,,Urban Company Ltd.,Bangalore,,0.3381,33.81,english; r,"MS-Excel, English Proficiency (Written)"
52,36,,Medi Assist Healthcare Private Limited,Mumbai,,0.2242,22.42,medical terminology; r; terminology,Medical Terminology
52,49,,Cloudnine Hospital,Bangalore,,0.219,21.9,english; r,"MS-Excel, English Proficiency (Written)CanvaPivot TableVLOOKUP"
52,43,,Mintifi Finserve Private Limited,Mumbai,,0.2103,21.03,english; r,"MS-Office, MS-Excel, English Proficiency (Spoken)"
52,1,,Calipers Consulting Private Limited,"Secunderabad, Hyderabad (Hybrid)",,0.2086,20.86,english; r,"MS-Office, MS-ExcelData entryEnglish Proficiency (Spoken)English Proficiency (Written)"
52,37,,Urban Company,Bangalore,,0.2009,20.09,english; r,"MS-Excel, English Proficiency (Spoken)"
52,47,,Scaler,Bangalore,,0.1911,19.11,communication; english; hindi; r,English Proficiency (Spoken)Hindi Proficiency (Spoken)Effective Communication
52,26,,Imarticus Learning,"Mumbai, Noida",,0.1872,18.72,design thinking; r,Content WritingMS-WordMS-PowerPointStoryboardingMS-ExcelContent ManagementDesign Thinking+3 more
52,38,,Urban Company Ltd.,Bangalore,,0.1759,17.59,english; r,"MS-Excel, English Proficiency (Written)"
52,39,,KnowledgeWorks Global Limited,"Chennai, Mumbai",,0.1746,17.46,english; r,English Proficiency (Spoken)English Proficiency (Written)
52,3,,Modtraa Design And Creation Incorporation,Bangalore,,0.1672,16.72,communication; english; r; ski,"Presentation skillsMS-Excel, English Proficiency (Spoken)English Proficiency (Written)Kannada Proficiency (Spoken)Interpersonal skillsEffective Communication"
53,3,,Modtraa Design And Creation Incorporation,Bangalore,,0.3611,36.11,communication; english; r; ski,"Presentation skillsMS-Excel, English Proficiency (Spoken)English Proficiency (Written)Kannada Proficiency (Spoken)Interpersonal skillsEffective Communication"
53,1,,Calipers Consulting Private Limited,"Secunderabad, Hyderabad (Hybrid)",,0.36,36.0,english; r,"MS-Office, MS-ExcelData entryEnglish Proficiency (Spoken)English Proficiency (Written)"
53,39,,KnowledgeWorks Global Limited,"Chennai, Mumbai",,0.3242,32.42,english; r,English Proficiency (Spoken)English Proficiency (Written)
53,47,,Scaler,Bangalore,,0.3241,32.41,communication; english; hindi; r,English Proficiency (Spoken)Hindi Proficiency (Spoken)Effective Communication
53,29,,GlobalStep Services Private Limited,Pune,,0.3215,32.15,r,RecruitmentResume screeningInterview Coordination
53,5,,SREEDHARA ENTERPRISES,Bangalore,,0.31,31.0,accounting; english; r,"MS-OfficeAccountingTallyMS-Excel, English Proficiency (Spoken)English Proficiency (Written)"
53,43,,Mintifi Finserve Private Limited,Mumbai,,0.3081,30.81,english; r,"MS-Office, MS-Excel, English Proficiency (Spoken)"
53,17,,SpotOnMedia,Work from home,,0.3079,30.79,english; hindi; r,"MS-Office, MS-ExcelClient Relationship Management (CRM)Client RelationshipEnglish Proficiency (Spoken)English Proficiency (Written)Hindi Proficiency (Spoken)+1 more"
53,24,,SpotOnMedia,Work from home,,0.3079,30.79,english; hindi; r,"MS-Office, MS-ExcelClient Relationship Management (CRM)Client RelationshipEnglish Proficiency (Spoken)English Proficiency (Written)Hindi Proficiency (Spoken)+1 more"
53,37,,Urban Company,Bangalore,,0.2903,29.03,english; r,"MS-Excel, English Proficiency (Spoken)"
54,43,,Mintifi Finserve Private Limited,Mumbai,,0.435,43.5,english; r,"MS-Office, MS-Excel, English Proficiency (Spoken)"
54,5,,SREEDHARA ENTERPRISES,Bangalore,,0.4189,41.89,accounting; english; r,"MS-OfficeAccountingTallyMS-Excel, English Proficiency (Spoken)English Proficiency (Written)"
54,29,,GlobalStep Services Private Limited,Pune,,0.4188,41.88,r,RecruitmentResume screeningInterview Coordination
54,17,,SpotOnMedia,Work from home,,0.4178,41.78,english; hindi; r,"MS-Office, MS-ExcelClient Relationship Management (CRM)Client RelationshipEnglish Proficiency (Spoken)English Proficiency (Written)Hindi Proficiency (Spoken)+1 more"
54,24,,SpotOnMedia,Work from home,,0.4178,41.78,english; hindi; r,"MS-Office, MS-ExcelClient Relationship Management (CRM)Client RelationshipEnglish Proficiency (Spoken)English Proficiency (Written)Hindi Proficiency (Spoken)+1 more"
54,37,,Urban Company,Bangalore,,0.4102,41.02,english; r,"MS-Excel, English Proficiency (Spoken)"
54,1,,Calipers Consulting Private Limited,"Secunderabad, Hyderabad (Hybrid)",,0.4028,40.28,english; r,"MS-Office, MS-ExcelData entryEnglish Proficiency (Spoken)English Proficiency (Written)"
54,7,,Leafoberryy,Mumbai,,0.3962,39.62,communication; data analytics; r,LeadershipTeam ManagementE-commerceData AnalyticsMentorshipB2B SalesEffective Communication+2 more
54,11,,Lishanth Enterprises,Vijayawada,,0.3865,38.65,r,Client Relationship Management (CRM)Sales ManagementSales SupportCustomer SupportSales Strategy
54,38,,Urban Company Ltd.,Bangalore,,0.386,38.6,english; r,"MS-Excel, English Proficiency (Written)"
55,1,,Calipers Consulting Private Limited,"Secunderabad, Hyderabad (Hybrid)",,0.3763,37.63,english; r,"MS-Office, MS-ExcelData entryEnglish Proficiency (Spoken)English Proficiency (Written)"
55,37,,Urban Company,Bangalore,,0.3644,36.44,english; r,"MS-Excel, English Proficiency (Spoken)"
55,43,,Mintifi Finserve Private Limited,Mumbai,,0.3522,35.22,english; r,"MS-Office, MS-Excel, English Proficiency (Spoken)"
55,5,,SREEDHARA ENTERPRISES,Bangalore,,0.3495,34.95,accounting; english; r,"MS-OfficeAccountingTallyMS-Excel, English Proficiency (Spoken)English Proficiency (Written)"
55,39,,KnowledgeWorks Global Limited,"Chennai, Mumbai",,0.3493,34.93,english; r,English Proficiency (Spoken)English Proficiency (Written)
55,7,,Leafoberryy,Mumbai,,0.3374,33.74,communication; data analytics; r,LeadershipTeam ManagementE-commerceData AnalyticsMentorshipB2B SalesEffective Communication+2 more
55,17,,SpotOnMedia,Work from home,,0.3226,32.26,english; hindi; r,"MS-Office, MS-ExcelClient Relationship Management (CRM)Client RelationshipEnglish Proficiency (Spoken)English Proficiency (Written)Hindi Proficiency (Spoken)+1 more"
55,24,,SpotOnMedia,Work from home,,0.3226,32.26,english; hindi; r,"MS-Office, MS-ExcelClient Relationship Management (CRM)Client RelationshipEnglish Proficiency (Spoken)English Proficiency (Written)Hindi Proficiency (Spoken)+1 more"
55,29,,GlobalStep Services Private Limited,Pune,,0.3213,32.13,r,RecruitmentResume screeningInterview Coordination
55,47,,Scaler,Bangalore,,0.3208,32.08,communication; english; hindi; r,English Proficiency (Spoken)Hindi Proficiency (Spoken)Effective Communication
56,36,,Medi Assist Healthcare Private Limited,Mumbai,,0.2949,29.49,medical terminology; r; terminology,Medical Terminology
56,29,,GlobalStep Services Private Limited,Pune,,0.2828,28.28,r,RecruitmentResume screeningInterview Coordination
56,2,,Gruhatara Estates,Bangalore,,0.2788,27.88,market research; r,"NegotiationDigital Marketing, Market researchMarketing Strategies"
56,3,,Modtraa Design And Creation Incorporation,Bangalore,,0.2762,27.62,communication; english; r; ski,"Presentation skillsMS-Excel, English Proficiency (Spoken)English Proficiency (Written)Kannada Proficiency (Spoken)Interpersonal skillsEffective Communication"
56,5,,SREEDHARA ENTERPRISES,Bangalore,,0.2748,27.48,accounting; english; r,"MS-OfficeAccountingTallyMS-Excel, English Proficiency (Spoken)English Proficiency (Written)"
56,1,,Calipers Consulting Private Limited,"Secunderabad, Hyderabad (Hybrid)",,0.2589,25.89,english; r,"MS-Office, MS-ExcelData entryEnglish Proficiency (Spoken)English Proficiency (Written)"
56,21,,Fitelo,Work from home,,0.2577,25.77,communication; english; r,Client RelationshipEnglish Proficiency (Spoken)English Proficiency (Written)Effective Communication
56,49,,Cloudnine Hospital,Bangalore,,0.2488,24.88,english; r,"MS-Excel, English Proficiency (Written)CanvaPivot TableVLOOKUP"
56,7,,Leafoberryy,Mumbai,,0.2485,24.85,communication; data analytics; r,LeadershipTeam ManagementE-commerceData AnalyticsMentorshipB2B SalesEffective Communication+2 more
56,12,,Belstar MicroFinance Limited,Chennai,,0.2382,23.82,accounting; plan; r,AccountingFinancial planningFinancial Reporting
57,38,,Urban Company Ltd.,Bangalore,,0.3829,38.29,english; r,"MS-Excel, English Proficiency (Written)"
57,39,,KnowledgeWorks Global Limited,"Chennai, Mumbai",,0.3807,38.07,english; r,English Proficiency (Spoken)English Proficiency (Written)
57,3,,Modtraa Design And Creation Incorporation,Bangalore,,0.3799,37.99,communication; english; r; ski,"Presentation skillsMS-Excel, English Proficiency (Spoken)English Proficiency (Written)Kannada Proficiency (Spoken)Interpersonal skillsEffective Communication"
57,37,,Urban Company,Bangalore,,0.3702,37.02,english; r,"MS-Excel, English Proficiency (Spoken)"
57,1,,Calipers Consulting Private Limited,"Secunderabad, Hyderabad (Hybrid)",,0.3654,36.54,english; r,"MS-Office, MS-ExcelData entryEnglish Proficiency (Spoken)English Proficiency (Written)"
57,44,,Starcrest Services Pvt. Ltd.,"Delhi, Gurgaon, Noida",,0.3637,36.37,r,MS-OfficeRecruitment
57,5,,SREEDHARA ENTERPRISES,Bangalore,,0.3473,34.73,accounting; english; r,"MS-OfficeAccountingTallyMS-Excel, English Proficiency (Spoken)English Proficiency (Written)"
57,29,,GlobalStep Services Private Limited,Pune,,0.3439,34.39,r,RecruitmentResume screeningInterview Coordination
57,43,,Mintifi Finserve Private Limited,Mumbai,,0.3161,31.61,english; r,"MS-Office, MS-Excel, English Proficiency (Spoken)"
57,49,,Cloudnine Hospital,Bangalore,,0.2916,29.16,english; r,"MS-Excel, English Proficiency (Written)CanvaPivot TableVLOOKUP"
58,5,,SREEDHARA ENTERPRISES,Bangalore,,0.4837,48.37,accounting; english; r,"MS-OfficeAccountingTallyMS-Excel, English Proficiency (Spoken)English Proficiency (Written)"
58,3,,Modtraa Design And Creation Incorporation,Bangalore,,0.4715,47.15,communication; english; r; ski,"Presentation skillsMS-Excel, English Proficiency (Spoken)English Proficiency (Written)Kannada Proficiency (Spoken)Interpersonal skillsEffective Communication"
58,39,,KnowledgeWorks Global Limited,"Chennai, Mumbai",,0.467,46.7,english; r,English Proficiency (Spoken)English Proficiency (Written)
58,38,,Urban Company Ltd.,Bangalore,,0.4663,46.63,english; r,"MS-Excel, English Proficiency (Written)"
58,37,,Urban Company,Bangalore,,0.4645,46.45,english; r,"MS-Excel, English Proficiency (Spoken)"
58,43,,Mintifi Finserve Private Limited,Mumbai,,0.4449,44.49,english; r,"MS-Office, MS-Excel, English Proficiency (Spoken)"
58,1,,Calipers Consulting Private Limited,"Secunderabad, Hyderabad (Hybrid)",,0.4247,42.47,english; r,"MS-Office, MS-ExcelData entryEnglish Proficiency (Spoken)English Proficiency (Written)"
58,35,,California Burrito,Bangalore,,0.4222,42.22,graphic design; motion graphics; r,BrandingUI & UX DesignInterior designGraphic DesignDigital IllustrationMotion Graphics
58,44,,Starcrest Services Pvt. Ltd.,"Delhi, Gurgaon, Noida",,0.4105,41.05,r,MS-OfficeRecruitment
58,34,,Ashiana Housing Limited,Bhiwadi,,0.4057,40.57,data analytics; r,Data AnalyticsMS-ExcelData entryPower BIData Analysis
59,1,,Calipers Consulting Private Limited,"Secunderabad, Hyderabad (Hybrid)",,0.4594,45.94,english; r,"MS-Office, MS-ExcelData entryEnglish Proficiency (Spoken)English Proficiency (Written)"
59,34,,Ashiana Housing Limited,Bhiwadi,,0.4341,43.41,data analytics; r,Data AnalyticsMS-ExcelData entryPower BIData Analysis
59,26,,Imarticus Learning,"Mumbai, Noida",,0.4288,42.88,design thinking; r,Content WritingMS-WordMS-PowerPointStoryboardingMS-ExcelContent ManagementDesign Thinking+3 more
59,3,,Modtraa Design And Creation Incorporation,Bangalore,,0.4268,42.68,communication; english; r; ski,"Presentation skillsMS-Excel, English Proficiency (Spoken)English Proficiency (Written)Kannada Proficiency (Spoken)Interpersonal skillsEffective Communication"
59,43,,Mintifi Finserve Private Limited,Mumbai,,0.4174,41.74,english; r,"MS-Office, MS-Excel, English Proficiency (Spoken)"
59,5,,SREEDHARA ENTERPRISES,Bangalore,,0.4162,41.62,accounting; english; r,"MS-OfficeAccountingTallyMS-Excel, English Proficiency (Spoken)English Proficiency (Written)"
59,39,,KnowledgeWorks Global Limited,"Chennai, Mumbai",,0.4041,40.41,english; r,English Proficiency (Spoken)English Proficiency (Written)
59,17,,SpotOnMedia,Work from home,,0.3875,38.75,english; hindi; r,"MS-Office, MS-ExcelClient Relationship Management (CRM)Client RelationshipEnglish Proficiency (Spoken)English Proficiency (Written)Hindi Proficiency (Spoken)+1 more"
59,24,,SpotOnMedia,Work from home,,0.3875,38.75,english; hindi; r,"MS-Office, MS-ExcelClient Relationship Management (CRM)Client RelationshipEnglish Proficiency (Spoken)English Proficiency (Written)Hindi Proficiency (Spoken)+1 more"
59,29,,GlobalStep Services Private Limited,Pune,,0.3856,38.56,r,RecruitmentResume screeningInterview Coordination
60,34,,Ashiana Housing Limited,Bhiwadi,,0.4272,42.72,data analytics; r,Data AnalyticsMS-ExcelData entryPower BIData Analysis
60,3,,Modtraa Design And Creation Incorporation,Bangalore,,0.3992,39.92,communication; english; r; ski,"Presentation skillsMS-Excel, English Proficiency (Spoken)English Proficiency (Written)Kannada Proficiency (Spoken)Interpersonal skillsEffective Communication"
60,29,,GlobalStep Services Private Limited,Pune,,0.3769,37.69,r,RecruitmentResume screeningInterview Coordination
60,5,,SREEDHARA ENTERPRISES,Bangalore,,0.3578,35.78,accounting; english; r,"MS-OfficeAccountingTallyMS-Excel, English Proficiency (Spoken)English Proficiency (Written)"
60,43,,Mintifi Finserve Private Limited,Mumbai,,0.3321,33.21,english; r,"MS-Office, MS-Excel, English Proficiency (Spoken)"
60,22,,Faff,Bangalore,,0.3294,32.94,communication; conflict management; r,Time ManagementProblem SolvingCoordinationAdaptabilityEffective CommunicationConflict Management
60,49,,Cloudnine Hospital,Bangalore,,0.3267,32.67,english; r,"MS-Excel, English Proficiency (Written)CanvaPivot TableVLOOKUP"
60,38,,Urban Company Ltd.,Bangalore,,0.3189,31.89,english; r,"MS-Excel, English Proficiency (Written)"
60,1,,Calipers Consulting Private Limited,"Secunderabad, Hyderabad (Hybrid)",,0.318,31.8,english; r,"MS-Office, MS-ExcelData entryEnglish Proficiency (Spoken)English Proficiency (Written)"
60,37,,Urban Company,Bangalore,,0.3037,30.37,english; r,"MS-Excel, English Proficiency (Spoken)"
61,1,,Calipers Consulting Private Limited,"Secunderabad, Hyderabad (Hybrid)",,0.523,52.3,english; r,"MS-Office, MS-ExcelData entryEnglish Proficiency (Spoken)English Proficiency (Written)"
61,43,,Mintifi Finserve Private Limited,Mumbai,,0.4929,49.29,english; r,"MS-Office, MS-Excel, English Proficiency (Spoken)"
61,39,,KnowledgeWorks Global Limited,"Chennai, Mumbai",,0.4504,45.04,english; r,English Proficiency (Spoken)English Proficiency (Written)
61,5,,SREEDHARA ENTERPRISES,Bangalore,,0.4503,45.03,accounting; english; r,"MS-OfficeAccountingTallyMS-Excel, English Proficiency (Spoken)English Proficiency (Written)"
61,3,,Modtraa Design And Creation Incorporation,Bangalore,,0.4428,44.28,communication; english; r; ski,"Presentation skillsMS-Excel, English Proficiency (Spoken)English Proficiency (Written)Kannada Proficiency (Spoken)Interpersonal skillsEffective Communication"
61,37,,Urban Company,Bangalore,,0.4422,44.22,english; r,"MS-Excel, English Proficiency (Spoken)"
61,26,,Imarticus Learning,"Mumbai, Noida",,0.4352,43.52,design thinking; r,Content WritingMS-WordMS-PowerPointStoryboardingMS-ExcelContent ManagementDesign Thinking+3 more
61,38,,Urban Company Ltd.,Bangalore,,0.4248,42.48,english; r,"MS-Excel, English Proficiency (Written)"
61,29,,GlobalStep Services Private Limited,Pune,,0.4237,42.37,r,RecruitmentResume screeningInterview Coordination
61,4,,CCL Advisors,Mumbai,,0.4115,41.15,legal research; r,Legal ResearchCompany LawLegal DraftingStatutory compliancesLegal WritingContract Management
62,39,,KnowledgeWorks Global Limited,"Chennai, Mumbai",,0.4449,44.49,english; r,English Proficiency (Spoken)English Proficiency (Written)
62,37,,Urban Company,Bangalore,,0.4391,43.91,english; r,"MS-Excel, English Proficiency (Spoken)"
62,1,,Calipers Consulting Private Limited,"Secunderabad, Hyderabad (Hybrid)",,0.4376,43.76,english; r,"MS-Office, MS-ExcelData entryEnglish Proficiency (Spoken)English Proficiency (Written)"
62,3,,Modtraa Design And Creation Incorporation,Bangalore,,0.4261,42.61,communication; english; r; ski,"Presentation skillsMS-Excel, English Proficiency (Spoken)English Proficiency (Written)Kannada Proficiency (Spoken)Interpersonal skillsEffective Communication"
62,43,,Mintifi Finserve Private Limited,Mumbai,,0.4224,42.24,english; r,"MS-Office, MS-Excel, English Proficiency (Spoken)"
62,5,,SREEDHARA ENTERPRISES,Bangalore,,0.394,39.4,accounting; english; r,"MS-OfficeAccountingTallyMS-Excel, English Proficiency (Spoken)English Proficiency (Written)"
62,38,,Urban Company Ltd.,Bangalore,,0.3771,37.71,english; r,"MS-Excel, English Proficiency (Written)"
62,26,,Imarticus Learning,"Mumbai, Noida",,0.3598,35.98,design thinking; r,Content WritingMS-WordMS-PowerPointStoryboardingMS-ExcelContent ManagementDesign Thinking+3 more
62,17,,SpotOnMedia,Work from home,,0.3554,35.54,english; hindi; r,"MS-Office, MS-ExcelClient Relationship Management (CRM)Client RelationshipEnglish Proficiency (Spoken)English Proficiency (Written)Hindi Proficiency (Spoken)+1 more"
62,24,,SpotOnMedia,Work from home,,0.3554,35.54,english; hindi; r,"MS-Office, MS-ExcelClient Relationship Management (CRM)Client RelationshipEnglish Proficiency (Spoken)English Proficiency (Written)Hindi Proficiency (Spoken)+1 more"
63,37,,Urban Company,Bangalore,,0.4983,49.83,english; r,"MS-Excel, English Proficiency (Spoken)"
63,38,,Urban Company Ltd.,Bangalore,,0.4924,49.24,english; r,"MS-Excel, English Proficiency (Written)"
63,39,,KnowledgeWorks Global Limited,"Chennai, Mumbai",,0.4848,48.48,english; r,English Proficiency (Spoken)English Proficiency (Written)
63,5,,SREEDHARA ENTERPRISES,Bangalore,,0.4735,47.35,accounting; english; r,"MS-OfficeAccountingTallyMS-Excel, English Proficiency (Spoken)English Proficiency (Written)"
63,3,,Modtraa Design And Creation Incorporation,Bangalore,,0.4602,46.02,communication; english; r; ski,"Presentation skillsMS-Excel, English Proficiency (Spoken)English Proficiency (Written)Kannada Proficiency (Spoken)Interpersonal skillsEffective Communication"
63,43,,Mintifi Finserve Private Limited,Mumbai,,0.4438,44.38,english; r,"MS-Office, MS-Excel, English Proficiency (Spoken)"
63,1,,Calipers Consulting Private Limited,"Secunderabad, Hyderabad (Hybrid)",,0.4413,44.13,english; r,"MS-Office, MS-ExcelData entryEnglish Proficiency (Spoken)English Proficiency (Written)"
63,6,,Godrej Capital,"Ahmedabad, Mehsana, Pune, Gandhidham, Vapi, Ahmednagar, Vadodara, Mumbai, Nashik",,0.4313,43.13,communication; r,MS-OfficeMS-PowerPointMS-ExcelEffective Communication
63,48,,Zucol Group Of Companies,Pune,,0.4245,42.45,english; r,Creative WritingEnglish Proficiency (Spoken)English Proficiency (Written)Network protocols
63,19,,Bhanzu (Formerly Exploring Infinities),Bangalore,,0.3918,39.18,communication; english; r,"MS-Excel, English Proficiency (Spoken)English Proficiency (Written)SalesEffective CommunicationSales Strategy"
64,43,,Mintifi Finserve Private Limited,Mumbai,,0.6091,60.91,english; r,"MS-Office, MS-Excel, English Proficiency (Spoken)"
64,5,,SREEDHARA ENTERPRISES,Bangalore,,0.5816,58.16,accounting; english; r,"MS-OfficeAccountingTallyMS-Excel, English Proficiency (Spoken)English Proficiency (Written)"
64,1,,Calipers Consulting Private Limited,"Secunderabad, Hyderabad (Hybrid)",,0.5729,57.29,english; r,"MS-Office, MS-ExcelData entryEnglish Proficiency (Spoken)English Proficiency (Written)"
64,37,,Urban Company,Bangalore,,0.5581,55.81,english; r,"MS-Excel, English Proficiency (Spoken)"
64,39,,KnowledgeWorks Global Limited,"Chennai, Mumbai",,0.5439,54.39,english; r,English Proficiency (Spoken)English Proficiency (Written)
64,29,,GlobalStep Services Private Limited,Pune,,0.5432,54.32,r,RecruitmentResume screeningInterview Coordination
64,3,,Modtraa Design And Creation Incorporation,Bangalore,,0.5351,53.51,communication; english; r; ski,"Presentation skillsMS-Excel, English Proficiency (Spoken)English Proficiency (Written)Kannada Proficiency (Spoken)Interpersonal skillsEffective Communication"
64,38,,Urban Company Ltd.,Bangalore,,0.5224,52.24,english; r,"MS-Excel, English Proficiency (Written)"
64,7,,Leafoberryy,Mumbai,,0.4977,49.77,communication; data analytics; r,LeadershipTeam ManagementE-commerceData AnalyticsMentorshipB2B SalesEffective Communication+2 more
64,48,,Zucol Group Of Companies,Pune,,0.4726,47.26,english; r,Creative WritingEnglish Proficiency (Spoken)English Proficiency (Written)Network protocols
65,1,,Calipers Consulting Private Limited,"Secunderabad, Hyderabad (Hybrid)",,0.3916,39.16,english; r,"MS-Office, MS-ExcelData entryEnglish Proficiency (Spoken)English Proficiency (Written)"
65,17,,SpotOnMedia,Work from home,,0.3838,38.38,english; hindi; r,"MS-Office, MS-ExcelClient Relationship Management (CRM)Client RelationshipEnglish Proficiency (Spoken)English Proficiency (Written)Hindi Proficiency (Spoken)+1 more"
65,24,,SpotOnMedia,Work from home,,0.3838,38.38,english; hindi; r,"MS-Office, MS-ExcelClient Relationship Management (CRM)Client RelationshipEnglish Proficiency (Spoken)English Proficiency (Written)Hindi Proficiency (Spoken)+1 more"
65,29,,GlobalStep Services Private Limited,Pune,,0.3821,38.21,r,RecruitmentResume screeningInterview Coordination
65,43,,Mintifi Finserve Private Limited,Mumbai,,0.365,36.5,english; r,"MS-Office, MS-Excel, English Proficiency (Spoken)"
65,3,,Modtraa Design And Creation Incorporation,Bangalore,,0.3645,36.45,communication; english; r; ski,"Presentation skillsMS-Excel, English Proficiency (Spoken)English Proficiency (Written)Kannada Proficiency (Spoken)Interpersonal skillsEffective Communication"
65,48,,Zucol Group Of Companies,Pune,,0.3624,36.24,english; r,Creative WritingEnglish Proficiency (Spoken)English Proficiency (Written)Network protocols
65,39,,KnowledgeWorks Global Limited,"Chennai, Mumbai",,0.3575,35.75,english; r,English Proficiency (Spoken)English Proficiency (Written)
65,5,,SREEDHARA ENTERPRISES,Bangalore,,0.3574,35.74,accounting; english; r,"MS-OfficeAccountingTallyMS-Excel, English Proficiency (Spoken)English Proficiency (Written)"
65,50,,Webvio Technologies,Delhi,,0.3528,35.28,english; logging; r,BloggingSearch Engine Optimization (SEO)Creative WritingProofreadingEnglish Proficiency (Written)Research and Analytics
66,43,,Mintifi Finserve Private Limited,Mumbai,,0.3695,36.95,english; r,"MS-Office, MS-Excel, English Proficiency (Spoken)"
66,5,,SREEDHARA ENTERPRISES,Bangalore,,0.3649,36.49,accounting; english; r,"MS-OfficeAccountingTallyMS-Excel, English Proficiency (Spoken)English Proficiency (Written)"
66,17,,SpotOnMedia,Work from home,,0.3579,35.79,english; hindi; r,"MS-Office, MS-ExcelClient Relationship Management (CRM)Client RelationshipEnglish Proficiency (Spoken)English Proficiency (Written)Hindi Proficiency (Spoken)+1 more"
66,24,,SpotOnMedia,Work from home,,0.3579,35.79,english; hindi; r,"MS-Office, MS-ExcelClient Relationship Management (CRM)Client RelationshipEnglish Proficiency (Spoken)English Proficiency (Written)Hindi Proficiency (Spoken)+1 more"
66,23,,Netcore Cloud,"Thane, Mumbai",,0.3417,34.17,r; sql; sql server,HTMLLinuxMS SQL Server
66,1,,Calipers Consulting Private Limited,"Secunderabad, Hyderabad (Hybrid)",,0.3335,33.35,english; r,"MS-Office, MS-ExcelData entryEnglish Proficiency (Spoken)English Proficiency (Written)"
66,48,,Zucol Group Of Companies,Pune,,0.3309,33.09,english; r,Creative WritingEnglish Proficiency (Spoken)English Proficiency (Written)Network protocols
66,29,,GlobalStep Services Private Limited,Pune,,0.3306,33.06,r,RecruitmentResume screeningInterview Coordination
66,39,,KnowledgeWorks Global Limited,"Chennai, Mumbai",,0.3217,32.17,english; r,English Proficiency (Spoken)English Proficiency (Written)
66,50,,Webvio Technologies,Delhi,,0.32,32.0,english; logging; r,BloggingSearch Engine Optimization (SEO)Creative WritingProofreadingEnglish Proficiency (Written)Research and Analytics
67,29,,GlobalStep Services Private Limited,Pune,,0.4848,48.48,r,RecruitmentResume screeningInterview Coordination
67,6,,Godrej Capital,"Ahmedabad, Mehsana, Pune, Gandhidham, Vapi, Ahmednagar, Vadodara, Mumbai, Nashik",,0.4477,44.77,communication; r,MS-OfficeMS-PowerPointMS-ExcelEffective Communication
67,26,,Imarticus Learning,"Mumbai, Noida",,0.4256,42.56,design thinking; r,Content WritingMS-WordMS-PowerPointStoryboardingMS-ExcelContent ManagementDesign Thinking+3 more
67,43,,Mintifi Finserve Private Limited,Mumbai,,0.4189,41.89,english; r,"MS-Office, MS-Excel, English Proficiency (Spoken)"
67,39,,KnowledgeWorks Global Limited,"Chennai, Mumbai",,0.4002,40.02,english; r,English Proficiency (Spoken)English Proficiency (Written)
67,37,,Urban Company,Bangalore,,0.3956,39.56,english; r,"MS-Excel, English Proficiency (Spoken)"
67,1,,Calipers Consulting Private Limited,"Secunderabad, Hyderabad (Hybrid)",,0.3894,38.94,english; r,"MS-Office, MS-ExcelData entryEnglish Proficiency (Spoken)English Proficiency (Written)"
67,3,,Modtraa Design And Creation Incorporation,Bangalore,,0.3834,38.34,communication; english; r; ski,"Presentation skillsMS-Excel, English Proficiency (Spoken)English Proficiency (Written)Kannada Proficiency (Spoken)Interpersonal skillsEffective Communication"
67,5,,SREEDHARA ENTERPRISES,Bangalore,,0.3739,37.39,accounting; english; r,"MS-OfficeAccountingTallyMS-Excel, English Proficiency (Spoken)English Proficiency (Written)"
67,22,,Faff,Bangalore,,0.3608,36.08,communication; conflict management; r,Time ManagementProblem SolvingCoordinationAdaptabilityEffective CommunicationConflict Management
68,37,,Urban Company,Bangalore,,0.5126,51.26,english; r,"MS-Excel, English Proficiency (Spoken)"
68,5,,SREEDHARA ENTERPRISES,Bangalore,,0.5119,51.19,accounting; english; r,"MS-OfficeAccountingTallyMS-Excel, English Proficiency (Spoken)English Proficiency (Written)"
68,38,,Urban Company Ltd.,Bangalore,,0.5079,50.79,english; r,"MS-Excel, English Proficiency (Written)"
68,43,,Mintifi Finserve Private Limited,Mumbai,,0.4784,47.84,english; r,"MS-Office, MS-Excel, English Proficiency (Spoken)"
68,39,,KnowledgeWorks Global Limited,"Chennai, Mumbai",,0.4713,47.13,english; r,English Proficiency (Spoken)English Proficiency (Written)
68,48,,Zucol Group Of Companies,Pune,,0.4691,46.91,english; r,Creative WritingEnglish Proficiency (Spoken)English Proficiency (Written)Network protocols
68,1,,Calipers Consulting Private Limited,"Secunderabad, Hyderabad (Hybrid)",,0.456,45.6,english; r,"MS-Office, MS-ExcelData entryEnglish Proficiency (Spoken)English Proficiency (Written)"
68,3,,Modtraa Design And Creation Incorporation,Bangalore,,0.4319,43.19,communication; english; r; ski,"Presentation skillsMS-Excel, English Proficiency (Spoken)English Proficiency (Written)Kannada Proficiency (Spoken)Interpersonal skillsEffective Communication"
68,29,,GlobalStep Services Private Limited,Pune,,0.4222,42.22,r,RecruitmentResume screeningInterview Coordination
68,26,,Imarticus Learning,"Mumbai, Noida",,0.3967,39.67,design thinking; r,Content WritingMS-WordMS-PowerPointStoryboardingMS-ExcelContent ManagementDesign Thinking+3 more
69,23,,Netcore Cloud,"Thane, Mumbai",,0.4308,43.08,r; sql; sql server,HTMLLinuxMS SQL Server
69,50,,Webvio Technologies,Delhi,,0.4159,41.59,english; logging; r,BloggingSearch Engine Optimization (SEO)Creative WritingProofreadingEnglish Proficiency (Written)Research and Analytics
69,26,,Imarticus Learning,"Mumbai, Noida",,0.404,40.4,design thinking; r,Content WritingMS-WordMS-PowerPointStoryboardingMS-ExcelContent ManagementDesign Thinking+3 more
69,48,,Zucol Group Of Companies,Pune,,0.4008,40.08,english; r,Creative WritingEnglish Proficiency (Spoken)English Proficiency (Written)Network protocols
69,5,,SREEDHARA ENTERPRISES,Bangalore,,0.372,37.2,accounting; english; r,"MS-OfficeAccountingTallyMS-Excel, English Proficiency (Spoken)English Proficiency (Written)"
69,17,,SpotOnMedia,Work from home,,0.3679,36.79,english; hindi; r,"MS-Office, MS-ExcelClient Relationship Management (CRM)Client RelationshipEnglish Proficiency (Spoken)English Proficiency (Written)Hindi Proficiency (Spoken)+1 more"
69,24,,SpotOnMedia,Work from home,,0.3679,36.79,english; hindi; r,"MS-Office, MS-ExcelClient Relationship Management (CRM)Client RelationshipEnglish Proficiency (Spoken)English Proficiency (Written)Hindi Proficiency (Spoken)+1 more"
69,39,,KnowledgeWorks Global Limited,"Chennai, Mumbai",,0.3674,36.74,english; r,English Proficiency (Spoken)English Proficiency (Written)
69,1,,Calipers Consulting Private Limited,"Secunderabad, Hyderabad (Hybrid)",,0.3634,36.34,english; r,"MS-Office, MS-ExcelData entryEnglish Proficiency (Spoken)English Proficiency (Written)"
69,43,,Mintifi Finserve Private Limited,Mumbai,,0.3337,33.37,english; r,"MS-Office, MS-Excel, English Proficiency (Spoken)"
70,23,,Netcore Cloud,"Thane, Mumbai",,0.3281,32.81,r; sql; sql server,HTMLLinuxMS SQL Server
70,43,,Mintifi Finserve Private Limited,Mumbai,,0.2995,29.95,english; r,"MS-Office, MS-Excel, English Proficiency (Spoken)"
70,40,,RMSI Private Limited,Hyderabad,,0.2648,26.48,r; sql; sql server,SQLMS SQL ServerGISArcGISSSMS
70,5,,SREEDHARA ENTERPRISES,Bangalore,,0.2645,26.45,accounting; english; r,"MS-OfficeAccountingTallyMS-Excel, English Proficiency (Spoken)English Proficiency (Written)"
70,1,,Calipers Consulting Private Limited,"Secunderabad, Hyderabad (Hybrid)",,0.2607,26.07,english; r,"MS-Office, MS-ExcelData entryEnglish Proficiency (Spoken)English Proficiency (Written)"
70,17,,SpotOnMedia,Work from home,,0.2588,25.88,english; hindi; r,"MS-Office, MS-ExcelClient Relationship Management (CRM)Client RelationshipEnglish Proficiency (Spoken)English Proficiency (Written)Hindi Proficiency (Spoken)+1 more"
70,24,,SpotOnMedia,Work from home,,0.2588,25.88,english; hindi; r,"MS-Office, MS-ExcelClient Relationship Management (CRM)Client RelationshipEnglish Proficiency (Spoken)English Proficiency (Written)Hindi Proficiency (Spoken)+1 more"
70,29,,GlobalStep Services Private Limited,Pune,,0.2502,25.02,r,RecruitmentResume screeningInterview Coordination
70,48,,Zucol Group Of Companies,Pune,,0.2494,24.94,english; r,Creative WritingEnglish Proficiency (Spoken)English Proficiency (Written)Network protocols
70,44,,Starcrest Services Pvt. Ltd.,"Delhi, Gurgaon, Noida",,0.242,24.2,r,MS-OfficeRecruitment
71,48,,Zucol Group Of Companies,Pune,,0.448,44.8,english; r,Creative WritingEnglish Proficiency (Spoken)English Proficiency (Written)Network protocols
71,1,,Calipers Consulting Private Limited,"Secunderabad, Hyderabad (Hybrid)",,0.4463,44.63,english; r,"MS-Office, MS-ExcelData entryEnglish Proficiency (Spoken)English Proficiency (Written)"
71,43,,Mintifi Finserve Private Limited,Mumbai,,0.4386,43.86,english; r,"MS-Office, MS-Excel, English Proficiency (Spoken)"
71,17,,SpotOnMedia,Work from home,,0.4278,42.78,english; hindi; r,"MS-Office, MS-ExcelClient Relationship Management (CRM)Client RelationshipEnglish Proficiency (Spoken)English Proficiency (Written)Hindi Proficiency (Spoken)+1 more"
71,24,,SpotOnMedia,Work from home,,0.4278,42.78,english; hindi; r,"MS-Office, MS-ExcelClient Relationship Management (CRM)Client RelationshipEnglish Proficiency (Spoken)English Proficiency (Written)Hindi Proficiency (Spoken)+1 more"
71,39,,KnowledgeWorks Global Limited,"Chennai, Mumbai",,0.4239,42.39,english; r,English Proficiency (Spoken)English Proficiency (Written)
71,5,,SREEDHARA ENTERPRISES,Bangalore,,0.4087,40.87,accounting; english; r,"MS-OfficeAccountingTallyMS-Excel, English Proficiency (Spoken)English Proficiency (Written)"
71,50,,Webvio Technologies,Delhi,,0.395,39.5,english; logging; r,BloggingSearch Engine Optimization (SEO)Creative WritingProofreadingEnglish Proficiency (Written)Research and Analytics
71,3,,Modtraa Design And Creation Incorporation,Bangalore,,0.392,39.2,communication; english; r; ski,"Presentation skillsMS-Excel, English Proficiency (Spoken)English Proficiency (Written)Kannada Proficiency (Spoken)Interpersonal skillsEffective Communication"
71,26,,Imarticus Learning,"Mumbai, Noida",,0.3787,37.87,design thinking; r,Content WritingMS-WordMS-PowerPointStoryboardingMS-ExcelContent ManagementDesign Thinking+3 more
72,23,,Netcore Cloud,"Thane, Mumbai",,0.4155,41.55,r; sql; sql server,HTMLLinuxMS SQL Server
72,26,,Imarticus Learning,"Mumbai, Noida",,0.407,40.7,design thinking; r,Content WritingMS-WordMS-PowerPointStoryboardingMS-ExcelContent ManagementDesign Thinking+3 more
72,29,,GlobalStep Services Private Limited,Pune,,0.4015,40.15,r,RecruitmentResume screeningInterview Coordination
72,43,,Mintifi Finserve Private Limited,Mumbai,,0.3721,37.21,english; r,"MS-Office, MS-Excel, English Proficiency (Spoken)"
72,1,,Calipers Consulting Private Limited,"Secunderabad, Hyderabad (Hybrid)",,0.3668,36.68,english; r,"MS-Office, MS-ExcelData entryEnglish Proficiency (Spoken)English Proficiency (Written)"
72,50,,Webvio Technologies,Delhi,,0.3645,36.45,english; logging; r,BloggingSearch Engine Optimization (SEO)Creative WritingProofreadingEnglish Proficiency (Written)Research and Analytics
72,5,,SREEDHARA ENTERPRISES,Bangalore,,0.3635,36.35,accounting; english; r,"MS-OfficeAccountingTallyMS-Excel, English Proficiency (Spoken)English Proficiency (Written)"
72,48,,Zucol Group Of Companies,Pune,,0.3608,36.08,english; r,Creative WritingEnglish Proficiency (Spoken)English Proficiency (Written)Network protocols
72,7,,Leafoberryy,Mumbai,,0.3584,35.84,communication; data analytics; r,LeadershipTeam ManagementE-commerceData AnalyticsMentorshipB2B SalesEffective Communication+2 more
72,39,,KnowledgeWorks Global Limited,"Chennai, Mumbai",,0.3438,34.38,english; r,English Proficiency (Spoken)English Proficiency (Written)
73,48,,Zucol Group Of Companies,Pune,,0.4708,47.08,english; r,Creative WritingEnglish Proficiency (Spoken)English Proficiency (Written)Network protocols
73,39,,KnowledgeWorks Global Limited,"Chennai, Mumbai",,0.4561,45.61,english; r,English Proficiency (Spoken)English Proficiency (Written)
73,1,,Calipers Consulting Private Limited,"Secunderabad, Hyderabad (Hybrid)",,0.4537,45.37,english; r,"MS-Office, MS-ExcelData entryEnglish Proficiency (Spoken)English Proficiency (Written)"
73,26,,Imarticus Learning,"Mumbai, Noida",,0.445,44.5,design thinking; r,Content WritingMS-WordMS-PowerPointStoryboardingMS-ExcelContent ManagementDesign Thinking+3 more
73,43,,Mintifi Finserve Private Limited,Mumbai,,0.4325,43.25,english; r,"MS-Office, MS-Excel, English Proficiency (Spoken)"
73,50,,Webvio Technologies,Delhi,,0.4283,42.83,english; logging; r,BloggingSearch Engine Optimization (SEO)Creative WritingProofreadingEnglish Proficiency (Written)Research and Analytics
73,3,,Modtraa Design And Creation Incorporation,Bangalore,,0.4231,42.31,communication; english; r; ski,"Presentation skillsMS-Excel, English Proficiency (Spoken)English Proficiency (Written)Kannada Proficiency (Spoken)Interpersonal skillsEffective Communication"
73,17,,SpotOnMedia,Work from home,,0.4192,41.92,english; hindi; r,"MS-Office, MS-ExcelClient Relationship Management (CRM)Client RelationshipEnglish Proficiency (Spoken)English Proficiency (Written)Hindi Proficiency (Spoken)+1 more"
73,24,,SpotOnMedia,Work from home,,0.4192,41.92,english; hindi; r,"MS-Office, MS-ExcelClient Relationship Management (CRM)Client RelationshipEnglish Proficiency (Spoken)English Proficiency (Written)Hindi Proficiency (Spoken)+1 more"
73,5,,SREEDHARA ENTERPRISES,Bangalore,,0.4168,41.68,accounting; english; r,"MS-OfficeAccountingTallyMS-Excel, English Proficiency (Spoken)English Proficiency (Written)"
74,3,,Modtraa Design And Creation Incorporation,Bangalore,,0.5072,50.72,communication; english; r; ski,"Presentation skillsMS-Excel, English Proficiency (Spoken)English Proficiency (Written)Kannada Proficiency (Spoken)Interpersonal skillsEffective Communication"
74,39,,KnowledgeWorks Global Limited,"Chennai, Mumbai",,0.4978,49.78,english; r,English Proficiency (Spoken)English Proficiency (Written)
74,1,,Calipers Consulting Private Limited,"Secunderabad, Hyderabad (Hybrid)",,0.4903,49.03,english; r,"MS-Office, MS-ExcelData entryEnglish Proficiency (Spoken)English Proficiency (Written)"
74,43,,Mintifi Finserve Private Limited,Mumbai,,0.4835,48.35,english; r,"MS-Office, MS-Excel, English Proficiency (Spoken)"
74,50,,Webvio Technologies,Delhi,,0.483,48.3,english; logging; r,BloggingSearch Engine Optimization (SEO)Creative WritingProofreadingEnglish Proficiency (Written)Research and Analytics
74,5,,SREEDHARA ENTERPRISES,Bangalore,,0.4777,47.77,accounting; english; r,"MS-OfficeAccountingTallyMS-Excel, English Proficiency (Spoken)English Proficiency (Written)"
74,26,,Imarticus Learning,"Mumbai, Noida",,0.4708,47.08,design thinking; r,Content WritingMS-WordMS-PowerPointStoryboardingMS-ExcelContent ManagementDesign Thinking+3 more
74,48,,Zucol Group Of Companies,Pune,,0.4684,46.84,english; r,Creative WritingEnglish Proficiency (Spoken)English Proficiency (Written)Network protocols
74,7,,Leafoberryy,Mumbai,,0.4444,44.44,communication; data analytics; r,LeadershipTeam ManagementE-commerceData AnalyticsMentorshipB2B SalesEffective Communication+2 more
74,9,,Internshala,Gurgaon,,0.4384,43.84,communication; english; r,NegotiationProblem SolvingEnglish Proficiency (Spoken)SalesEffective Communication
75,1,,Calipers Consulting Private Limited,"Secunderabad, Hyderabad (Hybrid)",,0.441,44.1,english; r,"MS-Office, MS-ExcelData entryEnglish Proficiency (Spoken)English Proficiency (Written)"
75,17,,SpotOnMedia,Work from home,,0.44,44.0,english; hindi; r,"MS-Office, MS-ExcelClient Relationship Management (CRM)Client RelationshipEnglish Proficiency (Spoken)English Proficiency (Written)Hindi Proficiency (Spoken)+1 more"
75,24,,SpotOnMedia,Work from home,,0.44,44.0,english; hindi; r,"MS-Office, MS-ExcelClient Relationship Management (CRM)Client RelationshipEnglish Proficiency (Spoken)English Proficiency (Written)Hindi Proficiency (Spoken)+1 more"
75,43,,Mintifi Finserve Private Limited,Mumbai,,0.4342,43.42,english; r,"MS-Office, MS-Excel, English Proficiency (Spoken)"
75,5,,SREEDHARA ENTERPRISES,Bangalore,,0.4274,42.74,accounting; english; r,"MS-OfficeAccountingTallyMS-Excel, English Proficiency (Spoken)English Proficiency (Written)"
75,39,,KnowledgeWorks Global Limited,"Chennai, Mumbai",,0.4124,41.24,english; r,English Proficiency (Spoken)English Proficiency (Written)
75,48,,Zucol Group Of Companies,Pune,,0.4023,40.23,english; r,Creative WritingEnglish Proficiency (Spoken)English Proficiency (Written)Network protocols
75,9,,Internshala,Gurgaon,,0.3863,38.63,communication; english; r,NegotiationProblem SolvingEnglish Proficiency (Spoken)SalesEffective Communication
75,10,,Internshala,Gurgaon,,0.3863,38.63,communication; english; r,NegotiationProblem SolvingEnglish Proficiency (Spoken)SalesEffective Communication
75,37,,Urban Company,Bangalore,,0.3799,37.99,english; r,"MS-Excel, English Proficiency (Spoken)"
76,4,,CCL Advisors,Mumbai,,0.4514,45.14,legal research; r,Legal ResearchCompany LawLegal DraftingStatutory compliancesLegal WritingContract Management
76,45,,Lishanth Enterprises,"Narasaraopet, Anakapalle, Macherla, Prathipadu, Bapatla, Chirala, Gajuwaka Part",,0.423,42.3,r,Client Relationship Management (CRM)CoordinationSales ManagementClient RelationshipNegotiationsCustomer AcquisitionSales Strategy
76,11,,Lishanth Enterprises,Vijayawada,,0.4114,41.14,r,Client Relationship Management (CRM)Sales ManagementSales SupportCustomer SupportSales Strategy
76,12,,Belstar MicroFinance Limited,Chennai,,0.3909,39.09,accounting; plan; r,AccountingFinancial planningFinancial Reporting
76,29,,GlobalStep Services Private Limited,Pune,,0.3897,38.97,r,RecruitmentResume screeningInterview Coordination
76,3,,Modtraa Design And Creation Incorporation,Bangalore,,0.3807,38.07,communication; english; r; ski,"Presentation skillsMS-Excel, English Proficiency (Spoken)English Proficiency (Written)Kannada Proficiency (Spoken)Interpersonal skillsEffective Communication"
76,1,,Calipers Consulting Private Limited,"Secunderabad, Hyderabad (Hybrid)",,0.3729,37.29,english; r,"MS-Office, MS-ExcelData entryEnglish Proficiency (Spoken)English Proficiency (Written)"
76,43,,Mintifi Finserve Private Limited,Mumbai,,0.3679,36.79,english; r,"MS-Office, MS-Excel, English Proficiency (Spoken)"
76,5,,SREEDHARA ENTERPRISES,Bangalore,,0.3671,36.71,accounting; english; r,"MS-OfficeAccountingTallyMS-Excel, English Proficiency (Spoken)English Proficiency (Written)"
76,17,,SpotOnMedia,Work from home,,0.367,36.7,english; hindi; r,"MS-Office, MS-ExcelClient Relationship Management (CRM)Client RelationshipEnglish Proficiency (Spoken)English Proficiency (Written)Hindi Proficiency (Spoken)+1 more"
77,1,,Calipers Consulting Private Limited,"Secunderabad, Hyderabad (Hybrid)",,0.4966,49.66,english; r,"MS-Office, MS-ExcelData entryEnglish Proficiency (Spoken)English Proficiency (Written)"
77,29,,GlobalStep Services Private Limited,Pune,,0.4956,49.56,r,RecruitmentResume screeningInterview Coordination
77,5,,SREEDHARA ENTERPRISES,Bangalore,,0.4955,49.55,accounting; english; r,"MS-OfficeAccountingTallyMS-Excel, English Proficiency (Spoken)English Proficiency (Written)"
77,43,,Mintifi Finserve Private Limited,Mumbai,,0.4831,48.31,english; r,"MS-Office, MS-Excel, English Proficiency (Spoken)"
77,39,,KnowledgeWorks Global Limited,"Chennai, Mumbai",,0.4637,46.37,english; r,English Proficiency (Spoken)English Proficiency (Written)
77,37,,Urban Company,Bangalore,,0.459,45.9,english; r,"MS-Excel, English Proficiency (Spoken)"
77,7,,Leafoberryy,Mumbai,,0.4536,45.36,communication; data analytics; r,LeadershipTeam ManagementE-commerceData AnalyticsMentorshipB2B SalesEffective Communication+2 more
77,38,,Urban Company Ltd.,Bangalore,,0.4505,45.05,english; r,"MS-Excel, English Proficiency (Written)"
77,25,,NoBroker Technologies Solutions Private Limited,Bangalore,,0.4418,44.18,,Cold CallingInside SalesBusiness DevelopmentSales
77,40,,RMSI Private Limited,Hyderabad,,0.4203,42.03,r; sql; sql server,SQLMS SQL ServerGISArcGISSSMS
78,1,,Calipers Consulting Private Limited,"Secunderabad, Hyderabad (Hybrid)",,0.5121,51.21,english; r,"MS-Office, MS-ExcelData entryEnglish Proficiency (Spoken)English Proficiency (Written)"
78,17,,SpotOnMedia,Work from home,,0.4981,49.81,english; hindi; r,"MS-Office, MS-ExcelClient Relationship Management (CRM)Client RelationshipEnglish Proficiency (Spoken)English Proficiency (Written)Hindi Proficiency (Spoken)+1 more"
78,24,,SpotOnMedia,Work from home,,0.4981,49.81,english; hindi; r,"MS-Office, MS-ExcelClient Relationship Management (CRM)Client RelationshipEnglish Proficiency (Spoken)English Proficiency (Written)Hindi Proficiency (Spoken)+1 more"
78,43,,Mintifi Finserve Private Limited,Mumbai,,0.4971,49.71,english; r,"MS-Office, MS-Excel, English Proficiency (Spoken)"
78,3,,Modtraa Design And Creation Incorporation,Bangalore,,0.4841,48.41,communication; english; r; ski,"Presentation skillsMS-Excel, English Proficiency (Spoken)English Proficiency (Written)Kannada Proficiency (Spoken)Interpersonal skillsEffective Communication"
78,39,,KnowledgeWorks Global Limited,"Chennai, Mumbai",,0.474,47.4,english; r,English Proficiency (Spoken)English Proficiency (Written)
78,5,,SREEDHARA ENTERPRISES,Bangalore,,0.4738,47.38,accounting; english; r,"MS-OfficeAccountingTallyMS-Excel, English Proficiency (Spoken)English Proficiency (Written)"
78,37,,Urban Company,Bangalore,,0.4656,46.56,english; r,"MS-Excel, English Proficiency (Spoken)"
78,29,,GlobalStep Services Private Limited,Pune,,0.4407,44.07,r,RecruitmentResume screeningInterview Coordination
78,4,,CCL Advisors,Mumbai,,0.422,42.2,legal research; r,Legal ResearchCompany LawLegal DraftingStatutory compliancesLegal WritingContract Management
79,5,,SREEDHARA ENTERPRISES,Bangalore,,0.5687,56.87,accounting; english; r,"MS-OfficeAccountingTallyMS-Excel, English Proficiency (Spoken)English Proficiency (Written)"
79,43,,Mintifi Finserve Private Limited,Mumbai,,0.5313,53.13,english; r,"MS-Office, MS-Excel, English Proficiency (Spoken)"
79,1,,Calipers Consulting Private Limited,"Secunderabad, Hyderabad (Hybrid)",,0.5169,51.69,english; r,"MS-Office, MS-ExcelData entryEnglish Proficiency (Spoken)English Proficiency (Written)"
79,37,,Urban Company,Bangalore,,0.4884,48.84,english; r,"MS-Excel, English Proficiency (Spoken)"
79,38,,Urban Company Ltd.,Bangalore,,0.4793,47.93,english; r,"MS-Excel, English Proficiency (Written)"
79,7,,Leafoberryy,Mumbai,,0.4519,45.19,communication; data analytics; r,LeadershipTeam ManagementE-commerceData AnalyticsMentorshipB2B SalesEffective Communication+2 more
79,17,,SpotOnMedia,Work from home,,0.4427,44.27,english; hindi; r,"MS-Office, MS-ExcelClient Relationship Management (CRM)Client RelationshipEnglish Proficiency (Spoken)English Proficiency (Written)Hindi Proficiency (Spoken)+1 more"
79,24,,SpotOnMedia,Work from home,,0.4427,44.27,english; hindi; r,"MS-Office, MS-ExcelClient Relationship Management (CRM)Client RelationshipEnglish Proficiency (Spoken)English Proficiency (Written)Hindi Proficiency (Spoken)+1 more"
79,39,,KnowledgeWorks Global Limited,"Chennai, Mumbai",,0.4403,44.03,english; r,English Proficiency (Spoken)English Proficiency (Written)
79,19,,Bhanzu (Formerly Exploring Infinities),Bangalore,,0.4393,43.93,communication; english; r,"MS-Excel, English Proficiency (Spoken)English Proficiency (Written)SalesEffective CommunicationSales Strategy"
80,43,,Mintifi Finserve Private Limited,Mumbai,,0.5466,54.66,english; r,"MS-Office, MS-Excel, English Proficiency (Spoken)"
80,5,,SREEDHARA ENTERPRISES,Bangalore,,0.5181,51.81,accounting; english; r,"MS-OfficeAccountingTallyMS-Excel, English Proficiency (Spoken)English Proficiency (Written)"
80,1,,Calipers Consulting Private Limited,"Secunderabad, Hyderabad (Hybrid)",,0.5091,50.91,english; r,"MS-Office, MS-ExcelData entryEnglish Proficiency (Spoken)English Proficiency (Written)"
80,7,,Leafoberryy,Mumbai,,0.5074,50.74,communication; data analytics; r,LeadershipTeam ManagementE-commerceData AnalyticsMentorshipB2B SalesEffective Communication+2 more
80,37,,Urban Company,Bangalore,,0.5019,50.19,english; r,"MS-Excel, English Proficiency (Spoken)"
80,39,,KnowledgeWorks Global Limited,"Chennai, Mumbai",,0.4597,45.97,english; r,English Proficiency (Spoken)English Proficiency (Written)
80,17,,SpotOnMedia,Work from home,,0.4564,45.64,english; hindi; r,"MS-Office, MS-ExcelClient Relationship Management (CRM)Client RelationshipEnglish Proficiency (Spoken)English Proficiency (Written)Hindi Proficiency (Spoken)+1 more"
80,24,,SpotOnMedia,Work from home,,0.4564,45.64,english; hindi; r,"MS-Office, MS-ExcelClient Relationship Management (CRM)Client RelationshipEnglish Proficiency (Spoken)English Proficiency (Written)Hindi Proficiency (Spoken)+1 more"
80,6,,Godrej Capital,"Ahmedabad, Mehsana, Pune, Gandhidham, Vapi, Ahmednagar, Vadodara, Mumbai, Nashik",,0.4562,45.62,communication; r,MS-OfficeMS-PowerPointMS-ExcelEffective Communication
80,3,,Modtraa Design And Creation Incorporation,Bangalore,,0.4473,44.73,communication; english; r; ski,"Presentation skillsMS-Excel, English Proficiency (Spoken)English Proficiency (Written)Kannada Proficiency (Spoken)Interpersonal skillsEffective Communication"
81,43,,Mintifi Finserve Private Limited,Mumbai,,0.5539,55.39,english; r,"MS-Office, MS-Excel, English Proficiency (Spoken)"
81,1,,Calipers Consulting Private Limited,"Secunderabad, Hyderabad (Hybrid)",,0.5304,53.04,english; r,"MS-Office, MS-ExcelData entryEnglish Proficiency (Spoken)English Proficiency (Written)"
81,7,,Leafoberryy,Mumbai,,0.5167,51.67,communication; data analytics; r,LeadershipTeam ManagementE-commerceData AnalyticsMentorshipB2B SalesEffective Communication+2 more
81,37,,Urban Company,Bangalore,,0.5163,51.63,english; r,"MS-Excel, English Proficiency (Spoken)"
81,5,,SREEDHARA ENTERPRISES,Bangalore,,0.5127,51.27,accounting; english; r,"MS-OfficeAccountingTallyMS-Excel, English Proficiency (Spoken)English Proficiency (Written)"
81,4,,CCL Advisors,Mumbai,,0.5094,50.94,legal research; r,Legal ResearchCompany LawLegal DraftingStatutory compliancesLegal WritingContract Management
81,38,,Urban Company Ltd.,Bangalore,,0.4976,49.76,english; r,"MS-Excel, English Proficiency (Written)"
81,39,,KnowledgeWorks Global Limited,"Chennai, Mumbai",,0.459,45.9,english; r,English Proficiency (Spoken)English Proficiency (Written)
81,12,,Belstar MicroFinance Limited,Chennai,,0.4527,45.27,accounting; plan; r,AccountingFinancial planningFinancial Reporting
81,17,,SpotOnMedia,Work from home,,0.4515,45.15,english; hindi; r,"MS-Office, MS-ExcelClient Relationship Management (CRM)Client RelationshipEnglish Proficiency (Spoken)English Proficiency (Written)Hindi Proficiency (Spoken)+1 more"
82,1,,Calipers Consulting Private Limited,"Secunderabad, Hyderabad (Hybrid)",,0.4377,43.77,english; r,"MS-Office, MS-ExcelData entryEnglish Proficiency (Spoken)English Proficiency (Written)"
82,43,,Mintifi Finserve Private Limited,Mumbai,,0.4186,41.86,english; r,"MS-Office, MS-Excel, English Proficiency (Spoken)"
82,5,,SREEDHARA ENTERPRISES,Bangalore,,0.4049,40.49,accounting; english; r,"MS-OfficeAccountingTallyMS-Excel, English Proficiency (Spoken)English Proficiency (Written)"
82,17,,SpotOnMedia,Work from home,,0.3991,39.91,english; hindi; r,"MS-Office, MS-ExcelClient Relationship Management (CRM)Client RelationshipEnglish Proficiency (Spoken)English Proficiency (Written)Hindi Proficiency (Spoken)+1 more"
82,24,,SpotOnMedia,Work from home,,0.3991,39.91,english; hindi; r,"MS-Office, MS-ExcelClient Relationship Management (CRM)Client RelationshipEnglish Proficiency (Spoken)English Proficiency (Written)Hindi Proficiency (Spoken)+1 more"
82,37,,Urban Company,Bangalore,,0.3829,38.29,english; r,"MS-Excel, English Proficiency (Spoken)"
82,7,,Leafoberryy,Mumbai,,0.3827,38.27,communication; data analytics; r,LeadershipTeam ManagementE-commerceData AnalyticsMentorshipB2B SalesEffective Communication+2 more
82,29,,GlobalStep Services Private Limited,Pune,,0.381,38.1,r,RecruitmentResume screeningInterview Coordination
82,39,,KnowledgeWorks Global Limited,"Chennai, Mumbai",,0.3802,38.02,english; r,English Proficiency (Spoken)English Proficiency (Written)
82,45,,Lishanth Enterprises,"Narasaraopet, Anakapalle, Macherla, Prathipadu, Bapatla, Chirala, Gajuwaka Part",,0.3552,35.52,r,Client Relationship Management (CRM)CoordinationSales ManagementClient RelationshipNegotiationsCustomer AcquisitionSales Strategy
83,7,,Leafoberryy,Mumbai,,0.4727,47.27,communication; data analytics; r,LeadershipTeam ManagementE-commerceData AnalyticsMentorshipB2B SalesEffective Communication+2 more
83,12,,Belstar MicroFinance Limited,Chennai,,0.4677,46.77,accounting; plan; r,AccountingFinancial planningFinancial Reporting
83,45,,Lishanth Enterprises,"Narasaraopet, Anakapalle, Macherla, Prathipadu, Bapatla, Chirala, Gajuwaka Part",,0.3919,39.19,r,Client Relationship Management (CRM)CoordinationSales ManagementClient RelationshipNegotiationsCustomer AcquisitionSales Strategy
83,34,,Ashiana Housing Limited,Bhiwadi,,0.3846,38.46,data analytics; r,Data AnalyticsMS-ExcelData entryPower BIData Analysis
83,5,,SREEDHARA ENTERPRISES,Bangalore,,0.3802,38.02,accounting; english; r,"MS-OfficeAccountingTallyMS-Excel, English Proficiency (Spoken)English Proficiency (Written)"
83,40,,RMSI Private Limited,Hyderabad,,0.3752,37.52,r; sql; sql server,SQLMS SQL ServerGISArcGISSSMS
83,32,,IDFC First Bank,"Kolkata, Barasat (Hybrid)",,0.3673,36.73,r,Lead GenerationSalesField Sales
83,11,,Lishanth Enterprises,Vijayawada,,0.3618,36.18,r,Client Relationship Management (CRM)Sales ManagementSales SupportCustomer SupportSales Strategy
83,37,,Urban Company,Bangalore,,0.3429,34.29,english; r,"MS-Excel, English Proficiency (Spoken)"
83,18,,WWF India,Hyderabad,,0.3384,33.84,r,Client InteractionPublic SpeakingSalesMarketingCustomer Acquisition
84,34,,Ashiana Housing Limited,Bhiwadi,,0.4413,44.13,data analytics; r,Data AnalyticsMS-ExcelData entryPower BIData Analysis
84,7,,Leafoberryy,Mumbai,,0.4155,41.55,communication; data analytics; r,LeadershipTeam ManagementE-commerceData AnalyticsMentorshipB2B SalesEffective Communication+2 more
84,29,,GlobalStep Services Private Limited,Pune,,0.381,38.1,r,RecruitmentResume screeningInterview Coordination
84,1,,Calipers Consulting Private Limited,"Secunderabad, Hyderabad (Hybrid)",,0.3804,38.04,english; r,"MS-Office, MS-ExcelData entryEnglish Proficiency (Spoken)English Proficiency (Written)"
84,5,,SREEDHARA ENTERPRISES,Bangalore,,0.3674,36.74,accounting; english; r,"MS-OfficeAccountingTallyMS-Excel, English Proficiency (Spoken)English Proficiency (Written)"
84,40,,RMSI Private Limited,Hyderabad,,0.3661,36.61,r; sql; sql server,SQLMS SQL ServerGISArcGISSSMS
84,39,,KnowledgeWorks Global Limited,"Chennai, Mumbai",,0.3583,35.83,english; r,English Proficiency (Spoken)English Proficiency (Written)
84,37,,Urban Company,Bangalore,,0.3504,35.04,english; r,"MS-Excel, English Proficiency (Spoken)"
84,12,,Belstar MicroFinance Limited,Chennai,,0.3438,34.38,accounting; plan; r,AccountingFinancial planningFinancial Reporting
84,43,,Mintifi Finserve Private Limited,Mumbai,,0.3367,33.67,english; r,"MS-Office, MS-Excel, English Proficiency (Spoken)"
85,5,,SREEDHARA ENTERPRISES,Bangalore,,0.4651,46.51,accounting; english; r,"MS-OfficeAccountingTallyMS-Excel, English Proficiency (Spoken)English Proficiency (Written)"
85,38,,Urban Company Ltd.,Bangalore,,0.4086,40.86,english; r,"MS-Excel, English Proficiency (Written)"
85,1,,Calipers Consulting Private Limited,"Secunderabad, Hyderabad (Hybrid)",,0.3856,38.56,english; r,"MS-Office, MS-ExcelData entryEnglish Proficiency (Spoken)English Proficiency (Written)"
85,37,,Urban Company,Bangalore,,0.3814,38.14,english; r,"MS-Excel, English Proficiency (Spoken)"
85,43,,Mintifi Finserve Private Limited,Mumbai,,0.3794,37.94,english; r,"MS-Office, MS-Excel, English Proficiency (Spoken)"
85,48,,Zucol Group Of Companies,Pune,,0.3788,37.88,english; r,Creative WritingEnglish Proficiency (Spoken)English Proficiency (Written)Network protocols
85,29,,GlobalStep Services Private Limited,Pune,,0.3678,36.78,r,RecruitmentResume screeningInterview Coordination
85,32,,IDFC First Bank,"Kolkata, Barasat (Hybrid)",,0.3634,36.34,r,Lead GenerationSalesField Sales
85,4,,CCL Advisors,Mumbai,,0.3573,35.73,legal research; r,Legal ResearchCompany LawLegal DraftingStatutory compliancesLegal WritingContract Management
85,25,,NoBroker Technologies Solutions Private Limited,Bangalore,,0.35,35.0,,Cold CallingInside SalesBusiness DevelopmentSales
86,1,,Calipers Consulting Private Limited,"Secunderabad, Hyderabad (Hybrid)",,0.5202,52.02,english; r,"MS-Office, MS-ExcelData entryEnglish Proficiency (Spoken)English Proficiency (Written)"
86,43,,Mintifi Finserve Private Limited,Mumbai,,0.506,50.6,english; r,"MS-Office, MS-Excel, English Proficiency (Spoken)"
86,5,,SREEDHARA ENTERPRISES,Bangalore,,0.4772,47.72,accounting; english; r,"MS-OfficeAccountingTallyMS-Excel, English Proficiency (Spoken)English Proficiency (Written)"
86,37,,Urban Company,Bangalore,,0.4748,47.48,english; r,"MS-Excel, English Proficiency (Spoken)"
86,39,,KnowledgeWorks Global Limited,"Chennai, Mumbai",,0.4701,47.01,english; r,English Proficiency (Spoken)English Proficiency (Written)
86,7,,Leafoberryy,Mumbai,,0.4643,46.43,communication; data analytics; r,LeadershipTeam ManagementE-commerceData AnalyticsMentorshipB2B SalesEffective Communication+2 more
86,29,,GlobalStep Services Private Limited,Pune,,0.4571,45.71,r,RecruitmentResume screeningInterview Coordination
86,17,,SpotOnMedia,Work from home,,0.4258,42.58,english; hindi; r,"MS-Office, MS-ExcelClient Relationship Management (CRM)Client RelationshipEnglish Proficiency (Spoken)English Proficiency (Written)Hindi Proficiency (Spoken)+1 more"
86,24,,SpotOnMedia,Work from home,,0.4258,42.58,english; hindi; r,"MS-Office, MS-ExcelClient Relationship Management (CRM)Client RelationshipEnglish Proficiency (Spoken)English Proficiency (Written)Hindi Proficiency (Spoken)+1 more"
86,38,,Urban Company Ltd.,Bangalore,,0.4173,41.73,english; r,"MS-Excel, English Proficiency (Written)"
87,1,,Calipers Consulting Private Limited,"Secunderabad, Hyderabad (Hybrid)",,0.4404,44.04,english; r,"MS-Office, MS-ExcelData entryEnglish Proficiency (Spoken)English Proficiency (Written)"
87,7,,Leafoberryy,Mumbai,,0.4336,43.36,communication; data analytics; r,LeadershipTeam ManagementE-commerceData AnalyticsMentorshipB2B SalesEffective Communication+2 more
87,43,,Mintifi Finserve Private Limited,Mumbai,,0.4103,41.03,english; r,"MS-Office, MS-Excel, English Proficiency (Spoken)"
87,45,,Lishanth Enterprises,"Narasaraopet, Anakapalle, Macherla, Prathipadu, Bapatla, Chirala, Gajuwaka Part",,0.4086,40.86,r,Client Relationship Management (CRM)CoordinationSales ManagementClient RelationshipNegotiationsCustomer AcquisitionSales Strategy
87,17,,SpotOnMedia,Work from home,,0.4051,40.51,english; hindi; r,"MS-Office, MS-ExcelClient Relationship Management (CRM)Client RelationshipEnglish Proficiency (Spoken)English Proficiency (Written)Hindi Proficiency (Spoken)+1 more"
87,24,,SpotOnMedia,Work from home,,0.4051,40.51,english; hindi; r,"MS-Office, MS-ExcelClient Relationship Management (CRM)Client RelationshipEnglish Proficiency (Spoken)English Proficiency (Written)Hindi Proficiency (Spoken)+1 more"
87,5,,SREEDHARA ENTERPRISES,Bangalore,,0.3998,39.98,accounting; english; r,"MS-OfficeAccountingTallyMS-Excel, English Proficiency (Spoken)English Proficiency (Written)"
87,39,,KnowledgeWorks Global Limited,"Chennai, Mumbai",,0.3882,38.82,english; r,English Proficiency (Spoken)English Proficiency (Written)
87,26,,Imarticus Learning,"Mumbai, Noida",,0.3868,38.68,design thinking; r,Content WritingMS-WordMS-PowerPointStoryboardingMS-ExcelContent ManagementDesign Thinking+3 more
87,3,,Modtraa Design And Creation Incorporation,Bangalore,,0.3807,38.07,communication; english; r; ski,"Presentation skillsMS-Excel, English Proficiency (Spoken)English Proficiency (Written)Kannada Proficiency (Spoken)Interpersonal skillsEffective Communication"
88,37,,Urban Company,Bangalore,,0.425,42.5,english; r,"MS-Excel, English Proficiency (Spoken)"
88,38,,Urban Company Ltd.,Bangalore,,0.4175,41.75,english; r,"MS-Excel, English Proficiency (Written)"
88,5,,SREEDHARA ENTERPRISES,Bangalore,,0.4092,40.92,accounting; english; r,"MS-OfficeAccountingTallyMS-Excel, English Proficiency (Spoken)English Proficiency (Written)"
88,3,,Modtraa Design And Creation Incorporation,Bangalore,,0.3947,39.47,communication; english; r; ski,"Presentation skillsMS-Excel, English Proficiency (Spoken)English Proficiency (Written)Kannada Proficiency (Spoken)Interpersonal skillsEffective Communication"
88,22,,Faff,Bangalore,,0.3897,38.97,communication; conflict management; r,Time ManagementProblem SolvingCoordinationAdaptabilityEffective CommunicationConflict Management
88,7,,Leafoberryy,Mumbai,,0.3896,38.96,communication; data analytics; r,LeadershipTeam ManagementE-commerceData AnalyticsMentorshipB2B SalesEffective Communication+2 more
88,29,,GlobalStep Services Private Limited,Pune,,0.3713,37.13,r,RecruitmentResume screeningInterview Coordination
88,39,,KnowledgeWorks Global Limited,"Chennai, Mumbai",,0.3641,36.41,english; r,English Proficiency (Spoken)English Proficiency (Written)
88,25,,NoBroker Technologies Solutions Private Limited,Bangalore,,0.3605,36.05,,Cold CallingInside SalesBusiness DevelopmentSales
88,4,,CCL Advisors,Mumbai,,0.359,35.9,legal research; r,Legal ResearchCompany LawLegal DraftingStatutory compliancesLegal WritingContract Management
89,3,,Modtraa Design And Creation Incorporation,Bangalore,,0.374,37.4,communication; english; r; ski,"Presentation skillsMS-Excel, English Proficiency (Spoken)English Proficiency (Written)Kannada Proficiency (Spoken)Interpersonal skillsEffective Communication"
89,29,,GlobalStep Services Private Limited,Pune,,0.372,37.2,r,RecruitmentResume screeningInterview Coordination
89,39,,KnowledgeWorks Global Limited,"Chennai, Mumbai",,0.3511,35.11,english; r,English Proficiency (Spoken)English Proficiency (Written)
89,1,,Calipers Consulting Private Limited,"Secunderabad, Hyderabad (Hybrid)",,0.3341,33.41,english; r,"MS-Office, MS-ExcelData entryEnglish Proficiency (Spoken)English Proficiency (Written)"
89,43,,Mintifi Finserve Private Limited,Mumbai,,0.3324,33.24,english; r,"MS-Office, MS-Excel, English Proficiency (Spoken)"
89,5,,SREEDHARA ENTERPRISES,Bangalore,,0.3307,33.07,accounting; english; r,"MS-OfficeAccountingTallyMS-Excel, English Proficiency (Spoken)English Proficiency (Written)"
89,4,,CCL Advisors,Mumbai,,0.3032,30.32,legal research; r,Legal ResearchCompany LawLegal DraftingStatutory compliancesLegal WritingContract Management
89,37,,Urban Company,Bangalore,,0.3012,30.12,english; r,"MS-Excel, English Proficiency (Spoken)"
89,22,,Faff,Bangalore,,0.2996,29.96,communication; conflict management; r,Time ManagementProblem SolvingCoordinationAdaptabilityEffective CommunicationConflict Management
89,47,,Scaler,Bangalore,,0.2991,29.91,communication; english; hindi; r,English Proficiency (Spoken)Hindi Proficiency (Spoken)Effective Communication
90,29,,GlobalStep Services Private Limited,Pune,,0.4004,40.04,r,RecruitmentResume screeningInterview Coordination
90,5,,SREEDHARA ENTERPRISES,Bangalore,,0.4002,40.02,accounting; english; r,"MS-OfficeAccountingTallyMS-Excel, English Proficiency (Spoken)English Proficiency (Written)"
90,1,,Calipers Consulting Private Limited,"Secunderabad, Hyderabad (Hybrid)",,0.3916,39.16,english; r,"MS-Office, MS-ExcelData entryEnglish Proficiency (Spoken)English Proficiency (Written)"
90,43,,Mintifi Finserve Private Limited,Mumbai,,0.3544,35.44,english; r,"MS-Office, MS-Excel, English Proficiency (Spoken)"
90,37,,Urban Company,Bangalore,,0.3419,34.19,english; r,"MS-Excel, English Proficiency (Spoken)"
90,17,,SpotOnMedia,Work from home,,0.3411,34.11,english; hindi; r,"MS-Office, MS-ExcelClient Relationship Management (CRM)Client RelationshipEnglish Proficiency (Spoken)English Proficiency (Written)Hindi Proficiency (Spoken)+1 more"
90,24,,SpotOnMedia,Work from home,,0.3411,34.11,english; hindi; r,"MS-Office, MS-ExcelClient Relationship Management (CRM)Client RelationshipEnglish Proficiency (Spoken)English Proficiency (Written)Hindi Proficiency (Spoken)+1 more"
90,3,,Modtraa Design And Creation Incorporation,Bangalore,,0.3207,32.07,communication; english; r; ski,"Presentation skillsMS-Excel, English Proficiency (Spoken)English Proficiency (Written)Kannada Proficiency (Spoken)Interpersonal skillsEffective Communication"
90,39,,KnowledgeWorks Global Limited,"Chennai, Mumbai",,0.3179,31.79,english; r,English Proficiency (Spoken)English Proficiency (Written)
90,4,,CCL Advisors,Mumbai,,0.3168,31.68,legal research; r,Legal ResearchCompany LawLegal DraftingStatutory compliancesLegal WritingContract Management
91,1,,Calipers Consulting Private Limited,"Secunderabad, Hyderabad (Hybrid)",,0.4618,46.18,english; r,"MS-Office, MS-ExcelData entryEnglish Proficiency (Spoken)English Proficiency (Written)"
91,3,,Modtraa Design And Creation Incorporation,Bangalore,,0.4308,43.08,communication; english; r; ski,"Presentation skillsMS-Excel, English Proficiency (Spoken)English Proficiency (Written)Kannada Proficiency (Spoken)Interpersonal skillsEffective Communication"
91,39,,KnowledgeWorks Global Limited,"Chennai, Mumbai",,0.4302,43.02,english; r,English Proficiency (Spoken)English Proficiency (Written)
91,43,,Mintifi Finserve Private Limited,Mumbai,,0.4227,42.27,english; r,"MS-Office, MS-Excel, English Proficiency (Spoken)"
91,5,,SREEDHARA ENTERPRISES,Bangalore,,0.4197,41.97,accounting; english; r,"MS-OfficeAccountingTallyMS-Excel, English Proficiency (Spoken)English Proficiency (Written)"
91,4,,CCL Advisors,Mumbai,,0.4097,40.97,legal research; r,Legal ResearchCompany LawLegal DraftingStatutory compliancesLegal WritingContract Management
91,29,,GlobalStep Services Private Limited,Pune,,0.405,40.5,r,RecruitmentResume screeningInterview Coordination
91,37,,Urban Company,Bangalore,,0.3926,39.26,english; r,"MS-Excel, English Proficiency (Spoken)"
91,17,,SpotOnMedia,Work from home,,0.3769,37.69,english; hindi; r,"MS-Office, MS-ExcelClient Relationship Management (CRM)Client RelationshipEnglish Proficiency (Spoken)English Proficiency (Written)Hindi Proficiency (Spoken)+1 more"
91,24,,SpotOnMedia,Work from home,,0.3769,37.69,english; hindi; r,"MS-Office, MS-ExcelClient Relationship Management (CRM)Client RelationshipEnglish Proficiency (Spoken)English Proficiency (Written)Hindi Proficiency (Spoken)+1 more"
92,1,,Calipers Consulting Private Limited,"Secunderabad, Hyderabad (Hybrid)",,0.3657,36.57,english; r,"MS-Office, MS-ExcelData entryEnglish Proficiency (Spoken)English Proficiency (Written)"
92,39,,KnowledgeWorks Global Limited,"Chennai, Mumbai",,0.348,34.8,english; r,English Proficiency (Spoken)English Proficiency (Written)
92,3,,Modtraa Design And Creation Incorporation,Bangalore,,0.3352,33.52,communication; english; r; ski,"Presentation skillsMS-Excel, English Proficiency (Spoken)English Proficiency (Written)Kannada Proficiency (Spoken)Interpersonal skillsEffective Communication"
92,37,,Urban Company,Bangalore,,0.3351,33.51,english; r,"MS-Excel, English Proficiency (Spoken)"
92,43,,Mintifi Finserve Private Limited,Mumbai,,0.3322,33.22,english; r,"MS-Office, MS-Excel, English Proficiency (Spoken)"
92,29,,GlobalStep Services Private Limited,Pune,,0.3311,33.11,r,RecruitmentResume screeningInterview Coordination
92,48,,Zucol Group Of Companies,Pune,,0.3142,31.42,english; r,Creative WritingEnglish Proficiency (Spoken)English Proficiency (Written)Network protocols
92,5,,SREEDHARA ENTERPRISES,Bangalore,,0.31,31.0,accounting; english; r,"MS-OfficeAccountingTallyMS-Excel, English Proficiency (Spoken)English Proficiency (Written)"
92,17,,SpotOnMedia,Work from home,,0.301,30.1,english; hindi; r,"MS-Office, MS-ExcelClient Relationship Management (CRM)Client RelationshipEnglish Proficiency (Spoken)English Proficiency (Written)Hindi Proficiency (Spoken)+1 more"
92,24,,SpotOnMedia,Work from home,,0.301,30.1,english; hindi; r,"MS-Office, MS-ExcelClient Relationship Management (CRM)Client RelationshipEnglish Proficiency (Spoken)English Proficiency (Written)Hindi Proficiency (Spoken)+1 more"
93,44,,Starcrest Services Pvt. Ltd.,"Delhi, Gurgaon, Noida",,0.3987,39.87,r,MS-OfficeRecruitment
93,5,,SREEDHARA ENTERPRISES,Bangalore,,0.396,39.6,accounting; english; r,"MS-OfficeAccountingTallyMS-Excel, English Proficiency (Spoken)English Proficiency (Written)"
93,29,,GlobalStep Services Private Limited,Pune,,0.3827,38.27,r,RecruitmentResume screeningInterview Coordination
93,22,,Faff,Bangalore,,0.3822,38.22,communication; conflict management; r,Time ManagementProblem SolvingCoordinationAdaptabilityEffective CommunicationConflict Management
93,37,,Urban Company,Bangalore,,0.3796,37.96,english; r,"MS-Excel, English Proficiency (Spoken)"
93,1,,Calipers Consulting Private Limited,"Secunderabad, Hyderabad (Hybrid)",,0.3783,37.83,english; r,"MS-Office, MS-ExcelData entryEnglish Proficiency (Spoken)English Proficiency (Written)"
93,7,,Leafoberryy,Mumbai,,0.3781,37.81,communication; data analytics; r,LeadershipTeam ManagementE-commerceData AnalyticsMentorshipB2B SalesEffective Communication+2 more
93,3,,Modtraa Design And Creation Incorporation,Bangalore,,0.3755,37.55,communication; english; r; ski,"Presentation skillsMS-Excel, English Proficiency (Spoken)English Proficiency (Written)Kannada Proficiency (Spoken)Interpersonal skillsEffective Communication"
93,39,,KnowledgeWorks Global Limited,"Chennai, Mumbai",,0.3704,37.04,english; r,English Proficiency (Spoken)English Proficiency (Written)
93,38,,Urban Company Ltd.,Bangalore,,0.3518,35.18,english; r,"MS-Excel, English Proficiency (Written)"
94,23,,Netcore Cloud,"Thane, Mumbai",,0.4628,46.28,r; sql; sql server,HTMLLinuxMS SQL Server
94,37,,Urban Company,Bangalore,,0.4167,41.67,english; r,"MS-Excel, English Proficiency (Spoken)"
94,5,,SREEDHARA ENTERPRISES,Bangalore,,0.406,40.6,accounting; english; r,"MS-OfficeAccountingTallyMS-Excel, English Proficiency (Spoken)English Proficiency (Written)"
94,44,,Starcrest Services Pvt. Ltd.,"Delhi, Gurgaon, Noida",,0.4048,40.48,r,MS-OfficeRecruitment
94,1,,Calipers Consulting Private Limited,"Secunderabad, Hyderabad (Hybrid)",,0.4035,40.35,english; r,"MS-Office, MS-ExcelData entryEnglish Proficiency (Spoken)English Proficiency (Written)"
94,38,,Urban Company Ltd.,Bangalore,,0.38,38.0,english; r,"MS-Excel, English Proficiency (Written)"
94,43,,Mintifi Finserve Private Limited,Mumbai,,0.375,37.5,english; r,"MS-Office, MS-Excel, English Proficiency (Spoken)"
94,17,,SpotOnMedia,Work from home,,0.3731,37.31,english; hindi; r,"MS-Office, MS-ExcelClient Relationship Management (CRM)Client RelationshipEnglish Proficiency (Spoken)English Proficiency (Written)Hindi Proficiency (Spoken)+1 more"
94,24,,SpotOnMedia,Work from home,,0.3731,37.31,english; hindi; r,"MS-Office, MS-ExcelClient Relationship Management (CRM)Client RelationshipEnglish Proficiency (Spoken)English Proficiency (Written)Hindi Proficiency (Spoken)+1 more"
94,29,,GlobalStep Services Private Limited,Pune,,0.3598,35.98,r,RecruitmentResume screeningInterview Coordination
95,43,,Mintifi Finserve Private Limited,Mumbai,,0.4404,44.04,english; r,"MS-Office, MS-Excel, English Proficiency (Spoken)"
95,39,,KnowledgeWorks Global Limited,"Chennai, Mumbai",,0.4362,43.62,english; r,English Proficiency (Spoken)English Proficiency (Written)
95,6,,Godrej Capital,"Ahmedabad, Mehsana, Pune, Gandhidham, Vapi, Ahmednagar, Vadodara, Mumbai, Nashik",,0.4125,41.25,communication; r,MS-OfficeMS-PowerPointMS-ExcelEffective Communication
95,7,,Leafoberryy,Mumbai,,0.404,40.4,communication; data analytics; r,LeadershipTeam ManagementE-commerceData AnalyticsMentorshipB2B SalesEffective Communication+2 more
95,29,,GlobalStep Services Private Limited,Pune,,0.399,39.9,r,RecruitmentResume screeningInterview Coordination
95,1,,Calipers Consulting Private Limited,"Secunderabad, Hyderabad (Hybrid)",,0.391,39.1,english; r,"MS-Office, MS-ExcelData entryEnglish Proficiency (Spoken)English Proficiency (Written)"
95,44,,Starcrest Services Pvt. Ltd.,"Delhi, Gurgaon, Noida",,0.3839,38.39,r,MS-OfficeRecruitment
95,3,,Modtraa Design And Creation Incorporation,Bangalore,,0.3765,37.65,communication; english; r; ski,"Presentation skillsMS-Excel, English Proficiency (Spoken)English Proficiency (Written)Kannada Proficiency (Spoken)Interpersonal skillsEffective Communication"
95,34,,Ashiana Housing Limited,Bhiwadi,,0.357,35.7,data analytics; r,Data AnalyticsMS-ExcelData entryPower BIData Analysis
95,48,,Zucol Group Of Companies,Pune,,0.3523,35.23,english; r,Creative WritingEnglish Proficiency (Spoken)English Proficiency (Written)Network protocols
96,39,,KnowledgeWorks Global Limited,"Chennai, Mumbai",,0.3143,31.43,english; r,English Proficiency (Spoken)English Proficiency (Written)
96,43,,Mintifi Finserve Private Limited,Mumbai,,0.3071,30.71,english; r,"MS-Office, MS-Excel, English Proficiency (Spoken)"
96,1,,Calipers Consulting Private Limited,"Secunderabad, Hyderabad (Hybrid)",,0.3042,30.42,english; r,"MS-Office, MS-ExcelData entryEnglish Proficiency (Spoken)English Proficiency (Written)"
96,3,,Modtraa Design And Creation Incorporation,Bangalore,,0.2946,29.46,communication; english; r; ski,"Presentation skillsMS-Excel, English Proficiency (Spoken)English Proficiency (Written)Kannada Proficiency (Spoken)Interpersonal skillsEffective Communication"
96,44,,Starcrest Services Pvt. Ltd.,"Delhi, Gurgaon, Noida",,0.2876,28.76,r,MS-OfficeRecruitment
96,5,,SREEDHARA ENTERPRISES,Bangalore,,0.2728,27.28,accounting; english; r,"MS-OfficeAccountingTallyMS-Excel, English Proficiency (Spoken)English Proficiency (Written)"
96,37,,Urban Company,Bangalore,,0.2721,27.21,english; r,"MS-Excel, English Proficiency (Spoken)"
96,29,,GlobalStep Services Private Limited,Pune,,0.2703,27.03,r,RecruitmentResume screeningInterview Coordination
96,12,,Belstar MicroFinance Limited,Chennai,,0.2486,24.86,accounting; plan; r,AccountingFinancial planningFinancial Reporting
96,47,,Scaler,Bangalore,,0.2432,24.32,communication; english; hindi; r,English Proficiency (Spoken)Hindi Proficiency (Spoken)Effective Communication
97,3,,Modtraa Design And Creation Incorporation,Bangalore,,0.5611,56.11,communication; english; r; ski,"Presentation skillsMS-Excel, English Proficiency (Spoken)English Proficiency (Written)Kannada Proficiency (Spoken)Interpersonal skillsEffective Communication"
97,7,,Leafoberryy,Mumbai,,0.4919,49.19,communication; data analytics; r,LeadershipTeam ManagementE-commerceData AnalyticsMentorshipB2B SalesEffective Communication+2 more
97,38,,Urban Company Ltd.,Bangalore,,0.4914,49.14,english; r,"MS-Excel, English Proficiency (Written)"
97,37,,Urban Company,Bangalore,,0.4909,49.09,english; r,"MS-Excel, English Proficiency (Spoken)"
97,5,,SREEDHARA ENTERPRISES,Bangalore,,0.4823,48.23,accounting; english; r,"MS-OfficeAccountingTallyMS-Excel, English Proficiency (Spoken)English Proficiency (Written)"
97,1,,Calipers Consulting Private Limited,"Secunderabad, Hyderabad (Hybrid)",,0.4698,46.98,english; r,"MS-Office, MS-ExcelData entryEnglish Proficiency (Spoken)English Proficiency (Written)"
97,39,,KnowledgeWorks Global Limited,"Chennai, Mumbai",,0.4633,46.33,english; r,English Proficiency (Spoken)English Proficiency (Written)
97,22,,Faff,Bangalore,,0.4624,46.24,communication; conflict management; r,Time ManagementProblem SolvingCoordinationAdaptabilityEffective CommunicationConflict Management
97,25,,NoBroker Technologies Solutions Private Limited,Bangalore,,0.4488,44.88,,Cold CallingInside SalesBusiness DevelopmentSales
97,9,,Internshala,Gurgaon,,0.4405,44.05,communication; english; r,NegotiationProblem SolvingEnglish Proficiency (Spoken)SalesEffective Communication
98,5,,SREEDHARA ENTERPRISES,Bangalore,,0.446,44.6,accounting; english; r,"MS-OfficeAccountingTallyMS-Excel, English Proficiency (Spoken)English Proficiency (Written)"
98,39,,KnowledgeWorks Global Limited,"Chennai, Mumbai",,0.4307,43.07,english; r,English Proficiency (Spoken)English Proficiency (Written)
98,43,,Mintifi Finserve Private Limited,Mumbai,,0.4161,41.61,english; r,"MS-Office, MS-Excel, English Proficiency (Spoken)"
98,3,,Modtraa Design And Creation Incorporation,Bangalore,,0.4132,41.32,communication; english; r; ski,"Presentation skillsMS-Excel, English Proficiency (Spoken)English Proficiency (Written)Kannada Proficiency (Spoken)Interpersonal skillsEffective Communication"
98,1,,Calipers Consulting Private Limited,"Secunderabad, Hyderabad (Hybrid)",,0.404,40.4,english; r,"MS-Office, MS-ExcelData entryEnglish Proficiency (Spoken)English Proficiency (Written)"
98,37,,Urban Company,Bangalore,,0.3829,38.29,english; r,"MS-Excel, English Proficiency (Spoken)"
98,44,,Starcrest Services Pvt. Ltd.,"Delhi, Gurgaon, Noida",,0.3806,38.06,r,MS-OfficeRecruitment
98,38,,Urban Company Ltd.,Bangalore,,0.3797,37.97,english; r,"MS-Excel, English Proficiency (Written)"
98,6,,Godrej Capital,"Ahmedabad, Mehsana, Pune, Gandhidham, Vapi, Ahmednagar, Vadodara, Mumbai, Nashik",,0.3536,35.36,communication; r,MS-OfficeMS-PowerPointMS-ExcelEffective Communication
98,7,,Leafoberryy,Mumbai,,0.348,34.8,communication; data analytics; r,LeadershipTeam ManagementE-commerceData AnalyticsMentorshipB2B SalesEffective Communication+2 more
99,44,,Starcrest Services Pvt. Ltd.,"Delhi, Gurgaon, Noida",,0.3644,36.44,r,MS-OfficeRecruitment
99,29,,GlobalStep Services Private Limited,Pune,,0.353,35.3,r,RecruitmentResume screeningInterview Coordination
99,34,,Ashiana Housing Limited,Bhiwadi,,0.3098,30.98,data analytics; r,Data AnalyticsMS-ExcelData entryPower BIData Analysis
99,22,,Faff,Bangalore,,0.3057,30.57,communication; conflict management; r,Time ManagementProblem SolvingCoordinationAdaptabilityEffective CommunicationConflict Management
99,25,,NoBroker Technologies Solutions Private Limited,Bangalore,,0.3055,30.55,,Cold CallingInside SalesBusiness DevelopmentSales
99,39,,KnowledgeWorks Global Limited,"Chennai, Mumbai",,0.3001,30.01,english; r,English Proficiency (Spoken)English Proficiency (Written)
99,3,,Modtraa Design And Creation Incorporation,Bangalore,,0.2933,29.33,communication; english; r; ski,"Presentation skillsMS-Excel, English Proficiency (Spoken)English Proficiency (Written)Kannada Proficiency (Spoken)Interpersonal skillsEffective Communication"
99,7,,Leafoberryy,Mumbai,,0.2899,28.99,communication; data analytics; r,LeadershipTeam ManagementE-commerceData AnalyticsMentorshipB2B SalesEffective Communication+2 more
99,32,,IDFC First Bank,"Kolkata, Barasat (Hybrid)",,0.278,27.8,r,Lead GenerationSalesField Sales
99,12,,Belstar MicroFinance Limited,Chennai,,0.2736,27.36,accounting; plan; r,AccountingFinancial planningFinancial Reporting
100,5,,SREEDHARA ENTERPRISES,Bangalore,,0.4592,45.92,accounting; english; r,"MS-OfficeAccountingTallyMS-Excel, English Proficiency (Spoken)English Proficiency (Written)"
100,38,,Urban Company Ltd.,Bangalore,,0.4445,44.45,english; r,"MS-Excel, English Proficiency (Written)"
100,37,,Urban Company,Bangalore,,0.4427,44.27,english; r,"MS-Excel, English Proficiency (Spoken)"
100,19,,Bhanzu (Formerly Exploring Infinities),Bangalore,,0.4092,40.92,communication; english; r,"MS-Excel, English Proficiency (Spoken)English Proficiency (Written)SalesEffective CommunicationSales Strategy"
100,45,,Lishanth Enterprises,"Narasaraopet, Anakapalle, Macherla, Prathipadu, Bapatla, Chirala, Gajuwaka Part",,0.396,39.6,r,Client Relationship Management (CRM)CoordinationSales ManagementClient RelationshipNegotiationsCustomer AcquisitionSales Strategy
100,1,,Calipers Consulting Private Limited,"Secunderabad, Hyderabad (Hybrid)",,0.3958,39.58,english; r,"MS-Office, MS-ExcelData entryEnglish Proficiency (Spoken)English Proficiency (Written)"
100,11,,Lishanth Enterprises,Vijayawada,,0.3884,38.84,r,Client Relationship Management (CRM)Sales ManagementSales SupportCustomer SupportSales Strategy
100,43,,Mintifi Finserve Private Limited,Mumbai,,0.3839,38.39,english; r,"MS-Office, MS-Excel, English Proficiency (Spoken)"
100,32,,IDFC First Bank,"Kolkata, Barasat (Hybrid)",,0.3741,37.41,r,Lead GenerationSalesField Sales
100,44,,Starcrest Services Pvt. Ltd.,"Delhi, Gurgaon, Noida",,0.3696,36.96,r,MS-OfficeRecruitment
101,45,,Lishanth Enterprises,"Narasaraopet, Anakapalle, Macherla, Prathipadu, Bapatla, Chirala, Gajuwaka Part",,0.4895,48.95,r,Client Relationship Management (CRM)CoordinationSales ManagementClient RelationshipNegotiationsCustomer AcquisitionSales Strategy
101,11,,Lishanth Enterprises,Vijayawada,,0.4739,47.39,r,Client Relationship Management (CRM)Sales ManagementSales SupportCustomer SupportSales Strategy
101,7,,Leafoberryy,Mumbai,,0.4722,47.22,communication; data analytics; r,LeadershipTeam ManagementE-commerceData AnalyticsMentorshipB2B SalesEffective Communication+2 more
101,3,,Modtraa Design And Creation Incorporation,Bangalore,,0.3972,39.72,communication; english; r; ski,"Presentation skillsMS-Excel, English Proficiency (Spoken)English Proficiency (Written)Kannada Proficiency (Spoken)Interpersonal skillsEffective Communication"
101,12,,Belstar MicroFinance Limited,Chennai,,0.3962,39.62,accounting; plan; r,AccountingFinancial planningFinancial Reporting
101,1,,Calipers Consulting Private Limited,"Secunderabad, Hyderabad (Hybrid)",,0.3958,39.58,english; r,"MS-Office, MS-ExcelData entryEnglish Proficiency (Spoken)English Proficiency (Written)"
101,42,,Paisabazaar,Gurgaon,,0.3792,37.92,investment banking,Investment BankingSales
101,5,,SREEDHARA ENTERPRISES,Bangalore,,0.3754,37.54,accounting; english; r,"MS-OfficeAccountingTallyMS-Excel, English Proficiency (Spoken)English Proficiency (Written)"
101,44,,Starcrest Services Pvt. Ltd.,"Delhi, Gurgaon, Noida",,0.3676,36.76,r,MS-OfficeRecruitment
101,4,,CCL Advisors,Mumbai,,0.3673,36.73,legal research; r,Legal ResearchCompany LawLegal DraftingStatutory compliancesLegal WritingContract Management
102,44,,Starcrest Services Pvt. Ltd.,"Delhi, Gurgaon, Noida",,0.4779,47.79,r,MS-OfficeRecruitment
102,1,,Calipers Consulting Private Limited,"Secunderabad, Hyderabad (Hybrid)",,0.4468,44.68,english; r,"MS-Office, MS-ExcelData entryEnglish Proficiency (Spoken)English Proficiency (Written)"
102,5,,SREEDHARA ENTERPRISES,Bangalore,,0.441,44.1,accounting; english; r,"MS-OfficeAccountingTallyMS-Excel, English Proficiency (Spoken)English Proficiency (Written)"
102,11,,Lishanth Enterprises,Vijayawada,,0.4311,43.11,r,Client Relationship Management (CRM)Sales ManagementSales SupportCustomer SupportSales Strategy
102,7,,Leafoberryy,Mumbai,,0.429,42.9,communication; data analytics; r,LeadershipTeam ManagementE-commerceData AnalyticsMentorshipB2B SalesEffective Communication+2 more
102,29,,GlobalStep Services Private Limited,Pune,,0.4225,42.25,r,RecruitmentResume screeningInterview Coordination
102,43,,Mintifi Finserve Private Limited,Mumbai,,0.4211,42.11,english; r,"MS-Office, MS-Excel, English Proficiency (Spoken)"
102,40,,RMSI Private Limited,Hyderabad,,0.412,41.2,r; sql; sql server,SQLMS SQL ServerGISArcGISSSMS
102,38,,Urban Company Ltd.,Bangalore,,0.4114,41.14,english; r,"MS-Excel, English Proficiency (Written)"
102,12,,Belstar MicroFinance Limited,Chennai,,0.4057,40.57,accounting; plan; r,AccountingFinancial planningFinancial Reporting
103,22,,Faff,Bangalore,,0.5015,50.15,communication; conflict management; r,Time ManagementProblem SolvingCoordinationAdaptabilityEffective CommunicationConflict Management
103,29,,GlobalStep Services Private Limited,Pune,,0.4948,49.48,r,RecruitmentResume screeningInterview Coordination
103,44,,Starcrest Services Pvt. Ltd.,"Delhi, Gurgaon, Noida",,0.4743,47.43,r,MS-OfficeRecruitment
103,7,,Leafoberryy,Mumbai,,0.4732,47.32,communication; data analytics; r,LeadershipTeam ManagementE-commerceData AnalyticsMentorshipB2B SalesEffective Communication+2 more
103,45,,Lishanth Enterprises,"Narasaraopet, Anakapalle, Macherla, Prathipadu, Bapatla, Chirala, Gajuwaka Part",,0.4389,43.89,r,Client Relationship Management (CRM)CoordinationSales ManagementClient RelationshipNegotiationsCustomer AcquisitionSales Strategy
103,12,,Belstar MicroFinance Limited,Chennai,,0.427,42.7,accounting; plan; r,AccountingFinancial planningFinancial Reporting
103,43,,Mintifi Finserve Private Limited,Mumbai,,0.4178,41.78,english; r,"MS-Office, MS-Excel, English Proficiency (Spoken)"
103,5,,SREEDHARA ENTERPRISES,Bangalore,,0.4133,41.33,accounting; english; r,"MS-OfficeAccountingTallyMS-Excel, English Proficiency (Spoken)English Proficiency (Written)"
103,3,,Modtraa Design And Creation Incorporation,Bangalore,,0.4055,40.55,communication; english; r; ski,"Presentation skillsMS-Excel, English Proficiency (Spoken)English Proficiency (Written)Kannada Proficiency (Spoken)Interpersonal skillsEffective Communication"
103,11,,Lishanth Enterprises,Vijayawada,,0.4043,40.43,r,Client Relationship Management (CRM)Sales ManagementSales SupportCustomer SupportSales Strategy
104,17,,SpotOnMedia,Work from home,,0.4064,40.64,english; hindi; r,"MS-Office, MS-ExcelClient Relationship Management (CRM)Client RelationshipEnglish Proficiency (Spoken)English Proficiency (Written)Hindi Proficiency (Spoken)+1 more"
104,24,,SpotOnMedia,Work from home,,0.4064,40.64,english; hindi; r,"MS-Office, MS-ExcelClient Relationship Management (CRM)Client RelationshipEnglish Proficiency (Spoken)English Proficiency (Written)Hindi Proficiency (Spoken)+1 more"
104,1,,Calipers Consulting Private Limited,"Secunderabad, Hyderabad (Hybrid)",,0.3921,39.21,english; r,"MS-Office, MS-ExcelData entryEnglish Proficiency (Spoken)English Proficiency (Written)"
104,3,,Modtraa Design And Creation Incorporation,Bangalore,,0.3674,36.74,communication; english; r; ski,"Presentation skillsMS-Excel, English Proficiency (Spoken)English Proficiency (Written)Kannada Proficiency (Spoken)Interpersonal skillsEffective Communication"
104,50,,Webvio Technologies,Delhi,,0.3446,34.46,english; logging; r,BloggingSearch Engine Optimization (SEO)Creative WritingProofreadingEnglish Proficiency (Written)Research and Analytics
104,39,,KnowledgeWorks Global Limited,"Chennai, Mumbai",,0.3339,33.39,english; r,English Proficiency (Spoken)English Proficiency (Written)
104,23,,Netcore Cloud,"Thane, Mumbai",,0.3274,32.74,r; sql; sql server,HTMLLinuxMS SQL Server
104,5,,SREEDHARA ENTERPRISES,Bangalore,,0.3243,32.43,accounting; english; r,"MS-OfficeAccountingTallyMS-Excel, English Proficiency (Spoken)English Proficiency (Written)"
104,26,,Imarticus Learning,"Mumbai, Noida",,0.3164,31.64,design thinking; r,Content WritingMS-WordMS-PowerPointStoryboardingMS-ExcelContent ManagementDesign Thinking+3 more
104,4,,CCL Advisors,Mumbai,,0.3138,31.38,legal research; r,Legal ResearchCompany LawLegal DraftingStatutory compliancesLegal WritingContract Management
105,1,,Calipers Consulting Private Limited,"Secunderabad, Hyderabad (Hybrid)",,0.4326,43.26,english; r,"MS-Office, MS-ExcelData entryEnglish Proficiency (Spoken)English Proficiency (Written)"
105,43,,Mintifi Finserve Private Limited,Mumbai,,0.4052,40.52,english; r,"MS-Office, MS-Excel, English Proficiency (Spoken)"
105,29,,GlobalStep Services Private Limited,Pune,,0.3994,39.94,r,RecruitmentResume screeningInterview Coordination
105,5,,SREEDHARA ENTERPRISES,Bangalore,,0.3946,39.46,accounting; english; r,"MS-OfficeAccountingTallyMS-Excel, English Proficiency (Spoken)English Proficiency (Written)"
105,39,,KnowledgeWorks Global Limited,"Chennai, Mumbai",,0.3933,39.33,english; r,English Proficiency (Spoken)English Proficiency (Written)
105,37,,Urban Company,Bangalore,,0.376,37.6,english; r,"MS-Excel, English Proficiency (Spoken)"
105,38,,Urban Company Ltd.,Bangalore,,0.3736,37.36,english; r,"MS-Excel, English Proficiency (Written)"
105,4,,CCL Advisors,Mumbai,,0.3582,35.82,legal research; r,Legal ResearchCompany LawLegal DraftingStatutory compliancesLegal WritingContract Management
105,3,,Modtraa Design And Creation Incorporation,Bangalore,,0.355,35.5,communication; english; r; ski,"Presentation skillsMS-Excel, English Proficiency (Spoken)English Proficiency (Written)Kannada Proficiency (Spoken)Interpersonal skillsEffective Communication"
105,8,,YES Italy Edutech Pvt. Ltd.,"Delhi, Mumbai",,0.3497,34.97,english; r,Lead GenerationSales ManagementEnglish Proficiency (Spoken)Sales
106,39,,KnowledgeWorks Global Limited,"Chennai, Mumbai",,0.3878,38.78,english; r,English Proficiency (Spoken)English Proficiency (Written)
106,17,,SpotOnMedia,Work from home,,0.3482,34.82,english; hindi; r,"MS-Office, MS-ExcelClient Relationship Management (CRM)Client RelationshipEnglish Proficiency (Spoken)English Proficiency (Written)Hindi Proficiency (Spoken)+1 more"
106,24,,SpotOnMedia,Work from home,,0.3482,34.82,english; hindi; r,"MS-Office, MS-ExcelClient Relationship Management (CRM)Client RelationshipEnglish Proficiency (Spoken)English Proficiency (Written)Hindi Proficiency (Spoken)+1 more"
106,1,,Calipers Consulting Private Limited,"Secunderabad, Hyderabad (Hybrid)",,0.3479,34.79,english; r,"MS-Office, MS-ExcelData entryEnglish Proficiency (Spoken)English Proficiency (Written)"
106,43,,Mintifi Finserve Private Limited,Mumbai,,0.3297,32.97,english; r,"MS-Office, MS-Excel, English Proficiency (Spoken)"
106,48,,Zucol Group Of Companies,Pune,,0.3258,32.58,english; r,Creative WritingEnglish Proficiency (Spoken)English Proficiency (Written)Network protocols
106,3,,Modtraa Design And Creation Incorporation,Bangalore,,0.3238,32.38,communication; english; r; ski,"Presentation skillsMS-Excel, English Proficiency (Spoken)English Proficiency (Written)Kannada Proficiency (Spoken)Interpersonal skillsEffective Communication"
106,50,,Webvio Technologies,Delhi,,0.3211,32.11,english; logging; r,BloggingSearch Engine Optimization (SEO)Creative WritingProofreadingEnglish Proficiency (Written)Research and Analytics
106,5,,SREEDHARA ENTERPRISES,Bangalore,,0.3117,31.17,accounting; english; r,"MS-OfficeAccountingTallyMS-Excel, English Proficiency (Spoken)English Proficiency (Written)"
106,37,,Urban Company,Bangalore,,0.3052,30.52,english; r,"MS-Excel, English Proficiency (Spoken)"
107,5,,SREEDHARA ENTERPRISES,Bangalore,,0.4668,46.68,accounting; english; r,"MS-OfficeAccountingTallyMS-Excel, English Proficiency (Spoken)English Proficiency (Written)"
107,17,,SpotOnMedia,Work from home,,0.4283,42.83,english; hindi; r,"MS-Office, MS-ExcelClient Relationship Management (CRM)Client RelationshipEnglish Proficiency (Spoken)English Proficiency (Written)Hindi Proficiency (Spoken)+1 more"
107,24,,SpotOnMedia,Work from home,,0.4283,42.83,english; hindi; r,"MS-Office, MS-ExcelClient Relationship Management (CRM)Client RelationshipEnglish Proficiency (Spoken)English Proficiency (Written)Hindi Proficiency (Spoken)+1 more"
107,43,,Mintifi Finserve Private Limited,Mumbai,,0.4101,41.01,english; r,"MS-Office, MS-Excel, English Proficiency (Spoken)"
107,1,,Calipers Consulting Private Limited,"Secunderabad, Hyderabad (Hybrid)",,0.4041,40.41,english; r,"MS-Office, MS-ExcelData entryEnglish Proficiency (Spoken)English Proficiency (Written)"
107,22,,Faff,Bangalore,,0.4001,40.01,communication; conflict management; r,Time ManagementProblem SolvingCoordinationAdaptabilityEffective CommunicationConflict Management
107,39,,KnowledgeWorks Global Limited,"Chennai, Mumbai",,0.373,37.3,english; r,English Proficiency (Spoken)English Proficiency (Written)
107,26,,Imarticus Learning,"Mumbai, Noida",,0.3704,37.04,design thinking; r,Content WritingMS-WordMS-PowerPointStoryboardingMS-ExcelContent ManagementDesign Thinking+3 more
107,3,,Modtraa Design And Creation Incorporation,Bangalore,,0.3637,36.37,communication; english; r; ski,"Presentation skillsMS-Excel, English Proficiency (Spoken)English Proficiency (Written)Kannada Proficiency (Spoken)Interpersonal skillsEffective Communication"
107,4,,CCL Advisors,Mumbai,,0.3487,34.87,legal research; r,Legal ResearchCompany LawLegal DraftingStatutory compliancesLegal WritingContract Management
108,48,,Zucol Group Of Companies,Pune,,0.4896,48.96,english; r,Creative WritingEnglish Proficiency (Spoken)English Proficiency (Written)Network protocols
108,29,,GlobalStep Services Private Limited,Pune,,0.4627,46.27,r,RecruitmentResume screeningInterview Coordination
108,3,,Modtraa Design And Creation Incorporation,Bangalore,,0.4262,42.62,communication; english; r; ski,"Presentation skillsMS-Excel, English Proficiency (Spoken)English Proficiency (Written)Kannada Proficiency (Spoken)Interpersonal skillsEffective Communication"
108,43,,Mintifi Finserve Private Limited,Mumbai,,0.4212,42.12,english; r,"MS-Office, MS-Excel, English Proficiency (Spoken)"
108,6,,Godrej Capital,"Ahmedabad, Mehsana, Pune, Gandhidham, Vapi, Ahmednagar, Vadodara, Mumbai, Nashik",,0.4071,40.71,communication; r,MS-OfficeMS-PowerPointMS-ExcelEffective Communication
108,37,,Urban Company,Bangalore,,0.4031,40.31,english; r,"MS-Excel, English Proficiency (Spoken)"
108,38,,Urban Company Ltd.,Bangalore,,0.388,38.8,english; r,"MS-Excel, English Proficiency (Written)"
108,39,,KnowledgeWorks Global Limited,"Chennai, Mumbai",,0.3859,38.59,english; r,English Proficiency (Spoken)English Proficiency (Written)
108,1,,Calipers Consulting Private Limited,"Secunderabad, Hyderabad (Hybrid)",,0.3771,37.71,english; r,"MS-Office, MS-ExcelData entryEnglish Proficiency (Spoken)English Proficiency (Written)"
108,9,,Internshala,Gurgaon,,0.3706,37.06,communication; english; r,NegotiationProblem SolvingEnglish Proficiency (Spoken)SalesEffective Communication
109,17,,SpotOnMedia,Work from home,,0.4858,48.58,english; hindi; r,"MS-Office, MS-ExcelClient Relationship Management (CRM)Client RelationshipEnglish Proficiency (Spoken)English Proficiency (Written)Hindi Proficiency (Spoken)+1 more"
109,24,,SpotOnMedia,Work from home,,0.4858,48.58,english; hindi; r,"MS-Office, MS-ExcelClient Relationship Management (CRM)Client RelationshipEnglish Proficiency (Spoken)English Proficiency (Written)Hindi Proficiency (Spoken)+1 more"
109,43,,Mintifi Finserve Private Limited,Mumbai,,0.484,48.4,english; r,"MS-Office, MS-Excel, English Proficiency (Spoken)"
109,1,,Calipers Consulting Private Limited,"Secunderabad, Hyderabad (Hybrid)",,0.4605,46.05,english; r,"MS-Office, MS-ExcelData entryEnglish Proficiency (Spoken)English Proficiency (Written)"
109,5,,SREEDHARA ENTERPRISES,Bangalore,,0.4579,45.79,accounting; english; r,"MS-OfficeAccountingTallyMS-Excel, English Proficiency (Spoken)English Proficiency (Written)"
109,26,,Imarticus Learning,"Mumbai, Noida",,0.4286,42.86,design thinking; r,Content WritingMS-WordMS-PowerPointStoryboardingMS-ExcelContent ManagementDesign Thinking+3 more
109,6,,Godrej Capital,"Ahmedabad, Mehsana, Pune, Gandhidham, Vapi, Ahmednagar, Vadodara, Mumbai, Nashik",,0.4113,41.13,communication; r,MS-OfficeMS-PowerPointMS-ExcelEffective Communication
109,39,,KnowledgeWorks Global Limited,"Chennai, Mumbai",,0.4079,40.79,english; r,English Proficiency (Spoken)English Proficiency (Written)
109,3,,Modtraa Design And Creation Incorporation,Bangalore,,0.4051,40.51,communication; english; r; ski,"Presentation skillsMS-Excel, English Proficiency (Spoken)English Proficiency (Written)Kannada Proficiency (Spoken)Interpersonal skillsEffective Communication"
109,7,,Leafoberryy,Mumbai,,0.3978,39.78,communication; data analytics; r,LeadershipTeam ManagementE-commerceData AnalyticsMentorshipB2B SalesEffective Communication+2 more
110,29,,GlobalStep Services Private Limited,Pune,,0.3957,39.57,r,RecruitmentResume screeningInterview Coordination
110,23,,Netcore Cloud,"Thane, Mumbai",,0.3725,37.25,r; sql; sql server,HTMLLinuxMS SQL Server
110,1,,Calipers Consulting Private Limited,"Secunderabad, Hyderabad (Hybrid)",,0.3644,36.44,english; r,"MS-Office, MS-ExcelData entryEnglish Proficiency (Spoken)English Proficiency (Written)"
110,5,,SREEDHARA ENTERPRISES,Bangalore,,0.348,34.8,accounting; english; r,"MS-OfficeAccountingTallyMS-Excel, English Proficiency (Spoken)English Proficiency (Written)"
110,43,,Mintifi Finserve Private Limited,Mumbai,,0.3218,32.18,english; r,"MS-Office, MS-Excel, English Proficiency (Spoken)"
110,37,,Urban Company,Bangalore,,0.3205,32.05,english; r,"MS-Excel, English Proficiency (Spoken)"
110,49,,Cloudnine Hospital,Bangalore,,0.3111,31.11,english; r,"MS-Excel, English Proficiency (Written)CanvaPivot TableVLOOKUP"
110,38,,Urban Company Ltd.,Bangalore,,0.3032,30.32,english; r,"MS-Excel, English Proficiency (Written)"
110,26,,Imarticus Learning,"Mumbai, Noida",,0.292,29.2,design thinking; r,Content WritingMS-WordMS-PowerPointStoryboardingMS-ExcelContent ManagementDesign Thinking+3 more
110,48,,Zucol Group Of Companies,Pune,,0.2862,28.62,english; r,Creative WritingEnglish Proficiency (Spoken)English Proficiency (Written)Network protocols
111,29,,GlobalStep Services Private Limited,Pune,,0.3954,39.54,r,RecruitmentResume screeningInterview Coordination
111,1,,Calipers Consulting Private Limited,"Secunderabad, Hyderabad (Hybrid)",,0.3802,38.02,english; r,"MS-Office, MS-ExcelData entryEnglish Proficiency (Spoken)English Proficiency (Written)"
111,39,,KnowledgeWorks Global Limited,"Chennai, Mumbai",,0.379,37.9,english; r,English Proficiency (Spoken)English Proficiency (Written)
111,43,,Mintifi Finserve Private Limited,Mumbai,,0.3408,34.08,english; r,"MS-Office, MS-Excel, English Proficiency (Spoken)"
111,3,,Modtraa Design And Creation Incorporation,Bangalore,,0.3314,33.14,communication; english; r; ski,"Presentation skillsMS-Excel, English Proficiency (Spoken)English Proficiency (Written)Kannada Proficiency (Spoken)Interpersonal skillsEffective Communication"
111,7,,Leafoberryy,Mumbai,,0.3177,31.77,communication; data analytics; r,LeadershipTeam ManagementE-commerceData AnalyticsMentorshipB2B SalesEffective Communication+2 more
111,22,,Faff,Bangalore,,0.3033,30.33,communication; conflict management; r,Time ManagementProblem SolvingCoordinationAdaptabilityEffective CommunicationConflict Management
111,26,,Imarticus Learning,"Mumbai, Noida",,0.3019,30.19,design thinking; r,Content WritingMS-WordMS-PowerPointStoryboardingMS-ExcelContent ManagementDesign Thinking+3 more
111,44,,Starcrest Services Pvt. Ltd.,"Delhi, Gurgaon, Noida",,0.3006,30.06,r,MS-OfficeRecruitment
111,37,,Urban Company,Bangalore,,0.2966,29.66,english; r,"MS-Excel, English Proficiency (Spoken)"
112,1,,Calipers Consulting Private Limited,"Secunderabad, Hyderabad (Hybrid)",,0.4401,44.01,english; r,"MS-Office, MS-ExcelData entryEnglish Proficiency (Spoken)English Proficiency (Written)"
112,26,,Imarticus Learning,"Mumbai, Noida",,0.4385,43.85,design thinking; r,Content WritingMS-WordMS-PowerPointStoryboardingMS-ExcelContent ManagementDesign Thinking+3 more
112,7,,Leafoberryy,Mumbai,,0.4228,42.28,communication; data analytics; r,LeadershipTeam ManagementE-commerceData AnalyticsMentorshipB2B SalesEffective Communication+2 more
112,5,,SREEDHARA ENTERPRISES,Bangalore,,0.4129,41.29,accounting; english; r,"MS-OfficeAccountingTallyMS-Excel, English Proficiency (Spoken)English Proficiency (Written)"
112,3,,Modtraa Design And Creation Incorporation,Bangalore,,0.4021,40.21,communication; english; r; ski,"Presentation skillsMS-Excel, English Proficiency (Spoken)English Proficiency (Written)Kannada Proficiency (Spoken)Interpersonal skillsEffective Communication"
112,17,,SpotOnMedia,Work from home,,0.3994,39.94,english; hindi; r,"MS-Office, MS-ExcelClient Relationship Management (CRM)Client RelationshipEnglish Proficiency (Spoken)English Proficiency (Written)Hindi Proficiency (Spoken)+1 more"
112,24,,SpotOnMedia,Work from home,,0.3994,39.94,english; hindi; r,"MS-Office, MS-ExcelClient Relationship Management (CRM)Client RelationshipEnglish Proficiency (Spoken)English Proficiency (Written)Hindi Proficiency (Spoken)+1 more"
112,48,,Zucol Group Of Companies,Pune,,0.3929,39.29,english; r,Creative WritingEnglish Proficiency (Spoken)English Proficiency (Written)Network protocols
112,39,,KnowledgeWorks Global Limited,"Chennai, Mumbai",,0.3907,39.07,english; r,English Proficiency (Spoken)English Proficiency (Written)
112,43,,Mintifi Finserve Private Limited,Mumbai,,0.3857,38.57,english; r,"MS-Office, MS-Excel, English Proficiency (Spoken)"
113,17,,SpotOnMedia,Work from home,,0.4372,43.72,english; hindi; r,"MS-Office, MS-ExcelClient Relationship Management (CRM)Client RelationshipEnglish Proficiency (Spoken)English Proficiency (Written)Hindi Proficiency (Spoken)+1 more"
113,24,,SpotOnMedia,Work from home,,0.4372,43.72,english; hindi; r,"MS-Office, MS-ExcelClient Relationship Management (CRM)Client RelationshipEnglish Proficiency (Spoken)English Proficiency (Written)Hindi Proficiency (Spoken)+1 more"
113,23,,Netcore Cloud,"Thane, Mumbai",,0.4352,43.52,r; sql; sql server,HTMLLinuxMS SQL Server
113,1,,Calipers Consulting Private Limited,"Secunderabad, Hyderabad (Hybrid)",,0.4149,41.49,english; r,"MS-Office, MS-ExcelData entryEnglish Proficiency (Spoken)English Proficiency (Written)"
113,39,,KnowledgeWorks Global Limited,"Chennai, Mumbai",,0.3805,38.05,english; r,English Proficiency (Spoken)English Proficiency (Written)
113,26,,Imarticus Learning,"Mumbai, Noida",,0.3774,37.74,design thinking; r,Content WritingMS-WordMS-PowerPointStoryboardingMS-ExcelContent ManagementDesign Thinking+3 more
113,37,,Urban Company,Bangalore,,0.3522,35.22,english; r,"MS-Excel, English Proficiency (Spoken)"
113,48,,Zucol Group Of Companies,Pune,,0.3493,34.93,english; r,Creative WritingEnglish Proficiency (Spoken)English Proficiency (Written)Network protocols
113,7,,Leafoberryy,Mumbai,,0.3478,34.78,communication; data analytics; r,LeadershipTeam ManagementE-commerceData AnalyticsMentorshipB2B SalesEffective Communication+2 more
113,5,,SREEDHARA ENTERPRISES,Bangalore,,0.3451,34.51,accounting; english; r,"MS-OfficeAccountingTallyMS-Excel, English Proficiency (Spoken)English Proficiency (Written)"
114,1,,Calipers Consulting Private Limited,"Secunderabad, Hyderabad (Hybrid)",,0.4469,44.69,english; r,"MS-Office, MS-ExcelData entryEnglish Proficiency (Spoken)English Proficiency (Written)"
114,17,,SpotOnMedia,Work from home,,0.4389,43.89,english; hindi; r,"MS-Office, MS-ExcelClient Relationship Management (CRM)Client RelationshipEnglish Proficiency (Spoken)English Proficiency (Written)Hindi Proficiency (Spoken)+1 more"
114,24,,SpotOnMedia,Work from home,,0.4389,43.89,english; hindi; r,"MS-Office, MS-ExcelClient Relationship Management (CRM)Client RelationshipEnglish Proficiency (Spoken)English Proficiency (Written)Hindi Proficiency (Spoken)+1 more"
114,7,,Leafoberryy,Mumbai,,0.4304,43.04,communication; data analytics; r,LeadershipTeam ManagementE-commerceData AnalyticsMentorshipB2B SalesEffective Communication+2 more
114,5,,SREEDHARA ENTERPRISES,Bangalore,,0.4142,41.42,accounting; english; r,"MS-OfficeAccountingTallyMS-Excel, English Proficiency (Spoken)English Proficiency (Written)"
114,12,,Belstar MicroFinance Limited,Chennai,,0.4113,41.13,accounting; plan; r,AccountingFinancial planningFinancial Reporting
114,43,,Mintifi Finserve Private Limited,Mumbai,,0.411,41.1,english; r,"MS-Office, MS-Excel, English Proficiency (Spoken)"
114,44,,Starcrest Services Pvt. Ltd.,"Delhi, Gurgaon, Noida",,0.4059,40.59,r,MS-OfficeRecruitment
114,45,,Lishanth Enterprises,"Narasaraopet, Anakapalle, Macherla, Prathipadu, Bapatla, Chirala, Gajuwaka Part",,0.4029,40.29,r,Client Relationship Management (CRM)CoordinationSales ManagementClient RelationshipNegotiationsCustomer AcquisitionSales Strategy
114,11,,Lishanth Enterprises,Vijayawada,,0.3997,39.97,r,Client Relationship Management (CRM)Sales ManagementSales SupportCustomer SupportSales Strategy
115,26,,Imarticus Learning,"Mumbai, Noida",,0.5018,50.18,design thinking; r,Content WritingMS-WordMS-PowerPointStoryboardingMS-ExcelContent ManagementDesign Thinking+3 more
115,7,,Leafoberryy,Mumbai,,0.4571,45.71,communication; data analytics; r,LeadershipTeam ManagementE-commerceData AnalyticsMentorshipB2B SalesEffective Communication+2 more
115,3,,Modtraa Design And Creation Incorporation,Bangalore,,0.451,45.1,communication; english; r; ski,"Presentation skillsMS-Excel, English Proficiency (Spoken)English Proficiency (Written)Kannada Proficiency (Spoken)Interpersonal skillsEffective Communication"
115,17,,SpotOnMedia,Work from home,,0.446,44.6,english; hindi; r,"MS-Office, MS-ExcelClient Relationship Management (CRM)Client RelationshipEnglish Proficiency (Spoken)English Proficiency (Written)Hindi Proficiency (Spoken)+1 more"
115,24,,SpotOnMedia,Work from home,,0.446,44.6,english; hindi; r,"MS-Office, MS-ExcelClient Relationship Management (CRM)Client RelationshipEnglish Proficiency (Spoken)English Proficiency (Written)Hindi Proficiency (Spoken)+1 more"
115,1,,Calipers Consulting Private Limited,"Secunderabad, Hyderabad (Hybrid)",,0.4453,44.53,english; r,"MS-Office, MS-ExcelData entryEnglish Proficiency (Spoken)English Proficiency (Written)"
115,23,,Netcore Cloud,"Thane, Mumbai",,0.4443,44.43,r; sql; sql server,HTMLLinuxMS SQL Server
115,43,,Mintifi Finserve Private Limited,Mumbai,,0.4397,43.97,english; r,"MS-Office, MS-Excel, English Proficiency (Spoken)"
115,37,,Urban Company,Bangalore,,0.4162,41.62,english; r,"MS-Excel, English Proficiency (Spoken)"
115,5,,SREEDHARA ENTERPRISES,Bangalore,,0.4146,41.46,accounting; english; r,"MS-OfficeAccountingTallyMS-Excel, English Proficiency (Spoken)English Proficiency (Written)"
116,1,,Calipers Consulting Private Limited,"Secunderabad, Hyderabad (Hybrid)",,0.4933,49.33,english; r,"MS-Office, MS-ExcelData entryEnglish Proficiency (Spoken)English Proficiency (Written)"
116,43,,Mintifi Finserve Private Limited,Mumbai,,0.4879,48.79,english; r,"MS-Office, MS-Excel, English Proficiency (Spoken)"
116,5,,SREEDHARA ENTERPRISES,Bangalore,,0.4741,47.41,accounting; english; r,"MS-OfficeAccountingTallyMS-Excel, English Proficiency (Spoken)English Proficiency (Written)"
116,29,,GlobalStep Services Private Limited,Pune,,0.4592,45.92,r,RecruitmentResume screeningInterview Coordination
116,39,,KnowledgeWorks Global Limited,"Chennai, Mumbai",,0.4453,44.53,english; r,English Proficiency (Spoken)English Proficiency (Written)
116,17,,SpotOnMedia,Work from home,,0.4391,43.91,english; hindi; r,"MS-Office, MS-ExcelClient Relationship Management (CRM)Client RelationshipEnglish Proficiency (Spoken)English Proficiency (Written)Hindi Proficiency (Spoken)+1 more"
116,24,,SpotOnMedia,Work from home,,0.4391,43.91,english; hindi; r,"MS-Office, MS-ExcelClient Relationship Management (CRM)Client RelationshipEnglish Proficiency (Spoken)English Proficiency (Written)Hindi Proficiency (Spoken)+1 more"
116,7,,Leafoberryy,Mumbai,,0.4237,42.37,communication; data analytics; r,LeadershipTeam ManagementE-commerceData AnalyticsMentorshipB2B SalesEffective Communication+2 more
116,37,,Urban Company,Bangalore,,0.423,42.3,english; r,"MS-Excel, English Proficiency (Spoken)"
116,26,,Imarticus Learning,"Mumbai, Noida",,0.4094,40.94,design thinking; r,Content WritingMS-WordMS-PowerPointStoryboardingMS-ExcelContent ManagementDesign Thinking+3 more
117,1,,Calipers Consulting Private Limited,"Secunderabad, Hyderabad (Hybrid)",,0.3233,32.33,english; r,"MS-Office, MS-ExcelData entryEnglish Proficiency (Spoken)English Proficiency (Written)"
117,29,,GlobalStep Services Private Limited,Pune,,0.3126,31.26,r,RecruitmentResume screeningInterview Coordination
117,4,,CCL Advisors,Mumbai,,0.3056,30.56,legal research; r,Legal ResearchCompany LawLegal DraftingStatutory compliancesLegal WritingContract Management
117,17,,SpotOnMedia,Work from home,,0.2957,29.57,english; hindi; r,"MS-Office, MS-ExcelClient Relationship Management (CRM)Client RelationshipEnglish Proficiency (Spoken)English Proficiency (Written)Hindi Proficiency (Spoken)+1 more"
117,24,,SpotOnMedia,Work from home,,0.2957,29.57,english; hindi; r,"MS-Office, MS-ExcelClient Relationship Management (CRM)Client RelationshipEnglish Proficiency (Spoken)English Proficiency (Written)Hindi Proficiency (Spoken)+1 more"
117,43,,Mintifi Finserve Private Limited,Mumbai,,0.2916,29.16,english; r,"MS-Office, MS-Excel, English Proficiency (Spoken)"
117,39,,KnowledgeWorks Global Limited,"Chennai, Mumbai",,0.2854,28.54,english; r,English Proficiency (Spoken)English Proficiency (Written)
117,22,,Faff,Bangalore,,0.2746,27.46,communication; conflict management; r,Time ManagementProblem SolvingCoordinationAdaptabilityEffective CommunicationConflict Management
117,3,,Modtraa Design And Creation Incorporation,Bangalore,,0.2708,27.08,communication; english; r; ski,"Presentation skillsMS-Excel, English Proficiency (Spoken)English Proficiency (Written)Kannada Proficiency (Spoken)Interpersonal skillsEffective Communication"
117,7,,Leafoberryy,Mumbai,,0.2689,26.89,communication; data analytics; r,LeadershipTeam ManagementE-commerceData AnalyticsMentorshipB2B SalesEffective Communication+2 more
118,4,,CCL Advisors,Mumbai,,0.3738,37.38,legal research; r,Legal ResearchCompany LawLegal DraftingStatutory compliancesLegal WritingContract Management
118,3,,Modtraa Design And Creation Incorporation,Bangalore,,0.334,33.4,communication; english; r; ski,"Presentation skillsMS-Excel, English Proficiency (Spoken)English Proficiency (Written)Kannada Proficiency (Spoken)Interpersonal skillsEffective Communication"
118,17,,SpotOnMedia,Work from home,,0.3182,31.82,english; hindi; r,"MS-Office, MS-ExcelClient Relationship Management (CRM)Client RelationshipEnglish Proficiency (Spoken)English Proficiency (Written)Hindi Proficiency (Spoken)+1 more"
118,24,,SpotOnMedia,Work from home,,0.3182,31.82,english; hindi; r,"MS-Office, MS-ExcelClient Relationship Management (CRM)Client RelationshipEnglish Proficiency (Spoken)English Proficiency (Written)Hindi Proficiency (Spoken)+1 more"
118,1,,Calipers Consulting Private Limited,"Secunderabad, Hyderabad (Hybrid)",,0.3108,31.08,english; r,"MS-Office, MS-ExcelData entryEnglish Proficiency (Spoken)English Proficiency (Written)"
118,39,,KnowledgeWorks Global Limited,"Chennai, Mumbai",,0.3024,30.24,english; r,English Proficiency (Spoken)English Proficiency (Written)
118,14,,NYX,Work from home,,0.2738,27.38,r,NegotiationDigital MarketingClient Relationship Management (CRM)Client RelationshipLinkedIn MarketingBusiness DevelopmentGoogle Workspace+5 more
118,47,,Scaler,Bangalore,,0.2699,26.99,communication; english; hindi; r,English Proficiency (Spoken)Hindi Proficiency (Spoken)Effective Communication
118,43,,Mintifi Finserve Private Limited,Mumbai,,0.2624,26.24,english; r,"MS-Office, MS-Excel, English Proficiency (Spoken)"
118,5,,SREEDHARA ENTERPRISES,Bangalore,,0.2602,26.02,accounting; english; r,"MS-OfficeAccountingTallyMS-Excel, English Proficiency (Spoken)English Proficiency (Written)"
119,9,,Internshala,Gurgaon,,0.5485,54.85,communication; english; r,NegotiationProblem SolvingEnglish Proficiency (Spoken)SalesEffective Communication
119,10,,Internshala,Gurgaon,,0.5485,54.85,communication; english; r,NegotiationProblem SolvingEnglish Proficiency (Spoken)SalesEffective Communication
119,3,,Modtraa Design And Creation Incorporation,Bangalore,,0.5345,53.45,communication; english; r; ski,"Presentation skillsMS-Excel, English Proficiency (Spoken)English Proficiency (Written)Kannada Proficiency (Spoken)Interpersonal skillsEffective Communication"
119,1,,Calipers Consulting Private Limited,"Secunderabad, Hyderabad (Hybrid)",,0.5324,53.24,english; r,"MS-Office, MS-ExcelData entryEnglish Proficiency (Spoken)English Proficiency (Written)"
119,39,,KnowledgeWorks Global Limited,"Chennai, Mumbai",,0.5315,53.15,english; r,English Proficiency (Spoken)English Proficiency (Written)
119,43,,Mintifi Finserve Private Limited,Mumbai,,0.5293,52.93,english; r,"MS-Office, MS-Excel, English Proficiency (Spoken)"
119,5,,SREEDHARA ENTERPRISES,Bangalore,,0.5069,50.69,accounting; english; r,"MS-OfficeAccountingTallyMS-Excel, English Proficiency (Spoken)English Proficiency (Written)"
119,37,,Urban Company,Bangalore,,0.5031,50.31,english; r,"MS-Excel, English Proficiency (Spoken)"
119,48,,Zucol Group Of Companies,Pune,,0.5029,50.29,english; r,Creative WritingEnglish Proficiency (Spoken)English Proficiency (Written)Network protocols
119,7,,Leafoberryy,Mumbai,,0.4947,49.47,communication; data analytics; r,LeadershipTeam ManagementE-commerceData AnalyticsMentorshipB2B SalesEffective Communication+2 more
120,1,,Calipers Consulting Private Limited,"Secunderabad, Hyderabad (Hybrid)",,0.3911,39.11,english; r,"MS-Office, MS-ExcelData entryEnglish Proficiency (Spoken)English Proficiency (Written)"
120,29,,GlobalStep Services Private Limited,Pune,,0.3523,35.23,r,RecruitmentResume screeningInterview Coordination
120,22,,Faff,Bangalore,,0.3514,35.14,communication; conflict management; r,Time ManagementProblem SolvingCoordinationAdaptabilityEffective CommunicationConflict Management
120,43,,Mintifi Finserve Private Limited,Mumbai,,0.3497,34.97,english; r,"MS-Office, MS-Excel, English Proficiency (Spoken)"
120,4,,CCL Advisors,Mumbai,,0.3289,32.89,legal research; r,Legal ResearchCompany LawLegal DraftingStatutory compliancesLegal WritingContract Management
120,44,,Starcrest Services Pvt. Ltd.,"Delhi, Gurgaon, Noida",,0.3278,32.78,r,MS-OfficeRecruitment
120,5,,SREEDHARA ENTERPRISES,Bangalore,,0.3184,31.84,accounting; english; r,"MS-OfficeAccountingTallyMS-Excel, English Proficiency (Spoken)English Proficiency (Written)"
120,12,,Belstar MicroFinance Limited,Chennai,,0.3048,30.48,accounting; plan; r,AccountingFinancial planningFinancial Reporting
120,39,,KnowledgeWorks Global Limited,"Chennai, Mumbai",,0.3025,30.25,english; r,English Proficiency (Spoken)English Proficiency (Written)
120,17,,SpotOnMedia,Work from home,,0.292,29.2,english; hindi; r,"MS-Office, MS-ExcelClient Relationship Management (CRM)Client RelationshipEnglish Proficiency (Spoken)English Proficiency (Written)Hindi Proficiency (Spoken)+1 more"
121,22,,Faff,Bangalore,,0.2442,24.42,communication; conflict management; r,Time ManagementProblem SolvingCoordinationAdaptabilityEffective CommunicationConflict Management
121,6,,Godrej Capital,"Ahmedabad, Mehsana, Pune, Gandhidham, Vapi, Ahmednagar, Vadodara, Mumbai, Nashik",,0.2323,23.23,communication; r,MS-OfficeMS-PowerPointMS-ExcelEffective Communication
121,3,,Modtraa Design And Creation Incorporation,Bangalore,,0.1989,19.89,communication; english; r; ski,"Presentation skillsMS-Excel, English Proficiency (Spoken)English Proficiency (Written)Kannada Proficiency (Spoken)Interpersonal skillsEffective Communication"
121,17,,SpotOnMedia,Work from home,,0.1987,19.87,english; hindi; r,"MS-Office, MS-ExcelClient Relationship Management (CRM)Client RelationshipEnglish Proficiency (Spoken)English Proficiency (Written)Hindi Proficiency (Spoken)+1 more"
121,24,,SpotOnMedia,Work from home,,0.1987,19.87,english; hindi; r,"MS-Office, MS-ExcelClient Relationship Management (CRM)Client RelationshipEnglish Proficiency (Spoken)English Proficiency (Written)Hindi Proficiency (Spoken)+1 more"
121,23,,Netcore Cloud,"Thane, Mumbai",,0.191,19.1,r; sql; sql server,HTMLLinuxMS SQL Server
121,29,,GlobalStep Services Private Limited,Pune,,0.1882,18.82,r,RecruitmentResume screeningInterview Coordination
121,1,,Calipers Consulting Private Limited,"Secunderabad, Hyderabad (Hybrid)",,0.1861,18.61,english; r,"MS-Office, MS-ExcelData entryEnglish Proficiency (Spoken)English Proficiency (Written)"
121,50,,Webvio Technologies,Delhi,,0.1816,18.16,english; logging; r,BloggingSearch Engine Optimization (SEO)Creative WritingProofreadingEnglish Proficiency (Written)Research and Analytics
121,48,,Zucol Group Of Companies,Pune,,0.1776,17.76,english; r,Creative WritingEnglish Proficiency (Spoken)English Proficiency (Written)Network protocols
122,1,,Calipers Consulting Private Limited,"Secunderabad, Hyderabad (Hybrid)",,0.4435,44.35,english; r,"MS-Office, MS-ExcelData entryEnglish Proficiency (Spoken)English Proficiency (Written)"
122,17,,SpotOnMedia,Work from home,,0.4368,43.68,english; hindi; r,"MS-Office, MS-ExcelClient Relationship Management (CRM)Client RelationshipEnglish Proficiency (Spoken)English Proficiency (Written)Hindi Proficiency (Spoken)+1 more"
122,24,,SpotOnMedia,Work from home,,0.4368,43.68,english; hindi; r,"MS-Office, MS-ExcelClient Relationship Management (CRM)Client RelationshipEnglish Proficiency (Spoken)English Proficiency (Written)Hindi Proficiency (Spoken)+1 more"
122,43,,Mintifi Finserve Private Limited,Mumbai,,0.4355,43.55,english; r,"MS-Office, MS-Excel, English Proficiency (Spoken)"
122,37,,Urban Company,Bangalore,,0.4303,43.03,english; r,"MS-Excel, English Proficiency (Spoken)"
122,5,,SREEDHARA ENTERPRISES,Bangalore,,0.4292,42.92,accounting; english; r,"MS-OfficeAccountingTallyMS-Excel, English Proficiency (Spoken)English Proficiency (Written)"
122,3,,Modtraa Design And Creation Incorporation,Bangalore,,0.4087,40.87,communication; english; r; ski,"Presentation skillsMS-Excel, English Proficiency (Spoken)English Proficiency (Written)Kannada Proficiency (Spoken)Interpersonal skillsEffective Communication"
122,26,,Imarticus Learning,"Mumbai, Noida",,0.3938,39.38,design thinking; r,Content WritingMS-WordMS-PowerPointStoryboardingMS-ExcelContent ManagementDesign Thinking+3 more
122,7,,Leafoberryy,Mumbai,,0.3889,38.89,communication; data analytics; r,LeadershipTeam ManagementE-commerceData AnalyticsMentorshipB2B SalesEffective Communication+2 more
122,39,,KnowledgeWorks Global Limited,"Chennai, Mumbai",,0.3872,38.72,english; r,English Proficiency (Spoken)English Proficiency (Written)
123,43,,Mintifi Finserve Private Limited,Mumbai,,0.5612,56.12,english; r,"MS-Office, MS-Excel, English Proficiency (Spoken)"
123,5,,SREEDHARA ENTERPRISES,Bangalore,,0.5499,54.99,accounting; english; r,"MS-OfficeAccountingTallyMS-Excel, English Proficiency (Spoken)English Proficiency (Written)"
123,37,,Urban Company,Bangalore,,0.5386,53.86,english; r,"MS-Excel, English Proficiency (Spoken)"
123,1,,Calipers Consulting Private Limited,"Secunderabad, Hyderabad (Hybrid)",,0.5357,53.57,english; r,"MS-Office, MS-ExcelData entryEnglish Proficiency (Spoken)English Proficiency (Written)"
123,38,,Urban Company Ltd.,Bangalore,,0.5152,51.52,english; r,"MS-Excel, English Proficiency (Written)"
123,7,,Leafoberryy,Mumbai,,0.5066,50.66,communication; data analytics; r,LeadershipTeam ManagementE-commerceData AnalyticsMentorshipB2B SalesEffective Communication+2 more
123,17,,SpotOnMedia,Work from home,,0.5064,50.64,english; hindi; r,"MS-Office, MS-ExcelClient Relationship Management (CRM)Client RelationshipEnglish Proficiency (Spoken)English Proficiency (Written)Hindi Proficiency (Spoken)+1 more"
123,24,,SpotOnMedia,Work from home,,0.5064,50.64,english; hindi; r,"MS-Office, MS-ExcelClient Relationship Management (CRM)Client RelationshipEnglish Proficiency (Spoken)English Proficiency (Written)Hindi Proficiency (Spoken)+1 more"
123,39,,KnowledgeWorks Global Limited,"Chennai, Mumbai",,0.4901,49.01,english; r,English Proficiency (Spoken)English Proficiency (Written)
123,3,,Modtraa Design And Creation Incorporation,Bangalore,,0.4777,47.77,communication; english; r; ski,"Presentation skillsMS-Excel, English Proficiency (Spoken)English Proficiency (Written)Kannada Proficiency (Spoken)Interpersonal skillsEffective Communication"
124,7,,Leafoberryy,Mumbai,,0.5077,50.77,communication; data analytics; r,LeadershipTeam ManagementE-commerceData AnalyticsMentorshipB2B SalesEffective Communication+2 more
124,43,,Mintifi Finserve Private Limited,Mumbai,,0.4956,49.56,english; r,"MS-Office, MS-Excel, English Proficiency (Spoken)"
124,3,,Modtraa Design And Creation Incorporation,Bangalore,,0.4901,49.01,communication; english; r; ski,"Presentation skillsMS-Excel, English Proficiency (Spoken)English Proficiency (Written)Kannada Proficiency (Spoken)Interpersonal skillsEffective Communication"
124,45,,Lishanth Enterprises,"Narasaraopet, Anakapalle, Macherla, Prathipadu, Bapatla, Chirala, Gajuwaka Part",,0.4795,47.95,r,Client Relationship Management (CRM)CoordinationSales ManagementClient RelationshipNegotiationsCustomer AcquisitionSales Strategy
124,1,,Calipers Consulting Private Limited,"Secunderabad, Hyderabad (Hybrid)",,0.4794,47.94,english; r,"MS-Office, MS-ExcelData entryEnglish Proficiency (Spoken)English Proficiency (Written)"
124,11,,Lishanth Enterprises,Vijayawada,,0.4722,47.22,r,Client Relationship Management (CRM)Sales ManagementSales SupportCustomer SupportSales Strategy
124,29,,GlobalStep Services Private Limited,Pune,,0.458,45.8,r,RecruitmentResume screeningInterview Coordination
124,5,,SREEDHARA ENTERPRISES,Bangalore,,0.4494,44.94,accounting; english; r,"MS-OfficeAccountingTallyMS-Excel, English Proficiency (Spoken)English Proficiency (Written)"
124,39,,KnowledgeWorks Global Limited,"Chennai, Mumbai",,0.4481,44.81,english; r,English Proficiency (Spoken)English Proficiency (Written)
124,37,,Urban Company,Bangalore,,0.4439,44.39,english; r,"MS-Excel, English Proficiency (Spoken)"
125,40,,RMSI Private Limited,Hyderabad,,0.3435,34.35,r; sql; sql server,SQLMS SQL ServerGISArcGISSSMS
125,1,,Calipers Consulting Private Limited,"Secunderabad, Hyderabad (Hybrid)",,0.304,30.4,english; r,"MS-Office, MS-ExcelData entryEnglish Proficiency (Spoken)English Proficiency (Written)"
125,39,,KnowledgeWorks Global Limited,"Chennai, Mumbai",,0.3028,30.28,english; r,English Proficiency (Spoken)English Proficiency (Written)
125,5,,SREEDHARA ENTERPRISES,Bangalore,,0.2896,28.96,accounting; english; r,"MS-OfficeAccountingTallyMS-Excel, English Proficiency (Spoken)English Proficiency (Written)"
125,17,,SpotOnMedia,Work from home,,0.2887,28.87,english; hindi; r,"MS-Office, MS-ExcelClient Relationship Management (CRM)Client RelationshipEnglish Proficiency (Spoken)English Proficiency (Written)Hindi Proficiency (Spoken)+1 more"
125,24,,SpotOnMedia,Work from home,,0.2887,28.87,english; hindi; r,"MS-Office, MS-ExcelClient Relationship Management (CRM)Client RelationshipEnglish Proficiency (Spoken)English Proficiency (Written)Hindi Proficiency (Spoken)+1 more"
125,34,,Ashiana Housing Limited,Bhiwadi,,0.2769,27.69,data analytics; r,Data AnalyticsMS-ExcelData entryPower BIData Analysis
125,43,,Mintifi Finserve Private Limited,Mumbai,,0.2682,26.82,english; r,"MS-Office, MS-Excel, English Proficiency (Spoken)"
125,7,,Leafoberryy,Mumbai,,0.2658,26.58,communication; data analytics; r,LeadershipTeam ManagementE-commerceData AnalyticsMentorshipB2B SalesEffective Communication+2 more
125,48,,Zucol Group Of Companies,Pune,,0.2641,26.41,english; r,Creative WritingEnglish Proficiency (Spoken)English Proficiency (Written)Network protocols
126,40,,RMSI Private Limited,Hyderabad,,0.529,52.9,r; sql; sql server,SQLMS SQL ServerGISArcGISSSMS
126,23,,Netcore Cloud,"Thane, Mumbai",,0.4906,49.06,r; sql; sql server,HTMLLinuxMS SQL Server
126,1,,Calipers Consulting Private Limited,"Secunderabad, Hyderabad (Hybrid)",,0.4249,42.49,english; r,"MS-Office, MS-ExcelData entryEnglish Proficiency (Spoken)English Proficiency (Written)"
126,5,,SREEDHARA ENTERPRISES,Bangalore,,0.4157,41.57,accounting; english; r,"MS-OfficeAccountingTallyMS-Excel, English Proficiency (Spoken)English Proficiency (Written)"
126,43,,Mintifi Finserve Private Limited,Mumbai,,0.3938,39.38,english; r,"MS-Office, MS-Excel, English Proficiency (Spoken)"
126,7,,Leafoberryy,Mumbai,,0.3838,38.38,communication; data analytics; r,LeadershipTeam ManagementE-commerceData AnalyticsMentorshipB2B SalesEffective Communication+2 more
126,39,,KnowledgeWorks Global Limited,"Chennai, Mumbai",,0.3564,35.64,english; r,English Proficiency (Spoken)English Proficiency (Written)
126,44,,Starcrest Services Pvt. Ltd.,"Delhi, Gurgaon, Noida",,0.3387,33.87,r,MS-OfficeRecruitment
126,12,,Belstar MicroFinance Limited,Chennai,,0.3375,33.75,accounting; plan; r,AccountingFinancial planningFinancial Reporting
126,37,,Urban Company,Bangalore,,0.3359,33.59,english; r,"MS-Excel, English Proficiency (Spoken)"
127,1,,Calipers Consulting Private Limited,"Secunderabad, Hyderabad (Hybrid)",,0.4644,46.44,english; r,"MS-Office, MS-ExcelData entryEnglish Proficiency (Spoken)English Proficiency (Written)"
127,17,,SpotOnMedia,Work from home,,0.4411,44.11,english; hindi; r,"MS-Office, MS-ExcelClient Relationship Management (CRM)Client RelationshipEnglish Proficiency (Spoken)English Proficiency (Written)Hindi Proficiency (Spoken)+1 more"
127,24,,SpotOnMedia,Work from home,,0.4411,44.11,english; hindi; r,"MS-Office, MS-ExcelClient Relationship Management (CRM)Client RelationshipEnglish Proficiency (Spoken)English Proficiency (Written)Hindi Proficiency (Spoken)+1 more"
127,43,,Mintifi Finserve Private Limited,Mumbai,,0.4227,42.27,english; r,"MS-Office, MS-Excel, English Proficiency (Spoken)"
127,39,,KnowledgeWorks Global Limited,"Chennai, Mumbai",,0.4227,42.27,english; r,English Proficiency (Spoken)English Proficiency (Written)
127,23,,Netcore Cloud,"Thane, Mumbai",,0.4104,41.04,r; sql; sql server,HTMLLinuxMS SQL Server
127,40,,RMSI Private Limited,Hyderabad,,0.4099,40.99,r; sql; sql server,SQLMS SQL ServerGISArcGISSSMS
127,5,,SREEDHARA ENTERPRISES,Bangalore,,0.3936,39.36,accounting; english; r,"MS-OfficeAccountingTallyMS-Excel, English Proficiency (Spoken)English Proficiency (Written)"
127,37,,Urban Company,Bangalore,,0.3859,38.59,english; r,"MS-Excel, English Proficiency (Spoken)"
127,3,,Modtraa Design And Creation Incorporation,Bangalore,,0.3651,36.51,communication; english; r; ski,"Presentation skillsMS-Excel, English Proficiency (Spoken)English Proficiency (Written)Kannada Proficiency (Spoken)Interpersonal skillsEffective Communication"
128,40,,RMSI Private Limited,Hyderabad,,0.3546,35.46,r; sql; sql server,SQLMS SQL ServerGISArcGISSSMS
128,43,,Mintifi Finserve Private Limited,Mumbai,,0.3339,33.39,english; r,"MS-Office, MS-Excel, English Proficiency (Spoken)"
128,7,,Leafoberryy,Mumbai,,0.3307,33.07,communication; data analytics; r,LeadershipTeam ManagementE-commerceData AnalyticsMentorshipB2B SalesEffective Communication+2 more
128,23,,Netcore Cloud,"Thane, Mumbai",,0.3039,30.39,r; sql; sql server,HTMLLinuxMS SQL Server
128,29,,GlobalStep Services Private Limited,Pune,,0.2952,29.52,r,RecruitmentResume screeningInterview Coordination
128,34,,Ashiana Housing Limited,Bhiwadi,,0.2942,29.42,data analytics; r,Data AnalyticsMS-ExcelData entryPower BIData Analysis
128,26,,Imarticus Learning,"Mumbai, Noida",,0.2891,28.91,design thinking; r,Content WritingMS-WordMS-PowerPointStoryboardingMS-ExcelContent ManagementDesign Thinking+3 more
128,4,,CCL Advisors,Mumbai,,0.2864,28.64,legal research; r,Legal ResearchCompany LawLegal DraftingStatutory compliancesLegal WritingContract Management
128,5,,SREEDHARA ENTERPRISES,Bangalore,,0.2849,28.49,accounting; english; r,"MS-OfficeAccountingTallyMS-Excel, English Proficiency (Spoken)English Proficiency (Written)"
128,17,,SpotOnMedia,Work from home,,0.28,28.0,english; hindi; r,"MS-Office, MS-ExcelClient Relationship Management (CRM)Client RelationshipEnglish Proficiency (Spoken)English Proficiency (Written)Hindi Proficiency (Spoken)+1 more"
129,7,,Leafoberryy,Mumbai,,0.293,29.3,communication; data analytics; r,LeadershipTeam ManagementE-commerceData AnalyticsMentorshipB2B SalesEffective Communication+2 more
129,50,,Webvio Technologies,Delhi,,0.2744,27.44,english; logging; r,BloggingSearch Engine Optimization (SEO)Creative WritingProofreadingEnglish Proficiency (Written)Research and Analytics
129,23,,Netcore Cloud,"Thane, Mumbai",,0.2394,23.94,r; sql; sql server,HTMLLinuxMS SQL Server
129,34,,Ashiana Housing Limited,Bhiwadi,,0.2385,23.85,data analytics; r,Data AnalyticsMS-ExcelData entryPower BIData Analysis
129,43,,Mintifi Finserve Private Limited,Mumbai,,0.2335,23.35,english; r,"MS-Office, MS-Excel, English Proficiency (Spoken)"
129,40,,RMSI Private Limited,Hyderabad,,0.2279,22.79,r; sql; sql server,SQLMS SQL ServerGISArcGISSSMS
129,26,,Imarticus Learning,"Mumbai, Noida",,0.2229,22.29,design thinking; r,Content WritingMS-WordMS-PowerPointStoryboardingMS-ExcelContent ManagementDesign Thinking+3 more
129,22,,Faff,Bangalore,,0.2205,22.05,communication; conflict management; r,Time ManagementProblem SolvingCoordinationAdaptabilityEffective CommunicationConflict Management
129,39,,KnowledgeWorks Global Limited,"Chennai, Mumbai",,0.2184,21.84,english; r,English Proficiency (Spoken)English Proficiency (Written)
129,5,,SREEDHARA ENTERPRISES,Bangalore,,0.2148,21.48,accounting; english; r,"MS-OfficeAccountingTallyMS-Excel, English Proficiency (Spoken)English Proficiency (Written)"
130,40,,RMSI Private Limited,Hyderabad,,0.4655,46.55,r; sql; sql server,SQLMS SQL ServerGISArcGISSSMS
130,43,,Mintifi Finserve Private Limited,Mumbai,,0.4605,46.05,english; r,"MS-Office, MS-Excel, English Proficiency (Spoken)"
130,1,,Calipers Consulting Private Limited,"Secunderabad, Hyderabad (Hybrid)",,0.4536,45.36,english; r,"MS-Office, MS-ExcelData entryEnglish Proficiency (Spoken)English Proficiency (Written)"
130,5,,SREEDHARA ENTERPRISES,Bangalore,,0.4512,45.12,accounting; english; r,"MS-OfficeAccountingTallyMS-Excel, English Proficiency (Spoken)English Proficiency (Written)"
130,29,,GlobalStep Services Private Limited,Pune,,0.4294,42.94,r,RecruitmentResume screeningInterview Coordination
130,39,,KnowledgeWorks Global Limited,"Chennai, Mumbai",,0.4108,41.08,english; r,English Proficiency (Spoken)English Proficiency (Written)
130,44,,Starcrest Services Pvt. Ltd.,"Delhi, Gurgaon, Noida",,0.4033,40.33,r,MS-OfficeRecruitment
130,23,,Netcore Cloud,"Thane, Mumbai",,0.3853,38.53,r; sql; sql server,HTMLLinuxMS SQL Server
130,34,,Ashiana Housing Limited,Bhiwadi,,0.3793,37.93,data analytics; r,Data AnalyticsMS-ExcelData entryPower BIData Analysis
130,7,,Leafoberryy,Mumbai,,0.3766,37.66,communication; data analytics; r,LeadershipTeam ManagementE-commerceData AnalyticsMentorshipB2B SalesEffective Communication+2 more
131,40,,RMSI Private Limited,Hyderabad,,0.4264,42.64,r; sql; sql server,SQLMS SQL ServerGISArcGISSSMS
131,12,,Belstar MicroFinance Limited,Chennai,,0.4161,41.61,accounting; plan; r,AccountingFinancial planningFinancial Reporting
131,5,,SREEDHARA ENTERPRISES,Bangalore,,0.3925,39.25,accounting; english; r,"MS-OfficeAccountingTallyMS-Excel, English Proficiency (Spoken)English Proficiency (Written)"
131,7,,Leafoberryy,Mumbai,,0.3894,38.94,communication; data analytics; r,LeadershipTeam ManagementE-commerceData AnalyticsMentorshipB2B SalesEffective Communication+2 more
131,1,,Calipers Consulting Private Limited,"Secunderabad, Hyderabad (Hybrid)",,0.3847,38.47,english; r,"MS-Office, MS-ExcelData entryEnglish Proficiency (Spoken)English Proficiency (Written)"
131,17,,SpotOnMedia,Work from home,,0.3743,37.43,english; hindi; r,"MS-Office, MS-ExcelClient Relationship Management (CRM)Client RelationshipEnglish Proficiency (Spoken)English Proficiency (Written)Hindi Proficiency (Spoken)+1 more"
131,24,,SpotOnMedia,Work from home,,0.3743,37.43,english; hindi; r,"MS-Office, MS-ExcelClient Relationship Management (CRM)Client RelationshipEnglish Proficiency (Spoken)English Proficiency (Written)Hindi Proficiency (Spoken)+1 more"
131,23,,Netcore Cloud,"Thane, Mumbai",,0.3718,37.18,r; sql; sql server,HTMLLinuxMS SQL Server
131,45,,Lishanth Enterprises,"Narasaraopet, Anakapalle, Macherla, Prathipadu, Bapatla, Chirala, Gajuwaka Part",,0.3677,36.77,r,Client Relationship Management (CRM)CoordinationSales ManagementClient RelationshipNegotiationsCustomer AcquisitionSales Strategy
131,11,,Lishanth Enterprises,Vijayawada,,0.3442,34.42,r,Client Relationship Management (CRM)Sales ManagementSales SupportCustomer SupportSales Strategy
132,44,,Starcrest Services Pvt. Ltd.,"Delhi, Gurgaon, Noida",,0.3443,34.43,r,MS-OfficeRecruitment
132,32,,IDFC First Bank,"Kolkata, Barasat (Hybrid)",,0.3269,32.69,r,Lead GenerationSalesField Sales
132,12,,Belstar MicroFinance Limited,Chennai,,0.3241,32.41,accounting; plan; r,AccountingFinancial planningFinancial Reporting
132,22,,Faff,Bangalore,,0.3149,31.49,communication; conflict management; r,Time ManagementProblem SolvingCoordinationAdaptabilityEffective CommunicationConflict Management
132,7,,Leafoberryy,Mumbai,,0.2986,29.86,communication; data analytics; r,LeadershipTeam ManagementE-commerceData AnalyticsMentorshipB2B SalesEffective Communication+2 more
132,38,,Urban Company Ltd.,Bangalore,,0.2914,29.14,english; r,"MS-Excel, English Proficiency (Written)"
132,23,,Netcore Cloud,"Thane, Mumbai",,0.2904,29.04,r; sql; sql server,HTMLLinuxMS SQL Server
132,5,,SREEDHARA ENTERPRISES,Bangalore,,0.2903,29.03,accounting; english; r,"MS-OfficeAccountingTallyMS-Excel, English Proficiency (Spoken)English Proficiency (Written)"
132,37,,Urban Company,Bangalore,,0.284,28.4,english; r,"MS-Excel, English Proficiency (Spoken)"
132,43,,Mintifi Finserve Private Limited,Mumbai,,0.2814,28.14,english; r,"MS-Office, MS-Excel, English Proficiency (Spoken)"
133,5,,SREEDHARA ENTERPRISES,Bangalore,,0.4943,49.43,accounting; english; r,"MS-OfficeAccountingTallyMS-Excel, English Proficiency (Spoken)English Proficiency (Written)"
133,1,,Calipers Consulting Private Limited,"Secunderabad, Hyderabad (Hybrid)",,0.484,48.4,english; r,"MS-Office, MS-ExcelData entryEnglish Proficiency (Spoken)English Proficiency (Written)"
133,43,,Mintifi Finserve Private Limited,Mumbai,,0.4603,46.03,english; r,"MS-Office, MS-Excel, English Proficiency (Spoken)"
133,7,,Leafoberryy,Mumbai,,0.4474,44.74,communication; data analytics; r,LeadershipTeam ManagementE-commerceData AnalyticsMentorshipB2B SalesEffective Communication+2 more
133,45,,Lishanth Enterprises,"Narasaraopet, Anakapalle, Macherla, Prathipadu, Bapatla, Chirala, Gajuwaka Part",,0.4416,44.16,r,Client Relationship Management (CRM)CoordinationSales ManagementClient RelationshipNegotiationsCustomer AcquisitionSales Strategy
133,17,,SpotOnMedia,Work from home,,0.4395,43.95,english; hindi; r,"MS-Office, MS-ExcelClient Relationship Management (CRM)Client RelationshipEnglish Proficiency (Spoken)English Proficiency (Written)Hindi Proficiency (Spoken)+1 more"
133,24,,SpotOnMedia,Work from home,,0.4395,43.95,english; hindi; r,"MS-Office, MS-ExcelClient Relationship Management (CRM)Client RelationshipEnglish Proficiency (Spoken)English Proficiency (Written)Hindi Proficiency (Spoken)+1 more"
133,29,,GlobalStep Services Private Limited,Pune,,0.4352,43.52,r,RecruitmentResume screeningInterview Coordination
133,3,,Modtraa Design And Creation Incorporation,Bangalore,,0.4308,43.08,communication; english; r; ski,"Presentation skillsMS-Excel, English Proficiency (Spoken)English Proficiency (Written)Kannada Proficiency (Spoken)Interpersonal skillsEffective Communication"
133,40,,RMSI Private Limited,Hyderabad,,0.4169,41.69,r; sql; sql server,SQLMS SQL ServerGISArcGISSSMS
134,7,,Leafoberryy,Mumbai,,0.4226,42.26,communication; data analytics; r,LeadershipTeam ManagementE-commerceData AnalyticsMentorshipB2B SalesEffective Communication+2 more
134,5,,SREEDHARA ENTERPRISES,Bangalore,,0.4035,40.35,accounting; english; r,"MS-OfficeAccountingTallyMS-Excel, English Proficiency (Spoken)English Proficiency (Written)"
134,22,,Faff,Bangalore,,0.3928,39.28,communication; conflict management; r,Time ManagementProblem SolvingCoordinationAdaptabilityEffective CommunicationConflict Management
134,40,,RMSI Private Limited,Hyderabad,,0.392,39.2,r; sql; sql server,SQLMS SQL ServerGISArcGISSSMS
134,12,,Belstar MicroFinance Limited,Chennai,,0.3911,39.11,accounting; plan; r,AccountingFinancial planningFinancial Reporting
134,43,,Mintifi Finserve Private Limited,Mumbai,,0.3826,38.26,english; r,"MS-Office, MS-Excel, English Proficiency (Spoken)"
134,29,,GlobalStep Services Private Limited,Pune,,0.377,37.7,r,RecruitmentResume screeningInterview Coordination
134,17,,SpotOnMedia,Work from home,,0.37,37.0,english; hindi; r,"MS-Office, MS-ExcelClient Relationship Management (CRM)Client RelationshipEnglish Proficiency (Spoken)English Proficiency (Written)Hindi Proficiency (Spoken)+1 more"
134,24,,SpotOnMedia,Work from home,,0.37,37.0,english; hindi; r,"MS-Office, MS-ExcelClient Relationship Management (CRM)Client RelationshipEnglish Proficiency (Spoken)English Proficiency (Written)Hindi Proficiency (Spoken)+1 more"
134,34,,Ashiana Housing Limited,Bhiwadi,,0.3619,36.19,data analytics; r,Data AnalyticsMS-ExcelData entryPower BIData Analysis
135,1,,Calipers Consulting Private Limited,"Secunderabad, Hyderabad (Hybrid)",,0.47,47.0,english; r,"MS-Office, MS-ExcelData entryEnglish Proficiency (Spoken)English Proficiency (Written)"
135,43,,Mintifi Finserve Private Limited,Mumbai,,0.4692,46.92,english; r,"MS-Office, MS-Excel, English Proficiency (Spoken)"
135,17,,SpotOnMedia,Work from home,,0.4243,42.43,english; hindi; r,"MS-Office, MS-ExcelClient Relationship Management (CRM)Client RelationshipEnglish Proficiency (Spoken)English Proficiency (Written)Hindi Proficiency (Spoken)+1 more"
135,24,,SpotOnMedia,Work from home,,0.4243,42.43,english; hindi; r,"MS-Office, MS-ExcelClient Relationship Management (CRM)Client RelationshipEnglish Proficiency (Spoken)English Proficiency (Written)Hindi Proficiency (Spoken)+1 more"
135,5,,SREEDHARA ENTERPRISES,Bangalore,,0.4203,42.03,accounting; english; r,"MS-OfficeAccountingTallyMS-Excel, English Proficiency (Spoken)English Proficiency (Written)"
135,49,,Cloudnine Hospital,Bangalore,,0.41,41.0,english; r,"MS-Excel, English Proficiency (Written)CanvaPivot TableVLOOKUP"
135,39,,KnowledgeWorks Global Limited,"Chennai, Mumbai",,0.403,40.3,english; r,English Proficiency (Spoken)English Proficiency (Written)
135,40,,RMSI Private Limited,Hyderabad,,0.4006,40.06,r; sql; sql server,SQLMS SQL ServerGISArcGISSSMS
135,29,,GlobalStep Services Private Limited,Pune,,0.3838,38.38,r,RecruitmentResume screeningInterview Coordination
135,37,,Urban Company,Bangalore,,0.3836,38.36,english; r,"MS-Excel, English Proficiency (Spoken)"
136,34,,Ashiana Housing Limited,Bhiwadi,,0.3301,33.01,data analytics; r,Data AnalyticsMS-ExcelData entryPower BIData Analysis
136,7,,Leafoberryy,Mumbai,,0.3104,31.04,communication; data analytics; r,LeadershipTeam ManagementE-commerceData AnalyticsMentorshipB2B SalesEffective Communication+2 more
136,23,,Netcore Cloud,"Thane, Mumbai",,0.2673,26.73,r; sql; sql server,HTMLLinuxMS SQL Server
136,5,,SREEDHARA ENTERPRISES,Bangalore,,0.263,26.3,accounting; english; r,"MS-OfficeAccountingTallyMS-Excel, English Proficiency (Spoken)English Proficiency (Written)"
136,12,,Belstar MicroFinance Limited,Chennai,,0.2618,26.18,accounting; plan; r,AccountingFinancial planningFinancial Reporting
136,29,,GlobalStep Services Private Limited,Pune,,0.2533,25.33,r,RecruitmentResume screeningInterview Coordination
136,17,,SpotOnMedia,Work from home,,0.2371,23.71,english; hindi; r,"MS-Office, MS-ExcelClient Relationship Management (CRM)Client RelationshipEnglish Proficiency (Spoken)English Proficiency (Written)Hindi Proficiency (Spoken)+1 more"
136,24,,SpotOnMedia,Work from home,,0.2371,23.71,english; hindi; r,"MS-Office, MS-ExcelClient Relationship Management (CRM)Client RelationshipEnglish Proficiency (Spoken)English Proficiency (Written)Hindi Proficiency (Spoken)+1 more"
136,1,,Calipers Consulting Private Limited,"Secunderabad, Hyderabad (Hybrid)",,0.2345,23.45,english; r,"MS-Office, MS-ExcelData entryEnglish Proficiency (Spoken)English Proficiency (Written)"
136,49,,Cloudnine Hospital,Bangalore,,0.2342,23.42,english; r,"MS-Excel, English Proficiency (Written)CanvaPivot TableVLOOKUP"
137,7,,Leafoberryy,Mumbai,,0.4028,40.28,communication; data analytics; r,LeadershipTeam ManagementE-commerceData AnalyticsMentorshipB2B SalesEffective Communication+2 more
137,34,,Ashiana Housing Limited,Bhiwadi,,0.3531,35.31,data analytics; r,Data AnalyticsMS-ExcelData entryPower BIData Analysis
137,5,,SREEDHARA ENTERPRISES,Bangalore,,0.3027,30.27,accounting; english; r,"MS-OfficeAccountingTallyMS-Excel, English Proficiency (Spoken)English Proficiency (Written)"
137,17,,SpotOnMedia,Work from home,,0.2957,29.57,english; hindi; r,"MS-Office, MS-ExcelClient Relationship Management (CRM)Client RelationshipEnglish Proficiency (Spoken)English Proficiency (Written)Hindi Proficiency (Spoken)+1 more"
137,24,,SpotOnMedia,Work from home,,0.2957,29.57,english; hindi; r,"MS-Office, MS-ExcelClient Relationship Management (CRM)Client RelationshipEnglish Proficiency (Spoken)English Proficiency (Written)Hindi Proficiency (Spoken)+1 more"
137,50,,Webvio Technologies,Delhi,,0.288,28.8,english; logging; r,BloggingSearch Engine Optimization (SEO)Creative WritingProofreadingEnglish Proficiency (Written)Research and Analytics
137,1,,Calipers Consulting Private Limited,"Secunderabad, Hyderabad (Hybrid)",,0.2775,27.75,english; r,"MS-Office, MS-ExcelData entryEnglish Proficiency (Spoken)English Proficiency (Written)"
137,11,,Lishanth Enterprises,Vijayawada,,0.2743,27.43,r,Client Relationship Management (CRM)Sales ManagementSales SupportCustomer SupportSales Strategy
137,43,,Mintifi Finserve Private Limited,Mumbai,,0.2742,27.42,english; r,"MS-Office, MS-Excel, English Proficiency (Spoken)"
137,40,,RMSI Private Limited,Hyderabad,,0.2695,26.95,r; sql; sql server,SQLMS SQL ServerGISArcGISSSMS
138,36,,Medi Assist Healthcare Private Limited,Mumbai,,0.3624,36.24,medical terminology; r; terminology,Medical Terminology
138,49,,Cloudnine Hospital,Bangalore,,0.3571,35.71,english; r,"MS-Excel, English Proficiency (Written)CanvaPivot TableVLOOKUP"
138,7,,Leafoberryy,Mumbai,,0.3343,33.43,communication; data analytics; r,LeadershipTeam ManagementE-commerceData AnalyticsMentorshipB2B SalesEffective Communication+2 more
138,34,,Ashiana Housing Limited,Bhiwadi,,0.3341,33.41,data analytics; r,Data AnalyticsMS-ExcelData entryPower BIData Analysis
138,5,,SREEDHARA ENTERPRISES,Bangalore,,0.3285,32.85,accounting; english; r,"MS-OfficeAccountingTallyMS-Excel, English Proficiency (Spoken)English Proficiency (Written)"
138,43,,Mintifi Finserve Private Limited,Mumbai,,0.3265,32.65,english; r,"MS-Office, MS-Excel, English Proficiency (Spoken)"
138,1,,Calipers Consulting Private Limited,"Secunderabad, Hyderabad (Hybrid)",,0.3193,31.93,english; r,"MS-Office, MS-ExcelData entryEnglish Proficiency (Spoken)English Proficiency (Written)"
138,37,,Urban Company,Bangalore,,0.313,31.3,english; r,"MS-Excel, English Proficiency (Spoken)"
138,39,,KnowledgeWorks Global Limited,"Chennai, Mumbai",,0.3092,30.92,english; r,English Proficiency (Spoken)English Proficiency (Written)
138,40,,RMSI Private Limited,Hyderabad,,0.2988,29.88,r; sql; sql server,SQLMS SQL ServerGISArcGISSSMS
139,5,,SREEDHARA ENTERPRISES,Bangalore,,0.4564,45.64,accounting; english; r,"MS-OfficeAccountingTallyMS-Excel, English Proficiency (Spoken)English Proficiency (Written)"
139,7,,Leafoberryy,Mumbai,,0.4255,42.55,communication; data analytics; r,LeadershipTeam ManagementE-commerceData AnalyticsMentorshipB2B SalesEffective Communication+2 more
139,1,,Calipers Consulting Private Limited,"Secunderabad, Hyderabad (Hybrid)",,0.4245,42.45,english; r,"MS-Office, MS-ExcelData entryEnglish Proficiency (Spoken)English Proficiency (Written)"
139,17,,SpotOnMedia,Work from home,,0.4188,41.88,english; hindi; r,"MS-Office, MS-ExcelClient Relationship Management (CRM)Client RelationshipEnglish Proficiency (Spoken)English Proficiency (Written)Hindi Proficiency (Spoken)+1 more"
139,24,,SpotOnMedia,Work from home,,0.4188,41.88,english; hindi; r,"MS-Office, MS-ExcelClient Relationship Management (CRM)Client RelationshipEnglish Proficiency (Spoken)English Proficiency (Written)Hindi Proficiency (Spoken)+1 more"
139,37,,Urban Company,Bangalore,,0.4128,41.28,english; r,"MS-Excel, English Proficiency (Spoken)"
139,39,,KnowledgeWorks Global Limited,"Chennai, Mumbai",,0.4087,40.87,english; r,English Proficiency (Spoken)English Proficiency (Written)
139,38,,Urban Company Ltd.,Bangalore,,0.391,39.1,english; r,"MS-Excel, English Proficiency (Written)"
139,12,,Belstar MicroFinance Limited,Chennai,,0.3846,38.46,accounting; plan; r,AccountingFinancial planningFinancial Reporting
139,43,,Mintifi Finserve Private Limited,Mumbai,,0.3767,37.67,english; r,"MS-Office, MS-Excel, English Proficiency (Spoken)"
140,1,,Calipers Consulting Private Limited,"Secunderabad, Hyderabad (Hybrid)",,0.4992,49.92,english; r,"MS-Office, MS-ExcelData entryEnglish Proficiency (Spoken)English Proficiency (Written)"
140,39,,KnowledgeWorks Global Limited,"Chennai, Mumbai",,0.497,49.7,english; r,English Proficiency (Spoken)English Proficiency (Written)
140,7,,Leafoberryy,Mumbai,,0.4561,45.61,communication; data analytics; r,LeadershipTeam ManagementE-commerceData AnalyticsMentorshipB2B SalesEffective Communication+2 more
140,5,,SREEDHARA ENTERPRISES,Bangalore,,0.4478,44.78,accounting; english; r,"MS-OfficeAccountingTallyMS-Excel, English Proficiency (Spoken)English Proficiency (Written)"
140,43,,Mintifi Finserve Private Limited,Mumbai,,0.4458,44.58,english; r,"MS-Office, MS-Excel, English Proficiency (Spoken)"
140,3,,Modtraa Design And Creation Incorporation,Bangalore,,0.4442,44.42,communication; english; r; ski,"Presentation skillsMS-Excel, English Proficiency (Spoken)English Proficiency (Written)Kannada Proficiency (Spoken)Interpersonal skillsEffective Communication"
140,37,,Urban Company,Bangalore,,0.4115,41.15,english; r,"MS-Excel, English Proficiency (Spoken)"
140,17,,SpotOnMedia,Work from home,,0.4062,40.62,english; hindi; r,"MS-Office, MS-ExcelClient Relationship Management (CRM)Client RelationshipEnglish Proficiency (Spoken)English Proficiency (Written)Hindi Proficiency (Spoken)+1 more"
140,24,,SpotOnMedia,Work from home,,0.4062,40.62,english; hindi; r,"MS-Office, MS-ExcelClient Relationship Management (CRM)Client RelationshipEnglish Proficiency (Spoken)English Proficiency (Written)Hindi Proficiency (Spoken)+1 more"
140,29,,GlobalStep Services Private Limited,Pune,,0.4021,40.21,r,RecruitmentResume screeningInterview Coordination
141,39,,KnowledgeWorks Global Limited,"Chennai, Mumbai",,0.4518,45.18,english; r,English Proficiency (Spoken)English Proficiency (Written)
141,1,,Calipers Consulting Private Limited,"Secunderabad, Hyderabad (Hybrid)",,0.417,41.7,english; r,"MS-Office, MS-ExcelData entryEnglish Proficiency (Spoken)English Proficiency (Written)"
141,43,,Mintifi Finserve Private Limited,Mumbai,,0.4115,41.15,english; r,"MS-Office, MS-Excel, English Proficiency (Spoken)"
141,5,,SREEDHARA ENTERPRISES,Bangalore,,0.4097,40.97,accounting; english; r,"MS-OfficeAccountingTallyMS-Excel, English Proficiency (Spoken)English Proficiency (Written)"
141,37,,Urban Company,Bangalore,,0.409,40.9,english; r,"MS-Excel, English Proficiency (Spoken)"
141,7,,Leafoberryy,Mumbai,,0.3967,39.67,communication; data analytics; r,LeadershipTeam ManagementE-commerceData AnalyticsMentorshipB2B SalesEffective Communication+2 more
141,29,,GlobalStep Services Private Limited,Pune,,0.3676,36.76,r,RecruitmentResume screeningInterview Coordination
141,50,,Webvio Technologies,Delhi,,0.3652,36.52,english; logging; r,BloggingSearch Engine Optimization (SEO)Creative WritingProofreadingEnglish Proficiency (Written)Research and Analytics
141,3,,Modtraa Design And Creation Incorporation,Bangalore,,0.3615,36.15,communication; english; r; ski,"Presentation skillsMS-Excel, English Proficiency (Spoken)English Proficiency (Written)Kannada Proficiency (Spoken)Interpersonal skillsEffective Communication"
141,34,,Ashiana Housing Limited,Bhiwadi,,0.361,36.1,data analytics; r,Data AnalyticsMS-ExcelData entryPower BIData Analysis
142,12,,Belstar MicroFinance Limited,Chennai,,0.441,44.1,accounting; plan; r,AccountingFinancial planningFinancial Reporting
142,7,,Leafoberryy,Mumbai,,0.4279,42.79,communication; data analytics; r,LeadershipTeam ManagementE-commerceData AnalyticsMentorshipB2B SalesEffective Communication+2 more
142,29,,GlobalStep Services Private Limited,Pune,,0.4244,42.44,r,RecruitmentResume screeningInterview Coordination
142,34,,Ashiana Housing Limited,Bhiwadi,,0.4046,40.46,data analytics; r,Data AnalyticsMS-ExcelData entryPower BIData Analysis
142,43,,Mintifi Finserve Private Limited,Mumbai,,0.3925,39.25,english; r,"MS-Office, MS-Excel, English Proficiency (Spoken)"
142,5,,SREEDHARA ENTERPRISES,Bangalore,,0.3844,38.44,accounting; english; r,"MS-OfficeAccountingTallyMS-Excel, English Proficiency (Spoken)English Proficiency (Written)"
142,40,,RMSI Private Limited,Hyderabad,,0.3681,36.81,r; sql; sql server,SQLMS SQL ServerGISArcGISSSMS
142,49,,Cloudnine Hospital,Bangalore,,0.3387,33.87,english; r,"MS-Excel, English Proficiency (Written)CanvaPivot TableVLOOKUP"
142,37,,Urban Company,Bangalore,,0.3269,32.69,english; r,"MS-Excel, English Proficiency (Spoken)"
142,11,,Lishanth Enterprises,Vijayawada,,0.3263,32.63,r,Client Relationship Management (CRM)Sales ManagementSales SupportCustomer SupportSales Strategy
143,1,,Calipers Consulting Private Limited,"Secunderabad, Hyderabad (Hybrid)",,0.5258,52.58,english; r,"MS-Office, MS-ExcelData entryEnglish Proficiency (Spoken)English Proficiency (Written)"
143,39,,KnowledgeWorks Global Limited,"Chennai, Mumbai",,0.5197,51.97,english; r,English Proficiency (Spoken)English Proficiency (Written)
143,7,,Leafoberryy,Mumbai,,0.474,47.4,communication; data analytics; r,LeadershipTeam ManagementE-commerceData AnalyticsMentorshipB2B SalesEffective Communication+2 more
143,40,,RMSI Private Limited,Hyderabad,,0.4595,45.95,r; sql; sql server,SQLMS SQL ServerGISArcGISSSMS
143,43,,Mintifi Finserve Private Limited,Mumbai,,0.444,44.4,english; r,"MS-Office, MS-Excel, English Proficiency (Spoken)"
143,5,,SREEDHARA ENTERPRISES,Bangalore,,0.4374,43.74,accounting; english; r,"MS-OfficeAccountingTallyMS-Excel, English Proficiency (Spoken)English Proficiency (Written)"
143,3,,Modtraa Design And Creation Incorporation,Bangalore,,0.431,43.1,communication; english; r; ski,"Presentation skillsMS-Excel, English Proficiency (Spoken)English Proficiency (Written)Kannada Proficiency (Spoken)Interpersonal skillsEffective Communication"
143,17,,SpotOnMedia,Work from home,,0.4204,42.04,english; hindi; r,"MS-Office, MS-ExcelClient Relationship Management (CRM)Client RelationshipEnglish Proficiency (Spoken)English Proficiency (Written)Hindi Proficiency (Spoken)+1 more"
143,24,,SpotOnMedia,Work from home,,0.4204,42.04,english; hindi; r,"MS-Office, MS-ExcelClient Relationship Management (CRM)Client RelationshipEnglish Proficiency (Spoken)English Proficiency (Written)Hindi Proficiency (Spoken)+1 more"
143,26,,Imarticus Learning,"Mumbai, Noida",,0.4106,41.06,design thinking; r,Content WritingMS-WordMS-PowerPointStoryboardingMS-ExcelContent ManagementDesign Thinking+3 more
144,32,,IDFC First Bank,"Kolkata, Barasat (Hybrid)",,0.4004,40.04,r,Lead GenerationSalesField Sales
144,12,,Belstar MicroFinance Limited,Chennai,,0.3993,39.93,accounting; plan; r,AccountingFinancial planningFinancial Reporting
144,42,,Paisabazaar,Gurgaon,,0.3917,39.17,investment banking,Investment BankingSales
144,44,,Starcrest Services Pvt. Ltd.,"Delhi, Gurgaon, Noida",,0.3711,37.11,r,MS-OfficeRecruitment
144,40,,RMSI Private Limited,Hyderabad,,0.3446,34.46,r; sql; sql server,SQLMS SQL ServerGISArcGISSSMS
144,5,,SREEDHARA ENTERPRISES,Bangalore,,0.3437,34.37,accounting; english; r,"MS-OfficeAccountingTallyMS-Excel, English Proficiency (Spoken)English Proficiency (Written)"
144,45,,Lishanth Enterprises,"Narasaraopet, Anakapalle, Macherla, Prathipadu, Bapatla, Chirala, Gajuwaka Part",,0.328,32.8,r,Client Relationship Management (CRM)CoordinationSales ManagementClient RelationshipNegotiationsCustomer AcquisitionSales Strategy
144,29,,GlobalStep Services Private Limited,Pune,,0.3135,31.35,r,RecruitmentResume screeningInterview Coordination
144,1,,Calipers Consulting Private Limited,"Secunderabad, Hyderabad (Hybrid)",,0.2899,28.99,english; r,"MS-Office, MS-ExcelData entryEnglish Proficiency (Spoken)English Proficiency (Written)"
144,43,,Mintifi Finserve Private Limited,Mumbai,,0.2878,28.78,english; r,"MS-Office, MS-Excel, English Proficiency (Spoken)"
145,1,,Calipers Consulting Private Limited,"Secunderabad, Hyderabad (Hybrid)",,0.414,41.4,english; r,"MS-Office, MS-ExcelData entryEnglish Proficiency (Spoken)English Proficiency (Written)"
145,29,,GlobalStep Services Private Limited,Pune,,0.3845,38.45,r,RecruitmentResume screeningInterview Coordination
145,12,,Belstar MicroFinance Limited,Chennai,,0.3737,37.37,accounting; plan; r,AccountingFinancial planningFinancial Reporting
145,43,,Mintifi Finserve Private Limited,Mumbai,,0.3641,36.41,english; r,"MS-Office, MS-Excel, English Proficiency (Spoken)"
145,39,,KnowledgeWorks Global Limited,"Chennai, Mumbai",,0.362,36.2,english; r,English Proficiency (Spoken)English Proficiency (Written)
145,49,,Cloudnine Hospital,Bangalore,,0.3602,36.02,english; r,"MS-Excel, English Proficiency (Written)CanvaPivot TableVLOOKUP"
145,44,,Starcrest Services Pvt. Ltd.,"Delhi, Gurgaon, Noida",,0.3469,34.69,r,MS-OfficeRecruitment
145,22,,Faff,Bangalore,,0.328,32.8,communication; conflict management; r,Time ManagementProblem SolvingCoordinationAdaptabilityEffective CommunicationConflict Management
145,17,,SpotOnMedia,Work from home,,0.3252,32.52,english; hindi; r,"MS-Office, MS-ExcelClient Relationship Management (CRM)Client RelationshipEnglish Proficiency (Spoken)English Proficiency (Written)Hindi Proficiency (Spoken)+1 more"
145,24,,SpotOnMedia,Work from home,,0.3252,32.52,english; hindi; r,"MS-Office, MS-ExcelClient Relationship Management (CRM)Client RelationshipEnglish Proficiency (Spoken)English Proficiency (Written)Hindi Proficiency (Spoken)+1 more"
146,7,,Leafoberryy,Mumbai,,0.4068,40.68,communication; data analytics; r,LeadershipTeam ManagementE-commerceData AnalyticsMentorshipB2B SalesEffective Communication+2 more
146,40,,RMSI Private Limited,Hyderabad,,0.4062,40.62,r; sql; sql server,SQLMS SQL ServerGISArcGISSSMS
146,17,,SpotOnMedia,Work from home,,0.4052,40.52,english; hindi; r,"MS-Office, MS-ExcelClient Relationship Management (CRM)Client RelationshipEnglish Proficiency (Spoken)English Proficiency (Written)Hindi Proficiency (Spoken)+1 more"
146,24,,SpotOnMedia,Work from home,,0.4052,40.52,english; hindi; r,"MS-Office, MS-ExcelClient Relationship Management (CRM)Client RelationshipEnglish Proficiency (Spoken)English Proficiency (Written)Hindi Proficiency (Spoken)+1 more"
146,1,,Calipers Consulting Private Limited,"Secunderabad, Hyderabad (Hybrid)",,0.4042,40.42,english; r,"MS-Office, MS-ExcelData entryEnglish Proficiency (Spoken)English Proficiency (Written)"
146,39,,KnowledgeWorks Global Limited,"Chennai, Mumbai",,0.3931,39.31,english; r,English Proficiency (Spoken)English Proficiency (Written)
146,34,,Ashiana Housing Limited,Bhiwadi,,0.3753,37.53,data analytics; r,Data AnalyticsMS-ExcelData entryPower BIData Analysis
146,23,,Netcore Cloud,"Thane, Mumbai",,0.3694,36.94,r; sql; sql server,HTMLLinuxMS SQL Server
146,12,,Belstar MicroFinance Limited,Chennai,,0.3621,36.21,accounting; plan; r,AccountingFinancial planningFinancial Reporting
146,43,,Mintifi Finserve Private Limited,Mumbai,,0.3588,35.88,english; r,"MS-Office, MS-Excel, English Proficiency (Spoken)"
147,39,,KnowledgeWorks Global Limited,"Chennai, Mumbai",,0.4793,47.93,english; r,English Proficiency (Spoken)English Proficiency (Written)
147,1,,Calipers Consulting Private Limited,"Secunderabad, Hyderabad (Hybrid)",,0.467,46.7,english; r,"MS-Office, MS-ExcelData entryEnglish Proficiency (Spoken)English Proficiency (Written)"
147,43,,Mintifi Finserve Private Limited,Mumbai,,0.4604,46.04,english; r,"MS-Office, MS-Excel, English Proficiency (Spoken)"
147,37,,Urban Company,Bangalore,,0.4504,45.04,english; r,"MS-Excel, English Proficiency (Spoken)"
147,5,,SREEDHARA ENTERPRISES,Bangalore,,0.4306,43.06,accounting; english; r,"MS-OfficeAccountingTallyMS-Excel, English Proficiency (Spoken)English Proficiency (Written)"
147,38,,Urban Company Ltd.,Bangalore,,0.4207,42.07,english; r,"MS-Excel, English Proficiency (Written)"
147,3,,Modtraa Design And Creation Incorporation,Bangalore,,0.4017,40.17,communication; english; r; ski,"Presentation skillsMS-Excel, English Proficiency (Spoken)English Proficiency (Written)Kannada Proficiency (Spoken)Interpersonal skillsEffective Communication"
147,7,,Leafoberryy,Mumbai,,0.4005,40.05,communication; data analytics; r,LeadershipTeam ManagementE-commerceData AnalyticsMentorshipB2B SalesEffective Communication+2 more
147,17,,SpotOnMedia,Work from home,,0.3916,39.16,english; hindi; r,"MS-Office, MS-ExcelClient Relationship Management (CRM)Client RelationshipEnglish Proficiency (Spoken)English Proficiency (Written)Hindi Proficiency (Spoken)+1 more"
147,24,,SpotOnMedia,Work from home,,0.3916,39.16,english; hindi; r,"MS-Office, MS-ExcelClient Relationship Management (CRM)Client RelationshipEnglish Proficiency (Spoken)English Proficiency (Written)Hindi Proficiency (Spoken)+1 more"
148,1,,Calipers Consulting Private Limited,"Secunderabad, Hyderabad (Hybrid)",,0.4974,49.74,english; r,"MS-Office, MS-ExcelData entryEnglish Proficiency (Spoken)English Proficiency (Written)"
148,39,,KnowledgeWorks Global Limited,"Chennai, Mumbai",,0.4777,47.77,english; r,English Proficiency (Spoken)English Proficiency (Written)
148,17,,SpotOnMedia,Work from home,,0.4741,47.41,english; hindi; r,"MS-Office, MS-ExcelClient Relationship Management (CRM)Client RelationshipEnglish Proficiency (Spoken)English Proficiency (Written)Hindi Proficiency (Spoken)+1 more"
148,24,,SpotOnMedia,Work from home,,0.4741,47.41,english; hindi; r,"MS-Office, MS-ExcelClient Relationship Management (CRM)Client RelationshipEnglish Proficiency (Spoken)English Proficiency (Written)Hindi Proficiency (Spoken)+1 more"
148,23,,Netcore Cloud,"Thane, Mumbai",,0.4559,45.59,r; sql; sql server,HTMLLinuxMS SQL Server
148,43,,Mintifi Finserve Private Limited,Mumbai,,0.4495,44.95,english; r,"MS-Office, MS-Excel, English Proficiency (Spoken)"
148,3,,Modtraa Design And Creation Incorporation,Bangalore,,0.4444,44.44,communication; english; r; ski,"Presentation skillsMS-Excel, English Proficiency (Spoken)English Proficiency (Written)Kannada Proficiency (Spoken)Interpersonal skillsEffective Communication"
148,50,,Webvio Technologies,Delhi,,0.4392,43.92,english; logging; r,BloggingSearch Engine Optimization (SEO)Creative WritingProofreadingEnglish Proficiency (Written)Research and Analytics
148,5,,SREEDHARA ENTERPRISES,Bangalore,,0.4178,41.78,accounting; english; r,"MS-OfficeAccountingTallyMS-Excel, English Proficiency (Spoken)English Proficiency (Written)"
148,37,,Urban Company,Bangalore,,0.3906,39.06,english; r,"MS-Excel, English Proficiency (Spoken)"
149,43,,Mintifi Finserve Private Limited,Mumbai,,0.4794,47.94,english; r,"MS-Office, MS-Excel, English Proficiency (Spoken)"
149,39,,KnowledgeWorks Global Limited,"Chennai, Mumbai",,0.4605,46.05,english; r,English Proficiency (Spoken)English Proficiency (Written)
149,5,,SREEDHARA ENTERPRISES,Bangalore,,0.4531,45.31,accounting; english; r,"MS-OfficeAccountingTallyMS-Excel, English Proficiency (Spoken)English Proficiency (Written)"
149,29,,GlobalStep Services Private Limited,Pune,,0.4508,45.08,r,RecruitmentResume screeningInterview Coordination
149,1,,Calipers Consulting Private Limited,"Secunderabad, Hyderabad (Hybrid)",,0.4465,44.65,english; r,"MS-Office, MS-ExcelData entryEnglish Proficiency (Spoken)English Proficiency (Written)"
149,7,,Leafoberryy,Mumbai,,0.4421,44.21,communication; data analytics; r,LeadershipTeam ManagementE-commerceData AnalyticsMentorshipB2B SalesEffective Communication+2 more
149,37,,Urban Company,Bangalore,,0.4273,42.73,english; r,"MS-Excel, English Proficiency (Spoken)"
149,17,,SpotOnMedia,Work from home,,0.4199,41.99,english; hindi; r,"MS-Office, MS-ExcelClient Relationship Management (CRM)Client RelationshipEnglish Proficiency (Spoken)English Proficiency (Written)Hindi Proficiency (Spoken)+1 more"
149,24,,SpotOnMedia,Work from home,,0.4199,41.99,english; hindi; r,"MS-Office, MS-ExcelClient Relationship Management (CRM)Client RelationshipEnglish Proficiency (Spoken)English Proficiency (Written)Hindi Proficiency (Spoken)+1 more"
149,23,,Netcore Cloud,"Thane, Mumbai",,0.4194,41.94,r; sql; sql server,HTMLLinuxMS SQL Server
150,17,,SpotOnMedia,Work from home,,0.4504,45.04,english; hindi; r,"MS-Office, MS-ExcelClient Relationship Management (CRM)Client RelationshipEnglish Proficiency (Spoken)English Proficiency (Written)Hindi Proficiency (Spoken)+1 more"
150,24,,SpotOnMedia,Work from home,,0.4504,45.04,english; hindi; r,"MS-Office, MS-ExcelClient Relationship Management (CRM)Client RelationshipEnglish Proficiency (Spoken)English Proficiency (Written)Hindi Proficiency (Spoken)+1 more"
150,23,,Netcore Cloud,"Thane, Mumbai",,0.3906,39.06,r; sql; sql server,HTMLLinuxMS SQL Server
150,7,,Leafoberryy,Mumbai,,0.3876,38.76,communication; data analytics; r,LeadershipTeam ManagementE-commerceData AnalyticsMentorshipB2B SalesEffective Communication+2 more
150,1,,Calipers Consulting Private Limited,"Secunderabad, Hyderabad (Hybrid)",,0.3869,38.69,english; r,"MS-Office, MS-ExcelData entryEnglish Proficiency (Spoken)English Proficiency (Written)"
150,3,,Modtraa Design And Creation Incorporation,Bangalore,,0.3849,38.49,communication; english; r; ski,"Presentation skillsMS-Excel, English Proficiency (Spoken)English Proficiency (Written)Kannada Proficiency (Spoken)Interpersonal skillsEffective Communication"
150,39,,KnowledgeWorks Global Limited,"Chennai, Mumbai",,0.3686,36.86,english; r,English Proficiency (Spoken)English Proficiency (Written)
150,11,,Lishanth Enterprises,Vijayawada,,0.346,34.6,r,Client Relationship Management (CRM)Sales ManagementSales SupportCustomer SupportSales Strategy
150,43,,Mintifi Finserve Private Limited,Mumbai,,0.3319,33.19,english; r,"MS-Office, MS-Excel, English Proficiency (Spoken)"
150,45,,Lishanth Enterprises,"Narasaraopet, Anakapalle, Macherla, Prathipadu, Bapatla, Chirala, Gajuwaka Part",,0.3294,32.94,r,Client Relationship Management (CRM)CoordinationSales ManagementClient RelationshipNegotiationsCustomer AcquisitionSales Strategy
151,17,,SpotOnMedia,Work from home,,0.3836,38.36,english; hindi; r,"MS-Office, MS-ExcelClient Relationship Management (CRM)Client RelationshipEnglish Proficiency (Spoken)English Proficiency (Written)Hindi Proficiency (Spoken)+1 more"
151,24,,SpotOnMedia,Work from home,,0.3836,38.36,english; hindi; r,"MS-Office, MS-ExcelClient Relationship Management (CRM)Client RelationshipEnglish Proficiency (Spoken)English Proficiency (Written)Hindi Proficiency (Spoken)+1 more"
151,29,,GlobalStep Services Private Limited,Pune,,0.3794,37.94,r,RecruitmentResume screeningInterview Coordination
151,1,,Calipers Consulting Private Limited,"Secunderabad, Hyderabad (Hybrid)",,0.3514,35.14,english; r,"MS-Office, MS-ExcelData entryEnglish Proficiency (Spoken)English Proficiency (Written)"
151,48,,Zucol Group Of Companies,Pune,,0.3356,33.56,english; r,Creative WritingEnglish Proficiency (Spoken)English Proficiency (Written)Network protocols
151,39,,KnowledgeWorks Global Limited,"Chennai, Mumbai",,0.3321,33.21,english; r,English Proficiency (Spoken)English Proficiency (Written)
151,5,,SREEDHARA ENTERPRISES,Bangalore,,0.3302,33.02,accounting; english; r,"MS-OfficeAccountingTallyMS-Excel, English Proficiency (Spoken)English Proficiency (Written)"
151,43,,Mintifi Finserve Private Limited,Mumbai,,0.3213,32.13,english; r,"MS-Office, MS-Excel, English Proficiency (Spoken)"
151,37,,Urban Company,Bangalore,,0.3203,32.03,english; r,"MS-Excel, English Proficiency (Spoken)"
151,38,,Urban Company Ltd.,Bangalore,,0.3054,30.54,english; r,"MS-Excel, English Proficiency (Written)"
152,23,,Netcore Cloud,"Thane, Mumbai",,0.4166,41.66,r; sql; sql server,HTMLLinuxMS SQL Server
152,17,,SpotOnMedia,Work from home,,0.3786,37.86,english; hindi; r,"MS-Office, MS-ExcelClient Relationship Management (CRM)Client RelationshipEnglish Proficiency (Spoken)English Proficiency (Written)Hindi Proficiency (Spoken)+1 more"
152,24,,SpotOnMedia,Work from home,,0.3786,37.86,english; hindi; r,"MS-Office, MS-ExcelClient Relationship Management (CRM)Client RelationshipEnglish Proficiency (Spoken)English Proficiency (Written)Hindi Proficiency (Spoken)+1 more"
152,39,,KnowledgeWorks Global Limited,"Chennai, Mumbai",,0.3508,35.08,english; r,English Proficiency (Spoken)English Proficiency (Written)
152,50,,Webvio Technologies,Delhi,,0.3397,33.97,english; logging; r,BloggingSearch Engine Optimization (SEO)Creative WritingProofreadingEnglish Proficiency (Written)Research and Analytics
152,3,,Modtraa Design And Creation Incorporation,Bangalore,,0.3225,32.25,communication; english; r; ski,"Presentation skillsMS-Excel, English Proficiency (Spoken)English Proficiency (Written)Kannada Proficiency (Spoken)Interpersonal skillsEffective Communication"
152,26,,Imarticus Learning,"Mumbai, Noida",,0.3163,31.63,design thinking; r,Content WritingMS-WordMS-PowerPointStoryboardingMS-ExcelContent ManagementDesign Thinking+3 more
152,1,,Calipers Consulting Private Limited,"Secunderabad, Hyderabad (Hybrid)",,0.3107,31.07,english; r,"MS-Office, MS-ExcelData entryEnglish Proficiency (Spoken)English Proficiency (Written)"
152,4,,CCL Advisors,Mumbai,,0.2937,29.37,legal research; r,Legal ResearchCompany LawLegal DraftingStatutory compliancesLegal WritingContract Management
152,5,,SREEDHARA ENTERPRISES,Bangalore,,0.29,29.0,accounting; english; r,"MS-OfficeAccountingTallyMS-Excel, English Proficiency (Spoken)English Proficiency (Written)"
153,50,,Webvio Technologies,Delhi,,0.3719,37.19,english; logging; r,BloggingSearch Engine Optimization (SEO)Creative WritingProofreadingEnglish Proficiency (Written)Research and Analytics
153,23,,Netcore Cloud,"Thane, Mumbai",,0.3499,34.99,r; sql; sql server,HTMLLinuxMS SQL Server
153,26,,Imarticus Learning,"Mumbai, Noida",,0.3427,34.27,design thinking; r,Content WritingMS-WordMS-PowerPointStoryboardingMS-ExcelContent ManagementDesign Thinking+3 more
153,3,,Modtraa Design And Creation Incorporation,Bangalore,,0.3394,33.94,communication; english; r; ski,"Presentation skillsMS-Excel, English Proficiency (Spoken)English Proficiency (Written)Kannada Proficiency (Spoken)Interpersonal skillsEffective Communication"
153,17,,SpotOnMedia,Work from home,,0.3327,33.27,english; hindi; r,"MS-Office, MS-ExcelClient Relationship Management (CRM)Client RelationshipEnglish Proficiency (Spoken)English Proficiency (Written)Hindi Proficiency (Spoken)+1 more"
153,24,,SpotOnMedia,Work from home,,0.3327,33.27,english; hindi; r,"MS-Office, MS-ExcelClient Relationship Management (CRM)Client RelationshipEnglish Proficiency (Spoken)English Proficiency (Written)Hindi Proficiency (Spoken)+1 more"
153,39,,KnowledgeWorks Global Limited,"Chennai, Mumbai",,0.3157,31.57,english; r,English Proficiency (Spoken)English Proficiency (Written)
153,1,,Calipers Consulting Private Limited,"Secunderabad, Hyderabad (Hybrid)",,0.3098,30.98,english; r,"MS-Office, MS-ExcelData entryEnglish Proficiency (Spoken)English Proficiency (Written)"
153,7,,Leafoberryy,Mumbai,,0.2639,26.39,communication; data analytics; r,LeadershipTeam ManagementE-commerceData AnalyticsMentorshipB2B SalesEffective Communication+2 more
153,29,,GlobalStep Services Private Limited,Pune,,0.2611,26.11,r,RecruitmentResume screeningInterview Coordination
154,17,,SpotOnMedia,Work from home,,0.4796,47.96,english; hindi; r,"MS-Office, MS-ExcelClient Relationship Management (CRM)Client RelationshipEnglish Proficiency (Spoken)English Proficiency (Written)Hindi Proficiency (Spoken)+1 more"
154,24,,SpotOnMedia,Work from home,,0.4796,47.96,english; hindi; r,"MS-Office, MS-ExcelClient Relationship Management (CRM)Client RelationshipEnglish Proficiency (Spoken)English Proficiency (Written)Hindi Proficiency (Spoken)+1 more"
154,39,,KnowledgeWorks Global Limited,"Chennai, Mumbai",,0.4511,45.11,english; r,English Proficiency (Spoken)English Proficiency (Written)
154,3,,Modtraa Design And Creation Incorporation,Bangalore,,0.4293,42.93,communication; english; r; ski,"Presentation skillsMS-Excel, English Proficiency (Spoken)English Proficiency (Written)Kannada Proficiency (Spoken)Interpersonal skillsEffective Communication"
154,1,,Calipers Consulting Private Limited,"Secunderabad, Hyderabad (Hybrid)",,0.4255,42.55,english; r,"MS-Office, MS-ExcelData entryEnglish Proficiency (Spoken)English Proficiency (Written)"
154,50,,Webvio Technologies,Delhi,,0.4029,40.29,english; logging; r,BloggingSearch Engine Optimization (SEO)Creative WritingProofreadingEnglish Proficiency (Written)Research and Analytics
154,26,,Imarticus Learning,"Mumbai, Noida",,0.3736,37.36,design thinking; r,Content WritingMS-WordMS-PowerPointStoryboardingMS-ExcelContent ManagementDesign Thinking+3 more
154,5,,SREEDHARA ENTERPRISES,Bangalore,,0.362,36.2,accounting; english; r,"MS-OfficeAccountingTallyMS-Excel, English Proficiency (Spoken)English Proficiency (Written)"
154,43,,Mintifi Finserve Private Limited,Mumbai,,0.3569,35.69,english; r,"MS-Office, MS-Excel, English Proficiency (Spoken)"
154,37,,Urban Company,Bangalore,,0.3523,35.23,english; r,"MS-Excel, English Proficiency (Spoken)"
155,17,,SpotOnMedia,Work from home,,0.4754,47.54,english; hindi; r,"MS-Office, MS-ExcelClient Relationship Management (CRM)Client RelationshipEnglish Proficiency (Spoken)English Proficiency (Written)Hindi Proficiency (Spoken)+1 more"
155,24,,SpotOnMedia,Work from home,,0.4754,47.54,english; hindi; r,"MS-Office, MS-ExcelClient Relationship Management (CRM)Client RelationshipEnglish Proficiency (Spoken)English Proficiency (Written)Hindi Proficiency (Spoken)+1 more"
155,29,,GlobalStep Services Private Limited,Pune,,0.4724,47.24,r,RecruitmentResume screeningInterview Coordination
155,5,,SREEDHARA ENTERPRISES,Bangalore,,0.4724,47.24,accounting; english; r,"MS-OfficeAccountingTallyMS-Excel, English Proficiency (Spoken)English Proficiency (Written)"
155,43,,Mintifi Finserve Private Limited,Mumbai,,0.468,46.8,english; r,"MS-Office, MS-Excel, English Proficiency (Spoken)"
155,1,,Calipers Consulting Private Limited,"Secunderabad, Hyderabad (Hybrid)",,0.4569,45.69,english; r,"MS-Office, MS-ExcelData entryEnglish Proficiency (Spoken)English Proficiency (Written)"
155,37,,Urban Company,Bangalore,,0.4198,41.98,english; r,"MS-Excel, English Proficiency (Spoken)"
155,26,,Imarticus Learning,"Mumbai, Noida",,0.4126,41.26,design thinking; r,Content WritingMS-WordMS-PowerPointStoryboardingMS-ExcelContent ManagementDesign Thinking+3 more
155,3,,Modtraa Design And Creation Incorporation,Bangalore,,0.4056,40.56,communication; english; r; ski,"Presentation skillsMS-Excel, English Proficiency (Spoken)English Proficiency (Written)Kannada Proficiency (Spoken)Interpersonal skillsEffective Communication"
155,45,,Lishanth Enterprises,"Narasaraopet, Anakapalle, Macherla, Prathipadu, Bapatla, Chirala, Gajuwaka Part",,0.4047,40.47,r,Client Relationship Management (CRM)CoordinationSales ManagementClient RelationshipNegotiationsCustomer AcquisitionSales Strategy
156,26,,Imarticus Learning,"Mumbai, Noida",,0.3692,36.92,design thinking; r,Content WritingMS-WordMS-PowerPointStoryboardingMS-ExcelContent ManagementDesign Thinking+3 more
156,17,,SpotOnMedia,Work from home,,0.3623,36.23,english; hindi; r,"MS-Office, MS-ExcelClient Relationship Management (CRM)Client RelationshipEnglish Proficiency (Spoken)English Proficiency (Written)Hindi Proficiency (Spoken)+1 more"
156,24,,SpotOnMedia,Work from home,,0.3623,36.23,english; hindi; r,"MS-Office, MS-ExcelClient Relationship Management (CRM)Client RelationshipEnglish Proficiency (Spoken)English Proficiency (Written)Hindi Proficiency (Spoken)+1 more"
156,1,,Calipers Consulting Private Limited,"Secunderabad, Hyderabad (Hybrid)",,0.341,34.1,english; r,"MS-Office, MS-ExcelData entryEnglish Proficiency (Spoken)English Proficiency (Written)"
156,4,,CCL Advisors,Mumbai,,0.334,33.4,legal research; r,Legal ResearchCompany LawLegal DraftingStatutory compliancesLegal WritingContract Management
156,43,,Mintifi Finserve Private Limited,Mumbai,,0.3319,33.19,english; r,"MS-Office, MS-Excel, English Proficiency (Spoken)"
156,12,,Belstar MicroFinance Limited,Chennai,,0.3179,31.79,accounting; plan; r,AccountingFinancial planningFinancial Reporting
156,7,,Leafoberryy,Mumbai,,0.3148,31.48,communication; data analytics; r,LeadershipTeam ManagementE-commerceData AnalyticsMentorshipB2B SalesEffective Communication+2 more
156,50,,Webvio Technologies,Delhi,,0.3112,31.12,english; logging; r,BloggingSearch Engine Optimization (SEO)Creative WritingProofreadingEnglish Proficiency (Written)Research and Analytics
156,39,,KnowledgeWorks Global Limited,"Chennai, Mumbai",,0.3084,30.84,english; r,English Proficiency (Spoken)English Proficiency (Written)
157,17,,SpotOnMedia,Work from home,,0.3894,38.94,english; hindi; r,"MS-Office, MS-ExcelClient Relationship Management (CRM)Client RelationshipEnglish Proficiency (Spoken)English Proficiency (Written)Hindi Proficiency (Spoken)+1 more"
157,24,,SpotOnMedia,Work from home,,0.3894,38.94,english; hindi; r,"MS-Office, MS-ExcelClient Relationship Management (CRM)Client RelationshipEnglish Proficiency (Spoken)English Proficiency (Written)Hindi Proficiency (Spoken)+1 more"
157,22,,Faff,Bangalore,,0.3662,36.62,communication; conflict management; r,Time ManagementProblem SolvingCoordinationAdaptabilityEffective CommunicationConflict Management
157,39,,KnowledgeWorks Global Limited,"Chennai, Mumbai",,0.348,34.8,english; r,English Proficiency (Spoken)English Proficiency (Written)
157,29,,GlobalStep Services Private Limited,Pune,,0.3433,34.33,r,RecruitmentResume screeningInterview Coordination
157,43,,Mintifi Finserve Private Limited,Mumbai,,0.343,34.3,english; r,"MS-Office, MS-Excel, English Proficiency (Spoken)"
157,1,,Calipers Consulting Private Limited,"Secunderabad, Hyderabad (Hybrid)",,0.3161,31.61,english; r,"MS-Office, MS-ExcelData entryEnglish Proficiency (Spoken)English Proficiency (Written)"
157,3,,Modtraa Design And Creation Incorporation,Bangalore,,0.3081,30.81,communication; english; r; ski,"Presentation skillsMS-Excel, English Proficiency (Spoken)English Proficiency (Written)Kannada Proficiency (Spoken)Interpersonal skillsEffective Communication"
157,6,,Godrej Capital,"Ahmedabad, Mehsana, Pune, Gandhidham, Vapi, Ahmednagar, Vadodara, Mumbai, Nashik",,0.303,30.3,communication; r,MS-OfficeMS-PowerPointMS-ExcelEffective Communication
157,26,,Imarticus Learning,"Mumbai, Noida",,0.2906,29.06,design thinking; r,Content WritingMS-WordMS-PowerPointStoryboardingMS-ExcelContent ManagementDesign Thinking+3 more
158,43,,Mintifi Finserve Private Limited,Mumbai,,0.4431,44.31,english; r,"MS-Office, MS-Excel, English Proficiency (Spoken)"
158,1,,Calipers Consulting Private Limited,"Secunderabad, Hyderabad (Hybrid)",,0.4134,41.34,english; r,"MS-Office, MS-ExcelData entryEnglish Proficiency (Spoken)English Proficiency (Written)"
158,5,,SREEDHARA ENTERPRISES,Bangalore,,0.3956,39.56,accounting; english; r,"MS-OfficeAccountingTallyMS-Excel, English Proficiency (Spoken)English Proficiency (Written)"
158,3,,Modtraa Design And Creation Incorporation,Bangalore,,0.3867,38.67,communication; english; r; ski,"Presentation skillsMS-Excel, English Proficiency (Spoken)English Proficiency (Written)Kannada Proficiency (Spoken)Interpersonal skillsEffective Communication"
158,39,,KnowledgeWorks Global Limited,"Chennai, Mumbai",,0.3853,38.53,english; r,English Proficiency (Spoken)English Proficiency (Written)
158,17,,SpotOnMedia,Work from home,,0.3748,37.48,english; hindi; r,"MS-Office, MS-ExcelClient Relationship Management (CRM)Client RelationshipEnglish Proficiency (Spoken)English Proficiency (Written)Hindi Proficiency (Spoken)+1 more"
158,24,,SpotOnMedia,Work from home,,0.3748,37.48,english; hindi; r,"MS-Office, MS-ExcelClient Relationship Management (CRM)Client RelationshipEnglish Proficiency (Spoken)English Proficiency (Written)Hindi Proficiency (Spoken)+1 more"
158,14,,NYX,Work from home,,0.3738,37.38,r,NegotiationDigital MarketingClient Relationship Management (CRM)Client RelationshipLinkedIn MarketingBusiness DevelopmentGoogle Workspace+5 more
158,23,,Netcore Cloud,"Thane, Mumbai",,0.3664,36.64,r; sql; sql server,HTMLLinuxMS SQL Server
158,29,,GlobalStep Services Private Limited,Pune,,0.3609,36.09,r,RecruitmentResume screeningInterview Coordination
159,43,,Mintifi Finserve Private Limited,Mumbai,,0.4803,48.03,english; r,"MS-Office, MS-Excel, English Proficiency (Spoken)"
159,5,,SREEDHARA ENTERPRISES,Bangalore,,0.4611,46.11,accounting; english; r,"MS-OfficeAccountingTallyMS-Excel, English Proficiency (Spoken)English Proficiency (Written)"
159,1,,Calipers Consulting Private Limited,"Secunderabad, Hyderabad (Hybrid)",,0.4566,45.66,english; r,"MS-Office, MS-ExcelData entryEnglish Proficiency (Spoken)English Proficiency (Written)"
159,7,,Leafoberryy,Mumbai,,0.4493,44.93,communication; data analytics; r,LeadershipTeam ManagementE-commerceData AnalyticsMentorshipB2B SalesEffective Communication+2 more
159,37,,Urban Company,Bangalore,,0.4371,43.71,english; r,"MS-Excel, English Proficiency (Spoken)"
159,38,,Urban Company Ltd.,Bangalore,,0.4246,42.46,english; r,"MS-Excel, English Proficiency (Written)"
159,39,,KnowledgeWorks Global Limited,"Chennai, Mumbai",,0.4242,42.42,english; r,English Proficiency (Spoken)English Proficiency (Written)
159,26,,Imarticus Learning,"Mumbai, Noida",,0.4137,41.37,design thinking; r,Content WritingMS-WordMS-PowerPointStoryboardingMS-ExcelContent ManagementDesign Thinking+3 more
159,17,,SpotOnMedia,Work from home,,0.4116,41.16,english; hindi; r,"MS-Office, MS-ExcelClient Relationship Management (CRM)Client RelationshipEnglish Proficiency (Spoken)English Proficiency (Written)Hindi Proficiency (Spoken)+1 more"
159,24,,SpotOnMedia,Work from home,,0.4116,41.16,english; hindi; r,"MS-Office, MS-ExcelClient Relationship Management (CRM)Client RelationshipEnglish Proficiency (Spoken)English Proficiency (Written)Hindi Proficiency (Spoken)+1 more"
160,3,,Modtraa Design And Creation Incorporation,Bangalore,,0.453,45.3,communication; english; r; ski,"Presentation skillsMS-Excel, English Proficiency (Spoken)English Proficiency (Written)Kannada Proficiency (Spoken)Interpersonal skillsEffective Communication"
160,37,,Urban Company,Bangalore,,0.4469,44.69,english; r,"MS-Excel, English Proficiency (Spoken)"
160,39,,KnowledgeWorks Global Limited,"Chennai, Mumbai",,0.4428,44.28,english; r,English Proficiency (Spoken)English Proficiency (Written)
160,29,,GlobalStep Services Private Limited,Pune,,0.4394,43.94,r,RecruitmentResume screeningInterview Coordination
160,9,,Internshala,Gurgaon,,0.4334,43.34,communication; english; r,NegotiationProblem SolvingEnglish Proficiency (Spoken)SalesEffective Communication
160,10,,Internshala,Gurgaon,,0.4334,43.34,communication; english; r,NegotiationProblem SolvingEnglish Proficiency (Spoken)SalesEffective Communication
160,43,,Mintifi Finserve Private Limited,Mumbai,,0.4329,43.29,english; r,"MS-Office, MS-Excel, English Proficiency (Spoken)"
160,47,,Scaler,Bangalore,,0.4217,42.17,communication; english; hindi; r,English Proficiency (Spoken)Hindi Proficiency (Spoken)Effective Communication
160,5,,SREEDHARA ENTERPRISES,Bangalore,,0.4208,42.08,accounting; english; r,"MS-OfficeAccountingTallyMS-Excel, English Proficiency (Spoken)English Proficiency (Written)"
160,7,,Leafoberryy,Mumbai,,0.4185,41.85,communication; data analytics; r,LeadershipTeam ManagementE-commerceData AnalyticsMentorshipB2B SalesEffective Communication+2 more
161,17,,SpotOnMedia,Work from home,,0.3717,37.17,english; hindi; r,"MS-Office, MS-ExcelClient Relationship Management (CRM)Client RelationshipEnglish Proficiency (Spoken)English Proficiency (Written)Hindi Proficiency (Spoken)+1 more"
161,24,,SpotOnMedia,Work from home,,0.3717,37.17,english; hindi; r,"MS-Office, MS-ExcelClient Relationship Management (CRM)Client RelationshipEnglish Proficiency (Spoken)English Proficiency (Written)Hindi Proficiency (Spoken)+1 more"
161,29,,GlobalStep Services Private Limited,Pune,,0.2895,28.95,r,RecruitmentResume screeningInterview Coordination
161,5,,SREEDHARA ENTERPRISES,Bangalore,,0.2821,28.21,accounting; english; r,"MS-OfficeAccountingTallyMS-Excel, English Proficiency (Spoken)English Proficiency (Written)"
161,1,,Calipers Consulting Private Limited,"Secunderabad, Hyderabad (Hybrid)",,0.2717,27.17,english; r,"MS-Office, MS-ExcelData entryEnglish Proficiency (Spoken)English Proficiency (Written)"
161,47,,Scaler,Bangalore,,0.2713,27.13,communication; english; hindi; r,English Proficiency (Spoken)Hindi Proficiency (Spoken)Effective Communication
161,43,,Mintifi Finserve Private Limited,Mumbai,,0.2706,27.06,english; r,"MS-Office, MS-Excel, English Proficiency (Spoken)"
161,25,,NoBroker Technologies Solutions Private Limited,Bangalore,,0.2568,25.68,,Cold CallingInside SalesBusiness DevelopmentSales
161,4,,CCL Advisors,Mumbai,,0.2508,25.08,legal research; r,Legal ResearchCompany LawLegal DraftingStatutory compliancesLegal WritingContract Management
161,3,,Modtraa Design And Creation Incorporation,Bangalore,,0.2484,24.84,communication; english; r; ski,"Presentation skillsMS-Excel, English Proficiency (Spoken)English Proficiency (Written)Kannada Proficiency (Spoken)Interpersonal skillsEffective Communication"
162,1,,Calipers Consulting Private Limited,"Secunderabad, Hyderabad (Hybrid)",,0.4062,40.62,english; r,"MS-Office, MS-ExcelData entryEnglish Proficiency (Spoken)English Proficiency (Written)"
162,43,,Mintifi Finserve Private Limited,Mumbai,,0.3899,38.99,english; r,"MS-Office, MS-Excel, English Proficiency (Spoken)"
162,37,,Urban Company,Bangalore,,0.3817,38.17,english; r,"MS-Excel, English Proficiency (Spoken)"
162,39,,KnowledgeWorks Global Limited,"Chennai, Mumbai",,0.378,37.8,english; r,English Proficiency (Spoken)English Proficiency (Written)
162,3,,Modtraa Design And Creation Incorporation,Bangalore,,0.3739,37.39,communication; english; r; ski,"Presentation skillsMS-Excel, English Proficiency (Spoken)English Proficiency (Written)Kannada Proficiency (Spoken)Interpersonal skillsEffective Communication"
162,5,,SREEDHARA ENTERPRISES,Bangalore,,0.3451,34.51,accounting; english; r,"MS-OfficeAccountingTallyMS-Excel, English Proficiency (Spoken)English Proficiency (Written)"
162,6,,Godrej Capital,"Ahmedabad, Mehsana, Pune, Gandhidham, Vapi, Ahmednagar, Vadodara, Mumbai, Nashik",,0.3445,34.45,communication; r,MS-OfficeMS-PowerPointMS-ExcelEffective Communication
162,38,,Urban Company Ltd.,Bangalore,,0.341,34.1,english; r,"MS-Excel, English Proficiency (Written)"
162,44,,Starcrest Services Pvt. Ltd.,"Delhi, Gurgaon, Noida",,0.3325,33.25,r,MS-OfficeRecruitment
162,7,,Leafoberryy,Mumbai,,0.3305,33.05,communication; data analytics; r,LeadershipTeam ManagementE-commerceData AnalyticsMentorshipB2B SalesEffective Communication+2 more
163,1,,Calipers Consulting Private Limited,"Secunderabad, Hyderabad (Hybrid)",,0.44,44.0,english; r,"MS-Office, MS-ExcelData entryEnglish Proficiency (Spoken)English Proficiency (Written)"
163,3,,Modtraa Design And Creation Incorporation,Bangalore,,0.4214,42.14,communication; english; r; ski,"Presentation skillsMS-Excel, English Proficiency (Spoken)English Proficiency (Written)Kannada Proficiency (Spoken)Interpersonal skillsEffective Communication"
163,39,,KnowledgeWorks Global Limited,"Chennai, Mumbai",,0.4183,41.83,english; r,English Proficiency (Spoken)English Proficiency (Written)
163,9,,Internshala,Gurgaon,,0.4148,41.48,communication; english; r,NegotiationProblem SolvingEnglish Proficiency (Spoken)SalesEffective Communication
163,10,,Internshala,Gurgaon,,0.4148,41.48,communication; english; r,NegotiationProblem SolvingEnglish Proficiency (Spoken)SalesEffective Communication
163,4,,CCL Advisors,Mumbai,,0.3866,38.66,legal research; r,Legal ResearchCompany LawLegal DraftingStatutory compliancesLegal WritingContract Management
163,43,,Mintifi Finserve Private Limited,Mumbai,,0.3821,38.21,english; r,"MS-Office, MS-Excel, English Proficiency (Spoken)"
163,29,,GlobalStep Services Private Limited,Pune,,0.3808,38.08,r,RecruitmentResume screeningInterview Coordination
163,5,,SREEDHARA ENTERPRISES,Bangalore,,0.3779,37.79,accounting; english; r,"MS-OfficeAccountingTallyMS-Excel, English Proficiency (Spoken)English Proficiency (Written)"
163,37,,Urban Company,Bangalore,,0.3763,37.63,english; r,"MS-Excel, English Proficiency (Spoken)"
164,29,,GlobalStep Services Private Limited,Pune,,0.3914,39.14,r,RecruitmentResume screeningInterview Coordination
164,3,,Modtraa Design And Creation Incorporation,Bangalore,,0.3653,36.53,communication; english; r; ski,"Presentation skillsMS-Excel, English Proficiency (Spoken)English Proficiency (Written)Kannada Proficiency (Spoken)Interpersonal skillsEffective Communication"
164,39,,KnowledgeWorks Global Limited,"Chennai, Mumbai",,0.3325,33.25,english; r,English Proficiency (Spoken)English Proficiency (Written)
164,9,,Internshala,Gurgaon,,0.3224,32.24,communication; english; r,NegotiationProblem SolvingEnglish Proficiency (Spoken)SalesEffective Communication
164,10,,Internshala,Gurgaon,,0.3224,32.24,communication; english; r,NegotiationProblem SolvingEnglish Proficiency (Spoken)SalesEffective Communication
164,25,,NoBroker Technologies Solutions Private Limited,Bangalore,,0.3216,32.16,,Cold CallingInside SalesBusiness DevelopmentSales
164,1,,Calipers Consulting Private Limited,"Secunderabad, Hyderabad (Hybrid)",,0.3161,31.61,english; r,"MS-Office, MS-ExcelData entryEnglish Proficiency (Spoken)English Proficiency (Written)"
164,34,,Ashiana Housing Limited,Bhiwadi,,0.3114,31.14,data analytics; r,Data AnalyticsMS-ExcelData entryPower BIData Analysis
164,43,,Mintifi Finserve Private Limited,Mumbai,,0.3102,31.02,english; r,"MS-Office, MS-Excel, English Proficiency (Spoken)"
164,7,,Leafoberryy,Mumbai,,0.3024,30.24,communication; data analytics; r,LeadershipTeam ManagementE-commerceData AnalyticsMentorshipB2B SalesEffective Communication+2 more
165,39,,KnowledgeWorks Global Limited,"Chennai, Mumbai",,0.5078,50.78,english; r,English Proficiency (Spoken)English Proficiency (Written)
165,1,,Calipers Consulting Private Limited,"Secunderabad, Hyderabad (Hybrid)",,0.4968,49.68,english; r,"MS-Office, MS-ExcelData entryEnglish Proficiency (Spoken)English Proficiency (Written)"
165,5,,SREEDHARA ENTERPRISES,Bangalore,,0.4896,48.96,accounting; english; r,"MS-OfficeAccountingTallyMS-Excel, English Proficiency (Spoken)English Proficiency (Written)"
165,37,,Urban Company,Bangalore,,0.4892,48.92,english; r,"MS-Excel, English Proficiency (Spoken)"
165,43,,Mintifi Finserve Private Limited,Mumbai,,0.476,47.6,english; r,"MS-Office, MS-Excel, English Proficiency (Spoken)"
165,38,,Urban Company Ltd.,Bangalore,,0.4699,46.99,english; r,"MS-Excel, English Proficiency (Written)"
165,26,,Imarticus Learning,"Mumbai, Noida",,0.4684,46.84,design thinking; r,Content WritingMS-WordMS-PowerPointStoryboardingMS-ExcelContent ManagementDesign Thinking+3 more
165,3,,Modtraa Design And Creation Incorporation,Bangalore,,0.4519,45.19,communication; english; r; ski,"Presentation skillsMS-Excel, English Proficiency (Spoken)English Proficiency (Written)Kannada Proficiency (Spoken)Interpersonal skillsEffective Communication"
165,29,,GlobalStep Services Private Limited,Pune,,0.4336,43.36,r,RecruitmentResume screeningInterview Coordination
165,17,,SpotOnMedia,Work from home,,0.3972,39.72,english; hindi; r,"MS-Office, MS-ExcelClient Relationship Management (CRM)Client RelationshipEnglish Proficiency (Spoken)English Proficiency (Written)Hindi Proficiency (Spoken)+1 more"
166,1,,Calipers Consulting Private Limited,"Secunderabad, Hyderabad (Hybrid)",,0.455,45.5,english; r,"MS-Office, MS-ExcelData entryEnglish Proficiency (Spoken)English Proficiency (Written)"
166,43,,Mintifi Finserve Private Limited,Mumbai,,0.4121,41.21,english; r,"MS-Office, MS-Excel, English Proficiency (Spoken)"
166,17,,SpotOnMedia,Work from home,,0.3995,39.95,english; hindi; r,"MS-Office, MS-ExcelClient Relationship Management (CRM)Client RelationshipEnglish Proficiency (Spoken)English Proficiency (Written)Hindi Proficiency (Spoken)+1 more"
166,24,,SpotOnMedia,Work from home,,0.3995,39.95,english; hindi; r,"MS-Office, MS-ExcelClient Relationship Management (CRM)Client RelationshipEnglish Proficiency (Spoken)English Proficiency (Written)Hindi Proficiency (Spoken)+1 more"
166,5,,SREEDHARA ENTERPRISES,Bangalore,,0.3992,39.92,accounting; english; r,"MS-OfficeAccountingTallyMS-Excel, English Proficiency (Spoken)English Proficiency (Written)"
166,39,,KnowledgeWorks Global Limited,"Chennai, Mumbai",,0.3911,39.11,english; r,English Proficiency (Spoken)English Proficiency (Written)
166,29,,GlobalStep Services Private Limited,Pune,,0.3902,39.02,r,RecruitmentResume screeningInterview Coordination
166,37,,Urban Company,Bangalore,,0.3798,37.98,english; r,"MS-Excel, English Proficiency (Spoken)"
166,4,,CCL Advisors,Mumbai,,0.3763,37.63,legal research; r,Legal ResearchCompany LawLegal DraftingStatutory compliancesLegal WritingContract Management
166,23,,Netcore Cloud,"Thane, Mumbai",,0.3737,37.37,r; sql; sql server,HTMLLinuxMS SQL Server
