resume_id,job_id,job_title,company,ai_match_percentage,total_job_skills,matched_skill_count,skill_match_percentage,matched_skills,skill_gaps,skill_gap_count
1,50,,Webvio Technologies,41.27,1,1,100.0,english logging r,bloggingsearch engine optimization seo creative writingproofreadingenglish proficiency written research and analytics,1
1,39,,KnowledgeWorks Global Limited,39.59,1,1,100.0,english r,english proficiency spoken english proficiency written,1
1,17,,SpotOnMedia,35.91,2,1,50.0,english hindi r,"ms-excelclient relationship management crm client relationshipenglish proficiency spoken english proficiency written hindi proficiency spoken +1 more, ms-office",2
1,24,,SpotOnMedia,35.91,2,1,50.0,english hindi r,"ms-excelclient relationship management crm client relationshipenglish proficiency spoken english proficiency written hindi proficiency spoken +1 more, ms-office",2
1,1,,Calipers Consulting Private Limited,34.62,2,1,50.0,english r,"ms-exceldata entryenglish proficiency spoken english proficiency written, ms-office",2
1,5,,SREEDHARA ENTERPRISES,30.71,2,1,50.0,accounting english r,"english proficiency spoken english proficiency written, ms-officeaccountingtallyms-excel",2
1,3,,Modtraa Design And Creation Incorporation,30.43,2,1,50.0,communication english r ski,"english proficiency spoken english proficiency written kannada proficiency spoken interpersonal skillseffective communication, presentation skillsms-excel",2
1,48,,Zucol Group Of Companies,29.93,1,1,100.0,english r,creative writingenglish proficiency spoken english proficiency written network protocols,1
1,26,,Imarticus Learning,29.48,1,1,100.0,design thinking r,content writingms-wordms-powerpointstoryboardingms-excelcontent managementdesign thinking+3 more,1
1,37,,Urban Company,29.02,2,1,50.0,english r,"english proficiency spoken, ms-excel",2
2,39,,KnowledgeWorks Global Limited,42.33,1,1,100.0,english r,english proficiency spoken english proficiency written,1
2,5,,SREEDHARA ENTERPRISES,38.57,2,1,50.0,accounting english r,"english proficiency spoken english proficiency written, ms-officeaccountingtallyms-excel",2
2,34,,Ashiana Housing Limited,37.3,1,1,100.0,data analytics r,data analyticsms-exceldata entrypower bidata analysis,1
2,1,,Calipers Consulting Private Limited,36.97,2,1,50.0,english r,"ms-exceldata entryenglish proficiency spoken english proficiency written, ms-office",2
2,7,,Leafoberryy,36.26,1,1,100.0,communication data analytics r,leadershipteam managemente-commercedata analyticsmentorshipb2b saleseffective communication+2 more,1
2,37,,Urban Company,34.7,2,1,50.0,english r,"english proficiency spoken, ms-excel",2
2,17,,SpotOnMedia,33.7,2,1,50.0,english hindi r,"ms-excelclient relationship management crm client relationshipenglish proficiency spoken english proficiency written hindi proficiency spoken +1 more, ms-office",2
2,24,,SpotOnMedia,33.7,2,1,50.0,english hindi r,"ms-excelclient relationship management crm client relationshipenglish proficiency spoken english proficiency written hindi proficiency spoken +1 more, ms-office",2
2,43,,Mintifi Finserve Private Limited,33.34,3,1,33.33,english r,"english proficiency spoken, ms-excel, ms-office",3
2,50,,Webvio Technologies,31.8,1,1,100.0,english logging r,bloggingsearch engine optimization seo creative writingproofreadingenglish proficiency written research and analytics,1
3,39,,KnowledgeWorks Global Limited,41.91,1,1,100.0,english r,english proficiency spoken english proficiency written,1
3,26,,Imarticus Learning,39.46,1,1,100.0,design thinking r,content writingms-wordms-powerpointstoryboardingms-excelcontent managementdesign thinking+3 more,1
3,3,,Modtraa Design And Creation Incorporation,39.3,2,1,50.0,communication english r ski,"english proficiency spoken english proficiency written kannada proficiency spoken interpersonal skillseffective communication, presentation skillsms-excel",2
3,1,,Calipers Consulting Private Limited,38.12,2,1,50.0,english r,"ms-exceldata entryenglish proficiency spoken english proficiency written, ms-office",2
3,9,,Internshala,34.76,1,1,100.0,communication english r,negotiationproblem solvingenglish proficiency spoken saleseffective communication,1
3,10,,Internshala,34.76,1,1,100.0,communication english r,negotiationproblem solvingenglish proficiency spoken saleseffective communication,1
3,5,,SREEDHARA ENTERPRISES,34.18,2,1,50.0,accounting english r,"english proficiency spoken english proficiency written, ms-officeaccountingtallyms-excel",2
3,50,,Webvio Technologies,33.57,1,1,100.0,english logging r,bloggingsearch engine optimization seo creative writingproofreadingenglish proficiency written research and analytics,1
3,19,,Bhanzu (Formerly Exploring Infinities),32.41,2,1,50.0,communication english r,"english proficiency spoken english proficiency written saleseffective communicationsales strategy, ms-excel",2
3,43,,Mintifi Finserve Private Limited,32.01,3,1,33.33,english r,"english proficiency spoken, ms-excel, ms-office",3
4,7,,Leafoberryy,48.18,1,1,100.0,communication data analytics r,leadershipteam managemente-commercedata analyticsmentorshipb2b saleseffective communication+2 more,1
4,5,,SREEDHARA ENTERPRISES,45.39,2,1,50.0,accounting english r,"english proficiency spoken english proficiency written, ms-officeaccountingtallyms-excel",2
4,45,,Lishanth Enterprises,44.62,1,1,100.0,r,client relationship management crm coordinationsales managementclient relationshipnegotiationscustomer acquisitionsales strategy,1
4,37,,Urban Company,42.43,2,1,50.0,english r,"english proficiency spoken, ms-excel",2
4,34,,Ashiana Housing Limited,41.8,1,1,100.0,data analytics r,data analyticsms-exceldata entrypower bidata analysis,1
4,12,,Belstar MicroFinance Limited,41.31,1,1,100.0,accounting plan r,accountingfinancial planningfinancial reporting,1
4,1,,Calipers Consulting Private Limited,40.91,2,1,50.0,english r,"ms-exceldata entryenglish proficiency spoken english proficiency written, ms-office",2
4,38,,Urban Company Ltd.,40.75,2,1,50.0,english r,"english proficiency written, ms-excel",2
4,3,,Modtraa Design And Creation Incorporation,39.34,2,1,50.0,communication english r ski,"english proficiency spoken english proficiency written kannada proficiency spoken interpersonal skillseffective communication, presentation skillsms-excel",2
4,29,,GlobalStep Services Private Limited,38.59,1,1,100.0,r,recruitmentresume screeninginterview coordination,1
5,43,,Mintifi Finserve Private Limited,48.29,3,1,33.33,english r,"english proficiency spoken, ms-excel, ms-office",3
5,39,,KnowledgeWorks Global Limited,45.52,1,1,100.0,english r,english proficiency spoken english proficiency written,1
5,3,,Modtraa Design And Creation Incorporation,45.11,2,1,50.0,communication english r ski,"english proficiency spoken english proficiency written kannada proficiency spoken interpersonal skillseffective communication, presentation skillsms-excel",2
5,1,,Calipers Consulting Private Limited,44.94,2,1,50.0,english r,"ms-exceldata entryenglish proficiency spoken english proficiency written, ms-office",2
5,26,,Imarticus Learning,43.39,1,1,100.0,design thinking r,content writingms-wordms-powerpointstoryboardingms-excelcontent managementdesign thinking+3 more,1
5,5,,SREEDHARA ENTERPRISES,42.65,2,1,50.0,accounting english r,"english proficiency spoken english proficiency written, ms-officeaccountingtallyms-excel",2
5,29,,GlobalStep Services Private Limited,40.66,1,1,100.0,r,recruitmentresume screeninginterview coordination,1
5,37,,Urban Company,38.84,2,1,50.0,english r,"english proficiency spoken, ms-excel",2
5,7,,Leafoberryy,38.37,1,1,100.0,communication data analytics r,leadershipteam managemente-commercedata analyticsmentorshipb2b saleseffective communication+2 more,1
5,17,,SpotOnMedia,37.49,2,1,50.0,english hindi r,"ms-excelclient relationship management crm client relationshipenglish proficiency spoken english proficiency written hindi proficiency spoken +1 more, ms-office",2
6,39,,KnowledgeWorks Global Limited,57.65,1,1,100.0,english r,english proficiency spoken english proficiency written,1
6,1,,Calipers Consulting Private Limited,55.83,2,1,50.0,english r,"ms-exceldata entryenglish proficiency spoken english proficiency written, ms-office",2
6,37,,Urban Company,48.98,2,1,50.0,english r,"english proficiency spoken, ms-excel",2
6,43,,Mintifi Finserve Private Limited,47.78,3,1,33.33,english r,"english proficiency spoken, ms-excel, ms-office",3
6,5,,SREEDHARA ENTERPRISES,47.7,2,1,50.0,accounting english r,"english proficiency spoken english proficiency written, ms-officeaccountingtallyms-excel",2
6,17,,SpotOnMedia,47.08,2,1,50.0,english hindi r,"ms-excelclient relationship management crm client relationshipenglish proficiency spoken english proficiency written hindi proficiency spoken +1 more, ms-office",2
6,24,,SpotOnMedia,47.08,2,1,50.0,english hindi r,"ms-excelclient relationship management crm client relationshipenglish proficiency spoken english proficiency written hindi proficiency spoken +1 more, ms-office",2
6,38,,Urban Company Ltd.,45.93,2,1,50.0,english r,"english proficiency written, ms-excel",2
6,3,,Modtraa Design And Creation Incorporation,43.23,2,1,50.0,communication english r ski,"english proficiency spoken english proficiency written kannada proficiency spoken interpersonal skillseffective communication, presentation skillsms-excel",2
6,26,,Imarticus Learning,41.47,1,1,100.0,design thinking r,content writingms-wordms-powerpointstoryboardingms-excelcontent managementdesign thinking+3 more,1
7,17,,SpotOnMedia,41.7,2,1,50.0,english hindi r,"ms-excelclient relationship management crm client relationshipenglish proficiency spoken english proficiency written hindi proficiency spoken +1 more, ms-office",2
7,24,,SpotOnMedia,41.7,2,1,50.0,english hindi r,"ms-excelclient relationship management crm client relationshipenglish proficiency spoken english proficiency written hindi proficiency spoken +1 more, ms-office",2
7,37,,Urban Company,34.57,2,1,50.0,english r,"english proficiency spoken, ms-excel",2
7,1,,Calipers Consulting Private Limited,34.28,2,1,50.0,english r,"ms-exceldata entryenglish proficiency spoken english proficiency written, ms-office",2
7,7,,Leafoberryy,31.64,1,1,100.0,communication data analytics r,leadershipteam managemente-commercedata analyticsmentorshipb2b saleseffective communication+2 more,1
7,34,,Ashiana Housing Limited,31.33,1,1,100.0,data analytics r,data analyticsms-exceldata entrypower bidata analysis,1
7,5,,SREEDHARA ENTERPRISES,31.25,2,1,50.0,accounting english r,"english proficiency spoken english proficiency written, ms-officeaccountingtallyms-excel",2
7,49,,Cloudnine Hospital,30.29,2,1,50.0,english r,"english proficiency written canvapivot tablevlookup, ms-excel",2
7,38,,Urban Company Ltd.,30.12,2,1,50.0,english r,"english proficiency written, ms-excel",2
7,14,,NYX,29.97,1,1,100.0,r,negotiationdigital marketingclient relationship management crm client relationshiplinkedin marketingbusiness developmentgoogle workspace+5 more,1
8,39,,KnowledgeWorks Global Limited,45.58,1,1,100.0,english r,english proficiency spoken english proficiency written,1
8,5,,SREEDHARA ENTERPRISES,34.58,2,1,50.0,accounting english r,"english proficiency spoken english proficiency written, ms-officeaccountingtallyms-excel",2
8,1,,Calipers Consulting Private Limited,34.37,2,1,50.0,english r,"ms-exceldata entryenglish proficiency spoken english proficiency written, ms-office",2
8,17,,SpotOnMedia,32.27,2,1,50.0,english hindi r,"ms-excelclient relationship management crm client relationshipenglish proficiency spoken english proficiency written hindi proficiency spoken +1 more, ms-office",2
8,24,,SpotOnMedia,32.27,2,1,50.0,english hindi r,"ms-excelclient relationship management crm client relationshipenglish proficiency spoken english proficiency written hindi proficiency spoken +1 more, ms-office",2
8,20,,Bhanzu (Formerly Exploring Infinities),32.05,1,1,100.0,english r ski,english proficiency spoken english proficiency written interpersonal skills,1
8,37,,Urban Company,31.54,2,1,50.0,english r,"english proficiency spoken, ms-excel",2
8,50,,Webvio Technologies,31.44,1,1,100.0,english logging r,bloggingsearch engine optimization seo creative writingproofreadingenglish proficiency written research and analytics,1
8,9,,Internshala,31.37,1,1,100.0,communication english r,negotiationproblem solvingenglish proficiency spoken saleseffective communication,1
8,10,,Internshala,31.37,1,1,100.0,communication english r,negotiationproblem solvingenglish proficiency spoken saleseffective communication,1
9,39,,KnowledgeWorks Global Limited,45.44,1,1,100.0,english r,english proficiency spoken english proficiency written,1
9,1,,Calipers Consulting Private Limited,40.16,2,1,50.0,english r,"ms-exceldata entryenglish proficiency spoken english proficiency written, ms-office",2
9,50,,Webvio Technologies,39.45,1,1,100.0,english logging r,bloggingsearch engine optimization seo creative writingproofreadingenglish proficiency written research and analytics,1
9,5,,SREEDHARA ENTERPRISES,37.88,2,1,50.0,accounting english r,"english proficiency spoken english proficiency written, ms-officeaccountingtallyms-excel",2
9,43,,Mintifi Finserve Private Limited,36.95,3,1,33.33,english r,"english proficiency spoken, ms-excel, ms-office",3
9,3,,Modtraa Design And Creation Incorporation,35.71,2,1,50.0,communication english r ski,"english proficiency spoken english proficiency written kannada proficiency spoken interpersonal skillseffective communication, presentation skillsms-excel",2
9,37,,Urban Company,35.53,2,1,50.0,english r,"english proficiency spoken, ms-excel",2
9,9,,Internshala,34.06,1,1,100.0,communication english r,negotiationproblem solvingenglish proficiency spoken saleseffective communication,1
9,10,,Internshala,34.06,1,1,100.0,communication english r,negotiationproblem solvingenglish proficiency spoken saleseffective communication,1
9,17,,SpotOnMedia,33.95,2,1,50.0,english hindi r,"ms-excelclient relationship management crm client relationshipenglish proficiency spoken english proficiency written hindi proficiency spoken +1 more, ms-office",2
10,7,,Leafoberryy,48.77,1,1,100.0,communication data analytics r,leadershipteam managemente-commercedata analyticsmentorshipb2b saleseffective communication+2 more,1
10,39,,KnowledgeWorks Global Limited,46.62,1,1,100.0,english r,english proficiency spoken english proficiency written,1
10,1,,Calipers Consulting Private Limited,46.2,2,1,50.0,english r,"ms-exceldata entryenglish proficiency spoken english proficiency written, ms-office",2
10,37,,Urban Company,43.35,2,1,50.0,english r,"english proficiency spoken, ms-excel",2
10,5,,SREEDHARA ENTERPRISES,42.01,2,1,50.0,accounting english r,"english proficiency spoken english proficiency written, ms-officeaccountingtallyms-excel",2
10,38,,Urban Company Ltd.,41.47,2,1,50.0,english r,"english proficiency written, ms-excel",2
10,34,,Ashiana Housing Limited,40.95,1,1,100.0,data analytics r,data analyticsms-exceldata entrypower bidata analysis,1
10,43,,Mintifi Finserve Private Limited,40.45,3,1,33.33,english r,"english proficiency spoken, ms-excel, ms-office",3
10,17,,SpotOnMedia,38.7,2,1,50.0,english hindi r,"ms-excelclient relationship management crm client relationshipenglish proficiency spoken english proficiency written hindi proficiency spoken +1 more, ms-office",2
10,24,,SpotOnMedia,38.7,2,1,50.0,english hindi r,"ms-excelclient relationship management crm client relationshipenglish proficiency spoken english proficiency written hindi proficiency spoken +1 more, ms-office",2
11,1,,Calipers Consulting Private Limited,48.02,2,1,50.0,english r,"ms-exceldata entryenglish proficiency spoken english proficiency written, ms-office",2
11,3,,Modtraa Design And Creation Incorporation,47.88,2,1,50.0,communication english r ski,"english proficiency spoken english proficiency written kannada proficiency spoken interpersonal skillseffective communication, presentation skillsms-excel",2
11,43,,Mintifi Finserve Private Limited,47.01,3,1,33.33,english r,"english proficiency spoken, ms-excel, ms-office",3
11,5,,SREEDHARA ENTERPRISES,45.63,2,1,50.0,accounting english r,"english proficiency spoken english proficiency written, ms-officeaccountingtallyms-excel",2
11,39,,KnowledgeWorks Global Limited,43.7,1,1,100.0,english r,english proficiency spoken english proficiency written,1
11,37,,Urban Company,42.85,2,1,50.0,english r,"english proficiency spoken, ms-excel",2
11,50,,Webvio Technologies,40.28,1,1,100.0,english logging r,bloggingsearch engine optimization seo creative writingproofreadingenglish proficiency written research and analytics,1
11,38,,Urban Company Ltd.,38.03,2,1,50.0,english r,"english proficiency written, ms-excel",2
11,9,,Internshala,37.51,1,1,100.0,communication english r,negotiationproblem solvingenglish proficiency spoken saleseffective communication,1
11,10,,Internshala,37.51,1,1,100.0,communication english r,negotiationproblem solvingenglish proficiency spoken saleseffective communication,1
12,1,,Calipers Consulting Private Limited,45.08,2,1,50.0,english r,"ms-exceldata entryenglish proficiency spoken english proficiency written, ms-office",2
12,4,,CCL Advisors,41.73,1,1,100.0,legal research r,legal researchcompany lawlegal draftingstatutory complianceslegal writingcontract management,1
12,43,,Mintifi Finserve Private Limited,41.39,3,1,33.33,english r,"english proficiency spoken, ms-excel, ms-office",3
12,17,,SpotOnMedia,38.35,2,1,50.0,english hindi r,"ms-excelclient relationship management crm client relationshipenglish proficiency spoken english proficiency written hindi proficiency spoken +1 more, ms-office",2
12,24,,SpotOnMedia,38.35,2,1,50.0,english hindi r,"ms-excelclient relationship management crm client relationshipenglish proficiency spoken english proficiency written hindi proficiency spoken +1 more, ms-office",2
12,5,,SREEDHARA ENTERPRISES,37.66,2,1,50.0,accounting english r,"english proficiency spoken english proficiency written, ms-officeaccountingtallyms-excel",2
12,39,,KnowledgeWorks Global Limited,35.65,1,1,100.0,english r,english proficiency spoken english proficiency written,1
12,29,,GlobalStep Services Private Limited,34.11,1,1,100.0,r,recruitmentresume screeninginterview coordination,1
12,37,,Urban Company,33.19,2,1,50.0,english r,"english proficiency spoken, ms-excel",2
12,7,,Leafoberryy,32.81,1,1,100.0,communication data analytics r,leadershipteam managemente-commercedata analyticsmentorshipb2b saleseffective communication+2 more,1
13,43,,Mintifi Finserve Private Limited,55.96,3,1,33.33,english r,"english proficiency spoken, ms-excel, ms-office",3
13,5,,SREEDHARA ENTERPRISES,52.22,2,1,50.0,accounting english r,"english proficiency spoken english proficiency written, ms-officeaccountingtallyms-excel",2
13,37,,Urban Company,50.98,2,1,50.0,english r,"english proficiency spoken, ms-excel",2
13,39,,KnowledgeWorks Global Limited,48.21,1,1,100.0,english r,english proficiency spoken english proficiency written,1
13,38,,Urban Company Ltd.,47.42,2,1,50.0,english r,"english proficiency written, ms-excel",2
13,26,,Imarticus Learning,44.26,1,1,100.0,design thinking r,content writingms-wordms-powerpointstoryboardingms-excelcontent managementdesign thinking+3 more,1
13,3,,Modtraa Design And Creation Incorporation,43.96,2,1,50.0,communication english r ski,"english proficiency spoken english proficiency written kannada proficiency spoken interpersonal skillseffective communication, presentation skillsms-excel",2
13,1,,Calipers Consulting Private Limited,43.81,2,1,50.0,english r,"ms-exceldata entryenglish proficiency spoken english proficiency written, ms-office",2
13,7,,Leafoberryy,43.2,1,1,100.0,communication data analytics r,leadershipteam managemente-commercedata analyticsmentorshipb2b saleseffective communication+2 more,1
13,29,,GlobalStep Services Private Limited,41.98,1,1,100.0,r,recruitmentresume screeninginterview coordination,1
14,5,,SREEDHARA ENTERPRISES,51.34,2,1,50.0,accounting english r,"english proficiency spoken english proficiency written, ms-officeaccountingtallyms-excel",2
14,39,,KnowledgeWorks Global Limited,49.67,1,1,100.0,english r,english proficiency spoken english proficiency written,1
14,37,,Urban Company,46.15,2,1,50.0,english r,"english proficiency spoken, ms-excel",2
14,1,,Calipers Consulting Private Limited,45.98,2,1,50.0,english r,"ms-exceldata entryenglish proficiency spoken english proficiency written, ms-office",2
14,38,,Urban Company Ltd.,44.89,2,1,50.0,english r,"english proficiency written, ms-excel",2
14,43,,Mintifi Finserve Private Limited,43.75,3,1,33.33,english r,"english proficiency spoken, ms-excel, ms-office",3
14,7,,Leafoberryy,43.66,1,1,100.0,communication data analytics r,leadershipteam managemente-commercedata analyticsmentorshipb2b saleseffective communication+2 more,1
14,3,,Modtraa Design And Creation Incorporation,41.56,2,1,50.0,communication english r ski,"english proficiency spoken english proficiency written kannada proficiency spoken interpersonal skillseffective communication, presentation skillsms-excel",2
14,50,,Webvio Technologies,41.53,1,1,100.0,english logging r,bloggingsearch engine optimization seo creative writingproofreadingenglish proficiency written research and analytics,1
14,49,,Cloudnine Hospital,40.62,2,1,50.0,english r,"english proficiency written canvapivot tablevlookup, ms-excel",2
15,5,,SREEDHARA ENTERPRISES,56.68,2,1,50.0,accounting english r,"english proficiency spoken english proficiency written, ms-officeaccountingtallyms-excel",2
15,43,,Mintifi Finserve Private Limited,51.99,3,1,33.33,english r,"english proficiency spoken, ms-excel, ms-office",3
15,37,,Urban Company,51.42,2,1,50.0,english r,"english proficiency spoken, ms-excel",2
15,3,,Modtraa Design And Creation Incorporation,51.32,2,1,50.0,communication english r ski,"english proficiency spoken english proficiency written kannada proficiency spoken interpersonal skillseffective communication, presentation skillsms-excel",2
15,38,,Urban Company Ltd.,49.25,2,1,50.0,english r,"english proficiency written, ms-excel",2
15,1,,Calipers Consulting Private Limited,48.54,2,1,50.0,english r,"ms-exceldata entryenglish proficiency spoken english proficiency written, ms-office",2
15,39,,KnowledgeWorks Global Limited,44.05,1,1,100.0,english r,english proficiency spoken english proficiency written,1
15,35,,California Burrito,41.75,1,1,100.0,graphic design motion graphics r,brandingui ux designinterior designgraphic designdigital illustrationmotion graphics,1
15,21,,Fitelo,41.23,1,1,100.0,communication english r,client relationshipenglish proficiency spoken english proficiency written effective communication,1
15,47,,Scaler,40.02,1,1,100.0,communication english hindi r,english proficiency spoken hindi proficiency spoken effective communication,1
16,5,,SREEDHARA ENTERPRISES,43.83,2,1,50.0,accounting english r,"english proficiency spoken english proficiency written, ms-officeaccountingtallyms-excel",2
16,1,,Calipers Consulting Private Limited,43.6,2,1,50.0,english r,"ms-exceldata entryenglish proficiency spoken english proficiency written, ms-office",2
16,43,,Mintifi Finserve Private Limited,42.88,3,1,33.33,english r,"english proficiency spoken, ms-excel, ms-office",3
16,39,,KnowledgeWorks Global Limited,38.67,1,1,100.0,english r,english proficiency spoken english proficiency written,1
16,37,,Urban Company,37.71,2,1,50.0,english r,"english proficiency spoken, ms-excel",2
16,29,,GlobalStep Services Private Limited,35.25,1,1,100.0,r,recruitmentresume screeninginterview coordination,1
16,26,,Imarticus Learning,35.12,1,1,100.0,design thinking r,content writingms-wordms-powerpointstoryboardingms-excelcontent managementdesign thinking+3 more,1
16,38,,Urban Company Ltd.,34.98,2,1,50.0,english r,"english proficiency written, ms-excel",2
16,44,,Starcrest Services Pvt. Ltd.,34.09,1,1,100.0,r,ms-officerecruitment,1
16,3,,Modtraa Design And Creation Incorporation,33.9,2,1,50.0,communication english r ski,"english proficiency spoken english proficiency written kannada proficiency spoken interpersonal skillseffective communication, presentation skillsms-excel",2
17,1,,Calipers Consulting Private Limited,58.93,2,1,50.0,english r,"ms-exceldata entryenglish proficiency spoken english proficiency written, ms-office",2
17,5,,SREEDHARA ENTERPRISES,58.26,2,1,50.0,accounting english r,"english proficiency spoken english proficiency written, ms-officeaccountingtallyms-excel",2
17,43,,Mintifi Finserve Private Limited,56.72,3,1,33.33,english r,"english proficiency spoken, ms-excel, ms-office",3
17,7,,Leafoberryy,53.3,1,1,100.0,communication data analytics r,leadershipteam managemente-commercedata analyticsmentorshipb2b saleseffective communication+2 more,1
17,17,,SpotOnMedia,52.03,2,1,50.0,english hindi r,"ms-excelclient relationship management crm client relationshipenglish proficiency spoken english proficiency written hindi proficiency spoken +1 more, ms-office",2
17,24,,SpotOnMedia,52.03,2,1,50.0,english hindi r,"ms-excelclient relationship management crm client relationshipenglish proficiency spoken english proficiency written hindi proficiency spoken +1 more, ms-office",2
17,37,,Urban Company,50.9,2,1,50.0,english r,"english proficiency spoken, ms-excel",2
17,39,,KnowledgeWorks Global Limited,50.89,1,1,100.0,english r,english proficiency spoken english proficiency written,1
17,12,,Belstar MicroFinance Limited,50.42,1,1,100.0,accounting plan r,accountingfinancial planningfinancial reporting,1
17,3,,Modtraa Design And Creation Incorporation,47.97,2,1,50.0,communication english r ski,"english proficiency spoken english proficiency written kannada proficiency spoken interpersonal skillseffective communication, presentation skillsms-excel",2
18,5,,SREEDHARA ENTERPRISES,41.61,2,1,50.0,accounting english r,"english proficiency spoken english proficiency written, ms-officeaccountingtallyms-excel",2
18,43,,Mintifi Finserve Private Limited,41.07,3,1,33.33,english r,"english proficiency spoken, ms-excel, ms-office",3
18,1,,Calipers Consulting Private Limited,40.96,2,1,50.0,english r,"ms-exceldata entryenglish proficiency spoken english proficiency written, ms-office",2
18,29,,GlobalStep Services Private Limited,39.77,1,1,100.0,r,recruitmentresume screeninginterview coordination,1
18,3,,Modtraa Design And Creation Incorporation,37.49,2,1,50.0,communication english r ski,"english proficiency spoken english proficiency written kannada proficiency spoken interpersonal skillseffective communication, presentation skillsms-excel",2
18,39,,KnowledgeWorks Global Limited,36.7,1,1,100.0,english r,english proficiency spoken english proficiency written,1
18,37,,Urban Company,36.64,2,1,50.0,english r,"english proficiency spoken, ms-excel",2
18,6,,Godrej Capital,34.53,1,1,100.0,communication r,ms-officems-powerpointms-exceleffective communication,1
18,4,,CCL Advisors,34.23,1,1,100.0,legal research r,legal researchcompany lawlegal draftingstatutory complianceslegal writingcontract management,1
18,8,,YES Italy Edutech Pvt. Ltd.,32.25,1,1,100.0,english r,lead generationsales managementenglish proficiency spoken sales,1
19,1,,Calipers Consulting Private Limited,62.38,2,1,50.0,english r,"ms-exceldata entryenglish proficiency spoken english proficiency written, ms-office",2
19,43,,Mintifi Finserve Private Limited,59.85,3,1,33.33,english r,"english proficiency spoken, ms-excel, ms-office",3
19,5,,SREEDHARA ENTERPRISES,58.48,2,1,50.0,accounting english r,"english proficiency spoken english proficiency written, ms-officeaccountingtallyms-excel",2
19,39,,KnowledgeWorks Global Limited,55.47,1,1,100.0,english r,english proficiency spoken english proficiency written,1
19,37,,Urban Company,52.91,2,1,50.0,english r,"english proficiency spoken, ms-excel",2
19,17,,SpotOnMedia,50.82,2,1,50.0,english hindi r,"ms-excelclient relationship management crm client relationshipenglish proficiency spoken english proficiency written hindi proficiency spoken +1 more, ms-office",2
19,24,,SpotOnMedia,50.82,2,1,50.0,english hindi r,"ms-excelclient relationship management crm client relationshipenglish proficiency spoken english proficiency written hindi proficiency spoken +1 more, ms-office",2
19,7,,Leafoberryy,49.76,1,1,100.0,communication data analytics r,leadershipteam managemente-commercedata analyticsmentorshipb2b saleseffective communication+2 more,1
19,38,,Urban Company Ltd.,48.07,2,1,50.0,english r,"english proficiency written, ms-excel",2
19,26,,Imarticus Learning,47.74,1,1,100.0,design thinking r,content writingms-wordms-powerpointstoryboardingms-excelcontent managementdesign thinking+3 more,1
20,1,,Calipers Consulting Private Limited,52.43,2,1,50.0,english r,"ms-exceldata entryenglish proficiency spoken english proficiency written, ms-office",2
20,43,,Mintifi Finserve Private Limited,49.56,3,1,33.33,english r,"english proficiency spoken, ms-excel, ms-office",3
20,5,,SREEDHARA ENTERPRISES,47.3,2,1,50.0,accounting english r,"english proficiency spoken english proficiency written, ms-officeaccountingtallyms-excel",2
20,39,,KnowledgeWorks Global Limited,46.52,1,1,100.0,english r,english proficiency spoken english proficiency written,1
20,37,,Urban Company,44.57,2,1,50.0,english r,"english proficiency spoken, ms-excel",2
20,17,,SpotOnMedia,44.47,2,1,50.0,english hindi r,"ms-excelclient relationship management crm client relationshipenglish proficiency spoken english proficiency written hindi proficiency spoken +1 more, ms-office",2
20,24,,SpotOnMedia,44.47,2,1,50.0,english hindi r,"ms-excelclient relationship management crm client relationshipenglish proficiency spoken english proficiency written hindi proficiency spoken +1 more, ms-office",2
20,3,,Modtraa Design And Creation Incorporation,41.22,2,1,50.0,communication english r ski,"english proficiency spoken english proficiency written kannada proficiency spoken interpersonal skillseffective communication, presentation skillsms-excel",2
20,40,,RMSI Private Limited,40.12,1,1,100.0,r sql sql server,sqlms sql servergisarcgisssms,1
20,26,,Imarticus Learning,40.08,1,1,100.0,design thinking r,content writingms-wordms-powerpointstoryboardingms-excelcontent managementdesign thinking+3 more,1
21,4,,CCL Advisors,44.5,1,1,100.0,legal research r,legal researchcompany lawlegal draftingstatutory complianceslegal writingcontract management,1
21,3,,Modtraa Design And Creation Incorporation,44.23,2,1,50.0,communication english r ski,"english proficiency spoken english proficiency written kannada proficiency spoken interpersonal skillseffective communication, presentation skillsms-excel",2
21,43,,Mintifi Finserve Private Limited,44.22,3,1,33.33,english r,"english proficiency spoken, ms-excel, ms-office",3
21,9,,Internshala,43.27,1,1,100.0,communication english r,negotiationproblem solvingenglish proficiency spoken saleseffective communication,1
21,10,,Internshala,43.27,1,1,100.0,communication english r,negotiationproblem solvingenglish proficiency spoken saleseffective communication,1
21,5,,SREEDHARA ENTERPRISES,42.95,2,1,50.0,accounting english r,"english proficiency spoken english proficiency written, ms-officeaccountingtallyms-excel",2
21,39,,KnowledgeWorks Global Limited,42.41,1,1,100.0,english r,english proficiency spoken english proficiency written,1
21,1,,Calipers Consulting Private Limited,41.23,2,1,50.0,english r,"ms-exceldata entryenglish proficiency spoken english proficiency written, ms-office",2
21,2,,Gruhatara Estates,40.63,2,1,50.0,market research r,"market researchmarketing strategies, negotiationdigital marketing",2
21,45,,Lishanth Enterprises,38.52,1,1,100.0,r,client relationship management crm coordinationsales managementclient relationshipnegotiationscustomer acquisitionsales strategy,1
22,4,,CCL Advisors,45.44,1,1,100.0,legal research r,legal researchcompany lawlegal draftingstatutory complianceslegal writingcontract management,1
22,1,,Calipers Consulting Private Limited,43.75,2,1,50.0,english r,"ms-exceldata entryenglish proficiency spoken english proficiency written, ms-office",2
22,43,,Mintifi Finserve Private Limited,42.37,3,1,33.33,english r,"english proficiency spoken, ms-excel, ms-office",3
22,3,,Modtraa Design And Creation Incorporation,40.24,2,1,50.0,communication english r ski,"english proficiency spoken english proficiency written kannada proficiency spoken interpersonal skillseffective communication, presentation skillsms-excel",2
22,5,,SREEDHARA ENTERPRISES,38.52,2,1,50.0,accounting english r,"english proficiency spoken english proficiency written, ms-officeaccountingtallyms-excel",2
22,39,,KnowledgeWorks Global Limited,37.28,1,1,100.0,english r,english proficiency spoken english proficiency written,1
22,38,,Urban Company Ltd.,36.82,2,1,50.0,english r,"english proficiency written, ms-excel",2
22,37,,Urban Company,35.69,2,1,50.0,english r,"english proficiency spoken, ms-excel",2
22,12,,Belstar MicroFinance Limited,35.38,1,1,100.0,accounting plan r,accountingfinancial planningfinancial reporting,1
22,17,,SpotOnMedia,35.28,2,1,50.0,english hindi r,"ms-excelclient relationship management crm client relationshipenglish proficiency spoken english proficiency written hindi proficiency spoken +1 more, ms-office",2
23,4,,CCL Advisors,33.75,1,1,100.0,legal research r,legal researchcompany lawlegal draftingstatutory complianceslegal writingcontract management,1
23,2,,Gruhatara Estates,30.4,2,1,50.0,market research r,"market researchmarketing strategies, negotiationdigital marketing",2
23,3,,Modtraa Design And Creation Incorporation,29.37,2,1,50.0,communication english r ski,"english proficiency spoken english proficiency written kannada proficiency spoken interpersonal skillseffective communication, presentation skillsms-excel",2
23,1,,Calipers Consulting Private Limited,29.28,2,1,50.0,english r,"ms-exceldata entryenglish proficiency spoken english proficiency written, ms-office",2
23,38,,Urban Company Ltd.,27.67,2,1,50.0,english r,"english proficiency written, ms-excel",2
23,5,,SREEDHARA ENTERPRISES,27.1,2,1,50.0,accounting english r,"english proficiency spoken english proficiency written, ms-officeaccountingtallyms-excel",2
23,37,,Urban Company,25.97,2,1,50.0,english r,"english proficiency spoken, ms-excel",2
23,39,,KnowledgeWorks Global Limited,25.38,1,1,100.0,english r,english proficiency spoken english proficiency written,1
23,43,,Mintifi Finserve Private Limited,25.1,3,1,33.33,english r,"english proficiency spoken, ms-excel, ms-office",3
23,49,,Cloudnine Hospital,24.36,2,1,50.0,english r,"english proficiency written canvapivot tablevlookup, ms-excel",2
24,4,,CCL Advisors,54.78,1,1,100.0,legal research r,legal researchcompany lawlegal draftingstatutory complianceslegal writingcontract management,1
24,1,,Calipers Consulting Private Limited,50.1,2,1,50.0,english r,"ms-exceldata entryenglish proficiency spoken english proficiency written, ms-office",2
24,5,,SREEDHARA ENTERPRISES,46.33,2,1,50.0,accounting english r,"english proficiency spoken english proficiency written, ms-officeaccountingtallyms-excel",2
24,43,,Mintifi Finserve Private Limited,45.35,3,1,33.33,english r,"english proficiency spoken, ms-excel, ms-office",3
24,37,,Urban Company,44.23,2,1,50.0,english r,"english proficiency spoken, ms-excel",2
24,38,,Urban Company Ltd.,43.84,2,1,50.0,english r,"english proficiency written, ms-excel",2
24,39,,KnowledgeWorks Global Limited,42.44,1,1,100.0,english r,english proficiency spoken english proficiency written,1
24,3,,Modtraa Design And Creation Incorporation,39.13,2,1,50.0,communication english r ski,"english proficiency spoken english proficiency written kannada proficiency spoken interpersonal skillseffective communication, presentation skillsms-excel",2
24,48,,Zucol Group Of Companies,36.65,1,1,100.0,english r,creative writingenglish proficiency spoken english proficiency written network protocols,1
24,29,,GlobalStep Services Private Limited,36.43,1,1,100.0,r,recruitmentresume screeninginterview coordination,1
25,1,,Calipers Consulting Private Limited,58.26,2,1,50.0,english r,"ms-exceldata entryenglish proficiency spoken english proficiency written, ms-office",2
25,39,,KnowledgeWorks Global Limited,52.78,1,1,100.0,english r,english proficiency spoken english proficiency written,1
25,43,,Mintifi Finserve Private Limited,49.98,3,1,33.33,english r,"english proficiency spoken, ms-excel, ms-office",3
25,37,,Urban Company,49.02,2,1,50.0,english r,"english proficiency spoken, ms-excel",2
25,3,,Modtraa Design And Creation Incorporation,48.2,2,1,50.0,communication english r ski,"english proficiency spoken english proficiency written kannada proficiency spoken interpersonal skillseffective communication, presentation skillsms-excel",2
25,17,,SpotOnMedia,47.83,2,1,50.0,english hindi r,"ms-excelclient relationship management crm client relationshipenglish proficiency spoken english proficiency written hindi proficiency spoken +1 more, ms-office",2
25,24,,SpotOnMedia,47.83,2,1,50.0,english hindi r,"ms-excelclient relationship management crm client relationshipenglish proficiency spoken english proficiency written hindi proficiency spoken +1 more, ms-office",2
25,4,,CCL Advisors,46.47,1,1,100.0,legal research r,legal researchcompany lawlegal draftingstatutory complianceslegal writingcontract management,1
25,9,,Internshala,46.04,1,1,100.0,communication english r,negotiationproblem solvingenglish proficiency spoken saleseffective communication,1
25,10,,Internshala,46.04,1,1,100.0,communication english r,negotiationproblem solvingenglish proficiency spoken saleseffective communication,1
26,4,,CCL Advisors,54.84,1,1,100.0,legal research r,legal researchcompany lawlegal draftingstatutory complianceslegal writingcontract management,1
26,5,,SREEDHARA ENTERPRISES,54.44,2,1,50.0,accounting english r,"english proficiency spoken english proficiency written, ms-officeaccountingtallyms-excel",2
26,43,,Mintifi Finserve Private Limited,50.7,3,1,33.33,english r,"english proficiency spoken, ms-excel, ms-office",3
26,1,,Calipers Consulting Private Limited,49.93,2,1,50.0,english r,"ms-exceldata entryenglish proficiency spoken english proficiency written, ms-office",2
26,38,,Urban Company Ltd.,49.5,2,1,50.0,english r,"english proficiency written, ms-excel",2
26,37,,Urban Company,48.18,2,1,50.0,english r,"english proficiency spoken, ms-excel",2
26,39,,KnowledgeWorks Global Limited,46.72,1,1,100.0,english r,english proficiency spoken english proficiency written,1
26,3,,Modtraa Design And Creation Incorporation,43.01,2,1,50.0,communication english r ski,"english proficiency spoken english proficiency written kannada proficiency spoken interpersonal skillseffective communication, presentation skillsms-excel",2
26,12,,Belstar MicroFinance Limited,42.39,1,1,100.0,accounting plan r,accountingfinancial planningfinancial reporting,1
26,44,,Starcrest Services Pvt. Ltd.,42.03,1,1,100.0,r,ms-officerecruitment,1
27,37,,Urban Company,57.69,2,1,50.0,english r,"english proficiency spoken, ms-excel",2
27,39,,KnowledgeWorks Global Limited,56.62,1,1,100.0,english r,english proficiency spoken english proficiency written,1
27,43,,Mintifi Finserve Private Limited,55.13,3,1,33.33,english r,"english proficiency spoken, ms-excel, ms-office",3
27,38,,Urban Company Ltd.,53.57,2,1,50.0,english r,"english proficiency written, ms-excel",2
27,3,,Modtraa Design And Creation Incorporation,52.85,2,1,50.0,communication english r ski,"english proficiency spoken english proficiency written kannada proficiency spoken interpersonal skillseffective communication, presentation skillsms-excel",2
27,4,,CCL Advisors,52.73,1,1,100.0,legal research r,legal researchcompany lawlegal draftingstatutory complianceslegal writingcontract management,1
27,5,,SREEDHARA ENTERPRISES,52.56,2,1,50.0,accounting english r,"english proficiency spoken english proficiency written, ms-officeaccountingtallyms-excel",2
27,1,,Calipers Consulting Private Limited,51.18,2,1,50.0,english r,"ms-exceldata entryenglish proficiency spoken english proficiency written, ms-office",2
27,47,,Scaler,50.76,1,1,100.0,communication english hindi r,english proficiency spoken hindi proficiency spoken effective communication,1
27,48,,Zucol Group Of Companies,48.25,1,1,100.0,english r,creative writingenglish proficiency spoken english proficiency written network protocols,1
28,4,,CCL Advisors,59.68,1,1,100.0,legal research r,legal researchcompany lawlegal draftingstatutory complianceslegal writingcontract management,1
28,1,,Calipers Consulting Private Limited,50.49,2,1,50.0,english r,"ms-exceldata entryenglish proficiency spoken english proficiency written, ms-office",2
28,43,,Mintifi Finserve Private Limited,50.33,3,1,33.33,english r,"english proficiency spoken, ms-excel, ms-office",3
28,5,,SREEDHARA ENTERPRISES,47.15,2,1,50.0,accounting english r,"english proficiency spoken english proficiency written, ms-officeaccountingtallyms-excel",2
28,29,,GlobalStep Services Private Limited,44.31,1,1,100.0,r,recruitmentresume screeninginterview coordination,1
28,44,,Starcrest Services Pvt. Ltd.,43.34,1,1,100.0,r,ms-officerecruitment,1
28,38,,Urban Company Ltd.,42.9,2,1,50.0,english r,"english proficiency written, ms-excel",2
28,3,,Modtraa Design And Creation Incorporation,42.11,2,1,50.0,communication english r ski,"english proficiency spoken english proficiency written kannada proficiency spoken interpersonal skillseffective communication, presentation skillsms-excel",2
28,37,,Urban Company,41.02,2,1,50.0,english r,"english proficiency spoken, ms-excel",2
28,39,,KnowledgeWorks Global Limited,40.42,1,1,100.0,english r,english proficiency spoken english proficiency written,1
29,4,,CCL Advisors,50.24,1,1,100.0,legal research r,legal researchcompany lawlegal draftingstatutory complianceslegal writingcontract management,1
29,1,,Calipers Consulting Private Limited,47.16,2,1,50.0,english r,"ms-exceldata entryenglish proficiency spoken english proficiency written, ms-office",2
29,9,,Internshala,46.19,1,1,100.0,communication english r,negotiationproblem solvingenglish proficiency spoken saleseffective communication,1
29,10,,Internshala,46.19,1,1,100.0,communication english r,negotiationproblem solvingenglish proficiency spoken saleseffective communication,1
29,3,,Modtraa Design And Creation Incorporation,42.96,2,1,50.0,communication english r ski,"english proficiency spoken english proficiency written kannada proficiency spoken interpersonal skillseffective communication, presentation skillsms-excel",2
29,43,,Mintifi Finserve Private Limited,42.71,3,1,33.33,english r,"english proficiency spoken, ms-excel, ms-office",3
29,39,,KnowledgeWorks Global Limited,41.83,1,1,100.0,english r,english proficiency spoken english proficiency written,1
29,48,,Zucol Group Of Companies,38.12,1,1,100.0,english r,creative writingenglish proficiency spoken english proficiency written network protocols,1
29,5,,SREEDHARA ENTERPRISES,38.08,2,1,50.0,accounting english r,"english proficiency spoken english proficiency written, ms-officeaccountingtallyms-excel",2
29,26,,Imarticus Learning,36.71,1,1,100.0,design thinking r,content writingms-wordms-powerpointstoryboardingms-excelcontent managementdesign thinking+3 more,1
30,4,,CCL Advisors,48.26,1,1,100.0,legal research r,legal researchcompany lawlegal draftingstatutory complianceslegal writingcontract management,1
30,39,,KnowledgeWorks Global Limited,46.76,1,1,100.0,english r,english proficiency spoken english proficiency written,1
30,43,,Mintifi Finserve Private Limited,45.67,3,1,33.33,english r,"english proficiency spoken, ms-excel, ms-office",3
30,1,,Calipers Consulting Private Limited,44.88,2,1,50.0,english r,"ms-exceldata entryenglish proficiency spoken english proficiency written, ms-office",2
30,37,,Urban Company,44.59,2,1,50.0,english r,"english proficiency spoken, ms-excel",2
30,38,,Urban Company Ltd.,43.88,2,1,50.0,english r,"english proficiency written, ms-excel",2
30,3,,Modtraa Design And Creation Incorporation,43.28,2,1,50.0,communication english r ski,"english proficiency spoken english proficiency written kannada proficiency spoken interpersonal skillseffective communication, presentation skillsms-excel",2
30,5,,SREEDHARA ENTERPRISES,40.87,2,1,50.0,accounting english r,"english proficiency spoken english proficiency written, ms-officeaccountingtallyms-excel",2
30,44,,Starcrest Services Pvt. Ltd.,38.6,1,1,100.0,r,ms-officerecruitment,1
30,49,,Cloudnine Hospital,37.58,2,1,50.0,english r,"english proficiency written canvapivot tablevlookup, ms-excel",2
31,1,,Calipers Consulting Private Limited,60.51,2,1,50.0,english r,"ms-exceldata entryenglish proficiency spoken english proficiency written, ms-office",2
31,43,,Mintifi Finserve Private Limited,60.34,3,1,33.33,english r,"english proficiency spoken, ms-excel, ms-office",3
31,5,,SREEDHARA ENTERPRISES,57.91,2,1,50.0,accounting english r,"english proficiency spoken english proficiency written, ms-officeaccountingtallyms-excel",2
31,37,,Urban Company,55.86,2,1,50.0,english r,"english proficiency spoken, ms-excel",2
31,29,,GlobalStep Services Private Limited,51.39,1,1,100.0,r,recruitmentresume screeninginterview coordination,1
31,3,,Modtraa Design And Creation Incorporation,51.21,2,1,50.0,communication english r ski,"english proficiency spoken english proficiency written kannada proficiency spoken interpersonal skillseffective communication, presentation skillsms-excel",2
31,39,,KnowledgeWorks Global Limited,50.81,1,1,100.0,english r,english proficiency spoken english proficiency written,1
31,38,,Urban Company Ltd.,50.29,2,1,50.0,english r,"english proficiency written, ms-excel",2
31,48,,Zucol Group Of Companies,49.87,1,1,100.0,english r,creative writingenglish proficiency spoken english proficiency written network protocols,1
31,6,,Godrej Capital,49.16,1,1,100.0,communication r,ms-officems-powerpointms-exceleffective communication,1
32,43,,Mintifi Finserve Private Limited,48.19,3,1,33.33,english r,"english proficiency spoken, ms-excel, ms-office",3
32,37,,Urban Company,44.03,2,1,50.0,english r,"english proficiency spoken, ms-excel",2
32,1,,Calipers Consulting Private Limited,43.31,2,1,50.0,english r,"ms-exceldata entryenglish proficiency spoken english proficiency written, ms-office",2
32,31,,CREO,42.77,1,1,100.0,adobe illustrator adobe photoshop r,adobe photoshopadobe illustratoradobe indesigncanvafigma,1
32,26,,Imarticus Learning,42.57,1,1,100.0,design thinking r,content writingms-wordms-powerpointstoryboardingms-excelcontent managementdesign thinking+3 more,1
32,3,,Modtraa Design And Creation Incorporation,41.97,2,1,50.0,communication english r ski,"english proficiency spoken english proficiency written kannada proficiency spoken interpersonal skillseffective communication, presentation skillsms-excel",2
32,39,,KnowledgeWorks Global Limited,41.73,1,1,100.0,english r,english proficiency spoken english proficiency written,1
32,5,,SREEDHARA ENTERPRISES,41.19,2,1,50.0,accounting english r,"english proficiency spoken english proficiency written, ms-officeaccountingtallyms-excel",2
32,35,,California Burrito,39.72,1,1,100.0,graphic design motion graphics r,brandingui ux designinterior designgraphic designdigital illustrationmotion graphics,1
32,38,,Urban Company Ltd.,39.22,2,1,50.0,english r,"english proficiency written, ms-excel",2
33,43,,Mintifi Finserve Private Limited,43.9,3,1,33.33,english r,"english proficiency spoken, ms-excel, ms-office",3
33,3,,Modtraa Design And Creation Incorporation,41.78,2,1,50.0,communication english r ski,"english proficiency spoken english proficiency written kannada proficiency spoken interpersonal skillseffective communication, presentation skillsms-excel",2
33,26,,Imarticus Learning,41.53,1,1,100.0,design thinking r,content writingms-wordms-powerpointstoryboardingms-excelcontent managementdesign thinking+3 more,1
33,39,,KnowledgeWorks Global Limited,40.54,1,1,100.0,english r,english proficiency spoken english proficiency written,1
33,7,,Leafoberryy,39.8,1,1,100.0,communication data analytics r,leadershipteam managemente-commercedata analyticsmentorshipb2b saleseffective communication+2 more,1
33,5,,SREEDHARA ENTERPRISES,38.54,2,1,50.0,accounting english r,"english proficiency spoken english proficiency written, ms-officeaccountingtallyms-excel",2
33,37,,Urban Company,38.39,2,1,50.0,english r,"english proficiency spoken, ms-excel",2
33,1,,Calipers Consulting Private Limited,38.14,2,1,50.0,english r,"ms-exceldata entryenglish proficiency spoken english proficiency written, ms-office",2
33,4,,CCL Advisors,37.88,1,1,100.0,legal research r,legal researchcompany lawlegal draftingstatutory complianceslegal writingcontract management,1
33,38,,Urban Company Ltd.,37.42,2,1,50.0,english r,"english proficiency written, ms-excel",2
34,39,,KnowledgeWorks Global Limited,30.2,1,1,100.0,english r,english proficiency spoken english proficiency written,1
34,5,,SREEDHARA ENTERPRISES,30.03,2,1,50.0,accounting english r,"english proficiency spoken english proficiency written, ms-officeaccountingtallyms-excel",2
34,3,,Modtraa Design And Creation Incorporation,28.99,2,1,50.0,communication english r ski,"english proficiency spoken english proficiency written kannada proficiency spoken interpersonal skillseffective communication, presentation skillsms-excel",2
34,15,,Bhanzu (Formerly Exploring Infinities),28.81,2,1,50.0,communication english r ski,"english proficiency spoken saleseffective communication, social media marketingpresentation skillsemail marketingms-excel",2
34,29,,GlobalStep Services Private Limited,28.1,1,1,100.0,r,recruitmentresume screeninginterview coordination,1
34,43,,Mintifi Finserve Private Limited,27.92,3,1,33.33,english r,"english proficiency spoken, ms-excel, ms-office",3
34,9,,Internshala,27.27,1,1,100.0,communication english r,negotiationproblem solvingenglish proficiency spoken saleseffective communication,1
34,10,,Internshala,27.27,1,1,100.0,communication english r,negotiationproblem solvingenglish proficiency spoken saleseffective communication,1
34,26,,Imarticus Learning,26.99,1,1,100.0,design thinking r,content writingms-wordms-powerpointstoryboardingms-excelcontent managementdesign thinking+3 more,1
34,48,,Zucol Group Of Companies,26.81,1,1,100.0,english r,creative writingenglish proficiency spoken english proficiency written network protocols,1
35,43,,Mintifi Finserve Private Limited,34.4,3,1,33.33,english r,"english proficiency spoken, ms-excel, ms-office",3
35,39,,KnowledgeWorks Global Limited,34.19,1,1,100.0,english r,english proficiency spoken english proficiency written,1
35,29,,GlobalStep Services Private Limited,33.89,1,1,100.0,r,recruitmentresume screeninginterview coordination,1
35,1,,Calipers Consulting Private Limited,30.04,2,1,50.0,english r,"ms-exceldata entryenglish proficiency spoken english proficiency written, ms-office",2
35,5,,SREEDHARA ENTERPRISES,29.07,2,1,50.0,accounting english r,"english proficiency spoken english proficiency written, ms-officeaccountingtallyms-excel",2
35,47,,Scaler,27.8,1,1,100.0,communication english hindi r,english proficiency spoken hindi proficiency spoken effective communication,1
35,6,,Godrej Capital,27.24,1,1,100.0,communication r,ms-officems-powerpointms-exceleffective communication,1
35,7,,Leafoberryy,27.05,1,1,100.0,communication data analytics r,leadershipteam managemente-commercedata analyticsmentorshipb2b saleseffective communication+2 more,1
35,44,,Starcrest Services Pvt. Ltd.,26.58,1,1,100.0,r,ms-officerecruitment,1
35,9,,Internshala,26.12,1,1,100.0,communication english r,negotiationproblem solvingenglish proficiency spoken saleseffective communication,1
36,39,,KnowledgeWorks Global Limited,54.07,1,1,100.0,english r,english proficiency spoken english proficiency written,1
36,43,,Mintifi Finserve Private Limited,52.8,3,1,33.33,english r,"english proficiency spoken, ms-excel, ms-office",3
36,29,,GlobalStep Services Private Limited,50.87,1,1,100.0,r,recruitmentresume screeninginterview coordination,1
36,3,,Modtraa Design And Creation Incorporation,50.35,2,1,50.0,communication english r ski,"english proficiency spoken english proficiency written kannada proficiency spoken interpersonal skillseffective communication, presentation skillsms-excel",2
36,5,,SREEDHARA ENTERPRISES,49.08,2,1,50.0,accounting english r,"english proficiency spoken english proficiency written, ms-officeaccountingtallyms-excel",2
36,1,,Calipers Consulting Private Limited,48.89,2,1,50.0,english r,"ms-exceldata entryenglish proficiency spoken english proficiency written, ms-office",2
36,47,,Scaler,45.76,1,1,100.0,communication english hindi r,english proficiency spoken hindi proficiency spoken effective communication,1
36,48,,Zucol Group Of Companies,45.52,1,1,100.0,english r,creative writingenglish proficiency spoken english proficiency written network protocols,1
36,37,,Urban Company,44.58,2,1,50.0,english r,"english proficiency spoken, ms-excel",2
36,38,,Urban Company Ltd.,41.57,2,1,50.0,english r,"english proficiency written, ms-excel",2
37,3,,Modtraa Design And Creation Incorporation,47.8,2,1,50.0,communication english r ski,"english proficiency spoken english proficiency written kannada proficiency spoken interpersonal skillseffective communication, presentation skillsms-excel",2
37,43,,Mintifi Finserve Private Limited,42.0,3,1,33.33,english r,"english proficiency spoken, ms-excel, ms-office",3
37,5,,SREEDHARA ENTERPRISES,41.94,2,1,50.0,accounting english r,"english proficiency spoken english proficiency written, ms-officeaccountingtallyms-excel",2
37,26,,Imarticus Learning,41.67,1,1,100.0,design thinking r,content writingms-wordms-powerpointstoryboardingms-excelcontent managementdesign thinking+3 more,1
37,17,,SpotOnMedia,41.66,2,1,50.0,english hindi r,"ms-excelclient relationship management crm client relationshipenglish proficiency spoken english proficiency written hindi proficiency spoken +1 more, ms-office",2
37,24,,SpotOnMedia,41.66,2,1,50.0,english hindi r,"ms-excelclient relationship management crm client relationshipenglish proficiency spoken english proficiency written hindi proficiency spoken +1 more, ms-office",2
37,4,,CCL Advisors,41.63,1,1,100.0,legal research r,legal researchcompany lawlegal draftingstatutory complianceslegal writingcontract management,1
37,25,,NoBroker Technologies Solutions Private Limited,41.5,1,0,0.0,,cold callinginside salesbusiness developmentsales,1
37,1,,Calipers Consulting Private Limited,39.8,2,1,50.0,english r,"ms-exceldata entryenglish proficiency spoken english proficiency written, ms-office",2
37,35,,California Burrito,39.57,1,1,100.0,graphic design motion graphics r,brandingui ux designinterior designgraphic designdigital illustrationmotion graphics,1
38,50,,Webvio Technologies,43.7,1,1,100.0,english logging r,bloggingsearch engine optimization seo creative writingproofreadingenglish proficiency written research and analytics,1
38,26,,Imarticus Learning,42.35,1,1,100.0,design thinking r,content writingms-wordms-powerpointstoryboardingms-excelcontent managementdesign thinking+3 more,1
38,7,,Leafoberryy,41.45,1,1,100.0,communication data analytics r,leadershipteam managemente-commercedata analyticsmentorshipb2b saleseffective communication+2 more,1
38,1,,Calipers Consulting Private Limited,40.86,2,1,50.0,english r,"ms-exceldata entryenglish proficiency spoken english proficiency written, ms-office",2
38,23,,Netcore Cloud,39.46,1,1,100.0,r sql sql server,htmllinuxms sql server,1
38,17,,SpotOnMedia,38.12,2,1,50.0,english hindi r,"ms-excelclient relationship management crm client relationshipenglish proficiency spoken english proficiency written hindi proficiency spoken +1 more, ms-office",2
38,24,,SpotOnMedia,38.12,2,1,50.0,english hindi r,"ms-excelclient relationship management crm client relationshipenglish proficiency spoken english proficiency written hindi proficiency spoken +1 more, ms-office",2
38,43,,Mintifi Finserve Private Limited,37.54,3,1,33.33,english r,"english proficiency spoken, ms-excel, ms-office",3
38,5,,SREEDHARA ENTERPRISES,36.61,2,1,50.0,accounting english r,"english proficiency spoken english proficiency written, ms-officeaccountingtallyms-excel",2
38,3,,Modtraa Design And Creation Incorporation,36.38,2,1,50.0,communication english r ski,"english proficiency spoken english proficiency written kannada proficiency spoken interpersonal skillseffective communication, presentation skillsms-excel",2
39,1,,Calipers Consulting Private Limited,54.67,2,1,50.0,english r,"ms-exceldata entryenglish proficiency spoken english proficiency written, ms-office",2
39,43,,Mintifi Finserve Private Limited,51.22,3,1,33.33,english r,"english proficiency spoken, ms-excel, ms-office",3
39,39,,KnowledgeWorks Global Limited,50.17,1,1,100.0,english r,english proficiency spoken english proficiency written,1
39,37,,Urban Company,49.15,2,1,50.0,english r,"english proficiency spoken, ms-excel",2
39,3,,Modtraa Design And Creation Incorporation,49.02,2,1,50.0,communication english r ski,"english proficiency spoken english proficiency written kannada proficiency spoken interpersonal skillseffective communication, presentation skillsms-excel",2
39,17,,SpotOnMedia,48.51,2,1,50.0,english hindi r,"ms-excelclient relationship management crm client relationshipenglish proficiency spoken english proficiency written hindi proficiency spoken +1 more, ms-office",2
39,24,,SpotOnMedia,48.51,2,1,50.0,english hindi r,"ms-excelclient relationship management crm client relationshipenglish proficiency spoken english proficiency written hindi proficiency spoken +1 more, ms-office",2
39,38,,Urban Company Ltd.,47.79,2,1,50.0,english r,"english proficiency written, ms-excel",2
39,5,,SREEDHARA ENTERPRISES,47.77,2,1,50.0,accounting english r,"english proficiency spoken english proficiency written, ms-officeaccountingtallyms-excel",2
39,50,,Webvio Technologies,47.15,1,1,100.0,english logging r,bloggingsearch engine optimization seo creative writingproofreadingenglish proficiency written research and analytics,1
40,26,,Imarticus Learning,53.32,1,1,100.0,design thinking r,content writingms-wordms-powerpointstoryboardingms-excelcontent managementdesign thinking+3 more,1
40,43,,Mintifi Finserve Private Limited,51.3,3,1,33.33,english r,"english proficiency spoken, ms-excel, ms-office",3
40,3,,Modtraa Design And Creation Incorporation,50.86,2,1,50.0,communication english r ski,"english proficiency spoken english proficiency written kannada proficiency spoken interpersonal skillseffective communication, presentation skillsms-excel",2
40,1,,Calipers Consulting Private Limited,50.66,2,1,50.0,english r,"ms-exceldata entryenglish proficiency spoken english proficiency written, ms-office",2
40,35,,California Burrito,48.61,1,1,100.0,graphic design motion graphics r,brandingui ux designinterior designgraphic designdigital illustrationmotion graphics,1
40,39,,KnowledgeWorks Global Limited,48.22,1,1,100.0,english r,english proficiency spoken english proficiency written,1
40,37,,Urban Company,47.79,2,1,50.0,english r,"english proficiency spoken, ms-excel",2
40,29,,GlobalStep Services Private Limited,46.98,1,1,100.0,r,recruitmentresume screeninginterview coordination,1
40,48,,Zucol Group Of Companies,46.82,1,1,100.0,english r,creative writingenglish proficiency spoken english proficiency written network protocols,1
40,38,,Urban Company Ltd.,46.77,2,1,50.0,english r,"english proficiency written, ms-excel",2
41,43,,Mintifi Finserve Private Limited,47.9,3,1,33.33,english r,"english proficiency spoken, ms-excel, ms-office",3
41,1,,Calipers Consulting Private Limited,43.41,2,1,50.0,english r,"ms-exceldata entryenglish proficiency spoken english proficiency written, ms-office",2
41,39,,KnowledgeWorks Global Limited,41.5,1,1,100.0,english r,english proficiency spoken english proficiency written,1
41,29,,GlobalStep Services Private Limited,41.49,1,1,100.0,r,recruitmentresume screeninginterview coordination,1
41,3,,Modtraa Design And Creation Incorporation,41.0,2,1,50.0,communication english r ski,"english proficiency spoken english proficiency written kannada proficiency spoken interpersonal skillseffective communication, presentation skillsms-excel",2
41,37,,Urban Company,40.4,2,1,50.0,english r,"english proficiency spoken, ms-excel",2
41,5,,SREEDHARA ENTERPRISES,39.81,2,1,50.0,accounting english r,"english proficiency spoken english proficiency written, ms-officeaccountingtallyms-excel",2
41,8,,YES Italy Edutech Pvt. Ltd.,37.74,1,1,100.0,english r,lead generationsales managementenglish proficiency spoken sales,1
41,38,,Urban Company Ltd.,36.96,2,1,50.0,english r,"english proficiency written, ms-excel",2
41,22,,Faff,35.74,1,1,100.0,communication conflict management r,time managementproblem solvingcoordinationadaptabilityeffective communicationconflict management,1
42,37,,Urban Company,50.66,2,1,50.0,english r,"english proficiency spoken, ms-excel",2
42,3,,Modtraa Design And Creation Incorporation,48.25,2,1,50.0,communication english r ski,"english proficiency spoken english proficiency written kannada proficiency spoken interpersonal skillseffective communication, presentation skillsms-excel",2
42,1,,Calipers Consulting Private Limited,46.36,2,1,50.0,english r,"ms-exceldata entryenglish proficiency spoken english proficiency written, ms-office",2
42,43,,Mintifi Finserve Private Limited,46.33,3,1,33.33,english r,"english proficiency spoken, ms-excel, ms-office",3
42,39,,KnowledgeWorks Global Limited,45.46,1,1,100.0,english r,english proficiency spoken english proficiency written,1
42,38,,Urban Company Ltd.,45.38,2,1,50.0,english r,"english proficiency written, ms-excel",2
42,5,,SREEDHARA ENTERPRISES,44.92,2,1,50.0,accounting english r,"english proficiency spoken english proficiency written, ms-officeaccountingtallyms-excel",2
42,44,,Starcrest Services Pvt. Ltd.,40.2,1,1,100.0,r,ms-officerecruitment,1
42,47,,Scaler,39.46,1,1,100.0,communication english hindi r,english proficiency spoken hindi proficiency spoken effective communication,1
42,29,,GlobalStep Services Private Limited,38.59,1,1,100.0,r,recruitmentresume screeninginterview coordination,1
43,1,,Calipers Consulting Private Limited,38.09,2,1,50.0,english r,"ms-exceldata entryenglish proficiency spoken english proficiency written, ms-office",2
43,39,,KnowledgeWorks Global Limited,38.02,1,1,100.0,english r,english proficiency spoken english proficiency written,1
43,38,,Urban Company Ltd.,36.9,2,1,50.0,english r,"english proficiency written, ms-excel",2
43,43,,Mintifi Finserve Private Limited,36.79,3,1,33.33,english r,"english proficiency spoken, ms-excel, ms-office",3
43,37,,Urban Company,36.16,2,1,50.0,english r,"english proficiency spoken, ms-excel",2
43,3,,Modtraa Design And Creation Incorporation,35.98,2,1,50.0,communication english r ski,"english proficiency spoken english proficiency written kannada proficiency spoken interpersonal skillseffective communication, presentation skillsms-excel",2
43,5,,SREEDHARA ENTERPRISES,34.72,2,1,50.0,accounting english r,"english proficiency spoken english proficiency written, ms-officeaccountingtallyms-excel",2
43,44,,Starcrest Services Pvt. Ltd.,33.69,1,1,100.0,r,ms-officerecruitment,1
43,29,,GlobalStep Services Private Limited,33.14,1,1,100.0,r,recruitmentresume screeninginterview coordination,1
43,47,,Scaler,30.0,1,1,100.0,communication english hindi r,english proficiency spoken hindi proficiency spoken effective communication,1
44,29,,GlobalStep Services Private Limited,28.82,1,1,100.0,r,recruitmentresume screeninginterview coordination,1
44,25,,NoBroker Technologies Solutions Private Limited,28.57,1,0,0.0,,cold callinginside salesbusiness developmentsales,1
44,3,,Modtraa Design And Creation Incorporation,27.71,2,1,50.0,communication english r ski,"english proficiency spoken english proficiency written kannada proficiency spoken interpersonal skillseffective communication, presentation skillsms-excel",2
44,37,,Urban Company,27.7,2,1,50.0,english r,"english proficiency spoken, ms-excel",2
44,43,,Mintifi Finserve Private Limited,26.93,3,1,33.33,english r,"english proficiency spoken, ms-excel, ms-office",3
44,39,,KnowledgeWorks Global Limited,26.4,1,1,100.0,english r,english proficiency spoken english proficiency written,1
44,6,,Godrej Capital,26.39,1,1,100.0,communication r,ms-officems-powerpointms-exceleffective communication,1
44,48,,Zucol Group Of Companies,26.12,1,1,100.0,english r,creative writingenglish proficiency spoken english proficiency written network protocols,1
44,9,,Internshala,25.79,1,1,100.0,communication english r,negotiationproblem solvingenglish proficiency spoken saleseffective communication,1
44,10,,Internshala,25.79,1,1,100.0,communication english r,negotiationproblem solvingenglish proficiency spoken saleseffective communication,1
45,37,,Urban Company,39.15,2,1,50.0,english r,"english proficiency spoken, ms-excel",2
45,3,,Modtraa Design And Creation Incorporation,38.51,2,1,50.0,communication english r ski,"english proficiency spoken english proficiency written kannada proficiency spoken interpersonal skillseffective communication, presentation skillsms-excel",2
45,39,,KnowledgeWorks Global Limited,37.78,1,1,100.0,english r,english proficiency spoken english proficiency written,1
45,38,,Urban Company Ltd.,36.71,2,1,50.0,english r,"english proficiency written, ms-excel",2
45,43,,Mintifi Finserve Private Limited,36.59,3,1,33.33,english r,"english proficiency spoken, ms-excel, ms-office",3
45,5,,SREEDHARA ENTERPRISES,35.6,2,1,50.0,accounting english r,"english proficiency spoken english proficiency written, ms-officeaccountingtallyms-excel",2
45,1,,Calipers Consulting Private Limited,34.88,2,1,50.0,english r,"ms-exceldata entryenglish proficiency spoken english proficiency written, ms-office",2
45,35,,California Burrito,33.41,1,1,100.0,graphic design motion graphics r,brandingui ux designinterior designgraphic designdigital illustrationmotion graphics,1
45,47,,Scaler,32.27,1,1,100.0,communication english hindi r,english proficiency spoken hindi proficiency spoken effective communication,1
45,31,,CREO,31.83,1,1,100.0,adobe illustrator adobe photoshop r,adobe photoshopadobe illustratoradobe indesigncanvafigma,1
46,7,,Leafoberryy,52.62,1,1,100.0,communication data analytics r,leadershipteam managemente-commercedata analyticsmentorshipb2b saleseffective communication+2 more,1
46,37,,Urban Company,51.25,2,1,50.0,english r,"english proficiency spoken, ms-excel",2
46,43,,Mintifi Finserve Private Limited,50.91,3,1,33.33,english r,"english proficiency spoken, ms-excel, ms-office",3
46,5,,SREEDHARA ENTERPRISES,48.34,2,1,50.0,accounting english r,"english proficiency spoken english proficiency written, ms-officeaccountingtallyms-excel",2
46,1,,Calipers Consulting Private Limited,48.28,2,1,50.0,english r,"ms-exceldata entryenglish proficiency spoken english proficiency written, ms-office",2
46,38,,Urban Company Ltd.,47.8,2,1,50.0,english r,"english proficiency written, ms-excel",2
46,29,,GlobalStep Services Private Limited,44.67,1,1,100.0,r,recruitmentresume screeninginterview coordination,1
46,27,,WWF India,43.89,1,1,100.0,r,public speakingsalesmarketing,1
46,2,,Gruhatara Estates,43.63,2,1,50.0,market research r,"market researchmarketing strategies, negotiationdigital marketing",2
46,39,,KnowledgeWorks Global Limited,42.84,1,1,100.0,english r,english proficiency spoken english proficiency written,1
47,7,,Leafoberryy,59.14,1,1,100.0,communication data analytics r,leadershipteam managemente-commercedata analyticsmentorshipb2b saleseffective communication+2 more,1
47,43,,Mintifi Finserve Private Limited,57.63,3,1,33.33,english r,"english proficiency spoken, ms-excel, ms-office",3
47,11,,Lishanth Enterprises,53.89,1,1,100.0,r,client relationship management crm sales managementsales supportcustomer supportsales strategy,1
47,1,,Calipers Consulting Private Limited,53.7,2,1,50.0,english r,"ms-exceldata entryenglish proficiency spoken english proficiency written, ms-office",2
47,17,,SpotOnMedia,51.34,2,1,50.0,english hindi r,"ms-excelclient relationship management crm client relationshipenglish proficiency spoken english proficiency written hindi proficiency spoken +1 more, ms-office",2
47,24,,SpotOnMedia,51.34,2,1,50.0,english hindi r,"ms-excelclient relationship management crm client relationshipenglish proficiency spoken english proficiency written hindi proficiency spoken +1 more, ms-office",2
47,37,,Urban Company,51.31,2,1,50.0,english r,"english proficiency spoken, ms-excel",2
47,5,,SREEDHARA ENTERPRISES,50.16,2,1,50.0,accounting english r,"english proficiency spoken english proficiency written, ms-officeaccountingtallyms-excel",2
47,9,,Internshala,48.89,1,1,100.0,communication english r,negotiationproblem solvingenglish proficiency spoken saleseffective communication,1
47,10,,Internshala,48.89,1,1,100.0,communication english r,negotiationproblem solvingenglish proficiency spoken saleseffective communication,1
48,7,,Leafoberryy,51.05,1,1,100.0,communication data analytics r,leadershipteam managemente-commercedata analyticsmentorshipb2b saleseffective communication+2 more,1
48,43,,Mintifi Finserve Private Limited,50.17,3,1,33.33,english r,"english proficiency spoken, ms-excel, ms-office",3
48,37,,Urban Company,46.4,2,1,50.0,english r,"english proficiency spoken, ms-excel",2
48,5,,SREEDHARA ENTERPRISES,45.65,2,1,50.0,accounting english r,"english proficiency spoken english proficiency written, ms-officeaccountingtallyms-excel",2
48,1,,Calipers Consulting Private Limited,45.5,2,1,50.0,english r,"ms-exceldata entryenglish proficiency spoken english proficiency written, ms-office",2
48,17,,SpotOnMedia,44.39,2,1,50.0,english hindi r,"ms-excelclient relationship management crm client relationshipenglish proficiency spoken english proficiency written hindi proficiency spoken +1 more, ms-office",2
48,24,,SpotOnMedia,44.39,2,1,50.0,english hindi r,"ms-excelclient relationship management crm client relationshipenglish proficiency spoken english proficiency written hindi proficiency spoken +1 more, ms-office",2
48,2,,Gruhatara Estates,42.58,2,1,50.0,market research r,"market researchmarketing strategies, negotiationdigital marketing",2
48,3,,Modtraa Design And Creation Incorporation,41.13,2,1,50.0,communication english r ski,"english proficiency spoken english proficiency written kannada proficiency spoken interpersonal skillseffective communication, presentation skillsms-excel",2
48,9,,Internshala,40.87,1,1,100.0,communication english r,negotiationproblem solvingenglish proficiency spoken saleseffective communication,1
49,43,,Mintifi Finserve Private Limited,53.14,3,1,33.33,english r,"english proficiency spoken, ms-excel, ms-office",3
49,7,,Leafoberryy,53.1,1,1,100.0,communication data analytics r,leadershipteam managemente-commercedata analyticsmentorshipb2b saleseffective communication+2 more,1
49,1,,Calipers Consulting Private Limited,52.73,2,1,50.0,english r,"ms-exceldata entryenglish proficiency spoken english proficiency written, ms-office",2
49,5,,SREEDHARA ENTERPRISES,51.15,2,1,50.0,accounting english r,"english proficiency spoken english proficiency written, ms-officeaccountingtallyms-excel",2
49,17,,SpotOnMedia,51.03,2,1,50.0,english hindi r,"ms-excelclient relationship management crm client relationshipenglish proficiency spoken english proficiency written hindi proficiency spoken +1 more, ms-office",2
49,24,,SpotOnMedia,51.03,2,1,50.0,english hindi r,"ms-excelclient relationship management crm client relationshipenglish proficiency spoken english proficiency written hindi proficiency spoken +1 more, ms-office",2
49,11,,Lishanth Enterprises,49.76,1,1,100.0,r,client relationship management crm sales managementsales supportcustomer supportsales strategy,1
49,40,,RMSI Private Limited,48.68,1,1,100.0,r sql sql server,sqlms sql servergisarcgisssms,1
49,45,,Lishanth Enterprises,46.34,1,1,100.0,r,client relationship management crm coordinationsales managementclient relationshipnegotiationscustomer acquisitionsales strategy,1
49,37,,Urban Company,45.98,2,1,50.0,english r,"english proficiency spoken, ms-excel",2
50,7,,Leafoberryy,59.62,1,1,100.0,communication data analytics r,leadershipteam managemente-commercedata analyticsmentorshipb2b saleseffective communication+2 more,1
50,17,,SpotOnMedia,53.64,2,1,50.0,english hindi r,"ms-excelclient relationship management crm client relationshipenglish proficiency spoken english proficiency written hindi proficiency spoken +1 more, ms-office",2
50,24,,SpotOnMedia,53.64,2,1,50.0,english hindi r,"ms-excelclient relationship management crm client relationshipenglish proficiency spoken english proficiency written hindi proficiency spoken +1 more, ms-office",2
50,43,,Mintifi Finserve Private Limited,53.36,3,1,33.33,english r,"english proficiency spoken, ms-excel, ms-office",3
50,11,,Lishanth Enterprises,51.13,1,1,100.0,r,client relationship management crm sales managementsales supportcustomer supportsales strategy,1
50,5,,SREEDHARA ENTERPRISES,49.46,2,1,50.0,accounting english r,"english proficiency spoken english proficiency written, ms-officeaccountingtallyms-excel",2
50,37,,Urban Company,49.36,2,1,50.0,english r,"english proficiency spoken, ms-excel",2
50,1,,Calipers Consulting Private Limited,47.89,2,1,50.0,english r,"ms-exceldata entryenglish proficiency spoken english proficiency written, ms-office",2
50,26,,Imarticus Learning,47.82,1,1,100.0,design thinking r,content writingms-wordms-powerpointstoryboardingms-excelcontent managementdesign thinking+3 more,1
50,14,,NYX,46.07,1,1,100.0,r,negotiationdigital marketingclient relationship management crm client relationshiplinkedin marketingbusiness developmentgoogle workspace+5 more,1
51,43,,Mintifi Finserve Private Limited,43.54,3,1,33.33,english r,"english proficiency spoken, ms-excel, ms-office",3
51,39,,KnowledgeWorks Global Limited,38.52,1,1,100.0,english r,english proficiency spoken english proficiency written,1
51,5,,SREEDHARA ENTERPRISES,38.08,2,1,50.0,accounting english r,"english proficiency spoken english proficiency written, ms-officeaccountingtallyms-excel",2
51,44,,Starcrest Services Pvt. Ltd.,38.02,1,1,100.0,r,ms-officerecruitment,1
51,29,,GlobalStep Services Private Limited,37.54,1,1,100.0,r,recruitmentresume screeninginterview coordination,1
51,37,,Urban Company,36.66,2,1,50.0,english r,"english proficiency spoken, ms-excel",2
51,1,,Calipers Consulting Private Limited,36.23,2,1,50.0,english r,"ms-exceldata entryenglish proficiency spoken english proficiency written, ms-office",2
51,6,,Godrej Capital,34.92,1,1,100.0,communication r,ms-officems-powerpointms-exceleffective communication,1
51,7,,Leafoberryy,34.08,1,1,100.0,communication data analytics r,leadershipteam managemente-commercedata analyticsmentorshipb2b saleseffective communication+2 more,1
51,38,,Urban Company Ltd.,33.81,2,1,50.0,english r,"english proficiency written, ms-excel",2
52,36,,Medi Assist Healthcare Private Limited,22.42,1,1,100.0,medical terminology r terminology,medical terminology,1
52,49,,Cloudnine Hospital,21.9,2,1,50.0,english r,"english proficiency written canvapivot tablevlookup, ms-excel",2
52,43,,Mintifi Finserve Private Limited,21.03,3,1,33.33,english r,"english proficiency spoken, ms-excel, ms-office",3
52,1,,Calipers Consulting Private Limited,20.86,2,1,50.0,english r,"ms-exceldata entryenglish proficiency spoken english proficiency written, ms-office",2
52,37,,Urban Company,20.09,2,1,50.0,english r,"english proficiency spoken, ms-excel",2
52,47,,Scaler,19.11,1,1,100.0,communication english hindi r,english proficiency spoken hindi proficiency spoken effective communication,1
52,26,,Imarticus Learning,18.72,1,1,100.0,design thinking r,content writingms-wordms-powerpointstoryboardingms-excelcontent managementdesign thinking+3 more,1
52,38,,Urban Company Ltd.,17.59,2,1,50.0,english r,"english proficiency written, ms-excel",2
52,39,,KnowledgeWorks Global Limited,17.46,1,1,100.0,english r,english proficiency spoken english proficiency written,1
52,3,,Modtraa Design And Creation Incorporation,16.72,2,1,50.0,communication english r ski,"english proficiency spoken english proficiency written kannada proficiency spoken interpersonal skillseffective communication, presentation skillsms-excel",2
53,3,,Modtraa Design And Creation Incorporation,36.11,2,1,50.0,communication english r ski,"english proficiency spoken english proficiency written kannada proficiency spoken interpersonal skillseffective communication, presentation skillsms-excel",2
53,1,,Calipers Consulting Private Limited,36.0,2,1,50.0,english r,"ms-exceldata entryenglish proficiency spoken english proficiency written, ms-office",2
53,39,,KnowledgeWorks Global Limited,32.42,1,1,100.0,english r,english proficiency spoken english proficiency written,1
53,47,,Scaler,32.41,1,1,100.0,communication english hindi r,english proficiency spoken hindi proficiency spoken effective communication,1
53,29,,GlobalStep Services Private Limited,32.15,1,1,100.0,r,recruitmentresume screeninginterview coordination,1
53,5,,SREEDHARA ENTERPRISES,31.0,2,1,50.0,accounting english r,"english proficiency spoken english proficiency written, ms-officeaccountingtallyms-excel",2
53,43,,Mintifi Finserve Private Limited,30.81,3,1,33.33,english r,"english proficiency spoken, ms-excel, ms-office",3
53,17,,SpotOnMedia,30.79,2,1,50.0,english hindi r,"ms-excelclient relationship management crm client relationshipenglish proficiency spoken english proficiency written hindi proficiency spoken +1 more, ms-office",2
53,24,,SpotOnMedia,30.79,2,1,50.0,english hindi r,"ms-excelclient relationship management crm client relationshipenglish proficiency spoken english proficiency written hindi proficiency spoken +1 more, ms-office",2
53,37,,Urban Company,29.03,2,1,50.0,english r,"english proficiency spoken, ms-excel",2
54,43,,Mintifi Finserve Private Limited,43.5,3,1,33.33,english r,"english proficiency spoken, ms-excel, ms-office",3
54,5,,SREEDHARA ENTERPRISES,41.89,2,1,50.0,accounting english r,"english proficiency spoken english proficiency written, ms-officeaccountingtallyms-excel",2
54,29,,GlobalStep Services Private Limited,41.88,1,1,100.0,r,recruitmentresume screeninginterview coordination,1
54,17,,SpotOnMedia,41.78,2,1,50.0,english hindi r,"ms-excelclient relationship management crm client relationshipenglish proficiency spoken english proficiency written hindi proficiency spoken +1 more, ms-office",2
54,24,,SpotOnMedia,41.78,2,1,50.0,english hindi r,"ms-excelclient relationship management crm client relationshipenglish proficiency spoken english proficiency written hindi proficiency spoken +1 more, ms-office",2
54,37,,Urban Company,41.02,2,1,50.0,english r,"english proficiency spoken, ms-excel",2
54,1,,Calipers Consulting Private Limited,40.28,2,1,50.0,english r,"ms-exceldata entryenglish proficiency spoken english proficiency written, ms-office",2
54,7,,Leafoberryy,39.62,1,1,100.0,communication data analytics r,leadershipteam managemente-commercedata analyticsmentorshipb2b saleseffective communication+2 more,1
54,11,,Lishanth Enterprises,38.65,1,1,100.0,r,client relationship management crm sales managementsales supportcustomer supportsales strategy,1
54,38,,Urban Company Ltd.,38.6,2,1,50.0,english r,"english proficiency written, ms-excel",2
55,1,,Calipers Consulting Private Limited,37.63,2,1,50.0,english r,"ms-exceldata entryenglish proficiency spoken english proficiency written, ms-office",2
55,37,,Urban Company,36.44,2,1,50.0,english r,"english proficiency spoken, ms-excel",2
55,43,,Mintifi Finserve Private Limited,35.22,3,1,33.33,english r,"english proficiency spoken, ms-excel, ms-office",3
55,5,,SREEDHARA ENTERPRISES,34.95,2,1,50.0,accounting english r,"english proficiency spoken english proficiency written, ms-officeaccountingtallyms-excel",2
55,39,,KnowledgeWorks Global Limited,34.93,1,1,100.0,english r,english proficiency spoken english proficiency written,1
55,7,,Leafoberryy,33.74,1,1,100.0,communication data analytics r,leadershipteam managemente-commercedata analyticsmentorshipb2b saleseffective communication+2 more,1
55,17,,SpotOnMedia,32.26,2,1,50.0,english hindi r,"ms-excelclient relationship management crm client relationshipenglish proficiency spoken english proficiency written hindi proficiency spoken +1 more, ms-office",2
55,24,,SpotOnMedia,32.26,2,1,50.0,english hindi r,"ms-excelclient relationship management crm client relationshipenglish proficiency spoken english proficiency written hindi proficiency spoken +1 more, ms-office",2
55,29,,GlobalStep Services Private Limited,32.13,1,1,100.0,r,recruitmentresume screeninginterview coordination,1
55,47,,Scaler,32.08,1,1,100.0,communication english hindi r,english proficiency spoken hindi proficiency spoken effective communication,1
56,36,,Medi Assist Healthcare Private Limited,29.49,1,1,100.0,medical terminology r terminology,medical terminology,1
56,29,,GlobalStep Services Private Limited,28.28,1,1,100.0,r,recruitmentresume screeninginterview coordination,1
56,2,,Gruhatara Estates,27.88,2,1,50.0,market research r,"market researchmarketing strategies, negotiationdigital marketing",2
56,3,,Modtraa Design And Creation Incorporation,27.62,2,1,50.0,communication english r ski,"english proficiency spoken english proficiency written kannada proficiency spoken interpersonal skillseffective communication, presentation skillsms-excel",2
56,5,,SREEDHARA ENTERPRISES,27.48,2,1,50.0,accounting english r,"english proficiency spoken english proficiency written, ms-officeaccountingtallyms-excel",2
56,1,,Calipers Consulting Private Limited,25.89,2,1,50.0,english r,"ms-exceldata entryenglish proficiency spoken english proficiency written, ms-office",2
56,21,,Fitelo,25.77,1,1,100.0,communication english r,client relationshipenglish proficiency spoken english proficiency written effective communication,1
56,49,,Cloudnine Hospital,24.88,2,1,50.0,english r,"english proficiency written canvapivot tablevlookup, ms-excel",2
56,7,,Leafoberryy,24.85,1,1,100.0,communication data analytics r,leadershipteam managemente-commercedata analyticsmentorshipb2b saleseffective communication+2 more,1
56,12,,Belstar MicroFinance Limited,23.82,1,1,100.0,accounting plan r,accountingfinancial planningfinancial reporting,1
57,38,,Urban Company Ltd.,38.29,2,1,50.0,english r,"english proficiency written, ms-excel",2
57,39,,KnowledgeWorks Global Limited,38.07,1,1,100.0,english r,english proficiency spoken english proficiency written,1
57,3,,Modtraa Design And Creation Incorporation,37.99,2,1,50.0,communication english r ski,"english proficiency spoken english proficiency written kannada proficiency spoken interpersonal skillseffective communication, presentation skillsms-excel",2
57,37,,Urban Company,37.02,2,1,50.0,english r,"english proficiency spoken, ms-excel",2
57,1,,Calipers Consulting Private Limited,36.54,2,1,50.0,english r,"ms-exceldata entryenglish proficiency spoken english proficiency written, ms-office",2
57,44,,Starcrest Services Pvt. Ltd.,36.37,1,1,100.0,r,ms-officerecruitment,1
57,5,,SREEDHARA ENTERPRISES,34.73,2,1,50.0,accounting english r,"english proficiency spoken english proficiency written, ms-officeaccountingtallyms-excel",2
57,29,,GlobalStep Services Private Limited,34.39,1,1,100.0,r,recruitmentresume screeninginterview coordination,1
57,43,,Mintifi Finserve Private Limited,31.61,3,1,33.33,english r,"english proficiency spoken, ms-excel, ms-office",3
57,49,,Cloudnine Hospital,29.16,2,1,50.0,english r,"english proficiency written canvapivot tablevlookup, ms-excel",2
58,5,,SREEDHARA ENTERPRISES,48.37,2,1,50.0,accounting english r,"english proficiency spoken english proficiency written, ms-officeaccountingtallyms-excel",2
58,3,,Modtraa Design And Creation Incorporation,47.15,2,1,50.0,communication english r ski,"english proficiency spoken english proficiency written kannada proficiency spoken interpersonal skillseffective communication, presentation skillsms-excel",2
58,39,,KnowledgeWorks Global Limited,46.7,1,1,100.0,english r,english proficiency spoken english proficiency written,1
58,38,,Urban Company Ltd.,46.63,2,1,50.0,english r,"english proficiency written, ms-excel",2
58,37,,Urban Company,46.45,2,1,50.0,english r,"english proficiency spoken, ms-excel",2
58,43,,Mintifi Finserve Private Limited,44.49,3,1,33.33,english r,"english proficiency spoken, ms-excel, ms-office",3
58,1,,Calipers Consulting Private Limited,42.47,2,1,50.0,english r,"ms-exceldata entryenglish proficiency spoken english proficiency written, ms-office",2
58,35,,California Burrito,42.22,1,1,100.0,graphic design motion graphics r,brandingui ux designinterior designgraphic designdigital illustrationmotion graphics,1
58,44,,Starcrest Services Pvt. Ltd.,41.05,1,1,100.0,r,ms-officerecruitment,1
58,34,,Ashiana Housing Limited,40.57,1,1,100.0,data analytics r,data analyticsms-exceldata entrypower bidata analysis,1
59,1,,Calipers Consulting Private Limited,45.94,2,1,50.0,english r,"ms-exceldata entryenglish proficiency spoken english proficiency written, ms-office",2
59,34,,Ashiana Housing Limited,43.41,1,1,100.0,data analytics r,data analyticsms-exceldata entrypower bidata analysis,1
59,26,,Imarticus Learning,42.88,1,1,100.0,design thinking r,content writingms-wordms-powerpointstoryboardingms-excelcontent managementdesign thinking+3 more,1
59,3,,Modtraa Design And Creation Incorporation,42.68,2,1,50.0,communication english r ski,"english proficiency spoken english proficiency written kannada proficiency spoken interpersonal skillseffective communication, presentation skillsms-excel",2
59,43,,Mintifi Finserve Private Limited,41.74,3,1,33.33,english r,"english proficiency spoken, ms-excel, ms-office",3
59,5,,SREEDHARA ENTERPRISES,41.62,2,1,50.0,accounting english r,"english proficiency spoken english proficiency written, ms-officeaccountingtallyms-excel",2
59,39,,KnowledgeWorks Global Limited,40.41,1,1,100.0,english r,english proficiency spoken english proficiency written,1
59,17,,SpotOnMedia,38.75,2,1,50.0,english hindi r,"ms-excelclient relationship management crm client relationshipenglish proficiency spoken english proficiency written hindi proficiency spoken +1 more, ms-office",2
59,24,,SpotOnMedia,38.75,2,1,50.0,english hindi r,"ms-excelclient relationship management crm client relationshipenglish proficiency spoken english proficiency written hindi proficiency spoken +1 more, ms-office",2
59,29,,GlobalStep Services Private Limited,38.56,1,1,100.0,r,recruitmentresume screeninginterview coordination,1
60,34,,Ashiana Housing Limited,42.72,1,1,100.0,data analytics r,data analyticsms-exceldata entrypower bidata analysis,1
60,3,,Modtraa Design And Creation Incorporation,39.92,2,1,50.0,communication english r ski,"english proficiency spoken english proficiency written kannada proficiency spoken interpersonal skillseffective communication, presentation skillsms-excel",2
60,29,,GlobalStep Services Private Limited,37.69,1,1,100.0,r,recruitmentresume screeninginterview coordination,1
60,5,,SREEDHARA ENTERPRISES,35.78,2,1,50.0,accounting english r,"english proficiency spoken english proficiency written, ms-officeaccountingtallyms-excel",2
60,43,,Mintifi Finserve Private Limited,33.21,3,1,33.33,english r,"english proficiency spoken, ms-excel, ms-office",3
60,22,,Faff,32.94,1,1,100.0,communication conflict management r,time managementproblem solvingcoordinationadaptabilityeffective communicationconflict management,1
60,49,,Cloudnine Hospital,32.67,2,1,50.0,english r,"english proficiency written canvapivot tablevlookup, ms-excel",2
60,38,,Urban Company Ltd.,31.89,2,1,50.0,english r,"english proficiency written, ms-excel",2
60,1,,Calipers Consulting Private Limited,31.8,2,1,50.0,english r,"ms-exceldata entryenglish proficiency spoken english proficiency written, ms-office",2
60,37,,Urban Company,30.37,2,1,50.0,english r,"english proficiency spoken, ms-excel",2
61,1,,Calipers Consulting Private Limited,52.3,2,1,50.0,english r,"ms-exceldata entryenglish proficiency spoken english proficiency written, ms-office",2
61,43,,Mintifi Finserve Private Limited,49.29,3,1,33.33,english r,"english proficiency spoken, ms-excel, ms-office",3
61,39,,KnowledgeWorks Global Limited,45.04,1,1,100.0,english r,english proficiency spoken english proficiency written,1
61,5,,SREEDHARA ENTERPRISES,45.03,2,1,50.0,accounting english r,"english proficiency spoken english proficiency written, ms-officeaccountingtallyms-excel",2
61,3,,Modtraa Design And Creation Incorporation,44.28,2,1,50.0,communication english r ski,"english proficiency spoken english proficiency written kannada proficiency spoken interpersonal skillseffective communication, presentation skillsms-excel",2
61,37,,Urban Company,44.22,2,1,50.0,english r,"english proficiency spoken, ms-excel",2
61,26,,Imarticus Learning,43.52,1,1,100.0,design thinking r,content writingms-wordms-powerpointstoryboardingms-excelcontent managementdesign thinking+3 more,1
61,38,,Urban Company Ltd.,42.48,2,1,50.0,english r,"english proficiency written, ms-excel",2
61,29,,GlobalStep Services Private Limited,42.37,1,1,100.0,r,recruitmentresume screeninginterview coordination,1
61,4,,CCL Advisors,41.15,1,1,100.0,legal research r,legal researchcompany lawlegal draftingstatutory complianceslegal writingcontract management,1
62,39,,KnowledgeWorks Global Limited,44.49,1,1,100.0,english r,english proficiency spoken english proficiency written,1
62,37,,Urban Company,43.91,2,1,50.0,english r,"english proficiency spoken, ms-excel",2
62,1,,Calipers Consulting Private Limited,43.76,2,1,50.0,english r,"ms-exceldata entryenglish proficiency spoken english proficiency written, ms-office",2
62,3,,Modtraa Design And Creation Incorporation,42.61,2,1,50.0,communication english r ski,"english proficiency spoken english proficiency written kannada proficiency spoken interpersonal skillseffective communication, presentation skillsms-excel",2
62,43,,Mintifi Finserve Private Limited,42.24,3,1,33.33,english r,"english proficiency spoken, ms-excel, ms-office",3
62,5,,SREEDHARA ENTERPRISES,39.4,2,1,50.0,accounting english r,"english proficiency spoken english proficiency written, ms-officeaccountingtallyms-excel",2
62,38,,Urban Company Ltd.,37.71,2,1,50.0,english r,"english proficiency written, ms-excel",2
62,26,,Imarticus Learning,35.98,1,1,100.0,design thinking r,content writingms-wordms-powerpointstoryboardingms-excelcontent managementdesign thinking+3 more,1
62,17,,SpotOnMedia,35.54,2,1,50.0,english hindi r,"ms-excelclient relationship management crm client relationshipenglish proficiency spoken english proficiency written hindi proficiency spoken +1 more, ms-office",2
62,24,,SpotOnMedia,35.54,2,1,50.0,english hindi r,"ms-excelclient relationship management crm client relationshipenglish proficiency spoken english proficiency written hindi proficiency spoken +1 more, ms-office",2
63,37,,Urban Company,49.83,2,1,50.0,english r,"english proficiency spoken, ms-excel",2
63,38,,Urban Company Ltd.,49.24,2,1,50.0,english r,"english proficiency written, ms-excel",2
63,39,,KnowledgeWorks Global Limited,48.48,1,1,100.0,english r,english proficiency spoken english proficiency written,1
63,5,,SREEDHARA ENTERPRISES,47.35,2,1,50.0,accounting english r,"english proficiency spoken english proficiency written, ms-officeaccountingtallyms-excel",2
63,3,,Modtraa Design And Creation Incorporation,46.02,2,1,50.0,communication english r ski,"english proficiency spoken english proficiency written kannada proficiency spoken interpersonal skillseffective communication, presentation skillsms-excel",2
63,43,,Mintifi Finserve Private Limited,44.38,3,1,33.33,english r,"english proficiency spoken, ms-excel, ms-office",3
63,1,,Calipers Consulting Private Limited,44.13,2,1,50.0,english r,"ms-exceldata entryenglish proficiency spoken english proficiency written, ms-office",2
63,6,,Godrej Capital,43.13,1,1,100.0,communication r,ms-officems-powerpointms-exceleffective communication,1
63,48,,Zucol Group Of Companies,42.45,1,1,100.0,english r,creative writingenglish proficiency spoken english proficiency written network protocols,1
63,19,,Bhanzu (Formerly Exploring Infinities),39.18,2,1,50.0,communication english r,"english proficiency spoken english proficiency written saleseffective communicationsales strategy, ms-excel",2
64,43,,Mintifi Finserve Private Limited,60.91,3,1,33.33,english r,"english proficiency spoken, ms-excel, ms-office",3
64,5,,SREEDHARA ENTERPRISES,58.16,2,1,50.0,accounting english r,"english proficiency spoken english proficiency written, ms-officeaccountingtallyms-excel",2
64,1,,Calipers Consulting Private Limited,57.29,2,1,50.0,english r,"ms-exceldata entryenglish proficiency spoken english proficiency written, ms-office",2
64,37,,Urban Company,55.81,2,1,50.0,english r,"english proficiency spoken, ms-excel",2
64,39,,KnowledgeWorks Global Limited,54.39,1,1,100.0,english r,english proficiency spoken english proficiency written,1
64,29,,GlobalStep Services Private Limited,54.32,1,1,100.0,r,recruitmentresume screeninginterview coordination,1
64,3,,Modtraa Design And Creation Incorporation,53.51,2,1,50.0,communication english r ski,"english proficiency spoken english proficiency written kannada proficiency spoken interpersonal skillseffective communication, presentation skillsms-excel",2
64,38,,Urban Company Ltd.,52.24,2,1,50.0,english r,"english proficiency written, ms-excel",2
64,7,,Leafoberryy,49.77,1,1,100.0,communication data analytics r,leadershipteam managemente-commercedata analyticsmentorshipb2b saleseffective communication+2 more,1
64,48,,Zucol Group Of Companies,47.26,1,1,100.0,english r,creative writingenglish proficiency spoken english proficiency written network protocols,1
65,1,,Calipers Consulting Private Limited,39.16,2,1,50.0,english r,"ms-exceldata entryenglish proficiency spoken english proficiency written, ms-office",2
65,17,,SpotOnMedia,38.38,2,1,50.0,english hindi r,"ms-excelclient relationship management crm client relationshipenglish proficiency spoken english proficiency written hindi proficiency spoken +1 more, ms-office",2
65,24,,SpotOnMedia,38.38,2,1,50.0,english hindi r,"ms-excelclient relationship management crm client relationshipenglish proficiency spoken english proficiency written hindi proficiency spoken +1 more, ms-office",2
65,29,,GlobalStep Services Private Limited,38.21,1,1,100.0,r,recruitmentresume screeninginterview coordination,1
65,43,,Mintifi Finserve Private Limited,36.5,3,1,33.33,english r,"english proficiency spoken, ms-excel, ms-office",3
65,3,,Modtraa Design And Creation Incorporation,36.45,2,1,50.0,communication english r ski,"english proficiency spoken english proficiency written kannada proficiency spoken interpersonal skillseffective communication, presentation skillsms-excel",2
65,48,,Zucol Group Of Companies,36.24,1,1,100.0,english r,creative writingenglish proficiency spoken english proficiency written network protocols,1
65,39,,KnowledgeWorks Global Limited,35.75,1,1,100.0,english r,english proficiency spoken english proficiency written,1
65,5,,SREEDHARA ENTERPRISES,35.74,2,1,50.0,accounting english r,"english proficiency spoken english proficiency written, ms-officeaccountingtallyms-excel",2
65,50,,Webvio Technologies,35.28,1,1,100.0,english logging r,bloggingsearch engine optimization seo creative writingproofreadingenglish proficiency written research and analytics,1
66,43,,Mintifi Finserve Private Limited,36.95,3,1,33.33,english r,"english proficiency spoken, ms-excel, ms-office",3
66,5,,SREEDHARA ENTERPRISES,36.49,2,1,50.0,accounting english r,"english proficiency spoken english proficiency written, ms-officeaccountingtallyms-excel",2
66,17,,SpotOnMedia,35.79,2,1,50.0,english hindi r,"ms-excelclient relationship management crm client relationshipenglish proficiency spoken english proficiency written hindi proficiency spoken +1 more, ms-office",2
66,24,,SpotOnMedia,35.79,2,1,50.0,english hindi r,"ms-excelclient relationship management crm client relationshipenglish proficiency spoken english proficiency written hindi proficiency spoken +1 more, ms-office",2
66,23,,Netcore Cloud,34.17,1,1,100.0,r sql sql server,htmllinuxms sql server,1
66,1,,Calipers Consulting Private Limited,33.35,2,1,50.0,english r,"ms-exceldata entryenglish proficiency spoken english proficiency written, ms-office",2
66,48,,Zucol Group Of Companies,33.09,1,1,100.0,english r,creative writingenglish proficiency spoken english proficiency written network protocols,1
66,29,,GlobalStep Services Private Limited,33.06,1,1,100.0,r,recruitmentresume screeninginterview coordination,1
66,39,,KnowledgeWorks Global Limited,32.17,1,1,100.0,english r,english proficiency spoken english proficiency written,1
66,50,,Webvio Technologies,32.0,1,1,100.0,english logging r,bloggingsearch engine optimization seo creative writingproofreadingenglish proficiency written research and analytics,1
67,29,,GlobalStep Services Private Limited,48.48,1,1,100.0,r,recruitmentresume screeninginterview coordination,1
67,6,,Godrej Capital,44.77,1,1,100.0,communication r,ms-officems-powerpointms-exceleffective communication,1
67,26,,Imarticus Learning,42.56,1,1,100.0,design thinking r,content writingms-wordms-powerpointstoryboardingms-excelcontent managementdesign thinking+3 more,1
67,43,,Mintifi Finserve Private Limited,41.89,3,1,33.33,english r,"english proficiency spoken, ms-excel, ms-office",3
67,39,,KnowledgeWorks Global Limited,40.02,1,1,100.0,english r,english proficiency spoken english proficiency written,1
67,37,,Urban Company,39.56,2,1,50.0,english r,"english proficiency spoken, ms-excel",2
67,1,,Calipers Consulting Private Limited,38.94,2,1,50.0,english r,"ms-exceldata entryenglish proficiency spoken english proficiency written, ms-office",2
67,3,,Modtraa Design And Creation Incorporation,38.34,2,1,50.0,communication english r ski,"english proficiency spoken english proficiency written kannada proficiency spoken interpersonal skillseffective communication, presentation skillsms-excel",2
67,5,,SREEDHARA ENTERPRISES,37.39,2,1,50.0,accounting english r,"english proficiency spoken english proficiency written, ms-officeaccountingtallyms-excel",2
67,22,,Faff,36.08,1,1,100.0,communication conflict management r,time managementproblem solvingcoordinationadaptabilityeffective communicationconflict management,1
68,37,,Urban Company,51.26,2,1,50.0,english r,"english proficiency spoken, ms-excel",2
68,5,,SREEDHARA ENTERPRISES,51.19,2,1,50.0,accounting english r,"english proficiency spoken english proficiency written, ms-officeaccountingtallyms-excel",2
68,38,,Urban Company Ltd.,50.79,2,1,50.0,english r,"english proficiency written, ms-excel",2
68,43,,Mintifi Finserve Private Limited,47.84,3,1,33.33,english r,"english proficiency spoken, ms-excel, ms-office",3
68,39,,KnowledgeWorks Global Limited,47.13,1,1,100.0,english r,english proficiency spoken english proficiency written,1
68,48,,Zucol Group Of Companies,46.91,1,1,100.0,english r,creative writingenglish proficiency spoken english proficiency written network protocols,1
68,1,,Calipers Consulting Private Limited,45.6,2,1,50.0,english r,"ms-exceldata entryenglish proficiency spoken english proficiency written, ms-office",2
68,3,,Modtraa Design And Creation Incorporation,43.19,2,1,50.0,communication english r ski,"english proficiency spoken english proficiency written kannada proficiency spoken interpersonal skillseffective communication, presentation skillsms-excel",2
68,29,,GlobalStep Services Private Limited,42.22,1,1,100.0,r,recruitmentresume screeninginterview coordination,1
68,26,,Imarticus Learning,39.67,1,1,100.0,design thinking r,content writingms-wordms-powerpointstoryboardingms-excelcontent managementdesign thinking+3 more,1
69,23,,Netcore Cloud,43.08,1,1,100.0,r sql sql server,htmllinuxms sql server,1
69,50,,Webvio Technologies,41.59,1,1,100.0,english logging r,bloggingsearch engine optimization seo creative writingproofreadingenglish proficiency written research and analytics,1
69,26,,Imarticus Learning,40.4,1,1,100.0,design thinking r,content writingms-wordms-powerpointstoryboardingms-excelcontent managementdesign thinking+3 more,1
69,48,,Zucol Group Of Companies,40.08,1,1,100.0,english r,creative writingenglish proficiency spoken english proficiency written network protocols,1
69,5,,SREEDHARA ENTERPRISES,37.2,2,1,50.0,accounting english r,"english proficiency spoken english proficiency written, ms-officeaccountingtallyms-excel",2
69,17,,SpotOnMedia,36.79,2,1,50.0,english hindi r,"ms-excelclient relationship management crm client relationshipenglish proficiency spoken english proficiency written hindi proficiency spoken +1 more, ms-office",2
69,24,,SpotOnMedia,36.79,2,1,50.0,english hindi r,"ms-excelclient relationship management crm client relationshipenglish proficiency spoken english proficiency written hindi proficiency spoken +1 more, ms-office",2
69,39,,KnowledgeWorks Global Limited,36.74,1,1,100.0,english r,english proficiency spoken english proficiency written,1
69,1,,Calipers Consulting Private Limited,36.34,2,1,50.0,english r,"ms-exceldata entryenglish proficiency spoken english proficiency written, ms-office",2
69,43,,Mintifi Finserve Private Limited,33.37,3,1,33.33,english r,"english proficiency spoken, ms-excel, ms-office",3
70,23,,Netcore Cloud,32.81,1,1,100.0,r sql sql server,htmllinuxms sql server,1
70,43,,Mintifi Finserve Private Limited,29.95,3,1,33.33,english r,"english proficiency spoken, ms-excel, ms-office",3
70,40,,RMSI Private Limited,26.48,1,1,100.0,r sql sql server,sqlms sql servergisarcgisssms,1
70,5,,SREEDHARA ENTERPRISES,26.45,2,1,50.0,accounting english r,"english proficiency spoken english proficiency written, ms-officeaccountingtallyms-excel",2
70,1,,Calipers Consulting Private Limited,26.07,2,1,50.0,english r,"ms-exceldata entryenglish proficiency spoken english proficiency written, ms-office",2
70,17,,SpotOnMedia,25.88,2,1,50.0,english hindi r,"ms-excelclient relationship management crm client relationshipenglish proficiency spoken english proficiency written hindi proficiency spoken +1 more, ms-office",2
70,24,,SpotOnMedia,25.88,2,1,50.0,english hindi r,"ms-excelclient relationship management crm client relationshipenglish proficiency spoken english proficiency written hindi proficiency spoken +1 more, ms-office",2
70,29,,GlobalStep Services Private Limited,25.02,1,1,100.0,r,recruitmentresume screeninginterview coordination,1
70,48,,Zucol Group Of Companies,24.94,1,1,100.0,english r,creative writingenglish proficiency spoken english proficiency written network protocols,1
70,44,,Starcrest Services Pvt. Ltd.,24.2,1,1,100.0,r,ms-officerecruitment,1
71,48,,Zucol Group Of Companies,44.8,1,1,100.0,english r,creative writingenglish proficiency spoken english proficiency written network protocols,1
71,1,,Calipers Consulting Private Limited,44.63,2,1,50.0,english r,"ms-exceldata entryenglish proficiency spoken english proficiency written, ms-office",2
71,43,,Mintifi Finserve Private Limited,43.86,3,1,33.33,english r,"english proficiency spoken, ms-excel, ms-office",3
71,17,,SpotOnMedia,42.78,2,1,50.0,english hindi r,"ms-excelclient relationship management crm client relationshipenglish proficiency spoken english proficiency written hindi proficiency spoken +1 more, ms-office",2
71,24,,SpotOnMedia,42.78,2,1,50.0,english hindi r,"ms-excelclient relationship management crm client relationshipenglish proficiency spoken english proficiency written hindi proficiency spoken +1 more, ms-office",2
71,39,,KnowledgeWorks Global Limited,42.39,1,1,100.0,english r,english proficiency spoken english proficiency written,1
71,5,,SREEDHARA ENTERPRISES,40.87,2,1,50.0,accounting english r,"english proficiency spoken english proficiency written, ms-officeaccountingtallyms-excel",2
71,50,,Webvio Technologies,39.5,1,1,100.0,english logging r,bloggingsearch engine optimization seo creative writingproofreadingenglish proficiency written research and analytics,1
71,3,,Modtraa Design And Creation Incorporation,39.2,2,1,50.0,communication english r ski,"english proficiency spoken english proficiency written kannada proficiency spoken interpersonal skillseffective communication, presentation skillsms-excel",2
71,26,,Imarticus Learning,37.87,1,1,100.0,design thinking r,content writingms-wordms-powerpointstoryboardingms-excelcontent managementdesign thinking+3 more,1
72,23,,Netcore Cloud,41.55,1,1,100.0,r sql sql server,htmllinuxms sql server,1
72,26,,Imarticus Learning,40.7,1,1,100.0,design thinking r,content writingms-wordms-powerpointstoryboardingms-excelcontent managementdesign thinking+3 more,1
72,29,,GlobalStep Services Private Limited,40.15,1,1,100.0,r,recruitmentresume screeninginterview coordination,1
72,43,,Mintifi Finserve Private Limited,37.21,3,1,33.33,english r,"english proficiency spoken, ms-excel, ms-office",3
72,1,,Calipers Consulting Private Limited,36.68,2,1,50.0,english r,"ms-exceldata entryenglish proficiency spoken english proficiency written, ms-office",2
72,50,,Webvio Technologies,36.45,1,1,100.0,english logging r,bloggingsearch engine optimization seo creative writingproofreadingenglish proficiency written research and analytics,1
72,5,,SREEDHARA ENTERPRISES,36.35,2,1,50.0,accounting english r,"english proficiency spoken english proficiency written, ms-officeaccountingtallyms-excel",2
72,48,,Zucol Group Of Companies,36.08,1,1,100.0,english r,creative writingenglish proficiency spoken english proficiency written network protocols,1
72,7,,Leafoberryy,35.84,1,1,100.0,communication data analytics r,leadershipteam managemente-commercedata analyticsmentorshipb2b saleseffective communication+2 more,1
72,39,,KnowledgeWorks Global Limited,34.38,1,1,100.0,english r,english proficiency spoken english proficiency written,1
73,48,,Zucol Group Of Companies,47.08,1,1,100.0,english r,creative writingenglish proficiency spoken english proficiency written network protocols,1
73,39,,KnowledgeWorks Global Limited,45.61,1,1,100.0,english r,english proficiency spoken english proficiency written,1
73,1,,Calipers Consulting Private Limited,45.37,2,1,50.0,english r,"ms-exceldata entryenglish proficiency spoken english proficiency written, ms-office",2
73,26,,Imarticus Learning,44.5,1,1,100.0,design thinking r,content writingms-wordms-powerpointstoryboardingms-excelcontent managementdesign thinking+3 more,1
73,43,,Mintifi Finserve Private Limited,43.25,3,1,33.33,english r,"english proficiency spoken, ms-excel, ms-office",3
73,50,,Webvio Technologies,42.83,1,1,100.0,english logging r,bloggingsearch engine optimization seo creative writingproofreadingenglish proficiency written research and analytics,1
73,3,,Modtraa Design And Creation Incorporation,42.31,2,1,50.0,communication english r ski,"english proficiency spoken english proficiency written kannada proficiency spoken interpersonal skillseffective communication, presentation skillsms-excel",2
73,17,,SpotOnMedia,41.92,2,1,50.0,english hindi r,"ms-excelclient relationship management crm client relationshipenglish proficiency spoken english proficiency written hindi proficiency spoken +1 more, ms-office",2
73,24,,SpotOnMedia,41.92,2,1,50.0,english hindi r,"ms-excelclient relationship management crm client relationshipenglish proficiency spoken english proficiency written hindi proficiency spoken +1 more, ms-office",2
73,5,,SREEDHARA ENTERPRISES,41.68,2,1,50.0,accounting english r,"english proficiency spoken english proficiency written, ms-officeaccountingtallyms-excel",2
74,3,,Modtraa Design And Creation Incorporation,50.72,2,1,50.0,communication english r ski,"english proficiency spoken english proficiency written kannada proficiency spoken interpersonal skillseffective communication, presentation skillsms-excel",2
74,39,,KnowledgeWorks Global Limited,49.78,1,1,100.0,english r,english proficiency spoken english proficiency written,1
74,1,,Calipers Consulting Private Limited,49.03,2,1,50.0,english r,"ms-exceldata entryenglish proficiency spoken english proficiency written, ms-office",2
74,43,,Mintifi Finserve Private Limited,48.35,3,1,33.33,english r,"english proficiency spoken, ms-excel, ms-office",3
74,50,,Webvio Technologies,48.3,1,1,100.0,english logging r,bloggingsearch engine optimization seo creative writingproofreadingenglish proficiency written research and analytics,1
74,5,,SREEDHARA ENTERPRISES,47.77,2,1,50.0,accounting english r,"english proficiency spoken english proficiency written, ms-officeaccountingtallyms-excel",2
74,26,,Imarticus Learning,47.08,1,1,100.0,design thinking r,content writingms-wordms-powerpointstoryboardingms-excelcontent managementdesign thinking+3 more,1
74,48,,Zucol Group Of Companies,46.84,1,1,100.0,english r,creative writingenglish proficiency spoken english proficiency written network protocols,1
74,7,,Leafoberryy,44.44,1,1,100.0,communication data analytics r,leadershipteam managemente-commercedata analyticsmentorshipb2b saleseffective communication+2 more,1
74,9,,Internshala,43.84,1,1,100.0,communication english r,negotiationproblem solvingenglish proficiency spoken saleseffective communication,1
75,1,,Calipers Consulting Private Limited,44.1,2,1,50.0,english r,"ms-exceldata entryenglish proficiency spoken english proficiency written, ms-office",2
75,17,,SpotOnMedia,44.0,2,1,50.0,english hindi r,"ms-excelclient relationship management crm client relationshipenglish proficiency spoken english proficiency written hindi proficiency spoken +1 more, ms-office",2
75,24,,SpotOnMedia,44.0,2,1,50.0,english hindi r,"ms-excelclient relationship management crm client relationshipenglish proficiency spoken english proficiency written hindi proficiency spoken +1 more, ms-office",2
75,43,,Mintifi Finserve Private Limited,43.42,3,1,33.33,english r,"english proficiency spoken, ms-excel, ms-office",3
75,5,,SREEDHARA ENTERPRISES,42.74,2,1,50.0,accounting english r,"english proficiency spoken english proficiency written, ms-officeaccountingtallyms-excel",2
75,39,,KnowledgeWorks Global Limited,41.24,1,1,100.0,english r,english proficiency spoken english proficiency written,1
75,48,,Zucol Group Of Companies,40.23,1,1,100.0,english r,creative writingenglish proficiency spoken english proficiency written network protocols,1
75,9,,Internshala,38.63,1,1,100.0,communication english r,negotiationproblem solvingenglish proficiency spoken saleseffective communication,1
75,10,,Internshala,38.63,1,1,100.0,communication english r,negotiationproblem solvingenglish proficiency spoken saleseffective communication,1
75,37,,Urban Company,37.99,2,1,50.0,english r,"english proficiency spoken, ms-excel",2
76,4,,CCL Advisors,45.14,1,1,100.0,legal research r,legal researchcompany lawlegal draftingstatutory complianceslegal writingcontract management,1
76,45,,Lishanth Enterprises,42.3,1,1,100.0,r,client relationship management crm coordinationsales managementclient relationshipnegotiationscustomer acquisitionsales strategy,1
76,11,,Lishanth Enterprises,41.14,1,1,100.0,r,client relationship management crm sales managementsales supportcustomer supportsales strategy,1
76,12,,Belstar MicroFinance Limited,39.09,1,1,100.0,accounting plan r,accountingfinancial planningfinancial reporting,1
76,29,,GlobalStep Services Private Limited,38.97,1,1,100.0,r,recruitmentresume screeninginterview coordination,1
76,3,,Modtraa Design And Creation Incorporation,38.07,2,1,50.0,communication english r ski,"english proficiency spoken english proficiency written kannada proficiency spoken interpersonal skillseffective communication, presentation skillsms-excel",2
76,1,,Calipers Consulting Private Limited,37.29,2,1,50.0,english r,"ms-exceldata entryenglish proficiency spoken english proficiency written, ms-office",2
76,43,,Mintifi Finserve Private Limited,36.79,3,1,33.33,english r,"english proficiency spoken, ms-excel, ms-office",3
76,5,,SREEDHARA ENTERPRISES,36.71,2,1,50.0,accounting english r,"english proficiency spoken english proficiency written, ms-officeaccountingtallyms-excel",2
76,17,,SpotOnMedia,36.7,2,1,50.0,english hindi r,"ms-excelclient relationship management crm client relationshipenglish proficiency spoken english proficiency written hindi proficiency spoken +1 more, ms-office",2
77,1,,Calipers Consulting Private Limited,49.66,2,1,50.0,english r,"ms-exceldata entryenglish proficiency spoken english proficiency written, ms-office",2
77,29,,GlobalStep Services Private Limited,49.56,1,1,100.0,r,recruitmentresume screeninginterview coordination,1
77,5,,SREEDHARA ENTERPRISES,49.55,2,1,50.0,accounting english r,"english proficiency spoken english proficiency written, ms-officeaccountingtallyms-excel",2
77,43,,Mintifi Finserve Private Limited,48.31,3,1,33.33,english r,"english proficiency spoken, ms-excel, ms-office",3
77,39,,KnowledgeWorks Global Limited,46.37,1,1,100.0,english r,english proficiency spoken english proficiency written,1
77,37,,Urban Company,45.9,2,1,50.0,english r,"english proficiency spoken, ms-excel",2
77,7,,Leafoberryy,45.36,1,1,100.0,communication data analytics r,leadershipteam managemente-commercedata analyticsmentorshipb2b saleseffective communication+2 more,1
77,38,,Urban Company Ltd.,45.05,2,1,50.0,english r,"english proficiency written, ms-excel",2
77,25,,NoBroker Technologies Solutions Private Limited,44.18,1,0,0.0,,cold callinginside salesbusiness developmentsales,1
77,40,,RMSI Private Limited,42.03,1,1,100.0,r sql sql server,sqlms sql servergisarcgisssms,1
78,1,,Calipers Consulting Private Limited,51.21,2,1,50.0,english r,"ms-exceldata entryenglish proficiency spoken english proficiency written, ms-office",2
78,17,,SpotOnMedia,49.81,2,1,50.0,english hindi r,"ms-excelclient relationship management crm client relationshipenglish proficiency spoken english proficiency written hindi proficiency spoken +1 more, ms-office",2
78,24,,SpotOnMedia,49.81,2,1,50.0,english hindi r,"ms-excelclient relationship management crm client relationshipenglish proficiency spoken english proficiency written hindi proficiency spoken +1 more, ms-office",2
78,43,,Mintifi Finserve Private Limited,49.71,3,1,33.33,english r,"english proficiency spoken, ms-excel, ms-office",3
78,3,,Modtraa Design And Creation Incorporation,48.41,2,1,50.0,communication english r ski,"english proficiency spoken english proficiency written kannada proficiency spoken interpersonal skillseffective communication, presentation skillsms-excel",2
78,39,,KnowledgeWorks Global Limited,47.4,1,1,100.0,english r,english proficiency spoken english proficiency written,1
78,5,,SREEDHARA ENTERPRISES,47.38,2,1,50.0,accounting english r,"english proficiency spoken english proficiency written, ms-officeaccountingtallyms-excel",2
78,37,,Urban Company,46.56,2,1,50.0,english r,"english proficiency spoken, ms-excel",2
78,29,,GlobalStep Services Private Limited,44.07,1,1,100.0,r,recruitmentresume screeninginterview coordination,1
78,4,,CCL Advisors,42.2,1,1,100.0,legal research r,legal researchcompany lawlegal draftingstatutory complianceslegal writingcontract management,1
79,5,,SREEDHARA ENTERPRISES,56.87,2,1,50.0,accounting english r,"english proficiency spoken english proficiency written, ms-officeaccountingtallyms-excel",2
79,43,,Mintifi Finserve Private Limited,53.13,3,1,33.33,english r,"english proficiency spoken, ms-excel, ms-office",3
79,1,,Calipers Consulting Private Limited,51.69,2,1,50.0,english r,"ms-exceldata entryenglish proficiency spoken english proficiency written, ms-office",2
79,37,,Urban Company,48.84,2,1,50.0,english r,"english proficiency spoken, ms-excel",2
79,38,,Urban Company Ltd.,47.93,2,1,50.0,english r,"english proficiency written, ms-excel",2
79,7,,Leafoberryy,45.19,1,1,100.0,communication data analytics r,leadershipteam managemente-commercedata analyticsmentorshipb2b saleseffective communication+2 more,1
79,17,,SpotOnMedia,44.27,2,1,50.0,english hindi r,"ms-excelclient relationship management crm client relationshipenglish proficiency spoken english proficiency written hindi proficiency spoken +1 more, ms-office",2
79,24,,SpotOnMedia,44.27,2,1,50.0,english hindi r,"ms-excelclient relationship management crm client relationshipenglish proficiency spoken english proficiency written hindi proficiency spoken +1 more, ms-office",2
79,39,,KnowledgeWorks Global Limited,44.03,1,1,100.0,english r,english proficiency spoken english proficiency written,1
79,19,,Bhanzu (Formerly Exploring Infinities),43.93,2,1,50.0,communication english r,"english proficiency spoken english proficiency written saleseffective communicationsales strategy, ms-excel",2
80,43,,Mintifi Finserve Private Limited,54.66,3,1,33.33,english r,"english proficiency spoken, ms-excel, ms-office",3
80,5,,SREEDHARA ENTERPRISES,51.81,2,1,50.0,accounting english r,"english proficiency spoken english proficiency written, ms-officeaccountingtallyms-excel",2
80,1,,Calipers Consulting Private Limited,50.91,2,1,50.0,english r,"ms-exceldata entryenglish proficiency spoken english proficiency written, ms-office",2
80,7,,Leafoberryy,50.74,1,1,100.0,communication data analytics r,leadershipteam managemente-commercedata analyticsmentorshipb2b saleseffective communication+2 more,1
80,37,,Urban Company,50.19,2,1,50.0,english r,"english proficiency spoken, ms-excel",2
80,39,,KnowledgeWorks Global Limited,45.97,1,1,100.0,english r,english proficiency spoken english proficiency written,1
80,17,,SpotOnMedia,45.64,2,1,50.0,english hindi r,"ms-excelclient relationship management crm client relationshipenglish proficiency spoken english proficiency written hindi proficiency spoken +1 more, ms-office",2
80,24,,SpotOnMedia,45.64,2,1,50.0,english hindi r,"ms-excelclient relationship management crm client relationshipenglish proficiency spoken english proficiency written hindi proficiency spoken +1 more, ms-office",2
80,6,,Godrej Capital,45.62,1,1,100.0,communication r,ms-officems-powerpointms-exceleffective communication,1
80,3,,Modtraa Design And Creation Incorporation,44.73,2,1,50.0,communication english r ski,"english proficiency spoken english proficiency written kannada proficiency spoken interpersonal skillseffective communication, presentation skillsms-excel",2
81,43,,Mintifi Finserve Private Limited,55.39,3,1,33.33,english r,"english proficiency spoken, ms-excel, ms-office",3
81,1,,Calipers Consulting Private Limited,53.04,2,1,50.0,english r,"ms-exceldata entryenglish proficiency spoken english proficiency written, ms-office",2
81,7,,Leafoberryy,51.67,1,1,100.0,communication data analytics r,leadershipteam managemente-commercedata analyticsmentorshipb2b saleseffective communication+2 more,1
81,37,,Urban Company,51.63,2,1,50.0,english r,"english proficiency spoken, ms-excel",2
81,5,,SREEDHARA ENTERPRISES,51.27,2,1,50.0,accounting english r,"english proficiency spoken english proficiency written, ms-officeaccountingtallyms-excel",2
81,4,,CCL Advisors,50.94,1,1,100.0,legal research r,legal researchcompany lawlegal draftingstatutory complianceslegal writingcontract management,1
81,38,,Urban Company Ltd.,49.76,2,1,50.0,english r,"english proficiency written, ms-excel",2
81,39,,KnowledgeWorks Global Limited,45.9,1,1,100.0,english r,english proficiency spoken english proficiency written,1
81,12,,Belstar MicroFinance Limited,45.27,1,1,100.0,accounting plan r,accountingfinancial planningfinancial reporting,1
81,17,,SpotOnMedia,45.15,2,1,50.0,english hindi r,"ms-excelclient relationship management crm client relationshipenglish proficiency spoken english proficiency written hindi proficiency spoken +1 more, ms-office",2
82,1,,Calipers Consulting Private Limited,43.77,2,1,50.0,english r,"ms-exceldata entryenglish proficiency spoken english proficiency written, ms-office",2
82,43,,Mintifi Finserve Private Limited,41.86,3,1,33.33,english r,"english proficiency spoken, ms-excel, ms-office",3
82,5,,SREEDHARA ENTERPRISES,40.49,2,1,50.0,accounting english r,"english proficiency spoken english proficiency written, ms-officeaccountingtallyms-excel",2
82,17,,SpotOnMedia,39.91,2,1,50.0,english hindi r,"ms-excelclient relationship management crm client relationshipenglish proficiency spoken english proficiency written hindi proficiency spoken +1 more, ms-office",2
82,24,,SpotOnMedia,39.91,2,1,50.0,english hindi r,"ms-excelclient relationship management crm client relationshipenglish proficiency spoken english proficiency written hindi proficiency spoken +1 more, ms-office",2
82,37,,Urban Company,38.29,2,1,50.0,english r,"english proficiency spoken, ms-excel",2
82,7,,Leafoberryy,38.27,1,1,100.0,communication data analytics r,leadershipteam managemente-commercedata analyticsmentorshipb2b saleseffective communication+2 more,1
82,29,,GlobalStep Services Private Limited,38.1,1,1,100.0,r,recruitmentresume screeninginterview coordination,1
82,39,,KnowledgeWorks Global Limited,38.02,1,1,100.0,english r,english proficiency spoken english proficiency written,1
82,45,,Lishanth Enterprises,35.52,1,1,100.0,r,client relationship management crm coordinationsales managementclient relationshipnegotiationscustomer acquisitionsales strategy,1
83,7,,Leafoberryy,47.27,1,1,100.0,communication data analytics r,leadershipteam managemente-commercedata analyticsmentorshipb2b saleseffective communication+2 more,1
83,12,,Belstar MicroFinance Limited,46.77,1,1,100.0,accounting plan r,accountingfinancial planningfinancial reporting,1
83,45,,Lishanth Enterprises,39.19,1,1,100.0,r,client relationship management crm coordinationsales managementclient relationshipnegotiationscustomer acquisitionsales strategy,1
83,34,,Ashiana Housing Limited,38.46,1,1,100.0,data analytics r,data analyticsms-exceldata entrypower bidata analysis,1
83,5,,SREEDHARA ENTERPRISES,38.02,2,1,50.0,accounting english r,"english proficiency spoken english proficiency written, ms-officeaccountingtallyms-excel",2
83,40,,RMSI Private Limited,37.52,1,1,100.0,r sql sql server,sqlms sql servergisarcgisssms,1
83,32,,IDFC First Bank,36.73,1,1,100.0,r,lead generationsalesfield sales,1
83,11,,Lishanth Enterprises,36.18,1,1,100.0,r,client relationship management crm sales managementsales supportcustomer supportsales strategy,1
83,37,,Urban Company,34.29,2,1,50.0,english r,"english proficiency spoken, ms-excel",2
83,18,,WWF India,33.84,1,1,100.0,r,client interactionpublic speakingsalesmarketingcustomer acquisition,1
84,34,,Ashiana Housing Limited,44.13,1,1,100.0,data analytics r,data analyticsms-exceldata entrypower bidata analysis,1
84,7,,Leafoberryy,41.55,1,1,100.0,communication data analytics r,leadershipteam managemente-commercedata analyticsmentorshipb2b saleseffective communication+2 more,1
84,29,,GlobalStep Services Private Limited,38.1,1,1,100.0,r,recruitmentresume screeninginterview coordination,1
84,1,,Calipers Consulting Private Limited,38.04,2,1,50.0,english r,"ms-exceldata entryenglish proficiency spoken english proficiency written, ms-office",2
84,5,,SREEDHARA ENTERPRISES,36.74,2,1,50.0,accounting english r,"english proficiency spoken english proficiency written, ms-officeaccountingtallyms-excel",2
84,40,,RMSI Private Limited,36.61,1,1,100.0,r sql sql server,sqlms sql servergisarcgisssms,1
84,39,,KnowledgeWorks Global Limited,35.83,1,1,100.0,english r,english proficiency spoken english proficiency written,1
84,37,,Urban Company,35.04,2,1,50.0,english r,"english proficiency spoken, ms-excel",2
84,12,,Belstar MicroFinance Limited,34.38,1,1,100.0,accounting plan r,accountingfinancial planningfinancial reporting,1
84,43,,Mintifi Finserve Private Limited,33.67,3,1,33.33,english r,"english proficiency spoken, ms-excel, ms-office",3
85,5,,SREEDHARA ENTERPRISES,46.51,2,1,50.0,accounting english r,"english proficiency spoken english proficiency written, ms-officeaccountingtallyms-excel",2
85,38,,Urban Company Ltd.,40.86,2,1,50.0,english r,"english proficiency written, ms-excel",2
85,1,,Calipers Consulting Private Limited,38.56,2,1,50.0,english r,"ms-exceldata entryenglish proficiency spoken english proficiency written, ms-office",2
85,37,,Urban Company,38.14,2,1,50.0,english r,"english proficiency spoken, ms-excel",2
85,43,,Mintifi Finserve Private Limited,37.94,3,1,33.33,english r,"english proficiency spoken, ms-excel, ms-office",3
85,48,,Zucol Group Of Companies,37.88,1,1,100.0,english r,creative writingenglish proficiency spoken english proficiency written network protocols,1
85,29,,GlobalStep Services Private Limited,36.78,1,1,100.0,r,recruitmentresume screeninginterview coordination,1
85,32,,IDFC First Bank,36.34,1,1,100.0,r,lead generationsalesfield sales,1
85,4,,CCL Advisors,35.73,1,1,100.0,legal research r,legal researchcompany lawlegal draftingstatutory complianceslegal writingcontract management,1
85,25,,NoBroker Technologies Solutions Private Limited,35.0,1,0,0.0,,cold callinginside salesbusiness developmentsales,1
86,1,,Calipers Consulting Private Limited,52.02,2,1,50.0,english r,"ms-exceldata entryenglish proficiency spoken english proficiency written, ms-office",2
86,43,,Mintifi Finserve Private Limited,50.6,3,1,33.33,english r,"english proficiency spoken, ms-excel, ms-office",3
86,5,,SREEDHARA ENTERPRISES,47.72,2,1,50.0,accounting english r,"english proficiency spoken english proficiency written, ms-officeaccountingtallyms-excel",2
86,37,,Urban Company,47.48,2,1,50.0,english r,"english proficiency spoken, ms-excel",2
86,39,,KnowledgeWorks Global Limited,47.01,1,1,100.0,english r,english proficiency spoken english proficiency written,1
86,7,,Leafoberryy,46.43,1,1,100.0,communication data analytics r,leadershipteam managemente-commercedata analyticsmentorshipb2b saleseffective communication+2 more,1
86,29,,GlobalStep Services Private Limited,45.71,1,1,100.0,r,recruitmentresume screeninginterview coordination,1
86,17,,SpotOnMedia,42.58,2,1,50.0,english hindi r,"ms-excelclient relationship management crm client relationshipenglish proficiency spoken english proficiency written hindi proficiency spoken +1 more, ms-office",2
86,24,,SpotOnMedia,42.58,2,1,50.0,english hindi r,"ms-excelclient relationship management crm client relationshipenglish proficiency spoken english proficiency written hindi proficiency spoken +1 more, ms-office",2
86,38,,Urban Company Ltd.,41.73,2,1,50.0,english r,"english proficiency written, ms-excel",2
87,1,,Calipers Consulting Private Limited,44.04,2,1,50.0,english r,"ms-exceldata entryenglish proficiency spoken english proficiency written, ms-office",2
87,7,,Leafoberryy,43.36,1,1,100.0,communication data analytics r,leadershipteam managemente-commercedata analyticsmentorshipb2b saleseffective communication+2 more,1
87,43,,Mintifi Finserve Private Limited,41.03,3,1,33.33,english r,"english proficiency spoken, ms-excel, ms-office",3
87,45,,Lishanth Enterprises,40.86,1,1,100.0,r,client relationship management crm coordinationsales managementclient relationshipnegotiationscustomer acquisitionsales strategy,1
87,17,,SpotOnMedia,40.51,2,1,50.0,english hindi r,"ms-excelclient relationship management crm client relationshipenglish proficiency spoken english proficiency written hindi proficiency spoken +1 more, ms-office",2
87,24,,SpotOnMedia,40.51,2,1,50.0,english hindi r,"ms-excelclient relationship management crm client relationshipenglish proficiency spoken english proficiency written hindi proficiency spoken +1 more, ms-office",2
87,5,,SREEDHARA ENTERPRISES,39.98,2,1,50.0,accounting english r,"english proficiency spoken english proficiency written, ms-officeaccountingtallyms-excel",2
87,39,,KnowledgeWorks Global Limited,38.82,1,1,100.0,english r,english proficiency spoken english proficiency written,1
87,26,,Imarticus Learning,38.68,1,1,100.0,design thinking r,content writingms-wordms-powerpointstoryboardingms-excelcontent managementdesign thinking+3 more,1
87,3,,Modtraa Design And Creation Incorporation,38.07,2,1,50.0,communication english r ski,"english proficiency spoken english proficiency written kannada proficiency spoken interpersonal skillseffective communication, presentation skillsms-excel",2
88,37,,Urban Company,42.5,2,1,50.0,english r,"english proficiency spoken, ms-excel",2
88,38,,Urban Company Ltd.,41.75,2,1,50.0,english r,"english proficiency written, ms-excel",2
88,5,,SREEDHARA ENTERPRISES,40.92,2,1,50.0,accounting english r,"english proficiency spoken english proficiency written, ms-officeaccountingtallyms-excel",2
88,3,,Modtraa Design And Creation Incorporation,39.47,2,1,50.0,communication english r ski,"english proficiency spoken english proficiency written kannada proficiency spoken interpersonal skillseffective communication, presentation skillsms-excel",2
88,22,,Faff,38.97,1,1,100.0,communication conflict management r,time managementproblem solvingcoordinationadaptabilityeffective communicationconflict management,1
88,7,,Leafoberryy,38.96,1,1,100.0,communication data analytics r,leadershipteam managemente-commercedata analyticsmentorshipb2b saleseffective communication+2 more,1
88,29,,GlobalStep Services Private Limited,37.13,1,1,100.0,r,recruitmentresume screeninginterview coordination,1
88,39,,KnowledgeWorks Global Limited,36.41,1,1,100.0,english r,english proficiency spoken english proficiency written,1
88,25,,NoBroker Technologies Solutions Private Limited,36.05,1,0,0.0,,cold callinginside salesbusiness developmentsales,1
88,4,,CCL Advisors,35.9,1,1,100.0,legal research r,legal researchcompany lawlegal draftingstatutory complianceslegal writingcontract management,1
89,3,,Modtraa Design And Creation Incorporation,37.4,2,1,50.0,communication english r ski,"english proficiency spoken english proficiency written kannada proficiency spoken interpersonal skillseffective communication, presentation skillsms-excel",2
89,29,,GlobalStep Services Private Limited,37.2,1,1,100.0,r,recruitmentresume screeninginterview coordination,1
89,39,,KnowledgeWorks Global Limited,35.11,1,1,100.0,english r,english proficiency spoken english proficiency written,1
89,1,,Calipers Consulting Private Limited,33.41,2,1,50.0,english r,"ms-exceldata entryenglish proficiency spoken english proficiency written, ms-office",2
89,43,,Mintifi Finserve Private Limited,33.24,3,1,33.33,english r,"english proficiency spoken, ms-excel, ms-office",3
89,5,,SREEDHARA ENTERPRISES,33.07,2,1,50.0,accounting english r,"english proficiency spoken english proficiency written, ms-officeaccountingtallyms-excel",2
89,4,,CCL Advisors,30.32,1,1,100.0,legal research r,legal researchcompany lawlegal draftingstatutory complianceslegal writingcontract management,1
89,37,,Urban Company,30.12,2,1,50.0,english r,"english proficiency spoken, ms-excel",2
89,22,,Faff,29.96,1,1,100.0,communication conflict management r,time managementproblem solvingcoordinationadaptabilityeffective communicationconflict management,1
89,47,,Scaler,29.91,1,1,100.0,communication english hindi r,english proficiency spoken hindi proficiency spoken effective communication,1
90,29,,GlobalStep Services Private Limited,40.04,1,1,100.0,r,recruitmentresume screeninginterview coordination,1
90,5,,SREEDHARA ENTERPRISES,40.02,2,1,50.0,accounting english r,"english proficiency spoken english proficiency written, ms-officeaccountingtallyms-excel",2
90,1,,Calipers Consulting Private Limited,39.16,2,1,50.0,english r,"ms-exceldata entryenglish proficiency spoken english proficiency written, ms-office",2
90,43,,Mintifi Finserve Private Limited,35.44,3,1,33.33,english r,"english proficiency spoken, ms-excel, ms-office",3
90,37,,Urban Company,34.19,2,1,50.0,english r,"english proficiency spoken, ms-excel",2
90,17,,SpotOnMedia,34.11,2,1,50.0,english hindi r,"ms-excelclient relationship management crm client relationshipenglish proficiency spoken english proficiency written hindi proficiency spoken +1 more, ms-office",2
90,24,,SpotOnMedia,34.11,2,1,50.0,english hindi r,"ms-excelclient relationship management crm client relationshipenglish proficiency spoken english proficiency written hindi proficiency spoken +1 more, ms-office",2
90,3,,Modtraa Design And Creation Incorporation,32.07,2,1,50.0,communication english r ski,"english proficiency spoken english proficiency written kannada proficiency spoken interpersonal skillseffective communication, presentation skillsms-excel",2
90,39,,KnowledgeWorks Global Limited,31.79,1,1,100.0,english r,english proficiency spoken english proficiency written,1
90,4,,CCL Advisors,31.68,1,1,100.0,legal research r,legal researchcompany lawlegal draftingstatutory complianceslegal writingcontract management,1
91,1,,Calipers Consulting Private Limited,46.18,2,1,50.0,english r,"ms-exceldata entryenglish proficiency spoken english proficiency written, ms-office",2
91,3,,Modtraa Design And Creation Incorporation,43.08,2,1,50.0,communication english r ski,"english proficiency spoken english proficiency written kannada proficiency spoken interpersonal skillseffective communication, presentation skillsms-excel",2
91,39,,KnowledgeWorks Global Limited,43.02,1,1,100.0,english r,english proficiency spoken english proficiency written,1
91,43,,Mintifi Finserve Private Limited,42.27,3,1,33.33,english r,"english proficiency spoken, ms-excel, ms-office",3
91,5,,SREEDHARA ENTERPRISES,41.97,2,1,50.0,accounting english r,"english proficiency spoken english proficiency written, ms-officeaccountingtallyms-excel",2
91,4,,CCL Advisors,40.97,1,1,100.0,legal research r,legal researchcompany lawlegal draftingstatutory complianceslegal writingcontract management,1
91,29,,GlobalStep Services Private Limited,40.5,1,1,100.0,r,recruitmentresume screeninginterview coordination,1
91,37,,Urban Company,39.26,2,1,50.0,english r,"english proficiency spoken, ms-excel",2
91,17,,SpotOnMedia,37.69,2,1,50.0,english hindi r,"ms-excelclient relationship management crm client relationshipenglish proficiency spoken english proficiency written hindi proficiency spoken +1 more, ms-office",2
91,24,,SpotOnMedia,37.69,2,1,50.0,english hindi r,"ms-excelclient relationship management crm client relationshipenglish proficiency spoken english proficiency written hindi proficiency spoken +1 more, ms-office",2
92,1,,Calipers Consulting Private Limited,36.57,2,1,50.0,english r,"ms-exceldata entryenglish proficiency spoken english proficiency written, ms-office",2
92,39,,KnowledgeWorks Global Limited,34.8,1,1,100.0,english r,english proficiency spoken english proficiency written,1
92,3,,Modtraa Design And Creation Incorporation,33.52,2,1,50.0,communication english r ski,"english proficiency spoken english proficiency written kannada proficiency spoken interpersonal skillseffective communication, presentation skillsms-excel",2
92,37,,Urban Company,33.51,2,1,50.0,english r,"english proficiency spoken, ms-excel",2
92,43,,Mintifi Finserve Private Limited,33.22,3,1,33.33,english r,"english proficiency spoken, ms-excel, ms-office",3
92,29,,GlobalStep Services Private Limited,33.11,1,1,100.0,r,recruitmentresume screeninginterview coordination,1
92,48,,Zucol Group Of Companies,31.42,1,1,100.0,english r,creative writingenglish proficiency spoken english proficiency written network protocols,1
92,5,,SREEDHARA ENTERPRISES,31.0,2,1,50.0,accounting english r,"english proficiency spoken english proficiency written, ms-officeaccountingtallyms-excel",2
92,17,,SpotOnMedia,30.1,2,1,50.0,english hindi r,"ms-excelclient relationship management crm client relationshipenglish proficiency spoken english proficiency written hindi proficiency spoken +1 more, ms-office",2
92,24,,SpotOnMedia,30.1,2,1,50.0,english hindi r,"ms-excelclient relationship management crm client relationshipenglish proficiency spoken english proficiency written hindi proficiency spoken +1 more, ms-office",2
93,44,,Starcrest Services Pvt. Ltd.,39.87,1,1,100.0,r,ms-officerecruitment,1
93,5,,SREEDHARA ENTERPRISES,39.6,2,1,50.0,accounting english r,"english proficiency spoken english proficiency written, ms-officeaccountingtallyms-excel",2
93,29,,GlobalStep Services Private Limited,38.27,1,1,100.0,r,recruitmentresume screeninginterview coordination,1
93,22,,Faff,38.22,1,1,100.0,communication conflict management r,time managementproblem solvingcoordinationadaptabilityeffective communicationconflict management,1
93,37,,Urban Company,37.96,2,1,50.0,english r,"english proficiency spoken, ms-excel",2
93,1,,Calipers Consulting Private Limited,37.83,2,1,50.0,english r,"ms-exceldata entryenglish proficiency spoken english proficiency written, ms-office",2
93,7,,Leafoberryy,37.81,1,1,100.0,communication data analytics r,leadershipteam managemente-commercedata analyticsmentorshipb2b saleseffective communication+2 more,1
93,3,,Modtraa Design And Creation Incorporation,37.55,2,1,50.0,communication english r ski,"english proficiency spoken english proficiency written kannada proficiency spoken interpersonal skillseffective communication, presentation skillsms-excel",2
93,39,,KnowledgeWorks Global Limited,37.04,1,1,100.0,english r,english proficiency spoken english proficiency written,1
93,38,,Urban Company Ltd.,35.18,2,1,50.0,english r,"english proficiency written, ms-excel",2
94,23,,Netcore Cloud,46.28,1,1,100.0,r sql sql server,htmllinuxms sql server,1
94,37,,Urban Company,41.67,2,1,50.0,english r,"english proficiency spoken, ms-excel",2
94,5,,SREEDHARA ENTERPRISES,40.6,2,1,50.0,accounting english r,"english proficiency spoken english proficiency written, ms-officeaccountingtallyms-excel",2
94,44,,Starcrest Services Pvt. Ltd.,40.48,1,1,100.0,r,ms-officerecruitment,1
94,1,,Calipers Consulting Private Limited,40.35,2,1,50.0,english r,"ms-exceldata entryenglish proficiency spoken english proficiency written, ms-office",2
94,38,,Urban Company Ltd.,38.0,2,1,50.0,english r,"english proficiency written, ms-excel",2
94,43,,Mintifi Finserve Private Limited,37.5,3,1,33.33,english r,"english proficiency spoken, ms-excel, ms-office",3
94,17,,SpotOnMedia,37.31,2,1,50.0,english hindi r,"ms-excelclient relationship management crm client relationshipenglish proficiency spoken english proficiency written hindi proficiency spoken +1 more, ms-office",2
94,24,,SpotOnMedia,37.31,2,1,50.0,english hindi r,"ms-excelclient relationship management crm client relationshipenglish proficiency spoken english proficiency written hindi proficiency spoken +1 more, ms-office",2
94,29,,GlobalStep Services Private Limited,35.98,1,1,100.0,r,recruitmentresume screeninginterview coordination,1
95,43,,Mintifi Finserve Private Limited,44.04,3,1,33.33,english r,"english proficiency spoken, ms-excel, ms-office",3
95,39,,KnowledgeWorks Global Limited,43.62,1,1,100.0,english r,english proficiency spoken english proficiency written,1
95,6,,Godrej Capital,41.25,1,1,100.0,communication r,ms-officems-powerpointms-exceleffective communication,1
95,7,,Leafoberryy,40.4,1,1,100.0,communication data analytics r,leadershipteam managemente-commercedata analyticsmentorshipb2b saleseffective communication+2 more,1
95,29,,GlobalStep Services Private Limited,39.9,1,1,100.0,r,recruitmentresume screeninginterview coordination,1
95,1,,Calipers Consulting Private Limited,39.1,2,1,50.0,english r,"ms-exceldata entryenglish proficiency spoken english proficiency written, ms-office",2
95,44,,Starcrest Services Pvt. Ltd.,38.39,1,1,100.0,r,ms-officerecruitment,1
95,3,,Modtraa Design And Creation Incorporation,37.65,2,1,50.0,communication english r ski,"english proficiency spoken english proficiency written kannada proficiency spoken interpersonal skillseffective communication, presentation skillsms-excel",2
95,34,,Ashiana Housing Limited,35.7,1,1,100.0,data analytics r,data analyticsms-exceldata entrypower bidata analysis,1
95,48,,Zucol Group Of Companies,35.23,1,1,100.0,english r,creative writingenglish proficiency spoken english proficiency written network protocols,1
96,39,,KnowledgeWorks Global Limited,31.43,1,1,100.0,english r,english proficiency spoken english proficiency written,1
96,43,,Mintifi Finserve Private Limited,30.71,3,1,33.33,english r,"english proficiency spoken, ms-excel, ms-office",3
96,1,,Calipers Consulting Private Limited,30.42,2,1,50.0,english r,"ms-exceldata entryenglish proficiency spoken english proficiency written, ms-office",2
96,3,,Modtraa Design And Creation Incorporation,29.46,2,1,50.0,communication english r ski,"english proficiency spoken english proficiency written kannada proficiency spoken interpersonal skillseffective communication, presentation skillsms-excel",2
96,44,,Starcrest Services Pvt. Ltd.,28.76,1,1,100.0,r,ms-officerecruitment,1
96,5,,SREEDHARA ENTERPRISES,27.28,2,1,50.0,accounting english r,"english proficiency spoken english proficiency written, ms-officeaccountingtallyms-excel",2
96,37,,Urban Company,27.21,2,1,50.0,english r,"english proficiency spoken, ms-excel",2
96,29,,GlobalStep Services Private Limited,27.03,1,1,100.0,r,recruitmentresume screeninginterview coordination,1
96,12,,Belstar MicroFinance Limited,24.86,1,1,100.0,accounting plan r,accountingfinancial planningfinancial reporting,1
96,47,,Scaler,24.32,1,1,100.0,communication english hindi r,english proficiency spoken hindi proficiency spoken effective communication,1
97,3,,Modtraa Design And Creation Incorporation,56.11,2,1,50.0,communication english r ski,"english proficiency spoken english proficiency written kannada proficiency spoken interpersonal skillseffective communication, presentation skillsms-excel",2
97,7,,Leafoberryy,49.19,1,1,100.0,communication data analytics r,leadershipteam managemente-commercedata analyticsmentorshipb2b saleseffective communication+2 more,1
97,38,,Urban Company Ltd.,49.14,2,1,50.0,english r,"english proficiency written, ms-excel",2
97,37,,Urban Company,49.09,2,1,50.0,english r,"english proficiency spoken, ms-excel",2
97,5,,SREEDHARA ENTERPRISES,48.23,2,1,50.0,accounting english r,"english proficiency spoken english proficiency written, ms-officeaccountingtallyms-excel",2
97,1,,Calipers Consulting Private Limited,46.98,2,1,50.0,english r,"ms-exceldata entryenglish proficiency spoken english proficiency written, ms-office",2
97,39,,KnowledgeWorks Global Limited,46.33,1,1,100.0,english r,english proficiency spoken english proficiency written,1
97,22,,Faff,46.24,1,1,100.0,communication conflict management r,time managementproblem solvingcoordinationadaptabilityeffective communicationconflict management,1
97,25,,NoBroker Technologies Solutions Private Limited,44.88,1,0,0.0,,cold callinginside salesbusiness developmentsales,1
97,9,,Internshala,44.05,1,1,100.0,communication english r,negotiationproblem solvingenglish proficiency spoken saleseffective communication,1
98,5,,SREEDHARA ENTERPRISES,44.6,2,1,50.0,accounting english r,"english proficiency spoken english proficiency written, ms-officeaccountingtallyms-excel",2
98,39,,KnowledgeWorks Global Limited,43.07,1,1,100.0,english r,english proficiency spoken english proficiency written,1
98,43,,Mintifi Finserve Private Limited,41.61,3,1,33.33,english r,"english proficiency spoken, ms-excel, ms-office",3
98,3,,Modtraa Design And Creation Incorporation,41.32,2,1,50.0,communication english r ski,"english proficiency spoken english proficiency written kannada proficiency spoken interpersonal skillseffective communication, presentation skillsms-excel",2
98,1,,Calipers Consulting Private Limited,40.4,2,1,50.0,english r,"ms-exceldata entryenglish proficiency spoken english proficiency written, ms-office",2
98,37,,Urban Company,38.29,2,1,50.0,english r,"english proficiency spoken, ms-excel",2
98,44,,Starcrest Services Pvt. Ltd.,38.06,1,1,100.0,r,ms-officerecruitment,1
98,38,,Urban Company Ltd.,37.97,2,1,50.0,english r,"english proficiency written, ms-excel",2
98,6,,Godrej Capital,35.36,1,1,100.0,communication r,ms-officems-powerpointms-exceleffective communication,1
98,7,,Leafoberryy,34.8,1,1,100.0,communication data analytics r,leadershipteam managemente-commercedata analyticsmentorshipb2b saleseffective communication+2 more,1
99,44,,Starcrest Services Pvt. Ltd.,36.44,1,1,100.0,r,ms-officerecruitment,1
99,29,,GlobalStep Services Private Limited,35.3,1,1,100.0,r,recruitmentresume screeninginterview coordination,1
99,34,,Ashiana Housing Limited,30.98,1,1,100.0,data analytics r,data analyticsms-exceldata entrypower bidata analysis,1
99,22,,Faff,30.57,1,1,100.0,communication conflict management r,time managementproblem solvingcoordinationadaptabilityeffective communicationconflict management,1
99,25,,NoBroker Technologies Solutions Private Limited,30.55,1,0,0.0,,cold callinginside salesbusiness developmentsales,1
99,39,,KnowledgeWorks Global Limited,30.01,1,1,100.0,english r,english proficiency spoken english proficiency written,1
99,3,,Modtraa Design And Creation Incorporation,29.33,2,1,50.0,communication english r ski,"english proficiency spoken english proficiency written kannada proficiency spoken interpersonal skillseffective communication, presentation skillsms-excel",2
99,7,,Leafoberryy,28.99,1,1,100.0,communication data analytics r,leadershipteam managemente-commercedata analyticsmentorshipb2b saleseffective communication+2 more,1
99,32,,IDFC First Bank,27.8,1,1,100.0,r,lead generationsalesfield sales,1
99,12,,Belstar MicroFinance Limited,27.36,1,1,100.0,accounting plan r,accountingfinancial planningfinancial reporting,1
100,5,,SREEDHARA ENTERPRISES,45.92,2,1,50.0,accounting english r,"english proficiency spoken english proficiency written, ms-officeaccountingtallyms-excel",2
100,38,,Urban Company Ltd.,44.45,2,1,50.0,english r,"english proficiency written, ms-excel",2
100,37,,Urban Company,44.27,2,1,50.0,english r,"english proficiency spoken, ms-excel",2
100,19,,Bhanzu (Formerly Exploring Infinities),40.92,2,1,50.0,communication english r,"english proficiency spoken english proficiency written saleseffective communicationsales strategy, ms-excel",2
100,45,,Lishanth Enterprises,39.6,1,1,100.0,r,client relationship management crm coordinationsales managementclient relationshipnegotiationscustomer acquisitionsales strategy,1
100,1,,Calipers Consulting Private Limited,39.58,2,1,50.0,english r,"ms-exceldata entryenglish proficiency spoken english proficiency written, ms-office",2
100,11,,Lishanth Enterprises,38.84,1,1,100.0,r,client relationship management crm sales managementsales supportcustomer supportsales strategy,1
100,43,,Mintifi Finserve Private Limited,38.39,3,1,33.33,english r,"english proficiency spoken, ms-excel, ms-office",3
100,32,,IDFC First Bank,37.41,1,1,100.0,r,lead generationsalesfield sales,1
100,44,,Starcrest Services Pvt. Ltd.,36.96,1,1,100.0,r,ms-officerecruitment,1
101,45,,Lishanth Enterprises,48.95,1,1,100.0,r,client relationship management crm coordinationsales managementclient relationshipnegotiationscustomer acquisitionsales strategy,1
101,11,,Lishanth Enterprises,47.39,1,1,100.0,r,client relationship management crm sales managementsales supportcustomer supportsales strategy,1
101,7,,Leafoberryy,47.22,1,1,100.0,communication data analytics r,leadershipteam managemente-commercedata analyticsmentorshipb2b saleseffective communication+2 more,1
101,3,,Modtraa Design And Creation Incorporation,39.72,2,1,50.0,communication english r ski,"english proficiency spoken english proficiency written kannada proficiency spoken interpersonal skillseffective communication, presentation skillsms-excel",2
101,12,,Belstar MicroFinance Limited,39.62,1,1,100.0,accounting plan r,accountingfinancial planningfinancial reporting,1
101,1,,Calipers Consulting Private Limited,39.58,2,1,50.0,english r,"ms-exceldata entryenglish proficiency spoken english proficiency written, ms-office",2
101,42,,Paisabazaar,37.92,1,1,100.0,investment banking,investment bankingsales,1
101,5,,SREEDHARA ENTERPRISES,37.54,2,1,50.0,accounting english r,"english proficiency spoken english proficiency written, ms-officeaccountingtallyms-excel",2
101,44,,Starcrest Services Pvt. Ltd.,36.76,1,1,100.0,r,ms-officerecruitment,1
101,4,,CCL Advisors,36.73,1,1,100.0,legal research r,legal researchcompany lawlegal draftingstatutory complianceslegal writingcontract management,1
102,44,,Starcrest Services Pvt. Ltd.,47.79,1,1,100.0,r,ms-officerecruitment,1
102,1,,Calipers Consulting Private Limited,44.68,2,1,50.0,english r,"ms-exceldata entryenglish proficiency spoken english proficiency written, ms-office",2
102,5,,SREEDHARA ENTERPRISES,44.1,2,1,50.0,accounting english r,"english proficiency spoken english proficiency written, ms-officeaccountingtallyms-excel",2
102,11,,Lishanth Enterprises,43.11,1,1,100.0,r,client relationship management crm sales managementsales supportcustomer supportsales strategy,1
102,7,,Leafoberryy,42.9,1,1,100.0,communication data analytics r,leadershipteam managemente-commercedata analyticsmentorshipb2b saleseffective communication+2 more,1
102,29,,GlobalStep Services Private Limited,42.25,1,1,100.0,r,recruitmentresume screeninginterview coordination,1
102,43,,Mintifi Finserve Private Limited,42.11,3,1,33.33,english r,"english proficiency spoken, ms-excel, ms-office",3
102,40,,RMSI Private Limited,41.2,1,1,100.0,r sql sql server,sqlms sql servergisarcgisssms,1
102,38,,Urban Company Ltd.,41.14,2,1,50.0,english r,"english proficiency written, ms-excel",2
102,12,,Belstar MicroFinance Limited,40.57,1,1,100.0,accounting plan r,accountingfinancial planningfinancial reporting,1
103,22,,Faff,50.15,1,1,100.0,communication conflict management r,time managementproblem solvingcoordinationadaptabilityeffective communicationconflict management,1
103,29,,GlobalStep Services Private Limited,49.48,1,1,100.0,r,recruitmentresume screeninginterview coordination,1
103,44,,Starcrest Services Pvt. Ltd.,47.43,1,1,100.0,r,ms-officerecruitment,1
103,7,,Leafoberryy,47.32,1,1,100.0,communication data analytics r,leadershipteam managemente-commercedata analyticsmentorshipb2b saleseffective communication+2 more,1
103,45,,Lishanth Enterprises,43.89,1,1,100.0,r,client relationship management crm coordinationsales managementclient relationshipnegotiationscustomer acquisitionsales strategy,1
103,12,,Belstar MicroFinance Limited,42.7,1,1,100.0,accounting plan r,accountingfinancial planningfinancial reporting,1
103,43,,Mintifi Finserve Private Limited,41.78,3,1,33.33,english r,"english proficiency spoken, ms-excel, ms-office",3
103,5,,SREEDHARA ENTERPRISES,41.33,2,1,50.0,accounting english r,"english proficiency spoken english proficiency written, ms-officeaccountingtallyms-excel",2
103,3,,Modtraa Design And Creation Incorporation,40.55,2,1,50.0,communication english r ski,"english proficiency spoken english proficiency written kannada proficiency spoken interpersonal skillseffective communication, presentation skillsms-excel",2
103,11,,Lishanth Enterprises,40.43,1,1,100.0,r,client relationship management crm sales managementsales supportcustomer supportsales strategy,1
104,17,,SpotOnMedia,40.64,2,1,50.0,english hindi r,"ms-excelclient relationship management crm client relationshipenglish proficiency spoken english proficiency written hindi proficiency spoken +1 more, ms-office",2
104,24,,SpotOnMedia,40.64,2,1,50.0,english hindi r,"ms-excelclient relationship management crm client relationshipenglish proficiency spoken english proficiency written hindi proficiency spoken +1 more, ms-office",2
104,1,,Calipers Consulting Private Limited,39.21,2,1,50.0,english r,"ms-exceldata entryenglish proficiency spoken english proficiency written, ms-office",2
104,3,,Modtraa Design And Creation Incorporation,36.74,2,1,50.0,communication english r ski,"english proficiency spoken english proficiency written kannada proficiency spoken interpersonal skillseffective communication, presentation skillsms-excel",2
104,50,,Webvio Technologies,34.46,1,1,100.0,english logging r,bloggingsearch engine optimization seo creative writingproofreadingenglish proficiency written research and analytics,1
104,39,,KnowledgeWorks Global Limited,33.39,1,1,100.0,english r,english proficiency spoken english proficiency written,1
104,23,,Netcore Cloud,32.74,1,1,100.0,r sql sql server,htmllinuxms sql server,1
104,5,,SREEDHARA ENTERPRISES,32.43,2,1,50.0,accounting english r,"english proficiency spoken english proficiency written, ms-officeaccountingtallyms-excel",2
104,26,,Imarticus Learning,31.64,1,1,100.0,design thinking r,content writingms-wordms-powerpointstoryboardingms-excelcontent managementdesign thinking+3 more,1
104,4,,CCL Advisors,31.38,1,1,100.0,legal research r,legal researchcompany lawlegal draftingstatutory complianceslegal writingcontract management,1
105,1,,Calipers Consulting Private Limited,43.26,2,1,50.0,english r,"ms-exceldata entryenglish proficiency spoken english proficiency written, ms-office",2
105,43,,Mintifi Finserve Private Limited,40.52,3,1,33.33,english r,"english proficiency spoken, ms-excel, ms-office",3
105,29,,GlobalStep Services Private Limited,39.94,1,1,100.0,r,recruitmentresume screeninginterview coordination,1
105,5,,SREEDHARA ENTERPRISES,39.46,2,1,50.0,accounting english r,"english proficiency spoken english proficiency written, ms-officeaccountingtallyms-excel",2
105,39,,KnowledgeWorks Global Limited,39.33,1,1,100.0,english r,english proficiency spoken english proficiency written,1
105,37,,Urban Company,37.6,2,1,50.0,english r,"english proficiency spoken, ms-excel",2
105,38,,Urban Company Ltd.,37.36,2,1,50.0,english r,"english proficiency written, ms-excel",2
105,4,,CCL Advisors,35.82,1,1,100.0,legal research r,legal researchcompany lawlegal draftingstatutory complianceslegal writingcontract management,1
105,3,,Modtraa Design And Creation Incorporation,35.5,2,1,50.0,communication english r ski,"english proficiency spoken english proficiency written kannada proficiency spoken interpersonal skillseffective communication, presentation skillsms-excel",2
105,8,,YES Italy Edutech Pvt. Ltd.,34.97,1,1,100.0,english r,lead generationsales managementenglish proficiency spoken sales,1
106,39,,KnowledgeWorks Global Limited,38.78,1,1,100.0,english r,english proficiency spoken english proficiency written,1
106,17,,SpotOnMedia,34.82,2,1,50.0,english hindi r,"ms-excelclient relationship management crm client relationshipenglish proficiency spoken english proficiency written hindi proficiency spoken +1 more, ms-office",2
106,24,,SpotOnMedia,34.82,2,1,50.0,english hindi r,"ms-excelclient relationship management crm client relationshipenglish proficiency spoken english proficiency written hindi proficiency spoken +1 more, ms-office",2
106,1,,Calipers Consulting Private Limited,34.79,2,1,50.0,english r,"ms-exceldata entryenglish proficiency spoken english proficiency written, ms-office",2
106,43,,Mintifi Finserve Private Limited,32.97,3,1,33.33,english r,"english proficiency spoken, ms-excel, ms-office",3
106,48,,Zucol Group Of Companies,32.58,1,1,100.0,english r,creative writingenglish proficiency spoken english proficiency written network protocols,1
106,3,,Modtraa Design And Creation Incorporation,32.38,2,1,50.0,communication english r ski,"english proficiency spoken english proficiency written kannada proficiency spoken interpersonal skillseffective communication, presentation skillsms-excel",2
106,50,,Webvio Technologies,32.11,1,1,100.0,english logging r,bloggingsearch engine optimization seo creative writingproofreadingenglish proficiency written research and analytics,1
106,5,,SREEDHARA ENTERPRISES,31.17,2,1,50.0,accounting english r,"english proficiency spoken english proficiency written, ms-officeaccountingtallyms-excel",2
106,37,,Urban Company,30.52,2,1,50.0,english r,"english proficiency spoken, ms-excel",2
107,5,,SREEDHARA ENTERPRISES,46.68,2,1,50.0,accounting english r,"english proficiency spoken english proficiency written, ms-officeaccountingtallyms-excel",2
107,17,,SpotOnMedia,42.83,2,1,50.0,english hindi r,"ms-excelclient relationship management crm client relationshipenglish proficiency spoken english proficiency written hindi proficiency spoken +1 more, ms-office",2
107,24,,SpotOnMedia,42.83,2,1,50.0,english hindi r,"ms-excelclient relationship management crm client relationshipenglish proficiency spoken english proficiency written hindi proficiency spoken +1 more, ms-office",2
107,43,,Mintifi Finserve Private Limited,41.01,3,1,33.33,english r,"english proficiency spoken, ms-excel, ms-office",3
107,1,,Calipers Consulting Private Limited,40.41,2,1,50.0,english r,"ms-exceldata entryenglish proficiency spoken english proficiency written, ms-office",2
107,22,,Faff,40.01,1,1,100.0,communication conflict management r,time managementproblem solvingcoordinationadaptabilityeffective communicationconflict management,1
107,39,,KnowledgeWorks Global Limited,37.3,1,1,100.0,english r,english proficiency spoken english proficiency written,1
107,26,,Imarticus Learning,37.04,1,1,100.0,design thinking r,content writingms-wordms-powerpointstoryboardingms-excelcontent managementdesign thinking+3 more,1
107,3,,Modtraa Design And Creation Incorporation,36.37,2,1,50.0,communication english r ski,"english proficiency spoken english proficiency written kannada proficiency spoken interpersonal skillseffective communication, presentation skillsms-excel",2
107,4,,CCL Advisors,34.87,1,1,100.0,legal research r,legal researchcompany lawlegal draftingstatutory complianceslegal writingcontract management,1
108,48,,Zucol Group Of Companies,48.96,1,1,100.0,english r,creative writingenglish proficiency spoken english proficiency written network protocols,1
108,29,,GlobalStep Services Private Limited,46.27,1,1,100.0,r,recruitmentresume screeninginterview coordination,1
108,3,,Modtraa Design And Creation Incorporation,42.62,2,1,50.0,communication english r ski,"english proficiency spoken english proficiency written kannada proficiency spoken interpersonal skillseffective communication, presentation skillsms-excel",2
108,43,,Mintifi Finserve Private Limited,42.12,3,1,33.33,english r,"english proficiency spoken, ms-excel, ms-office",3
108,6,,Godrej Capital,40.71,1,1,100.0,communication r,ms-officems-powerpointms-exceleffective communication,1
108,37,,Urban Company,40.31,2,1,50.0,english r,"english proficiency spoken, ms-excel",2
108,38,,Urban Company Ltd.,38.8,2,1,50.0,english r,"english proficiency written, ms-excel",2
108,39,,KnowledgeWorks Global Limited,38.59,1,1,100.0,english r,english proficiency spoken english proficiency written,1
108,1,,Calipers Consulting Private Limited,37.71,2,1,50.0,english r,"ms-exceldata entryenglish proficiency spoken english proficiency written, ms-office",2
108,9,,Internshala,37.06,1,1,100.0,communication english r,negotiationproblem solvingenglish proficiency spoken saleseffective communication,1
109,17,,SpotOnMedia,48.58,2,1,50.0,english hindi r,"ms-excelclient relationship management crm client relationshipenglish proficiency spoken english proficiency written hindi proficiency spoken +1 more, ms-office",2
109,24,,SpotOnMedia,48.58,2,1,50.0,english hindi r,"ms-excelclient relationship management crm client relationshipenglish proficiency spoken english proficiency written hindi proficiency spoken +1 more, ms-office",2
109,43,,Mintifi Finserve Private Limited,48.4,3,1,33.33,english r,"english proficiency spoken, ms-excel, ms-office",3
109,1,,Calipers Consulting Private Limited,46.05,2,1,50.0,english r,"ms-exceldata entryenglish proficiency spoken english proficiency written, ms-office",2
109,5,,SREEDHARA ENTERPRISES,45.79,2,1,50.0,accounting english r,"english proficiency spoken english proficiency written, ms-officeaccountingtallyms-excel",2
109,26,,Imarticus Learning,42.86,1,1,100.0,design thinking r,content writingms-wordms-powerpointstoryboardingms-excelcontent managementdesign thinking+3 more,1
109,6,,Godrej Capital,41.13,1,1,100.0,communication r,ms-officems-powerpointms-exceleffective communication,1
109,39,,KnowledgeWorks Global Limited,40.79,1,1,100.0,english r,english proficiency spoken english proficiency written,1
109,3,,Modtraa Design And Creation Incorporation,40.51,2,1,50.0,communication english r ski,"english proficiency spoken english proficiency written kannada proficiency spoken interpersonal skillseffective communication, presentation skillsms-excel",2
109,7,,Leafoberryy,39.78,1,1,100.0,communication data analytics r,leadershipteam managemente-commercedata analyticsmentorshipb2b saleseffective communication+2 more,1
110,29,,GlobalStep Services Private Limited,39.57,1,1,100.0,r,recruitmentresume screeninginterview coordination,1
110,23,,Netcore Cloud,37.25,1,1,100.0,r sql sql server,htmllinuxms sql server,1
110,1,,Calipers Consulting Private Limited,36.44,2,1,50.0,english r,"ms-exceldata entryenglish proficiency spoken english proficiency written, ms-office",2
110,5,,SREEDHARA ENTERPRISES,34.8,2,1,50.0,accounting english r,"english proficiency spoken english proficiency written, ms-officeaccountingtallyms-excel",2
110,43,,Mintifi Finserve Private Limited,32.18,3,1,33.33,english r,"english proficiency spoken, ms-excel, ms-office",3
110,37,,Urban Company,32.05,2,1,50.0,english r,"english proficiency spoken, ms-excel",2
110,49,,Cloudnine Hospital,31.11,2,1,50.0,english r,"english proficiency written canvapivot tablevlookup, ms-excel",2
110,38,,Urban Company Ltd.,30.32,2,1,50.0,english r,"english proficiency written, ms-excel",2
110,26,,Imarticus Learning,29.2,1,1,100.0,design thinking r,content writingms-wordms-powerpointstoryboardingms-excelcontent managementdesign thinking+3 more,1
110,48,,Zucol Group Of Companies,28.62,1,1,100.0,english r,creative writingenglish proficiency spoken english proficiency written network protocols,1
111,29,,GlobalStep Services Private Limited,39.54,1,1,100.0,r,recruitmentresume screeninginterview coordination,1
111,1,,Calipers Consulting Private Limited,38.02,2,1,50.0,english r,"ms-exceldata entryenglish proficiency spoken english proficiency written, ms-office",2
111,39,,KnowledgeWorks Global Limited,37.9,1,1,100.0,english r,english proficiency spoken english proficiency written,1
111,43,,Mintifi Finserve Private Limited,34.08,3,1,33.33,english r,"english proficiency spoken, ms-excel, ms-office",3
111,3,,Modtraa Design And Creation Incorporation,33.14,2,1,50.0,communication english r ski,"english proficiency spoken english proficiency written kannada proficiency spoken interpersonal skillseffective communication, presentation skillsms-excel",2
111,7,,Leafoberryy,31.77,1,1,100.0,communication data analytics r,leadershipteam managemente-commercedata analyticsmentorshipb2b saleseffective communication+2 more,1
111,22,,Faff,30.33,1,1,100.0,communication conflict management r,time managementproblem solvingcoordinationadaptabilityeffective communicationconflict management,1
111,26,,Imarticus Learning,30.19,1,1,100.0,design thinking r,content writingms-wordms-powerpointstoryboardingms-excelcontent managementdesign thinking+3 more,1
111,44,,Starcrest Services Pvt. Ltd.,30.06,1,1,100.0,r,ms-officerecruitment,1
111,37,,Urban Company,29.66,2,1,50.0,english r,"english proficiency spoken, ms-excel",2
112,1,,Calipers Consulting Private Limited,44.01,2,1,50.0,english r,"ms-exceldata entryenglish proficiency spoken english proficiency written, ms-office",2
112,26,,Imarticus Learning,43.85,1,1,100.0,design thinking r,content writingms-wordms-powerpointstoryboardingms-excelcontent managementdesign thinking+3 more,1
112,7,,Leafoberryy,42.28,1,1,100.0,communication data analytics r,leadershipteam managemente-commercedata analyticsmentorshipb2b saleseffective communication+2 more,1
112,5,,SREEDHARA ENTERPRISES,41.29,2,1,50.0,accounting english r,"english proficiency spoken english proficiency written, ms-officeaccountingtallyms-excel",2
112,3,,Modtraa Design And Creation Incorporation,40.21,2,1,50.0,communication english r ski,"english proficiency spoken english proficiency written kannada proficiency spoken interpersonal skillseffective communication, presentation skillsms-excel",2
112,17,,SpotOnMedia,39.94,2,1,50.0,english hindi r,"ms-excelclient relationship management crm client relationshipenglish proficiency spoken english proficiency written hindi proficiency spoken +1 more, ms-office",2
112,24,,SpotOnMedia,39.94,2,1,50.0,english hindi r,"ms-excelclient relationship management crm client relationshipenglish proficiency spoken english proficiency written hindi proficiency spoken +1 more, ms-office",2
112,48,,Zucol Group Of Companies,39.29,1,1,100.0,english r,creative writingenglish proficiency spoken english proficiency written network protocols,1
112,39,,KnowledgeWorks Global Limited,39.07,1,1,100.0,english r,english proficiency spoken english proficiency written,1
112,43,,Mintifi Finserve Private Limited,38.57,3,1,33.33,english r,"english proficiency spoken, ms-excel, ms-office",3
113,17,,SpotOnMedia,43.72,2,1,50.0,english hindi r,"ms-excelclient relationship management crm client relationshipenglish proficiency spoken english proficiency written hindi proficiency spoken +1 more, ms-office",2
113,24,,SpotOnMedia,43.72,2,1,50.0,english hindi r,"ms-excelclient relationship management crm client relationshipenglish proficiency spoken english proficiency written hindi proficiency spoken +1 more, ms-office",2
113,23,,Netcore Cloud,43.52,1,1,100.0,r sql sql server,htmllinuxms sql server,1
113,1,,Calipers Consulting Private Limited,41.49,2,1,50.0,english r,"ms-exceldata entryenglish proficiency spoken english proficiency written, ms-office",2
113,39,,KnowledgeWorks Global Limited,38.05,1,1,100.0,english r,english proficiency spoken english proficiency written,1
113,26,,Imarticus Learning,37.74,1,1,100.0,design thinking r,content writingms-wordms-powerpointstoryboardingms-excelcontent managementdesign thinking+3 more,1
113,37,,Urban Company,35.22,2,1,50.0,english r,"english proficiency spoken, ms-excel",2
113,48,,Zucol Group Of Companies,34.93,1,1,100.0,english r,creative writingenglish proficiency spoken english proficiency written network protocols,1
113,7,,Leafoberryy,34.78,1,1,100.0,communication data analytics r,leadershipteam managemente-commercedata analyticsmentorshipb2b saleseffective communication+2 more,1
113,5,,SREEDHARA ENTERPRISES,34.51,2,1,50.0,accounting english r,"english proficiency spoken english proficiency written, ms-officeaccountingtallyms-excel",2
114,1,,Calipers Consulting Private Limited,44.69,2,1,50.0,english r,"ms-exceldata entryenglish proficiency spoken english proficiency written, ms-office",2
114,17,,SpotOnMedia,43.89,2,1,50.0,english hindi r,"ms-excelclient relationship management crm client relationshipenglish proficiency spoken english proficiency written hindi proficiency spoken +1 more, ms-office",2
114,24,,SpotOnMedia,43.89,2,1,50.0,english hindi r,"ms-excelclient relationship management crm client relationshipenglish proficiency spoken english proficiency written hindi proficiency spoken +1 more, ms-office",2
114,7,,Leafoberryy,43.04,1,1,100.0,communication data analytics r,leadershipteam managemente-commercedata analyticsmentorshipb2b saleseffective communication+2 more,1
114,5,,SREEDHARA ENTERPRISES,41.42,2,1,50.0,accounting english r,"english proficiency spoken english proficiency written, ms-officeaccountingtallyms-excel",2
114,12,,Belstar MicroFinance Limited,41.13,1,1,100.0,accounting plan r,accountingfinancial planningfinancial reporting,1
114,43,,Mintifi Finserve Private Limited,41.1,3,1,33.33,english r,"english proficiency spoken, ms-excel, ms-office",3
114,44,,Starcrest Services Pvt. Ltd.,40.59,1,1,100.0,r,ms-officerecruitment,1
114,45,,Lishanth Enterprises,40.29,1,1,100.0,r,client relationship management crm coordinationsales managementclient relationshipnegotiationscustomer acquisitionsales strategy,1
114,11,,Lishanth Enterprises,39.97,1,1,100.0,r,client relationship management crm sales managementsales supportcustomer supportsales strategy,1
115,26,,Imarticus Learning,50.18,1,1,100.0,design thinking r,content writingms-wordms-powerpointstoryboardingms-excelcontent managementdesign thinking+3 more,1
115,7,,Leafoberryy,45.71,1,1,100.0,communication data analytics r,leadershipteam managemente-commercedata analyticsmentorshipb2b saleseffective communication+2 more,1
115,3,,Modtraa Design And Creation Incorporation,45.1,2,1,50.0,communication english r ski,"english proficiency spoken english proficiency written kannada proficiency spoken interpersonal skillseffective communication, presentation skillsms-excel",2
115,17,,SpotOnMedia,44.6,2,1,50.0,english hindi r,"ms-excelclient relationship management crm client relationshipenglish proficiency spoken english proficiency written hindi proficiency spoken +1 more, ms-office",2
115,24,,SpotOnMedia,44.6,2,1,50.0,english hindi r,"ms-excelclient relationship management crm client relationshipenglish proficiency spoken english proficiency written hindi proficiency spoken +1 more, ms-office",2
115,1,,Calipers Consulting Private Limited,44.53,2,1,50.0,english r,"ms-exceldata entryenglish proficiency spoken english proficiency written, ms-office",2
115,23,,Netcore Cloud,44.43,1,1,100.0,r sql sql server,htmllinuxms sql server,1
115,43,,Mintifi Finserve Private Limited,43.97,3,1,33.33,english r,"english proficiency spoken, ms-excel, ms-office",3
115,37,,Urban Company,41.62,2,1,50.0,english r,"english proficiency spoken, ms-excel",2
115,5,,SREEDHARA ENTERPRISES,41.46,2,1,50.0,accounting english r,"english proficiency spoken english proficiency written, ms-officeaccountingtallyms-excel",2
116,1,,Calipers Consulting Private Limited,49.33,2,1,50.0,english r,"ms-exceldata entryenglish proficiency spoken english proficiency written, ms-office",2
116,43,,Mintifi Finserve Private Limited,48.79,3,1,33.33,english r,"english proficiency spoken, ms-excel, ms-office",3
116,5,,SREEDHARA ENTERPRISES,47.41,2,1,50.0,accounting english r,"english proficiency spoken english proficiency written, ms-officeaccountingtallyms-excel",2
116,29,,GlobalStep Services Private Limited,45.92,1,1,100.0,r,recruitmentresume screeninginterview coordination,1
116,39,,KnowledgeWorks Global Limited,44.53,1,1,100.0,english r,english proficiency spoken english proficiency written,1
116,17,,SpotOnMedia,43.91,2,1,50.0,english hindi r,"ms-excelclient relationship management crm client relationshipenglish proficiency spoken english proficiency written hindi proficiency spoken +1 more, ms-office",2
116,24,,SpotOnMedia,43.91,2,1,50.0,english hindi r,"ms-excelclient relationship management crm client relationshipenglish proficiency spoken english proficiency written hindi proficiency spoken +1 more, ms-office",2
116,7,,Leafoberryy,42.37,1,1,100.0,communication data analytics r,leadershipteam managemente-commercedata analyticsmentorshipb2b saleseffective communication+2 more,1
116,37,,Urban Company,42.3,2,1,50.0,english r,"english proficiency spoken, ms-excel",2
116,26,,Imarticus Learning,40.94,1,1,100.0,design thinking r,content writingms-wordms-powerpointstoryboardingms-excelcontent managementdesign thinking+3 more,1
117,1,,Calipers Consulting Private Limited,32.33,2,1,50.0,english r,"ms-exceldata entryenglish proficiency spoken english proficiency written, ms-office",2
117,29,,GlobalStep Services Private Limited,31.26,1,1,100.0,r,recruitmentresume screeninginterview coordination,1
117,4,,CCL Advisors,30.56,1,1,100.0,legal research r,legal researchcompany lawlegal draftingstatutory complianceslegal writingcontract management,1
117,17,,SpotOnMedia,29.57,2,1,50.0,english hindi r,"ms-excelclient relationship management crm client relationshipenglish proficiency spoken english proficiency written hindi proficiency spoken +1 more, ms-office",2
117,24,,SpotOnMedia,29.57,2,1,50.0,english hindi r,"ms-excelclient relationship management crm client relationshipenglish proficiency spoken english proficiency written hindi proficiency spoken +1 more, ms-office",2
117,43,,Mintifi Finserve Private Limited,29.16,3,1,33.33,english r,"english proficiency spoken, ms-excel, ms-office",3
117,39,,KnowledgeWorks Global Limited,28.54,1,1,100.0,english r,english proficiency spoken english proficiency written,1
117,22,,Faff,27.46,1,1,100.0,communication conflict management r,time managementproblem solvingcoordinationadaptabilityeffective communicationconflict management,1
117,3,,Modtraa Design And Creation Incorporation,27.08,2,1,50.0,communication english r ski,"english proficiency spoken english proficiency written kannada proficiency spoken interpersonal skillseffective communication, presentation skillsms-excel",2
117,7,,Leafoberryy,26.89,1,1,100.0,communication data analytics r,leadershipteam managemente-commercedata analyticsmentorshipb2b saleseffective communication+2 more,1
118,4,,CCL Advisors,37.38,1,1,100.0,legal research r,legal researchcompany lawlegal draftingstatutory complianceslegal writingcontract management,1
118,3,,Modtraa Design And Creation Incorporation,33.4,2,1,50.0,communication english r ski,"english proficiency spoken english proficiency written kannada proficiency spoken interpersonal skillseffective communication, presentation skillsms-excel",2
118,17,,SpotOnMedia,31.82,2,1,50.0,english hindi r,"ms-excelclient relationship management crm client relationshipenglish proficiency spoken english proficiency written hindi proficiency spoken +1 more, ms-office",2
118,24,,SpotOnMedia,31.82,2,1,50.0,english hindi r,"ms-excelclient relationship management crm client relationshipenglish proficiency spoken english proficiency written hindi proficiency spoken +1 more, ms-office",2
118,1,,Calipers Consulting Private Limited,31.08,2,1,50.0,english r,"ms-exceldata entryenglish proficiency spoken english proficiency written, ms-office",2
118,39,,KnowledgeWorks Global Limited,30.24,1,1,100.0,english r,english proficiency spoken english proficiency written,1
118,14,,NYX,27.38,1,1,100.0,r,negotiationdigital marketingclient relationship management crm client relationshiplinkedin marketingbusiness developmentgoogle workspace+5 more,1
118,47,,Scaler,26.99,1,1,100.0,communication english hindi r,english proficiency spoken hindi proficiency spoken effective communication,1
118,43,,Mintifi Finserve Private Limited,26.24,3,1,33.33,english r,"english proficiency spoken, ms-excel, ms-office",3
118,5,,SREEDHARA ENTERPRISES,26.02,2,1,50.0,accounting english r,"english proficiency spoken english proficiency written, ms-officeaccountingtallyms-excel",2
119,9,,Internshala,54.85,1,1,100.0,communication english r,negotiationproblem solvingenglish proficiency spoken saleseffective communication,1
119,10,,Internshala,54.85,1,1,100.0,communication english r,negotiationproblem solvingenglish proficiency spoken saleseffective communication,1
119,3,,Modtraa Design And Creation Incorporation,53.45,2,1,50.0,communication english r ski,"english proficiency spoken english proficiency written kannada proficiency spoken interpersonal skillseffective communication, presentation skillsms-excel",2
119,1,,Calipers Consulting Private Limited,53.24,2,1,50.0,english r,"ms-exceldata entryenglish proficiency spoken english proficiency written, ms-office",2
119,39,,KnowledgeWorks Global Limited,53.15,1,1,100.0,english r,english proficiency spoken english proficiency written,1
119,43,,Mintifi Finserve Private Limited,52.93,3,1,33.33,english r,"english proficiency spoken, ms-excel, ms-office",3
119,5,,SREEDHARA ENTERPRISES,50.69,2,1,50.0,accounting english r,"english proficiency spoken english proficiency written, ms-officeaccountingtallyms-excel",2
119,37,,Urban Company,50.31,2,1,50.0,english r,"english proficiency spoken, ms-excel",2
119,48,,Zucol Group Of Companies,50.29,1,1,100.0,english r,creative writingenglish proficiency spoken english proficiency written network protocols,1
119,7,,Leafoberryy,49.47,1,1,100.0,communication data analytics r,leadershipteam managemente-commercedata analyticsmentorshipb2b saleseffective communication+2 more,1
120,1,,Calipers Consulting Private Limited,39.11,2,1,50.0,english r,"ms-exceldata entryenglish proficiency spoken english proficiency written, ms-office",2
120,29,,GlobalStep Services Private Limited,35.23,1,1,100.0,r,recruitmentresume screeninginterview coordination,1
120,22,,Faff,35.14,1,1,100.0,communication conflict management r,time managementproblem solvingcoordinationadaptabilityeffective communicationconflict management,1
120,43,,Mintifi Finserve Private Limited,34.97,3,1,33.33,english r,"english proficiency spoken, ms-excel, ms-office",3
120,4,,CCL Advisors,32.89,1,1,100.0,legal research r,legal researchcompany lawlegal draftingstatutory complianceslegal writingcontract management,1
120,44,,Starcrest Services Pvt. Ltd.,32.78,1,1,100.0,r,ms-officerecruitment,1
120,5,,SREEDHARA ENTERPRISES,31.84,2,1,50.0,accounting english r,"english proficiency spoken english proficiency written, ms-officeaccountingtallyms-excel",2
120,12,,Belstar MicroFinance Limited,30.48,1,1,100.0,accounting plan r,accountingfinancial planningfinancial reporting,1
120,39,,KnowledgeWorks Global Limited,30.25,1,1,100.0,english r,english proficiency spoken english proficiency written,1
120,17,,SpotOnMedia,29.2,2,1,50.0,english hindi r,"ms-excelclient relationship management crm client relationshipenglish proficiency spoken english proficiency written hindi proficiency spoken +1 more, ms-office",2
121,22,,Faff,24.42,1,1,100.0,communication conflict management r,time managementproblem solvingcoordinationadaptabilityeffective communicationconflict management,1
121,6,,Godrej Capital,23.23,1,1,100.0,communication r,ms-officems-powerpointms-exceleffective communication,1
121,3,,Modtraa Design And Creation Incorporation,19.89,2,1,50.0,communication english r ski,"english proficiency spoken english proficiency written kannada proficiency spoken interpersonal skillseffective communication, presentation skillsms-excel",2
121,17,,SpotOnMedia,19.87,2,1,50.0,english hindi r,"ms-excelclient relationship management crm client relationshipenglish proficiency spoken english proficiency written hindi proficiency spoken +1 more, ms-office",2
121,24,,SpotOnMedia,19.87,2,1,50.0,english hindi r,"ms-excelclient relationship management crm client relationshipenglish proficiency spoken english proficiency written hindi proficiency spoken +1 more, ms-office",2
121,23,,Netcore Cloud,19.1,1,1,100.0,r sql sql server,htmllinuxms sql server,1
121,29,,GlobalStep Services Private Limited,18.82,1,1,100.0,r,recruitmentresume screeninginterview coordination,1
121,1,,Calipers Consulting Private Limited,18.61,2,1,50.0,english r,"ms-exceldata entryenglish proficiency spoken english proficiency written, ms-office",2
121,50,,Webvio Technologies,18.16,1,1,100.0,english logging r,bloggingsearch engine optimization seo creative writingproofreadingenglish proficiency written research and analytics,1
121,48,,Zucol Group Of Companies,17.76,1,1,100.0,english r,creative writingenglish proficiency spoken english proficiency written network protocols,1
122,1,,Calipers Consulting Private Limited,44.35,2,1,50.0,english r,"ms-exceldata entryenglish proficiency spoken english proficiency written, ms-office",2
122,17,,SpotOnMedia,43.68,2,1,50.0,english hindi r,"ms-excelclient relationship management crm client relationshipenglish proficiency spoken english proficiency written hindi proficiency spoken +1 more, ms-office",2
122,24,,SpotOnMedia,43.68,2,1,50.0,english hindi r,"ms-excelclient relationship management crm client relationshipenglish proficiency spoken english proficiency written hindi proficiency spoken +1 more, ms-office",2
122,43,,Mintifi Finserve Private Limited,43.55,3,1,33.33,english r,"english proficiency spoken, ms-excel, ms-office",3
122,37,,Urban Company,43.03,2,1,50.0,english r,"english proficiency spoken, ms-excel",2
122,5,,SREEDHARA ENTERPRISES,42.92,2,1,50.0,accounting english r,"english proficiency spoken english proficiency written, ms-officeaccountingtallyms-excel",2
122,3,,Modtraa Design And Creation Incorporation,40.87,2,1,50.0,communication english r ski,"english proficiency spoken english proficiency written kannada proficiency spoken interpersonal skillseffective communication, presentation skillsms-excel",2
122,26,,Imarticus Learning,39.38,1,1,100.0,design thinking r,content writingms-wordms-powerpointstoryboardingms-excelcontent managementdesign thinking+3 more,1
122,7,,Leafoberryy,38.89,1,1,100.0,communication data analytics r,leadershipteam managemente-commercedata analyticsmentorshipb2b saleseffective communication+2 more,1
122,39,,KnowledgeWorks Global Limited,38.72,1,1,100.0,english r,english proficiency spoken english proficiency written,1
123,43,,Mintifi Finserve Private Limited,56.12,3,1,33.33,english r,"english proficiency spoken, ms-excel, ms-office",3
123,5,,SREEDHARA ENTERPRISES,54.99,2,1,50.0,accounting english r,"english proficiency spoken english proficiency written, ms-officeaccountingtallyms-excel",2
123,37,,Urban Company,53.86,2,1,50.0,english r,"english proficiency spoken, ms-excel",2
123,1,,Calipers Consulting Private Limited,53.57,2,1,50.0,english r,"ms-exceldata entryenglish proficiency spoken english proficiency written, ms-office",2
123,38,,Urban Company Ltd.,51.52,2,1,50.0,english r,"english proficiency written, ms-excel",2
123,7,,Leafoberryy,50.66,1,1,100.0,communication data analytics r,leadershipteam managemente-commercedata analyticsmentorshipb2b saleseffective communication+2 more,1
123,17,,SpotOnMedia,50.64,2,1,50.0,english hindi r,"ms-excelclient relationship management crm client relationshipenglish proficiency spoken english proficiency written hindi proficiency spoken +1 more, ms-office",2
123,24,,SpotOnMedia,50.64,2,1,50.0,english hindi r,"ms-excelclient relationship management crm client relationshipenglish proficiency spoken english proficiency written hindi proficiency spoken +1 more, ms-office",2
123,39,,KnowledgeWorks Global Limited,49.01,1,1,100.0,english r,english proficiency spoken english proficiency written,1
123,3,,Modtraa Design And Creation Incorporation,47.77,2,1,50.0,communication english r ski,"english proficiency spoken english proficiency written kannada proficiency spoken interpersonal skillseffective communication, presentation skillsms-excel",2
124,7,,Leafoberryy,50.77,1,1,100.0,communication data analytics r,leadershipteam managemente-commercedata analyticsmentorshipb2b saleseffective communication+2 more,1
124,43,,Mintifi Finserve Private Limited,49.56,3,1,33.33,english r,"english proficiency spoken, ms-excel, ms-office",3
124,3,,Modtraa Design And Creation Incorporation,49.01,2,1,50.0,communication english r ski,"english proficiency spoken english proficiency written kannada proficiency spoken interpersonal skillseffective communication, presentation skillsms-excel",2
124,45,,Lishanth Enterprises,47.95,1,1,100.0,r,client relationship management crm coordinationsales managementclient relationshipnegotiationscustomer acquisitionsales strategy,1
124,1,,Calipers Consulting Private Limited,47.94,2,1,50.0,english r,"ms-exceldata entryenglish proficiency spoken english proficiency written, ms-office",2
124,11,,Lishanth Enterprises,47.22,1,1,100.0,r,client relationship management crm sales managementsales supportcustomer supportsales strategy,1
124,29,,GlobalStep Services Private Limited,45.8,1,1,100.0,r,recruitmentresume screeninginterview coordination,1
124,5,,SREEDHARA ENTERPRISES,44.94,2,1,50.0,accounting english r,"english proficiency spoken english proficiency written, ms-officeaccountingtallyms-excel",2
124,39,,KnowledgeWorks Global Limited,44.81,1,1,100.0,english r,english proficiency spoken english proficiency written,1
124,37,,Urban Company,44.39,2,1,50.0,english r,"english proficiency spoken, ms-excel",2
125,40,,RMSI Private Limited,34.35,1,1,100.0,r sql sql server,sqlms sql servergisarcgisssms,1
125,1,,Calipers Consulting Private Limited,30.4,2,1,50.0,english r,"ms-exceldata entryenglish proficiency spoken english proficiency written, ms-office",2
125,39,,KnowledgeWorks Global Limited,30.28,1,1,100.0,english r,english proficiency spoken english proficiency written,1
125,5,,SREEDHARA ENTERPRISES,28.96,2,1,50.0,accounting english r,"english proficiency spoken english proficiency written, ms-officeaccountingtallyms-excel",2
125,17,,SpotOnMedia,28.87,2,1,50.0,english hindi r,"ms-excelclient relationship management crm client relationshipenglish proficiency spoken english proficiency written hindi proficiency spoken +1 more, ms-office",2
125,24,,SpotOnMedia,28.87,2,1,50.0,english hindi r,"ms-excelclient relationship management crm client relationshipenglish proficiency spoken english proficiency written hindi proficiency spoken +1 more, ms-office",2
125,34,,Ashiana Housing Limited,27.69,1,1,100.0,data analytics r,data analyticsms-exceldata entrypower bidata analysis,1
125,43,,Mintifi Finserve Private Limited,26.82,3,1,33.33,english r,"english proficiency spoken, ms-excel, ms-office",3
125,7,,Leafoberryy,26.58,1,1,100.0,communication data analytics r,leadershipteam managemente-commercedata analyticsmentorshipb2b saleseffective communication+2 more,1
125,48,,Zucol Group Of Companies,26.41,1,1,100.0,english r,creative writingenglish proficiency spoken english proficiency written network protocols,1
126,40,,RMSI Private Limited,52.9,1,1,100.0,r sql sql server,sqlms sql servergisarcgisssms,1
126,23,,Netcore Cloud,49.06,1,1,100.0,r sql sql server,htmllinuxms sql server,1
126,1,,Calipers Consulting Private Limited,42.49,2,1,50.0,english r,"ms-exceldata entryenglish proficiency spoken english proficiency written, ms-office",2
126,5,,SREEDHARA ENTERPRISES,41.57,2,1,50.0,accounting english r,"english proficiency spoken english proficiency written, ms-officeaccountingtallyms-excel",2
126,43,,Mintifi Finserve Private Limited,39.38,3,1,33.33,english r,"english proficiency spoken, ms-excel, ms-office",3
126,7,,Leafoberryy,38.38,1,1,100.0,communication data analytics r,leadershipteam managemente-commercedata analyticsmentorshipb2b saleseffective communication+2 more,1
126,39,,KnowledgeWorks Global Limited,35.64,1,1,100.0,english r,english proficiency spoken english proficiency written,1
126,44,,Starcrest Services Pvt. Ltd.,33.87,1,1,100.0,r,ms-officerecruitment,1
126,12,,Belstar MicroFinance Limited,33.75,1,1,100.0,accounting plan r,accountingfinancial planningfinancial reporting,1
126,37,,Urban Company,33.59,2,1,50.0,english r,"english proficiency spoken, ms-excel",2
127,1,,Calipers Consulting Private Limited,46.44,2,1,50.0,english r,"ms-exceldata entryenglish proficiency spoken english proficiency written, ms-office",2
127,17,,SpotOnMedia,44.11,2,1,50.0,english hindi r,"ms-excelclient relationship management crm client relationshipenglish proficiency spoken english proficiency written hindi proficiency spoken +1 more, ms-office",2
127,24,,SpotOnMedia,44.11,2,1,50.0,english hindi r,"ms-excelclient relationship management crm client relationshipenglish proficiency spoken english proficiency written hindi proficiency spoken +1 more, ms-office",2
127,43,,Mintifi Finserve Private Limited,42.27,3,1,33.33,english r,"english proficiency spoken, ms-excel, ms-office",3
127,39,,KnowledgeWorks Global Limited,42.27,1,1,100.0,english r,english proficiency spoken english proficiency written,1
127,23,,Netcore Cloud,41.04,1,1,100.0,r sql sql server,htmllinuxms sql server,1
127,40,,RMSI Private Limited,40.99,1,1,100.0,r sql sql server,sqlms sql servergisarcgisssms,1
127,5,,SREEDHARA ENTERPRISES,39.36,2,1,50.0,accounting english r,"english proficiency spoken english proficiency written, ms-officeaccountingtallyms-excel",2
127,37,,Urban Company,38.59,2,1,50.0,english r,"english proficiency spoken, ms-excel",2
127,3,,Modtraa Design And Creation Incorporation,36.51,2,1,50.0,communication english r ski,"english proficiency spoken english proficiency written kannada proficiency spoken interpersonal skillseffective communication, presentation skillsms-excel",2
128,40,,RMSI Private Limited,35.46,1,1,100.0,r sql sql server,sqlms sql servergisarcgisssms,1
128,43,,Mintifi Finserve Private Limited,33.39,3,1,33.33,english r,"english proficiency spoken, ms-excel, ms-office",3
128,7,,Leafoberryy,33.07,1,1,100.0,communication data analytics r,leadershipteam managemente-commercedata analyticsmentorshipb2b saleseffective communication+2 more,1
128,23,,Netcore Cloud,30.39,1,1,100.0,r sql sql server,htmllinuxms sql server,1
128,29,,GlobalStep Services Private Limited,29.52,1,1,100.0,r,recruitmentresume screeninginterview coordination,1
128,34,,Ashiana Housing Limited,29.42,1,1,100.0,data analytics r,data analyticsms-exceldata entrypower bidata analysis,1
128,26,,Imarticus Learning,28.91,1,1,100.0,design thinking r,content writingms-wordms-powerpointstoryboardingms-excelcontent managementdesign thinking+3 more,1
128,4,,CCL Advisors,28.64,1,1,100.0,legal research r,legal researchcompany lawlegal draftingstatutory complianceslegal writingcontract management,1
128,5,,SREEDHARA ENTERPRISES,28.49,2,1,50.0,accounting english r,"english proficiency spoken english proficiency written, ms-officeaccountingtallyms-excel",2
128,17,,SpotOnMedia,28.0,2,1,50.0,english hindi r,"ms-excelclient relationship management crm client relationshipenglish proficiency spoken english proficiency written hindi proficiency spoken +1 more, ms-office",2
129,7,,Leafoberryy,29.3,1,1,100.0,communication data analytics r,leadershipteam managemente-commercedata analyticsmentorshipb2b saleseffective communication+2 more,1
129,50,,Webvio Technologies,27.44,1,1,100.0,english logging r,bloggingsearch engine optimization seo creative writingproofreadingenglish proficiency written research and analytics,1
129,23,,Netcore Cloud,23.94,1,1,100.0,r sql sql server,htmllinuxms sql server,1
129,34,,Ashiana Housing Limited,23.85,1,1,100.0,data analytics r,data analyticsms-exceldata entrypower bidata analysis,1
129,43,,Mintifi Finserve Private Limited,23.35,3,1,33.33,english r,"english proficiency spoken, ms-excel, ms-office",3
129,40,,RMSI Private Limited,22.79,1,1,100.0,r sql sql server,sqlms sql servergisarcgisssms,1
129,26,,Imarticus Learning,22.29,1,1,100.0,design thinking r,content writingms-wordms-powerpointstoryboardingms-excelcontent managementdesign thinking+3 more,1
129,22,,Faff,22.05,1,1,100.0,communication conflict management r,time managementproblem solvingcoordinationadaptabilityeffective communicationconflict management,1
129,39,,KnowledgeWorks Global Limited,21.84,1,1,100.0,english r,english proficiency spoken english proficiency written,1
129,5,,SREEDHARA ENTERPRISES,21.48,2,1,50.0,accounting english r,"english proficiency spoken english proficiency written, ms-officeaccountingtallyms-excel",2
130,40,,RMSI Private Limited,46.55,1,1,100.0,r sql sql server,sqlms sql servergisarcgisssms,1
130,43,,Mintifi Finserve Private Limited,46.05,3,1,33.33,english r,"english proficiency spoken, ms-excel, ms-office",3
130,1,,Calipers Consulting Private Limited,45.36,2,1,50.0,english r,"ms-exceldata entryenglish proficiency spoken english proficiency written, ms-office",2
130,5,,SREEDHARA ENTERPRISES,45.12,2,1,50.0,accounting english r,"english proficiency spoken english proficiency written, ms-officeaccountingtallyms-excel",2
130,29,,GlobalStep Services Private Limited,42.94,1,1,100.0,r,recruitmentresume screeninginterview coordination,1
130,39,,KnowledgeWorks Global Limited,41.08,1,1,100.0,english r,english proficiency spoken english proficiency written,1
130,44,,Starcrest Services Pvt. Ltd.,40.33,1,1,100.0,r,ms-officerecruitment,1
130,23,,Netcore Cloud,38.53,1,1,100.0,r sql sql server,htmllinuxms sql server,1
130,34,,Ashiana Housing Limited,37.93,1,1,100.0,data analytics r,data analyticsms-exceldata entrypower bidata analysis,1
130,7,,Leafoberryy,37.66,1,1,100.0,communication data analytics r,leadershipteam managemente-commercedata analyticsmentorshipb2b saleseffective communication+2 more,1
131,40,,RMSI Private Limited,42.64,1,1,100.0,r sql sql server,sqlms sql servergisarcgisssms,1
131,12,,Belstar MicroFinance Limited,41.61,1,1,100.0,accounting plan r,accountingfinancial planningfinancial reporting,1
131,5,,SREEDHARA ENTERPRISES,39.25,2,1,50.0,accounting english r,"english proficiency spoken english proficiency written, ms-officeaccountingtallyms-excel",2
131,7,,Leafoberryy,38.94,1,1,100.0,communication data analytics r,leadershipteam managemente-commercedata analyticsmentorshipb2b saleseffective communication+2 more,1
131,1,,Calipers Consulting Private Limited,38.47,2,1,50.0,english r,"ms-exceldata entryenglish proficiency spoken english proficiency written, ms-office",2
131,17,,SpotOnMedia,37.43,2,1,50.0,english hindi r,"ms-excelclient relationship management crm client relationshipenglish proficiency spoken english proficiency written hindi proficiency spoken +1 more, ms-office",2
131,24,,SpotOnMedia,37.43,2,1,50.0,english hindi r,"ms-excelclient relationship management crm client relationshipenglish proficiency spoken english proficiency written hindi proficiency spoken +1 more, ms-office",2
131,23,,Netcore Cloud,37.18,1,1,100.0,r sql sql server,htmllinuxms sql server,1
131,45,,Lishanth Enterprises,36.77,1,1,100.0,r,client relationship management crm coordinationsales managementclient relationshipnegotiationscustomer acquisitionsales strategy,1
131,11,,Lishanth Enterprises,34.42,1,1,100.0,r,client relationship management crm sales managementsales supportcustomer supportsales strategy,1
132,44,,Starcrest Services Pvt. Ltd.,34.43,1,1,100.0,r,ms-officerecruitment,1
132,32,,IDFC First Bank,32.69,1,1,100.0,r,lead generationsalesfield sales,1
132,12,,Belstar MicroFinance Limited,32.41,1,1,100.0,accounting plan r,accountingfinancial planningfinancial reporting,1
132,22,,Faff,31.49,1,1,100.0,communication conflict management r,time managementproblem solvingcoordinationadaptabilityeffective communicationconflict management,1
132,7,,Leafoberryy,29.86,1,1,100.0,communication data analytics r,leadershipteam managemente-commercedata analyticsmentorshipb2b saleseffective communication+2 more,1
132,38,,Urban Company Ltd.,29.14,2,1,50.0,english r,"english proficiency written, ms-excel",2
132,23,,Netcore Cloud,29.04,1,1,100.0,r sql sql server,htmllinuxms sql server,1
132,5,,SREEDHARA ENTERPRISES,29.03,2,1,50.0,accounting english r,"english proficiency spoken english proficiency written, ms-officeaccountingtallyms-excel",2
132,37,,Urban Company,28.4,2,1,50.0,english r,"english proficiency spoken, ms-excel",2
132,43,,Mintifi Finserve Private Limited,28.14,3,1,33.33,english r,"english proficiency spoken, ms-excel, ms-office",3
133,5,,SREEDHARA ENTERPRISES,49.43,2,1,50.0,accounting english r,"english proficiency spoken english proficiency written, ms-officeaccountingtallyms-excel",2
133,1,,Calipers Consulting Private Limited,48.4,2,1,50.0,english r,"ms-exceldata entryenglish proficiency spoken english proficiency written, ms-office",2
133,43,,Mintifi Finserve Private Limited,46.03,3,1,33.33,english r,"english proficiency spoken, ms-excel, ms-office",3
133,7,,Leafoberryy,44.74,1,1,100.0,communication data analytics r,leadershipteam managemente-commercedata analyticsmentorshipb2b saleseffective communication+2 more,1
133,45,,Lishanth Enterprises,44.16,1,1,100.0,r,client relationship management crm coordinationsales managementclient relationshipnegotiationscustomer acquisitionsales strategy,1
133,17,,SpotOnMedia,43.95,2,1,50.0,english hindi r,"ms-excelclient relationship management crm client relationshipenglish proficiency spoken english proficiency written hindi proficiency spoken +1 more, ms-office",2
133,24,,SpotOnMedia,43.95,2,1,50.0,english hindi r,"ms-excelclient relationship management crm client relationshipenglish proficiency spoken english proficiency written hindi proficiency spoken +1 more, ms-office",2
133,29,,GlobalStep Services Private Limited,43.52,1,1,100.0,r,recruitmentresume screeninginterview coordination,1
133,3,,Modtraa Design And Creation Incorporation,43.08,2,1,50.0,communication english r ski,"english proficiency spoken english proficiency written kannada proficiency spoken interpersonal skillseffective communication, presentation skillsms-excel",2
133,40,,RMSI Private Limited,41.69,1,1,100.0,r sql sql server,sqlms sql servergisarcgisssms,1
134,7,,Leafoberryy,42.26,1,1,100.0,communication data analytics r,leadershipteam managemente-commercedata analyticsmentorshipb2b saleseffective communication+2 more,1
134,5,,SREEDHARA ENTERPRISES,40.35,2,1,50.0,accounting english r,"english proficiency spoken english proficiency written, ms-officeaccountingtallyms-excel",2
134,22,,Faff,39.28,1,1,100.0,communication conflict management r,time managementproblem solvingcoordinationadaptabilityeffective communicationconflict management,1
134,40,,RMSI Private Limited,39.2,1,1,100.0,r sql sql server,sqlms sql servergisarcgisssms,1
134,12,,Belstar MicroFinance Limited,39.11,1,1,100.0,accounting plan r,accountingfinancial planningfinancial reporting,1
134,43,,Mintifi Finserve Private Limited,38.26,3,1,33.33,english r,"english proficiency spoken, ms-excel, ms-office",3
134,29,,GlobalStep Services Private Limited,37.7,1,1,100.0,r,recruitmentresume screeninginterview coordination,1
134,17,,SpotOnMedia,37.0,2,1,50.0,english hindi r,"ms-excelclient relationship management crm client relationshipenglish proficiency spoken english proficiency written hindi proficiency spoken +1 more, ms-office",2
134,24,,SpotOnMedia,37.0,2,1,50.0,english hindi r,"ms-excelclient relationship management crm client relationshipenglish proficiency spoken english proficiency written hindi proficiency spoken +1 more, ms-office",2
134,34,,Ashiana Housing Limited,36.19,1,1,100.0,data analytics r,data analyticsms-exceldata entrypower bidata analysis,1
135,1,,Calipers Consulting Private Limited,47.0,2,1,50.0,english r,"ms-exceldata entryenglish proficiency spoken english proficiency written, ms-office",2
135,43,,Mintifi Finserve Private Limited,46.92,3,1,33.33,english r,"english proficiency spoken, ms-excel, ms-office",3
135,17,,SpotOnMedia,42.43,2,1,50.0,english hindi r,"ms-excelclient relationship management crm client relationshipenglish proficiency spoken english proficiency written hindi proficiency spoken +1 more, ms-office",2
135,24,,SpotOnMedia,42.43,2,1,50.0,english hindi r,"ms-excelclient relationship management crm client relationshipenglish proficiency spoken english proficiency written hindi proficiency spoken +1 more, ms-office",2
135,5,,SREEDHARA ENTERPRISES,42.03,2,1,50.0,accounting english r,"english proficiency spoken english proficiency written, ms-officeaccountingtallyms-excel",2
135,49,,Cloudnine Hospital,41.0,2,1,50.0,english r,"english proficiency written canvapivot tablevlookup, ms-excel",2
135,39,,KnowledgeWorks Global Limited,40.3,1,1,100.0,english r,english proficiency spoken english proficiency written,1
135,40,,RMSI Private Limited,40.06,1,1,100.0,r sql sql server,sqlms sql servergisarcgisssms,1
135,29,,GlobalStep Services Private Limited,38.38,1,1,100.0,r,recruitmentresume screeninginterview coordination,1
135,37,,Urban Company,38.36,2,1,50.0,english r,"english proficiency spoken, ms-excel",2
136,34,,Ashiana Housing Limited,33.01,1,1,100.0,data analytics r,data analyticsms-exceldata entrypower bidata analysis,1
136,7,,Leafoberryy,31.04,1,1,100.0,communication data analytics r,leadershipteam managemente-commercedata analyticsmentorshipb2b saleseffective communication+2 more,1
136,23,,Netcore Cloud,26.73,1,1,100.0,r sql sql server,htmllinuxms sql server,1
136,5,,SREEDHARA ENTERPRISES,26.3,2,1,50.0,accounting english r,"english proficiency spoken english proficiency written, ms-officeaccountingtallyms-excel",2
136,12,,Belstar MicroFinance Limited,26.18,1,1,100.0,accounting plan r,accountingfinancial planningfinancial reporting,1
136,29,,GlobalStep Services Private Limited,25.33,1,1,100.0,r,recruitmentresume screeninginterview coordination,1
136,17,,SpotOnMedia,23.71,2,1,50.0,english hindi r,"ms-excelclient relationship management crm client relationshipenglish proficiency spoken english proficiency written hindi proficiency spoken +1 more, ms-office",2
136,24,,SpotOnMedia,23.71,2,1,50.0,english hindi r,"ms-excelclient relationship management crm client relationshipenglish proficiency spoken english proficiency written hindi proficiency spoken +1 more, ms-office",2
136,1,,Calipers Consulting Private Limited,23.45,2,1,50.0,english r,"ms-exceldata entryenglish proficiency spoken english proficiency written, ms-office",2
136,49,,Cloudnine Hospital,23.42,2,1,50.0,english r,"english proficiency written canvapivot tablevlookup, ms-excel",2
137,7,,Leafoberryy,40.28,1,1,100.0,communication data analytics r,leadershipteam managemente-commercedata analyticsmentorshipb2b saleseffective communication+2 more,1
137,34,,Ashiana Housing Limited,35.31,1,1,100.0,data analytics r,data analyticsms-exceldata entrypower bidata analysis,1
137,5,,SREEDHARA ENTERPRISES,30.27,2,1,50.0,accounting english r,"english proficiency spoken english proficiency written, ms-officeaccountingtallyms-excel",2
137,17,,SpotOnMedia,29.57,2,1,50.0,english hindi r,"ms-excelclient relationship management crm client relationshipenglish proficiency spoken english proficiency written hindi proficiency spoken +1 more, ms-office",2
137,24,,SpotOnMedia,29.57,2,1,50.0,english hindi r,"ms-excelclient relationship management crm client relationshipenglish proficiency spoken english proficiency written hindi proficiency spoken +1 more, ms-office",2
137,50,,Webvio Technologies,28.8,1,1,100.0,english logging r,bloggingsearch engine optimization seo creative writingproofreadingenglish proficiency written research and analytics,1
137,1,,Calipers Consulting Private Limited,27.75,2,1,50.0,english r,"ms-exceldata entryenglish proficiency spoken english proficiency written, ms-office",2
137,11,,Lishanth Enterprises,27.43,1,1,100.0,r,client relationship management crm sales managementsales supportcustomer supportsales strategy,1
137,43,,Mintifi Finserve Private Limited,27.42,3,1,33.33,english r,"english proficiency spoken, ms-excel, ms-office",3
137,40,,RMSI Private Limited,26.95,1,1,100.0,r sql sql server,sqlms sql servergisarcgisssms,1
138,36,,Medi Assist Healthcare Private Limited,36.24,1,1,100.0,medical terminology r terminology,medical terminology,1
138,49,,Cloudnine Hospital,35.71,2,1,50.0,english r,"english proficiency written canvapivot tablevlookup, ms-excel",2
138,7,,Leafoberryy,33.43,1,1,100.0,communication data analytics r,leadershipteam managemente-commercedata analyticsmentorshipb2b saleseffective communication+2 more,1
138,34,,Ashiana Housing Limited,33.41,1,1,100.0,data analytics r,data analyticsms-exceldata entrypower bidata analysis,1
138,5,,SREEDHARA ENTERPRISES,32.85,2,1,50.0,accounting english r,"english proficiency spoken english proficiency written, ms-officeaccountingtallyms-excel",2
138,43,,Mintifi Finserve Private Limited,32.65,3,1,33.33,english r,"english proficiency spoken, ms-excel, ms-office",3
138,1,,Calipers Consulting Private Limited,31.93,2,1,50.0,english r,"ms-exceldata entryenglish proficiency spoken english proficiency written, ms-office",2
138,37,,Urban Company,31.3,2,1,50.0,english r,"english proficiency spoken, ms-excel",2
138,39,,KnowledgeWorks Global Limited,30.92,1,1,100.0,english r,english proficiency spoken english proficiency written,1
138,40,,RMSI Private Limited,29.88,1,1,100.0,r sql sql server,sqlms sql servergisarcgisssms,1
139,5,,SREEDHARA ENTERPRISES,45.64,2,1,50.0,accounting english r,"english proficiency spoken english proficiency written, ms-officeaccountingtallyms-excel",2
139,7,,Leafoberryy,42.55,1,1,100.0,communication data analytics r,leadershipteam managemente-commercedata analyticsmentorshipb2b saleseffective communication+2 more,1
139,1,,Calipers Consulting Private Limited,42.45,2,1,50.0,english r,"ms-exceldata entryenglish proficiency spoken english proficiency written, ms-office",2
139,17,,SpotOnMedia,41.88,2,1,50.0,english hindi r,"ms-excelclient relationship management crm client relationshipenglish proficiency spoken english proficiency written hindi proficiency spoken +1 more, ms-office",2
139,24,,SpotOnMedia,41.88,2,1,50.0,english hindi r,"ms-excelclient relationship management crm client relationshipenglish proficiency spoken english proficiency written hindi proficiency spoken +1 more, ms-office",2
139,37,,Urban Company,41.28,2,1,50.0,english r,"english proficiency spoken, ms-excel",2
139,39,,KnowledgeWorks Global Limited,40.87,1,1,100.0,english r,english proficiency spoken english proficiency written,1
139,38,,Urban Company Ltd.,39.1,2,1,50.0,english r,"english proficiency written, ms-excel",2
139,12,,Belstar MicroFinance Limited,38.46,1,1,100.0,accounting plan r,accountingfinancial planningfinancial reporting,1
139,43,,Mintifi Finserve Private Limited,37.67,3,1,33.33,english r,"english proficiency spoken, ms-excel, ms-office",3
140,1,,Calipers Consulting Private Limited,49.92,2,1,50.0,english r,"ms-exceldata entryenglish proficiency spoken english proficiency written, ms-office",2
140,39,,KnowledgeWorks Global Limited,49.7,1,1,100.0,english r,english proficiency spoken english proficiency written,1
140,7,,Leafoberryy,45.61,1,1,100.0,communication data analytics r,leadershipteam managemente-commercedata analyticsmentorshipb2b saleseffective communication+2 more,1
140,5,,SREEDHARA ENTERPRISES,44.78,2,1,50.0,accounting english r,"english proficiency spoken english proficiency written, ms-officeaccountingtallyms-excel",2
140,43,,Mintifi Finserve Private Limited,44.58,3,1,33.33,english r,"english proficiency spoken, ms-excel, ms-office",3
140,3,,Modtraa Design And Creation Incorporation,44.42,2,1,50.0,communication english r ski,"english proficiency spoken english proficiency written kannada proficiency spoken interpersonal skillseffective communication, presentation skillsms-excel",2
140,37,,Urban Company,41.15,2,1,50.0,english r,"english proficiency spoken, ms-excel",2
140,17,,SpotOnMedia,40.62,2,1,50.0,english hindi r,"ms-excelclient relationship management crm client relationshipenglish proficiency spoken english proficiency written hindi proficiency spoken +1 more, ms-office",2
140,24,,SpotOnMedia,40.62,2,1,50.0,english hindi r,"ms-excelclient relationship management crm client relationshipenglish proficiency spoken english proficiency written hindi proficiency spoken +1 more, ms-office",2
140,29,,GlobalStep Services Private Limited,40.21,1,1,100.0,r,recruitmentresume screeninginterview coordination,1
141,39,,KnowledgeWorks Global Limited,45.18,1,1,100.0,english r,english proficiency spoken english proficiency written,1
141,1,,Calipers Consulting Private Limited,41.7,2,1,50.0,english r,"ms-exceldata entryenglish proficiency spoken english proficiency written, ms-office",2
141,43,,Mintifi Finserve Private Limited,41.15,3,1,33.33,english r,"english proficiency spoken, ms-excel, ms-office",3
141,5,,SREEDHARA ENTERPRISES,40.97,2,1,50.0,accounting english r,"english proficiency spoken english proficiency written, ms-officeaccountingtallyms-excel",2
141,37,,Urban Company,40.9,2,1,50.0,english r,"english proficiency spoken, ms-excel",2
141,7,,Leafoberryy,39.67,1,1,100.0,communication data analytics r,leadershipteam managemente-commercedata analyticsmentorshipb2b saleseffective communication+2 more,1
141,29,,GlobalStep Services Private Limited,36.76,1,1,100.0,r,recruitmentresume screeninginterview coordination,1
141,50,,Webvio Technologies,36.52,1,1,100.0,english logging r,bloggingsearch engine optimization seo creative writingproofreadingenglish proficiency written research and analytics,1
141,3,,Modtraa Design And Creation Incorporation,36.15,2,1,50.0,communication english r ski,"english proficiency spoken english proficiency written kannada proficiency spoken interpersonal skillseffective communication, presentation skillsms-excel",2
141,34,,Ashiana Housing Limited,36.1,1,1,100.0,data analytics r,data analyticsms-exceldata entrypower bidata analysis,1
142,12,,Belstar MicroFinance Limited,44.1,1,1,100.0,accounting plan r,accountingfinancial planningfinancial reporting,1
142,7,,Leafoberryy,42.79,1,1,100.0,communication data analytics r,leadershipteam managemente-commercedata analyticsmentorshipb2b saleseffective communication+2 more,1
142,29,,GlobalStep Services Private Limited,42.44,1,1,100.0,r,recruitmentresume screeninginterview coordination,1
142,34,,Ashiana Housing Limited,40.46,1,1,100.0,data analytics r,data analyticsms-exceldata entrypower bidata analysis,1
142,43,,Mintifi Finserve Private Limited,39.25,3,1,33.33,english r,"english proficiency spoken, ms-excel, ms-office",3
142,5,,SREEDHARA ENTERPRISES,38.44,2,1,50.0,accounting english r,"english proficiency spoken english proficiency written, ms-officeaccountingtallyms-excel",2
142,40,,RMSI Private Limited,36.81,1,1,100.0,r sql sql server,sqlms sql servergisarcgisssms,1
142,49,,Cloudnine Hospital,33.87,2,1,50.0,english r,"english proficiency written canvapivot tablevlookup, ms-excel",2
142,37,,Urban Company,32.69,2,1,50.0,english r,"english proficiency spoken, ms-excel",2
142,11,,Lishanth Enterprises,32.63,1,1,100.0,r,client relationship management crm sales managementsales supportcustomer supportsales strategy,1
143,1,,Calipers Consulting Private Limited,52.58,2,1,50.0,english r,"ms-exceldata entryenglish proficiency spoken english proficiency written, ms-office",2
143,39,,KnowledgeWorks Global Limited,51.97,1,1,100.0,english r,english proficiency spoken english proficiency written,1
143,7,,Leafoberryy,47.4,1,1,100.0,communication data analytics r,leadershipteam managemente-commercedata analyticsmentorshipb2b saleseffective communication+2 more,1
143,40,,RMSI Private Limited,45.95,1,1,100.0,r sql sql server,sqlms sql servergisarcgisssms,1
143,43,,Mintifi Finserve Private Limited,44.4,3,1,33.33,english r,"english proficiency spoken, ms-excel, ms-office",3
143,5,,SREEDHARA ENTERPRISES,43.74,2,1,50.0,accounting english r,"english proficiency spoken english proficiency written, ms-officeaccountingtallyms-excel",2
143,3,,Modtraa Design And Creation Incorporation,43.1,2,1,50.0,communication english r ski,"english proficiency spoken english proficiency written kannada proficiency spoken interpersonal skillseffective communication, presentation skillsms-excel",2
143,17,,SpotOnMedia,42.04,2,1,50.0,english hindi r,"ms-excelclient relationship management crm client relationshipenglish proficiency spoken english proficiency written hindi proficiency spoken +1 more, ms-office",2
143,24,,SpotOnMedia,42.04,2,1,50.0,english hindi r,"ms-excelclient relationship management crm client relationshipenglish proficiency spoken english proficiency written hindi proficiency spoken +1 more, ms-office",2
143,26,,Imarticus Learning,41.06,1,1,100.0,design thinking r,content writingms-wordms-powerpointstoryboardingms-excelcontent managementdesign thinking+3 more,1
144,32,,IDFC First Bank,40.04,1,1,100.0,r,lead generationsalesfield sales,1
144,12,,Belstar MicroFinance Limited,39.93,1,1,100.0,accounting plan r,accountingfinancial planningfinancial reporting,1
144,42,,Paisabazaar,39.17,1,1,100.0,investment banking,investment bankingsales,1
144,44,,Starcrest Services Pvt. Ltd.,37.11,1,1,100.0,r,ms-officerecruitment,1
144,40,,RMSI Private Limited,34.46,1,1,100.0,r sql sql server,sqlms sql servergisarcgisssms,1
144,5,,SREEDHARA ENTERPRISES,34.37,2,1,50.0,accounting english r,"english proficiency spoken english proficiency written, ms-officeaccountingtallyms-excel",2
144,45,,Lishanth Enterprises,32.8,1,1,100.0,r,client relationship management crm coordinationsales managementclient relationshipnegotiationscustomer acquisitionsales strategy,1
144,29,,GlobalStep Services Private Limited,31.35,1,1,100.0,r,recruitmentresume screeninginterview coordination,1
144,1,,Calipers Consulting Private Limited,28.99,2,1,50.0,english r,"ms-exceldata entryenglish proficiency spoken english proficiency written, ms-office",2
144,43,,Mintifi Finserve Private Limited,28.78,3,1,33.33,english r,"english proficiency spoken, ms-excel, ms-office",3
145,1,,Calipers Consulting Private Limited,41.4,2,1,50.0,english r,"ms-exceldata entryenglish proficiency spoken english proficiency written, ms-office",2
145,29,,GlobalStep Services Private Limited,38.45,1,1,100.0,r,recruitmentresume screeninginterview coordination,1
145,12,,Belstar MicroFinance Limited,37.37,1,1,100.0,accounting plan r,accountingfinancial planningfinancial reporting,1
145,43,,Mintifi Finserve Private Limited,36.41,3,1,33.33,english r,"english proficiency spoken, ms-excel, ms-office",3
145,39,,KnowledgeWorks Global Limited,36.2,1,1,100.0,english r,english proficiency spoken english proficiency written,1
145,49,,Cloudnine Hospital,36.02,2,1,50.0,english r,"english proficiency written canvapivot tablevlookup, ms-excel",2
145,44,,Starcrest Services Pvt. Ltd.,34.69,1,1,100.0,r,ms-officerecruitment,1
145,22,,Faff,32.8,1,1,100.0,communication conflict management r,time managementproblem solvingcoordinationadaptabilityeffective communicationconflict management,1
145,17,,SpotOnMedia,32.52,2,1,50.0,english hindi r,"ms-excelclient relationship management crm client relationshipenglish proficiency spoken english proficiency written hindi proficiency spoken +1 more, ms-office",2
145,24,,SpotOnMedia,32.52,2,1,50.0,english hindi r,"ms-excelclient relationship management crm client relationshipenglish proficiency spoken english proficiency written hindi proficiency spoken +1 more, ms-office",2
146,7,,Leafoberryy,40.68,1,1,100.0,communication data analytics r,leadershipteam managemente-commercedata analyticsmentorshipb2b saleseffective communication+2 more,1
146,40,,RMSI Private Limited,40.62,1,1,100.0,r sql sql server,sqlms sql servergisarcgisssms,1
146,17,,SpotOnMedia,40.52,2,1,50.0,english hindi r,"ms-excelclient relationship management crm client relationshipenglish proficiency spoken english proficiency written hindi proficiency spoken +1 more, ms-office",2
146,24,,SpotOnMedia,40.52,2,1,50.0,english hindi r,"ms-excelclient relationship management crm client relationshipenglish proficiency spoken english proficiency written hindi proficiency spoken +1 more, ms-office",2
146,1,,Calipers Consulting Private Limited,40.42,2,1,50.0,english r,"ms-exceldata entryenglish proficiency spoken english proficiency written, ms-office",2
146,39,,KnowledgeWorks Global Limited,39.31,1,1,100.0,english r,english proficiency spoken english proficiency written,1
146,34,,Ashiana Housing Limited,37.53,1,1,100.0,data analytics r,data analyticsms-exceldata entrypower bidata analysis,1
146,23,,Netcore Cloud,36.94,1,1,100.0,r sql sql server,htmllinuxms sql server,1
146,12,,Belstar MicroFinance Limited,36.21,1,1,100.0,accounting plan r,accountingfinancial planningfinancial reporting,1
146,43,,Mintifi Finserve Private Limited,35.88,3,1,33.33,english r,"english proficiency spoken, ms-excel, ms-office",3
147,39,,KnowledgeWorks Global Limited,47.93,1,1,100.0,english r,english proficiency spoken english proficiency written,1
147,1,,Calipers Consulting Private Limited,46.7,2,1,50.0,english r,"ms-exceldata entryenglish proficiency spoken english proficiency written, ms-office",2
147,43,,Mintifi Finserve Private Limited,46.04,3,1,33.33,english r,"english proficiency spoken, ms-excel, ms-office",3
147,37,,Urban Company,45.04,2,1,50.0,english r,"english proficiency spoken, ms-excel",2
147,5,,SREEDHARA ENTERPRISES,43.06,2,1,50.0,accounting english r,"english proficiency spoken english proficiency written, ms-officeaccountingtallyms-excel",2
147,38,,Urban Company Ltd.,42.07,2,1,50.0,english r,"english proficiency written, ms-excel",2
147,3,,Modtraa Design And Creation Incorporation,40.17,2,1,50.0,communication english r ski,"english proficiency spoken english proficiency written kannada proficiency spoken interpersonal skillseffective communication, presentation skillsms-excel",2
147,7,,Leafoberryy,40.05,1,1,100.0,communication data analytics r,leadershipteam managemente-commercedata analyticsmentorshipb2b saleseffective communication+2 more,1
147,17,,SpotOnMedia,39.16,2,1,50.0,english hindi r,"ms-excelclient relationship management crm client relationshipenglish proficiency spoken english proficiency written hindi proficiency spoken +1 more, ms-office",2
147,24,,SpotOnMedia,39.16,2,1,50.0,english hindi r,"ms-excelclient relationship management crm client relationshipenglish proficiency spoken english proficiency written hindi proficiency spoken +1 more, ms-office",2
148,1,,Calipers Consulting Private Limited,49.74,2,1,50.0,english r,"ms-exceldata entryenglish proficiency spoken english proficiency written, ms-office",2
148,39,,KnowledgeWorks Global Limited,47.77,1,1,100.0,english r,english proficiency spoken english proficiency written,1
148,17,,SpotOnMedia,47.41,2,1,50.0,english hindi r,"ms-excelclient relationship management crm client relationshipenglish proficiency spoken english proficiency written hindi proficiency spoken +1 more, ms-office",2
148,24,,SpotOnMedia,47.41,2,1,50.0,english hindi r,"ms-excelclient relationship management crm client relationshipenglish proficiency spoken english proficiency written hindi proficiency spoken +1 more, ms-office",2
148,23,,Netcore Cloud,45.59,1,1,100.0,r sql sql server,htmllinuxms sql server,1
148,43,,Mintifi Finserve Private Limited,44.95,3,1,33.33,english r,"english proficiency spoken, ms-excel, ms-office",3
148,3,,Modtraa Design And Creation Incorporation,44.44,2,1,50.0,communication english r ski,"english proficiency spoken english proficiency written kannada proficiency spoken interpersonal skillseffective communication, presentation skillsms-excel",2
148,50,,Webvio Technologies,43.92,1,1,100.0,english logging r,bloggingsearch engine optimization seo creative writingproofreadingenglish proficiency written research and analytics,1
148,5,,SREEDHARA ENTERPRISES,41.78,2,1,50.0,accounting english r,"english proficiency spoken english proficiency written, ms-officeaccountingtallyms-excel",2
148,37,,Urban Company,39.06,2,1,50.0,english r,"english proficiency spoken, ms-excel",2
149,43,,Mintifi Finserve Private Limited,47.94,3,1,33.33,english r,"english proficiency spoken, ms-excel, ms-office",3
149,39,,KnowledgeWorks Global Limited,46.05,1,1,100.0,english r,english proficiency spoken english proficiency written,1
149,5,,SREEDHARA ENTERPRISES,45.31,2,1,50.0,accounting english r,"english proficiency spoken english proficiency written, ms-officeaccountingtallyms-excel",2
149,29,,GlobalStep Services Private Limited,45.08,1,1,100.0,r,recruitmentresume screeninginterview coordination,1
149,1,,Calipers Consulting Private Limited,44.65,2,1,50.0,english r,"ms-exceldata entryenglish proficiency spoken english proficiency written, ms-office",2
149,7,,Leafoberryy,44.21,1,1,100.0,communication data analytics r,leadershipteam managemente-commercedata analyticsmentorshipb2b saleseffective communication+2 more,1
149,37,,Urban Company,42.73,2,1,50.0,english r,"english proficiency spoken, ms-excel",2
149,17,,SpotOnMedia,41.99,2,1,50.0,english hindi r,"ms-excelclient relationship management crm client relationshipenglish proficiency spoken english proficiency written hindi proficiency spoken +1 more, ms-office",2
149,24,,SpotOnMedia,41.99,2,1,50.0,english hindi r,"ms-excelclient relationship management crm client relationshipenglish proficiency spoken english proficiency written hindi proficiency spoken +1 more, ms-office",2
149,23,,Netcore Cloud,41.94,1,1,100.0,r sql sql server,htmllinuxms sql server,1
150,17,,SpotOnMedia,45.04,2,1,50.0,english hindi r,"ms-excelclient relationship management crm client relationshipenglish proficiency spoken english proficiency written hindi proficiency spoken +1 more, ms-office",2
150,24,,SpotOnMedia,45.04,2,1,50.0,english hindi r,"ms-excelclient relationship management crm client relationshipenglish proficiency spoken english proficiency written hindi proficiency spoken +1 more, ms-office",2
150,23,,Netcore Cloud,39.06,1,1,100.0,r sql sql server,htmllinuxms sql server,1
150,7,,Leafoberryy,38.76,1,1,100.0,communication data analytics r,leadershipteam managemente-commercedata analyticsmentorshipb2b saleseffective communication+2 more,1
150,1,,Calipers Consulting Private Limited,38.69,2,1,50.0,english r,"ms-exceldata entryenglish proficiency spoken english proficiency written, ms-office",2
150,3,,Modtraa Design And Creation Incorporation,38.49,2,1,50.0,communication english r ski,"english proficiency spoken english proficiency written kannada proficiency spoken interpersonal skillseffective communication, presentation skillsms-excel",2
150,39,,KnowledgeWorks Global Limited,36.86,1,1,100.0,english r,english proficiency spoken english proficiency written,1
150,11,,Lishanth Enterprises,34.6,1,1,100.0,r,client relationship management crm sales managementsales supportcustomer supportsales strategy,1
150,43,,Mintifi Finserve Private Limited,33.19,3,1,33.33,english r,"english proficiency spoken, ms-excel, ms-office",3
150,45,,Lishanth Enterprises,32.94,1,1,100.0,r,client relationship management crm coordinationsales managementclient relationshipnegotiationscustomer acquisitionsales strategy,1
151,17,,SpotOnMedia,38.36,2,1,50.0,english hindi r,"ms-excelclient relationship management crm client relationshipenglish proficiency spoken english proficiency written hindi proficiency spoken +1 more, ms-office",2
151,24,,SpotOnMedia,38.36,2,1,50.0,english hindi r,"ms-excelclient relationship management crm client relationshipenglish proficiency spoken english proficiency written hindi proficiency spoken +1 more, ms-office",2
151,29,,GlobalStep Services Private Limited,37.94,1,1,100.0,r,recruitmentresume screeninginterview coordination,1
151,1,,Calipers Consulting Private Limited,35.14,2,1,50.0,english r,"ms-exceldata entryenglish proficiency spoken english proficiency written, ms-office",2
151,48,,Zucol Group Of Companies,33.56,1,1,100.0,english r,creative writingenglish proficiency spoken english proficiency written network protocols,1
151,39,,KnowledgeWorks Global Limited,33.21,1,1,100.0,english r,english proficiency spoken english proficiency written,1
151,5,,SREEDHARA ENTERPRISES,33.02,2,1,50.0,accounting english r,"english proficiency spoken english proficiency written, ms-officeaccountingtallyms-excel",2
151,43,,Mintifi Finserve Private Limited,32.13,3,1,33.33,english r,"english proficiency spoken, ms-excel, ms-office",3
151,37,,Urban Company,32.03,2,1,50.0,english r,"english proficiency spoken, ms-excel",2
151,38,,Urban Company Ltd.,30.54,2,1,50.0,english r,"english proficiency written, ms-excel",2
152,23,,Netcore Cloud,41.66,1,1,100.0,r sql sql server,htmllinuxms sql server,1
152,17,,SpotOnMedia,37.86,2,1,50.0,english hindi r,"ms-excelclient relationship management crm client relationshipenglish proficiency spoken english proficiency written hindi proficiency spoken +1 more, ms-office",2
152,24,,SpotOnMedia,37.86,2,1,50.0,english hindi r,"ms-excelclient relationship management crm client relationshipenglish proficiency spoken english proficiency written hindi proficiency spoken +1 more, ms-office",2
152,39,,KnowledgeWorks Global Limited,35.08,1,1,100.0,english r,english proficiency spoken english proficiency written,1
152,50,,Webvio Technologies,33.97,1,1,100.0,english logging r,bloggingsearch engine optimization seo creative writingproofreadingenglish proficiency written research and analytics,1
152,3,,Modtraa Design And Creation Incorporation,32.25,2,1,50.0,communication english r ski,"english proficiency spoken english proficiency written kannada proficiency spoken interpersonal skillseffective communication, presentation skillsms-excel",2
152,26,,Imarticus Learning,31.63,1,1,100.0,design thinking r,content writingms-wordms-powerpointstoryboardingms-excelcontent managementdesign thinking+3 more,1
152,1,,Calipers Consulting Private Limited,31.07,2,1,50.0,english r,"ms-exceldata entryenglish proficiency spoken english proficiency written, ms-office",2
152,4,,CCL Advisors,29.37,1,1,100.0,legal research r,legal researchcompany lawlegal draftingstatutory complianceslegal writingcontract management,1
152,5,,SREEDHARA ENTERPRISES,29.0,2,1,50.0,accounting english r,"english proficiency spoken english proficiency written, ms-officeaccountingtallyms-excel",2
153,50,,Webvio Technologies,37.19,1,1,100.0,english logging r,bloggingsearch engine optimization seo creative writingproofreadingenglish proficiency written research and analytics,1
153,23,,Netcore Cloud,34.99,1,1,100.0,r sql sql server,htmllinuxms sql server,1
153,26,,Imarticus Learning,34.27,1,1,100.0,design thinking r,content writingms-wordms-powerpointstoryboardingms-excelcontent managementdesign thinking+3 more,1
153,3,,Modtraa Design And Creation Incorporation,33.94,2,1,50.0,communication english r ski,"english proficiency spoken english proficiency written kannada proficiency spoken interpersonal skillseffective communication, presentation skillsms-excel",2
153,17,,SpotOnMedia,33.27,2,1,50.0,english hindi r,"ms-excelclient relationship management crm client relationshipenglish proficiency spoken english proficiency written hindi proficiency spoken +1 more, ms-office",2
153,24,,SpotOnMedia,33.27,2,1,50.0,english hindi r,"ms-excelclient relationship management crm client relationshipenglish proficiency spoken english proficiency written hindi proficiency spoken +1 more, ms-office",2
153,39,,KnowledgeWorks Global Limited,31.57,1,1,100.0,english r,english proficiency spoken english proficiency written,1
153,1,,Calipers Consulting Private Limited,30.98,2,1,50.0,english r,"ms-exceldata entryenglish proficiency spoken english proficiency written, ms-office",2
153,7,,Leafoberryy,26.39,1,1,100.0,communication data analytics r,leadershipteam managemente-commercedata analyticsmentorshipb2b saleseffective communication+2 more,1
153,29,,GlobalStep Services Private Limited,26.11,1,1,100.0,r,recruitmentresume screeninginterview coordination,1
154,17,,SpotOnMedia,47.96,2,1,50.0,english hindi r,"ms-excelclient relationship management crm client relationshipenglish proficiency spoken english proficiency written hindi proficiency spoken +1 more, ms-office",2
154,24,,SpotOnMedia,47.96,2,1,50.0,english hindi r,"ms-excelclient relationship management crm client relationshipenglish proficiency spoken english proficiency written hindi proficiency spoken +1 more, ms-office",2
154,39,,KnowledgeWorks Global Limited,45.11,1,1,100.0,english r,english proficiency spoken english proficiency written,1
154,3,,Modtraa Design And Creation Incorporation,42.93,2,1,50.0,communication english r ski,"english proficiency spoken english proficiency written kannada proficiency spoken interpersonal skillseffective communication, presentation skillsms-excel",2
154,1,,Calipers Consulting Private Limited,42.55,2,1,50.0,english r,"ms-exceldata entryenglish proficiency spoken english proficiency written, ms-office",2
154,50,,Webvio Technologies,40.29,1,1,100.0,english logging r,bloggingsearch engine optimization seo creative writingproofreadingenglish proficiency written research and analytics,1
154,26,,Imarticus Learning,37.36,1,1,100.0,design thinking r,content writingms-wordms-powerpointstoryboardingms-excelcontent managementdesign thinking+3 more,1
154,5,,SREEDHARA ENTERPRISES,36.2,2,1,50.0,accounting english r,"english proficiency spoken english proficiency written, ms-officeaccountingtallyms-excel",2
154,43,,Mintifi Finserve Private Limited,35.69,3,1,33.33,english r,"english proficiency spoken, ms-excel, ms-office",3
154,37,,Urban Company,35.23,2,1,50.0,english r,"english proficiency spoken, ms-excel",2
155,17,,SpotOnMedia,47.54,2,1,50.0,english hindi r,"ms-excelclient relationship management crm client relationshipenglish proficiency spoken english proficiency written hindi proficiency spoken +1 more, ms-office",2
155,24,,SpotOnMedia,47.54,2,1,50.0,english hindi r,"ms-excelclient relationship management crm client relationshipenglish proficiency spoken english proficiency written hindi proficiency spoken +1 more, ms-office",2
155,29,,GlobalStep Services Private Limited,47.24,1,1,100.0,r,recruitmentresume screeninginterview coordination,1
155,5,,SREEDHARA ENTERPRISES,47.24,2,1,50.0,accounting english r,"english proficiency spoken english proficiency written, ms-officeaccountingtallyms-excel",2
155,43,,Mintifi Finserve Private Limited,46.8,3,1,33.33,english r,"english proficiency spoken, ms-excel, ms-office",3
155,1,,Calipers Consulting Private Limited,45.69,2,1,50.0,english r,"ms-exceldata entryenglish proficiency spoken english proficiency written, ms-office",2
155,37,,Urban Company,41.98,2,1,50.0,english r,"english proficiency spoken, ms-excel",2
155,26,,Imarticus Learning,41.26,1,1,100.0,design thinking r,content writingms-wordms-powerpointstoryboardingms-excelcontent managementdesign thinking+3 more,1
155,3,,Modtraa Design And Creation Incorporation,40.56,2,1,50.0,communication english r ski,"english proficiency spoken english proficiency written kannada proficiency spoken interpersonal skillseffective communication, presentation skillsms-excel",2
155,45,,Lishanth Enterprises,40.47,1,1,100.0,r,client relationship management crm coordinationsales managementclient relationshipnegotiationscustomer acquisitionsales strategy,1
156,26,,Imarticus Learning,36.92,1,1,100.0,design thinking r,content writingms-wordms-powerpointstoryboardingms-excelcontent managementdesign thinking+3 more,1
156,17,,SpotOnMedia,36.23,2,1,50.0,english hindi r,"ms-excelclient relationship management crm client relationshipenglish proficiency spoken english proficiency written hindi proficiency spoken +1 more, ms-office",2
156,24,,SpotOnMedia,36.23,2,1,50.0,english hindi r,"ms-excelclient relationship management crm client relationshipenglish proficiency spoken english proficiency written hindi proficiency spoken +1 more, ms-office",2
156,1,,Calipers Consulting Private Limited,34.1,2,1,50.0,english r,"ms-exceldata entryenglish proficiency spoken english proficiency written, ms-office",2
156,4,,CCL Advisors,33.4,1,1,100.0,legal research r,legal researchcompany lawlegal draftingstatutory complianceslegal writingcontract management,1
156,43,,Mintifi Finserve Private Limited,33.19,3,1,33.33,english r,"english proficiency spoken, ms-excel, ms-office",3
156,12,,Belstar MicroFinance Limited,31.79,1,1,100.0,accounting plan r,accountingfinancial planningfinancial reporting,1
156,7,,Leafoberryy,31.48,1,1,100.0,communication data analytics r,leadershipteam managemente-commercedata analyticsmentorshipb2b saleseffective communication+2 more,1
156,50,,Webvio Technologies,31.12,1,1,100.0,english logging r,bloggingsearch engine optimization seo creative writingproofreadingenglish proficiency written research and analytics,1
156,39,,KnowledgeWorks Global Limited,30.84,1,1,100.0,english r,english proficiency spoken english proficiency written,1
157,17,,SpotOnMedia,38.94,2,1,50.0,english hindi r,"ms-excelclient relationship management crm client relationshipenglish proficiency spoken english proficiency written hindi proficiency spoken +1 more, ms-office",2
157,24,,SpotOnMedia,38.94,2,1,50.0,english hindi r,"ms-excelclient relationship management crm client relationshipenglish proficiency spoken english proficiency written hindi proficiency spoken +1 more, ms-office",2
157,22,,Faff,36.62,1,1,100.0,communication conflict management r,time managementproblem solvingcoordinationadaptabilityeffective communicationconflict management,1
157,39,,KnowledgeWorks Global Limited,34.8,1,1,100.0,english r,english proficiency spoken english proficiency written,1
157,29,,GlobalStep Services Private Limited,34.33,1,1,100.0,r,recruitmentresume screeninginterview coordination,1
157,43,,Mintifi Finserve Private Limited,34.3,3,1,33.33,english r,"english proficiency spoken, ms-excel, ms-office",3
157,1,,Calipers Consulting Private Limited,31.61,2,1,50.0,english r,"ms-exceldata entryenglish proficiency spoken english proficiency written, ms-office",2
157,3,,Modtraa Design And Creation Incorporation,30.81,2,1,50.0,communication english r ski,"english proficiency spoken english proficiency written kannada proficiency spoken interpersonal skillseffective communication, presentation skillsms-excel",2
157,6,,Godrej Capital,30.3,1,1,100.0,communication r,ms-officems-powerpointms-exceleffective communication,1
157,26,,Imarticus Learning,29.06,1,1,100.0,design thinking r,content writingms-wordms-powerpointstoryboardingms-excelcontent managementdesign thinking+3 more,1
158,43,,Mintifi Finserve Private Limited,44.31,3,1,33.33,english r,"english proficiency spoken, ms-excel, ms-office",3
158,1,,Calipers Consulting Private Limited,41.34,2,1,50.0,english r,"ms-exceldata entryenglish proficiency spoken english proficiency written, ms-office",2
158,5,,SREEDHARA ENTERPRISES,39.56,2,1,50.0,accounting english r,"english proficiency spoken english proficiency written, ms-officeaccountingtallyms-excel",2
158,3,,Modtraa Design And Creation Incorporation,38.67,2,1,50.0,communication english r ski,"english proficiency spoken english proficiency written kannada proficiency spoken interpersonal skillseffective communication, presentation skillsms-excel",2
158,39,,KnowledgeWorks Global Limited,38.53,1,1,100.0,english r,english proficiency spoken english proficiency written,1
158,17,,SpotOnMedia,37.48,2,1,50.0,english hindi r,"ms-excelclient relationship management crm client relationshipenglish proficiency spoken english proficiency written hindi proficiency spoken +1 more, ms-office",2
158,24,,SpotOnMedia,37.48,2,1,50.0,english hindi r,"ms-excelclient relationship management crm client relationshipenglish proficiency spoken english proficiency written hindi proficiency spoken +1 more, ms-office",2
158,14,,NYX,37.38,1,1,100.0,r,negotiationdigital marketingclient relationship management crm client relationshiplinkedin marketingbusiness developmentgoogle workspace+5 more,1
158,23,,Netcore Cloud,36.64,1,1,100.0,r sql sql server,htmllinuxms sql server,1
158,29,,GlobalStep Services Private Limited,36.09,1,1,100.0,r,recruitmentresume screeninginterview coordination,1
159,43,,Mintifi Finserve Private Limited,48.03,3,1,33.33,english r,"english proficiency spoken, ms-excel, ms-office",3
159,5,,SREEDHARA ENTERPRISES,46.11,2,1,50.0,accounting english r,"english proficiency spoken english proficiency written, ms-officeaccountingtallyms-excel",2
159,1,,Calipers Consulting Private Limited,45.66,2,1,50.0,english r,"ms-exceldata entryenglish proficiency spoken english proficiency written, ms-office",2
159,7,,Leafoberryy,44.93,1,1,100.0,communication data analytics r,leadershipteam managemente-commercedata analyticsmentorshipb2b saleseffective communication+2 more,1
159,37,,Urban Company,43.71,2,1,50.0,english r,"english proficiency spoken, ms-excel",2
159,38,,Urban Company Ltd.,42.46,2,1,50.0,english r,"english proficiency written, ms-excel",2
159,39,,KnowledgeWorks Global Limited,42.42,1,1,100.0,english r,english proficiency spoken english proficiency written,1
159,26,,Imarticus Learning,41.37,1,1,100.0,design thinking r,content writingms-wordms-powerpointstoryboardingms-excelcontent managementdesign thinking+3 more,1
159,17,,SpotOnMedia,41.16,2,1,50.0,english hindi r,"ms-excelclient relationship management crm client relationshipenglish proficiency spoken english proficiency written hindi proficiency spoken +1 more, ms-office",2
159,24,,SpotOnMedia,41.16,2,1,50.0,english hindi r,"ms-excelclient relationship management crm client relationshipenglish proficiency spoken english proficiency written hindi proficiency spoken +1 more, ms-office",2
160,3,,Modtraa Design And Creation Incorporation,45.3,2,1,50.0,communication english r ski,"english proficiency spoken english proficiency written kannada proficiency spoken interpersonal skillseffective communication, presentation skillsms-excel",2
160,37,,Urban Company,44.69,2,1,50.0,english r,"english proficiency spoken, ms-excel",2
160,39,,KnowledgeWorks Global Limited,44.28,1,1,100.0,english r,english proficiency spoken english proficiency written,1
160,29,,GlobalStep Services Private Limited,43.94,1,1,100.0,r,recruitmentresume screeninginterview coordination,1
160,9,,Internshala,43.34,1,1,100.0,communication english r,negotiationproblem solvingenglish proficiency spoken saleseffective communication,1
160,10,,Internshala,43.34,1,1,100.0,communication english r,negotiationproblem solvingenglish proficiency spoken saleseffective communication,1
160,43,,Mintifi Finserve Private Limited,43.29,3,1,33.33,english r,"english proficiency spoken, ms-excel, ms-office",3
160,47,,Scaler,42.17,1,1,100.0,communication english hindi r,english proficiency spoken hindi proficiency spoken effective communication,1
160,5,,SREEDHARA ENTERPRISES,42.08,2,1,50.0,accounting english r,"english proficiency spoken english proficiency written, ms-officeaccountingtallyms-excel",2
160,7,,Leafoberryy,41.85,1,1,100.0,communication data analytics r,leadershipteam managemente-commercedata analyticsmentorshipb2b saleseffective communication+2 more,1
161,17,,SpotOnMedia,37.17,2,1,50.0,english hindi r,"ms-excelclient relationship management crm client relationshipenglish proficiency spoken english proficiency written hindi proficiency spoken +1 more, ms-office",2
161,24,,SpotOnMedia,37.17,2,1,50.0,english hindi r,"ms-excelclient relationship management crm client relationshipenglish proficiency spoken english proficiency written hindi proficiency spoken +1 more, ms-office",2
161,29,,GlobalStep Services Private Limited,28.95,1,1,100.0,r,recruitmentresume screeninginterview coordination,1
161,5,,SREEDHARA ENTERPRISES,28.21,2,1,50.0,accounting english r,"english proficiency spoken english proficiency written, ms-officeaccountingtallyms-excel",2
161,1,,Calipers Consulting Private Limited,27.17,2,1,50.0,english r,"ms-exceldata entryenglish proficiency spoken english proficiency written, ms-office",2
161,47,,Scaler,27.13,1,1,100.0,communication english hindi r,english proficiency spoken hindi proficiency spoken effective communication,1
161,43,,Mintifi Finserve Private Limited,27.06,3,1,33.33,english r,"english proficiency spoken, ms-excel, ms-office",3
161,25,,NoBroker Technologies Solutions Private Limited,25.68,1,0,0.0,,cold callinginside salesbusiness developmentsales,1
161,4,,CCL Advisors,25.08,1,1,100.0,legal research r,legal researchcompany lawlegal draftingstatutory complianceslegal writingcontract management,1
161,3,,Modtraa Design And Creation Incorporation,24.84,2,1,50.0,communication english r ski,"english proficiency spoken english proficiency written kannada proficiency spoken interpersonal skillseffective communication, presentation skillsms-excel",2
162,1,,Calipers Consulting Private Limited,40.62,2,1,50.0,english r,"ms-exceldata entryenglish proficiency spoken english proficiency written, ms-office",2
162,43,,Mintifi Finserve Private Limited,38.99,3,1,33.33,english r,"english proficiency spoken, ms-excel, ms-office",3
162,37,,Urban Company,38.17,2,1,50.0,english r,"english proficiency spoken, ms-excel",2
162,39,,KnowledgeWorks Global Limited,37.8,1,1,100.0,english r,english proficiency spoken english proficiency written,1
162,3,,Modtraa Design And Creation Incorporation,37.39,2,1,50.0,communication english r ski,"english proficiency spoken english proficiency written kannada proficiency spoken interpersonal skillseffective communication, presentation skillsms-excel",2
162,5,,SREEDHARA ENTERPRISES,34.51,2,1,50.0,accounting english r,"english proficiency spoken english proficiency written, ms-officeaccountingtallyms-excel",2
162,6,,Godrej Capital,34.45,1,1,100.0,communication r,ms-officems-powerpointms-exceleffective communication,1
162,38,,Urban Company Ltd.,34.1,2,1,50.0,english r,"english proficiency written, ms-excel",2
162,44,,Starcrest Services Pvt. Ltd.,33.25,1,1,100.0,r,ms-officerecruitment,1
162,7,,Leafoberryy,33.05,1,1,100.0,communication data analytics r,leadershipteam managemente-commercedata analyticsmentorshipb2b saleseffective communication+2 more,1
163,1,,Calipers Consulting Private Limited,44.0,2,1,50.0,english r,"ms-exceldata entryenglish proficiency spoken english proficiency written, ms-office",2
163,3,,Modtraa Design And Creation Incorporation,42.14,2,1,50.0,communication english r ski,"english proficiency spoken english proficiency written kannada proficiency spoken interpersonal skillseffective communication, presentation skillsms-excel",2
163,39,,KnowledgeWorks Global Limited,41.83,1,1,100.0,english r,english proficiency spoken english proficiency written,1
163,9,,Internshala,41.48,1,1,100.0,communication english r,negotiationproblem solvingenglish proficiency spoken saleseffective communication,1
163,10,,Internshala,41.48,1,1,100.0,communication english r,negotiationproblem solvingenglish proficiency spoken saleseffective communication,1
163,4,,CCL Advisors,38.66,1,1,100.0,legal research r,legal researchcompany lawlegal draftingstatutory complianceslegal writingcontract management,1
163,43,,Mintifi Finserve Private Limited,38.21,3,1,33.33,english r,"english proficiency spoken, ms-excel, ms-office",3
163,29,,GlobalStep Services Private Limited,38.08,1,1,100.0,r,recruitmentresume screeninginterview coordination,1
163,5,,SREEDHARA ENTERPRISES,37.79,2,1,50.0,accounting english r,"english proficiency spoken english proficiency written, ms-officeaccountingtallyms-excel",2
163,37,,Urban Company,37.63,2,1,50.0,english r,"english proficiency spoken, ms-excel",2
164,29,,GlobalStep Services Private Limited,39.14,1,1,100.0,r,recruitmentresume screeninginterview coordination,1
164,3,,Modtraa Design And Creation Incorporation,36.53,2,1,50.0,communication english r ski,"english proficiency spoken english proficiency written kannada proficiency spoken interpersonal skillseffective communication, presentation skillsms-excel",2
164,39,,KnowledgeWorks Global Limited,33.25,1,1,100.0,english r,english proficiency spoken english proficiency written,1
164,9,,Internshala,32.24,1,1,100.0,communication english r,negotiationproblem solvingenglish proficiency spoken saleseffective communication,1
164,10,,Internshala,32.24,1,1,100.0,communication english r,negotiationproblem solvingenglish proficiency spoken saleseffective communication,1
164,25,,NoBroker Technologies Solutions Private Limited,32.16,1,0,0.0,,cold callinginside salesbusiness developmentsales,1
164,1,,Calipers Consulting Private Limited,31.61,2,1,50.0,english r,"ms-exceldata entryenglish proficiency spoken english proficiency written, ms-office",2
164,34,,Ashiana Housing Limited,31.14,1,1,100.0,data analytics r,data analyticsms-exceldata entrypower bidata analysis,1
164,43,,Mintifi Finserve Private Limited,31.02,3,1,33.33,english r,"english proficiency spoken, ms-excel, ms-office",3
164,7,,Leafoberryy,30.24,1,1,100.0,communication data analytics r,leadershipteam managemente-commercedata analyticsmentorshipb2b saleseffective communication+2 more,1
165,39,,KnowledgeWorks Global Limited,50.78,1,1,100.0,english r,english proficiency spoken english proficiency written,1
165,1,,Calipers Consulting Private Limited,49.68,2,1,50.0,english r,"ms-exceldata entryenglish proficiency spoken english proficiency written, ms-office",2
165,5,,SREEDHARA ENTERPRISES,48.96,2,1,50.0,accounting english r,"english proficiency spoken english proficiency written, ms-officeaccountingtallyms-excel",2
165,37,,Urban Company,48.92,2,1,50.0,english r,"english proficiency spoken, ms-excel",2
165,43,,Mintifi Finserve Private Limited,47.6,3,1,33.33,english r,"english proficiency spoken, ms-excel, ms-office",3
165,38,,Urban Company Ltd.,46.99,2,1,50.0,english r,"english proficiency written, ms-excel",2
165,26,,Imarticus Learning,46.84,1,1,100.0,design thinking r,content writingms-wordms-powerpointstoryboardingms-excelcontent managementdesign thinking+3 more,1
165,3,,Modtraa Design And Creation Incorporation,45.19,2,1,50.0,communication english r ski,"english proficiency spoken english proficiency written kannada proficiency spoken interpersonal skillseffective communication, presentation skillsms-excel",2
165,29,,GlobalStep Services Private Limited,43.36,1,1,100.0,r,recruitmentresume screeninginterview coordination,1
165,17,,SpotOnMedia,39.72,2,1,50.0,english hindi r,"ms-excelclient relationship management crm client relationshipenglish proficiency spoken english proficiency written hindi proficiency spoken +1 more, ms-office",2
166,1,,Calipers Consulting Private Limited,45.5,2,1,50.0,english r,"ms-exceldata entryenglish proficiency spoken english proficiency written, ms-office",2
166,43,,Mintifi Finserve Private Limited,41.21,3,1,33.33,english r,"english proficiency spoken, ms-excel, ms-office",3
166,17,,SpotOnMedia,39.95,2,1,50.0,english hindi r,"ms-excelclient relationship management crm client relationshipenglish proficiency spoken english proficiency written hindi proficiency spoken +1 more, ms-office",2
166,24,,SpotOnMedia,39.95,2,1,50.0,english hindi r,"ms-excelclient relationship management crm client relationshipenglish proficiency spoken english proficiency written hindi proficiency spoken +1 more, ms-office",2
166,5,,SREEDHARA ENTERPRISES,39.92,2,1,50.0,accounting english r,"english proficiency spoken english proficiency written, ms-officeaccountingtallyms-excel",2
166,39,,KnowledgeWorks Global Limited,39.11,1,1,100.0,english r,english proficiency spoken english proficiency written,1
166,29,,GlobalStep Services Private Limited,39.02,1,1,100.0,r,recruitmentresume screeninginterview coordination,1
166,37,,Urban Company,37.98,2,1,50.0,english r,"english proficiency spoken, ms-excel",2
166,4,,CCL Advisors,37.63,1,1,100.0,legal research r,legal researchcompany lawlegal draftingstatutory complianceslegal writingcontract management,1
166,23,,Netcore Cloud,37.37,1,1,100.0,r sql sql server,htmllinuxms sql server,1
